2026-02-09 13:50:17 [INFO] BrowserManager initialized
2026-02-09 13:50:17 [INFO] DatabaseAdapter initialized with sqlite
2026-02-09 13:50:17 [INFO] [BOE_FORM_BACKFILL] === Form-based backfill: 72 months to scrape ===
2026-02-09 13:50:17 [INFO] [BOE_FORM_BACKFILL] 
[1/72] Scraping 2020-02
2026-02-09 13:50:17 [INFO] Launching browser...
2026-02-09 13:50:18 [INFO] Browser launched successfully
2026-02-09 13:50:18 [INFO] [BOE_FORM_BACKFILL] Submitting search form: 01/02/2020 to 29/02/2020
2026-02-09 13:50:56 [ERROR] [BOE_FORM_BACKFILL] Failed to submit search form: Locator.fill: Timeout 30000ms exceeded.
Call log:
waiting for locator("input[name=\"fechaFinSubasta_0\"]").first

2026-02-09 13:50:56 [ERROR] [BOE_FORM_BACKFILL] Failed to scrape 2020-02: Locator.fill: Timeout 30000ms exceeded.
Call log:
waiting for locator("input[name=\"fechaFinSubasta_0\"]").first

2026-02-09 13:50:56 [ERROR] [BOE_FORM_BACKFILL] Traceback (most recent call last):
  File "C:\Users\D\Desktop\dnksubastas\scraper\scrapers\boe_form_scraper.py", line 136, in scrape_month_with_form
    self.submit_search_form(page, start_str, end_str)
  File "C:\Users\D\Desktop\dnksubastas\scraper\scrapers\boe_form_scraper.py", line 85, in submit_search_form
    start_field.fill(start_date)
  File "C:\Users\D\AppData\Local\Programs\Python\Python311\Lib\site-packages\playwright\sync_api\_generated.py", line 15743, in fill
    self._sync(
  File "C:\Users\D\AppData\Local\Programs\Python\Python311\Lib\site-packages\playwright\_impl\_sync_base.py", line 115, in _sync
    return task.result()
           ^^^^^^^^^^^^^
  File "C:\Users\D\AppData\Local\Programs\Python\Python311\Lib\site-packages\playwright\_impl\_locator.py", line 208, in fill
    return await self._frame.fill(self._selector, strict=True, **params)
           ^^^^^^^^^^^^^^^^^^^^^^^^^^^^^^^^^^^^^^^^^^^^^^^^^^^^^^^^^^^^^
  File "C:\Users\D\AppData\Local\Programs\Python\Python311\Lib\site-packages\playwright\_impl\_frame.py", line 527, in fill
    await self._channel.send("fill", locals_to_params(locals()))
  File "C:\Users\D\AppData\Local\Programs\Python\Python311\Lib\site-packages\playwright\_impl\_connection.py", line 59, in send
    return await self._connection.wrap_api_call(
           ^^^^^^^^^^^^^^^^^^^^^^^^^^^^^^^^^^^^^
  File "C:\Users\D\AppData\Local\Programs\Python\Python311\Lib\site-packages\playwright\_impl\_connection.py", line 520, in wrap_api_call
    raise rewrite_error(error, f"{parsed_st['apiName']}: {error}") from None
playwright._impl._errors.TimeoutError: Locator.fill: Timeout 30000ms exceeded.
Call log:
waiting for locator("input[name=\"fechaFinSubasta_0\"]").first


2026-02-09 13:50:56 [INFO] [BOE_FORM_BACKFILL] ✓ 2020-02: 0 auctions (total: 0)
2026-02-09 13:50:56 [INFO] [BOE_FORM_BACKFILL] Waiting 30s before next month...
2026-02-09 13:51:26 [INFO] [BOE_FORM_BACKFILL] 
[2/72] Scraping 2020-03
2026-02-09 13:51:26 [INFO] [BOE_FORM_BACKFILL] Submitting search form: 01/03/2020 to 31/03/2020
2026-02-09 13:52:01 [ERROR] [BOE_FORM_BACKFILL] Failed to submit search form: Locator.fill: Timeout 30000ms exceeded.
Call log:
waiting for locator("input[name=\"fechaFinSubasta_0\"]").first

2026-02-09 13:52:01 [ERROR] [BOE_FORM_BACKFILL] Failed to scrape 2020-03: Locator.fill: Timeout 30000ms exceeded.
Call log:
waiting for locator("input[name=\"fechaFinSubasta_0\"]").first

2026-02-09 13:52:01 [ERROR] [BOE_FORM_BACKFILL] Traceback (most recent call last):
  File "C:\Users\D\Desktop\dnksubastas\scraper\scrapers\boe_form_scraper.py", line 136, in scrape_month_with_form
    self.submit_search_form(page, start_str, end_str)
  File "C:\Users\D\Desktop\dnksubastas\scraper\scrapers\boe_form_scraper.py", line 85, in submit_search_form
    start_field.fill(start_date)
  File "C:\Users\D\AppData\Local\Programs\Python\Python311\Lib\site-packages\playwright\sync_api\_generated.py", line 15743, in fill
    self._sync(
  File "C:\Users\D\AppData\Local\Programs\Python\Python311\Lib\site-packages\playwright\_impl\_sync_base.py", line 115, in _sync
    return task.result()
           ^^^^^^^^^^^^^
  File "C:\Users\D\AppData\Local\Programs\Python\Python311\Lib\site-packages\playwright\_impl\_locator.py", line 208, in fill
    return await self._frame.fill(self._selector, strict=True, **params)
           ^^^^^^^^^^^^^^^^^^^^^^^^^^^^^^^^^^^^^^^^^^^^^^^^^^^^^^^^^^^^^
  File "C:\Users\D\AppData\Local\Programs\Python\Python311\Lib\site-packages\playwright\_impl\_frame.py", line 527, in fill
    await self._channel.send("fill", locals_to_params(locals()))
  File "C:\Users\D\AppData\Local\Programs\Python\Python311\Lib\site-packages\playwright\_impl\_connection.py", line 59, in send
    return await self._connection.wrap_api_call(
           ^^^^^^^^^^^^^^^^^^^^^^^^^^^^^^^^^^^^^
  File "C:\Users\D\AppData\Local\Programs\Python\Python311\Lib\site-packages\playwright\_impl\_connection.py", line 520, in wrap_api_call
    raise rewrite_error(error, f"{parsed_st['apiName']}: {error}") from None
playwright._impl._errors.TimeoutError: Locator.fill: Timeout 30000ms exceeded.
Call log:
waiting for locator("input[name=\"fechaFinSubasta_0\"]").first


2026-02-09 13:52:01 [INFO] [BOE_FORM_BACKFILL] ✓ 2020-03: 0 auctions (total: 0)
2026-02-09 13:52:01 [INFO] [BOE_FORM_BACKFILL] Waiting 30s before next month...
2026-02-09 13:52:31 [INFO] [BOE_FORM_BACKFILL] 
[3/72] Scraping 2020-04
2026-02-09 13:52:31 [INFO] [BOE_FORM_BACKFILL] Submitting search form: 01/04/2020 to 30/04/2020
2026-02-09 13:53:05 [ERROR] [BOE_FORM_BACKFILL] Failed to submit search form: Locator.fill: Timeout 30000ms exceeded.
Call log:
waiting for locator("input[name=\"fechaFinSubasta_0\"]").first

2026-02-09 13:53:05 [ERROR] [BOE_FORM_BACKFILL] Failed to scrape 2020-04: Locator.fill: Timeout 30000ms exceeded.
Call log:
waiting for locator("input[name=\"fechaFinSubasta_0\"]").first

2026-02-09 13:53:05 [ERROR] [BOE_FORM_BACKFILL] Traceback (most recent call last):
  File "C:\Users\D\Desktop\dnksubastas\scraper\scrapers\boe_form_scraper.py", line 136, in scrape_month_with_form
    self.submit_search_form(page, start_str, end_str)
  File "C:\Users\D\Desktop\dnksubastas\scraper\scrapers\boe_form_scraper.py", line 85, in submit_search_form
    start_field.fill(start_date)
  File "C:\Users\D\AppData\Local\Programs\Python\Python311\Lib\site-packages\playwright\sync_api\_generated.py", line 15743, in fill
    self._sync(
  File "C:\Users\D\AppData\Local\Programs\Python\Python311\Lib\site-packages\playwright\_impl\_sync_base.py", line 115, in _sync
    return task.result()
           ^^^^^^^^^^^^^
  File "C:\Users\D\AppData\Local\Programs\Python\Python311\Lib\site-packages\playwright\_impl\_locator.py", line 208, in fill
    return await self._frame.fill(self._selector, strict=True, **params)
           ^^^^^^^^^^^^^^^^^^^^^^^^^^^^^^^^^^^^^^^^^^^^^^^^^^^^^^^^^^^^^
  File "C:\Users\D\AppData\Local\Programs\Python\Python311\Lib\site-packages\playwright\_impl\_frame.py", line 527, in fill
    await self._channel.send("fill", locals_to_params(locals()))
  File "C:\Users\D\AppData\Local\Programs\Python\Python311\Lib\site-packages\playwright\_impl\_connection.py", line 59, in send
    return await self._connection.wrap_api_call(
           ^^^^^^^^^^^^^^^^^^^^^^^^^^^^^^^^^^^^^
  File "C:\Users\D\AppData\Local\Programs\Python\Python311\Lib\site-packages\playwright\_impl\_connection.py", line 520, in wrap_api_call
    raise rewrite_error(error, f"{parsed_st['apiName']}: {error}") from None
playwright._impl._errors.TimeoutError: Locator.fill: Timeout 30000ms exceeded.
Call log:
waiting for locator("input[name=\"fechaFinSubasta_0\"]").first


2026-02-09 13:53:05 [INFO] [BOE_FORM_BACKFILL] ✓ 2020-04: 0 auctions (total: 0)
2026-02-09 13:53:05 [INFO] [BOE_FORM_BACKFILL] Waiting 30s before next month...
2026-02-09 13:53:35 [INFO] [BOE_FORM_BACKFILL] 
[4/72] Scraping 2020-05
2026-02-09 13:53:36 [INFO] [BOE_FORM_BACKFILL] Submitting search form: 01/05/2020 to 31/05/2020
2026-02-09 13:54:10 [ERROR] [BOE_FORM_BACKFILL] Failed to submit search form: Locator.fill: Timeout 30000ms exceeded.
Call log:
waiting for locator("input[name=\"fechaFinSubasta_0\"]").first

2026-02-09 13:54:10 [ERROR] [BOE_FORM_BACKFILL] Failed to scrape 2020-05: Locator.fill: Timeout 30000ms exceeded.
Call log:
waiting for locator("input[name=\"fechaFinSubasta_0\"]").first

2026-02-09 13:54:10 [ERROR] [BOE_FORM_BACKFILL] Traceback (most recent call last):
  File "C:\Users\D\Desktop\dnksubastas\scraper\scrapers\boe_form_scraper.py", line 136, in scrape_month_with_form
    self.submit_search_form(page, start_str, end_str)
  File "C:\Users\D\Desktop\dnksubastas\scraper\scrapers\boe_form_scraper.py", line 85, in submit_search_form
    start_field.fill(start_date)
  File "C:\Users\D\AppData\Local\Programs\Python\Python311\Lib\site-packages\playwright\sync_api\_generated.py", line 15743, in fill
    self._sync(
  File "C:\Users\D\AppData\Local\Programs\Python\Python311\Lib\site-packages\playwright\_impl\_sync_base.py", line 115, in _sync
    return task.result()
           ^^^^^^^^^^^^^
  File "C:\Users\D\AppData\Local\Programs\Python\Python311\Lib\site-packages\playwright\_impl\_locator.py", line 208, in fill
    return await self._frame.fill(self._selector, strict=True, **params)
           ^^^^^^^^^^^^^^^^^^^^^^^^^^^^^^^^^^^^^^^^^^^^^^^^^^^^^^^^^^^^^
  File "C:\Users\D\AppData\Local\Programs\Python\Python311\Lib\site-packages\playwright\_impl\_frame.py", line 527, in fill
    await self._channel.send("fill", locals_to_params(locals()))
  File "C:\Users\D\AppData\Local\Programs\Python\Python311\Lib\site-packages\playwright\_impl\_connection.py", line 59, in send
    return await self._connection.wrap_api_call(
           ^^^^^^^^^^^^^^^^^^^^^^^^^^^^^^^^^^^^^
  File "C:\Users\D\AppData\Local\Programs\Python\Python311\Lib\site-packages\playwright\_impl\_connection.py", line 520, in wrap_api_call
    raise rewrite_error(error, f"{parsed_st['apiName']}: {error}") from None
playwright._impl._errors.TimeoutError: Locator.fill: Timeout 30000ms exceeded.
Call log:
waiting for locator("input[name=\"fechaFinSubasta_0\"]").first


2026-02-09 13:54:10 [INFO] [BOE_FORM_BACKFILL] ✓ 2020-05: 0 auctions (total: 0)
2026-02-09 13:54:10 [INFO] [BOE_FORM_BACKFILL] Waiting 30s before next month...
2026-02-09 13:54:40 [INFO] [BOE_FORM_BACKFILL] 
[5/72] Scraping 2020-06
2026-02-09 13:54:40 [INFO] [BOE_FORM_BACKFILL] Submitting search form: 01/06/2020 to 30/06/2020
2026-02-09 13:55:14 [ERROR] [BOE_FORM_BACKFILL] Failed to submit search form: Locator.fill: Timeout 30000ms exceeded.
Call log:
waiting for locator("input[name=\"fechaFinSubasta_0\"]").first

2026-02-09 13:55:14 [ERROR] [BOE_FORM_BACKFILL] Failed to scrape 2020-06: Locator.fill: Timeout 30000ms exceeded.
Call log:
waiting for locator("input[name=\"fechaFinSubasta_0\"]").first

2026-02-09 13:55:14 [ERROR] [BOE_FORM_BACKFILL] Traceback (most recent call last):
  File "C:\Users\D\Desktop\dnksubastas\scraper\scrapers\boe_form_scraper.py", line 136, in scrape_month_with_form
    self.submit_search_form(page, start_str, end_str)
  File "C:\Users\D\Desktop\dnksubastas\scraper\scrapers\boe_form_scraper.py", line 85, in submit_search_form
    start_field.fill(start_date)
  File "C:\Users\D\AppData\Local\Programs\Python\Python311\Lib\site-packages\playwright\sync_api\_generated.py", line 15743, in fill
    self._sync(
  File "C:\Users\D\AppData\Local\Programs\Python\Python311\Lib\site-packages\playwright\_impl\_sync_base.py", line 115, in _sync
    return task.result()
           ^^^^^^^^^^^^^
  File "C:\Users\D\AppData\Local\Programs\Python\Python311\Lib\site-packages\playwright\_impl\_locator.py", line 208, in fill
    return await self._frame.fill(self._selector, strict=True, **params)
           ^^^^^^^^^^^^^^^^^^^^^^^^^^^^^^^^^^^^^^^^^^^^^^^^^^^^^^^^^^^^^
  File "C:\Users\D\AppData\Local\Programs\Python\Python311\Lib\site-packages\playwright\_impl\_frame.py", line 527, in fill
    await self._channel.send("fill", locals_to_params(locals()))
  File "C:\Users\D\AppData\Local\Programs\Python\Python311\Lib\site-packages\playwright\_impl\_connection.py", line 59, in send
    return await self._connection.wrap_api_call(
           ^^^^^^^^^^^^^^^^^^^^^^^^^^^^^^^^^^^^^
  File "C:\Users\D\AppData\Local\Programs\Python\Python311\Lib\site-packages\playwright\_impl\_connection.py", line 520, in wrap_api_call
    raise rewrite_error(error, f"{parsed_st['apiName']}: {error}") from None
playwright._impl._errors.TimeoutError: Locator.fill: Timeout 30000ms exceeded.
Call log:
waiting for locator("input[name=\"fechaFinSubasta_0\"]").first


2026-02-09 13:55:14 [INFO] [BOE_FORM_BACKFILL] ✓ 2020-06: 0 auctions (total: 0)
2026-02-09 13:55:14 [INFO] [BOE_FORM_BACKFILL] Waiting 30s before next month...
2026-02-09 13:55:44 [INFO] [BOE_FORM_BACKFILL] 
[6/72] Scraping 2020-07
2026-02-09 13:55:44 [INFO] [BOE_FORM_BACKFILL] Submitting search form: 01/07/2020 to 31/07/2020
2026-02-09 13:56:26 [ERROR] [BOE_FORM_BACKFILL] Failed to submit search form: Locator.fill: Timeout 30000ms exceeded.
Call log:
waiting for locator("input[name=\"fechaFinSubasta_0\"]").first

2026-02-09 13:56:26 [ERROR] [BOE_FORM_BACKFILL] Failed to scrape 2020-07: Locator.fill: Timeout 30000ms exceeded.
Call log:
waiting for locator("input[name=\"fechaFinSubasta_0\"]").first

2026-02-09 13:56:26 [ERROR] [BOE_FORM_BACKFILL] Traceback (most recent call last):
  File "C:\Users\D\Desktop\dnksubastas\scraper\scrapers\boe_form_scraper.py", line 136, in scrape_month_with_form
    self.submit_search_form(page, start_str, end_str)
  File "C:\Users\D\Desktop\dnksubastas\scraper\scrapers\boe_form_scraper.py", line 85, in submit_search_form
    start_field.fill(start_date)
  File "C:\Users\D\AppData\Local\Programs\Python\Python311\Lib\site-packages\playwright\sync_api\_generated.py", line 15743, in fill
    self._sync(
  File "C:\Users\D\AppData\Local\Programs\Python\Python311\Lib\site-packages\playwright\_impl\_sync_base.py", line 115, in _sync
    return task.result()
           ^^^^^^^^^^^^^
  File "C:\Users\D\AppData\Local\Programs\Python\Python311\Lib\site-packages\playwright\_impl\_locator.py", line 208, in fill
    return await self._frame.fill(self._selector, strict=True, **params)
           ^^^^^^^^^^^^^^^^^^^^^^^^^^^^^^^^^^^^^^^^^^^^^^^^^^^^^^^^^^^^^
  File "C:\Users\D\AppData\Local\Programs\Python\Python311\Lib\site-packages\playwright\_impl\_frame.py", line 527, in fill
    await self._channel.send("fill", locals_to_params(locals()))
  File "C:\Users\D\AppData\Local\Programs\Python\Python311\Lib\site-packages\playwright\_impl\_connection.py", line 59, in send
    return await self._connection.wrap_api_call(
           ^^^^^^^^^^^^^^^^^^^^^^^^^^^^^^^^^^^^^
  File "C:\Users\D\AppData\Local\Programs\Python\Python311\Lib\site-packages\playwright\_impl\_connection.py", line 520, in wrap_api_call
    raise rewrite_error(error, f"{parsed_st['apiName']}: {error}") from None
playwright._impl._errors.TimeoutError: Locator.fill: Timeout 30000ms exceeded.
Call log:
waiting for locator("input[name=\"fechaFinSubasta_0\"]").first


2026-02-09 13:56:26 [INFO] [BOE_FORM_BACKFILL] ✓ 2020-07: 0 auctions (total: 0)
2026-02-09 13:56:26 [INFO] [BOE_FORM_BACKFILL] Waiting 30s before next month...
2026-02-09 13:56:56 [INFO] [BOE_FORM_BACKFILL] 
[7/72] Scraping 2020-08
2026-02-09 13:56:56 [INFO] [BOE_FORM_BACKFILL] Submitting search form: 01/08/2020 to 31/08/2020
2026-02-09 13:57:30 [ERROR] [BOE_FORM_BACKFILL] Failed to submit search form: Locator.fill: Timeout 30000ms exceeded.
Call log:
waiting for locator("input[name=\"fechaFinSubasta_0\"]").first

2026-02-09 13:57:30 [ERROR] [BOE_FORM_BACKFILL] Failed to scrape 2020-08: Locator.fill: Timeout 30000ms exceeded.
Call log:
waiting for locator("input[name=\"fechaFinSubasta_0\"]").first

2026-02-09 13:57:30 [ERROR] [BOE_FORM_BACKFILL] Traceback (most recent call last):
  File "C:\Users\D\Desktop\dnksubastas\scraper\scrapers\boe_form_scraper.py", line 136, in scrape_month_with_form
    self.submit_search_form(page, start_str, end_str)
  File "C:\Users\D\Desktop\dnksubastas\scraper\scrapers\boe_form_scraper.py", line 85, in submit_search_form
    start_field.fill(start_date)
  File "C:\Users\D\AppData\Local\Programs\Python\Python311\Lib\site-packages\playwright\sync_api\_generated.py", line 15743, in fill
    self._sync(
  File "C:\Users\D\AppData\Local\Programs\Python\Python311\Lib\site-packages\playwright\_impl\_sync_base.py", line 115, in _sync
    return task.result()
           ^^^^^^^^^^^^^
  File "C:\Users\D\AppData\Local\Programs\Python\Python311\Lib\site-packages\playwright\_impl\_locator.py", line 208, in fill
    return await self._frame.fill(self._selector, strict=True, **params)
           ^^^^^^^^^^^^^^^^^^^^^^^^^^^^^^^^^^^^^^^^^^^^^^^^^^^^^^^^^^^^^
  File "C:\Users\D\AppData\Local\Programs\Python\Python311\Lib\site-packages\playwright\_impl\_frame.py", line 527, in fill
    await self._channel.send("fill", locals_to_params(locals()))
  File "C:\Users\D\AppData\Local\Programs\Python\Python311\Lib\site-packages\playwright\_impl\_connection.py", line 59, in send
    return await self._connection.wrap_api_call(
           ^^^^^^^^^^^^^^^^^^^^^^^^^^^^^^^^^^^^^
  File "C:\Users\D\AppData\Local\Programs\Python\Python311\Lib\site-packages\playwright\_impl\_connection.py", line 520, in wrap_api_call
    raise rewrite_error(error, f"{parsed_st['apiName']}: {error}") from None
playwright._impl._errors.TimeoutError: Locator.fill: Timeout 30000ms exceeded.
Call log:
waiting for locator("input[name=\"fechaFinSubasta_0\"]").first


2026-02-09 13:57:30 [INFO] [BOE_FORM_BACKFILL] ✓ 2020-08: 0 auctions (total: 0)
2026-02-09 13:57:30 [INFO] [BOE_FORM_BACKFILL] Waiting 30s before next month...
2026-02-09 13:58:00 [INFO] [BOE_FORM_BACKFILL] 
[8/72] Scraping 2020-09
2026-02-09 13:58:00 [INFO] [BOE_FORM_BACKFILL] Submitting search form: 01/09/2020 to 30/09/2020
2026-02-09 13:58:35 [ERROR] [BOE_FORM_BACKFILL] Failed to submit search form: Locator.fill: Timeout 30000ms exceeded.
Call log:
waiting for locator("input[name=\"fechaFinSubasta_0\"]").first

2026-02-09 13:58:35 [ERROR] [BOE_FORM_BACKFILL] Failed to scrape 2020-09: Locator.fill: Timeout 30000ms exceeded.
Call log:
waiting for locator("input[name=\"fechaFinSubasta_0\"]").first

2026-02-09 13:58:35 [ERROR] [BOE_FORM_BACKFILL] Traceback (most recent call last):
  File "C:\Users\D\Desktop\dnksubastas\scraper\scrapers\boe_form_scraper.py", line 136, in scrape_month_with_form
    self.submit_search_form(page, start_str, end_str)
  File "C:\Users\D\Desktop\dnksubastas\scraper\scrapers\boe_form_scraper.py", line 85, in submit_search_form
    start_field.fill(start_date)
  File "C:\Users\D\AppData\Local\Programs\Python\Python311\Lib\site-packages\playwright\sync_api\_generated.py", line 15743, in fill
    self._sync(
  File "C:\Users\D\AppData\Local\Programs\Python\Python311\Lib\site-packages\playwright\_impl\_sync_base.py", line 115, in _sync
    return task.result()
           ^^^^^^^^^^^^^
  File "C:\Users\D\AppData\Local\Programs\Python\Python311\Lib\site-packages\playwright\_impl\_locator.py", line 208, in fill
    return await self._frame.fill(self._selector, strict=True, **params)
           ^^^^^^^^^^^^^^^^^^^^^^^^^^^^^^^^^^^^^^^^^^^^^^^^^^^^^^^^^^^^^
  File "C:\Users\D\AppData\Local\Programs\Python\Python311\Lib\site-packages\playwright\_impl\_frame.py", line 527, in fill
    await self._channel.send("fill", locals_to_params(locals()))
  File "C:\Users\D\AppData\Local\Programs\Python\Python311\Lib\site-packages\playwright\_impl\_connection.py", line 59, in send
    return await self._connection.wrap_api_call(
           ^^^^^^^^^^^^^^^^^^^^^^^^^^^^^^^^^^^^^
  File "C:\Users\D\AppData\Local\Programs\Python\Python311\Lib\site-packages\playwright\_impl\_connection.py", line 520, in wrap_api_call
    raise rewrite_error(error, f"{parsed_st['apiName']}: {error}") from None
playwright._impl._errors.TimeoutError: Locator.fill: Timeout 30000ms exceeded.
Call log:
waiting for locator("input[name=\"fechaFinSubasta_0\"]").first


2026-02-09 13:58:35 [INFO] [BOE_FORM_BACKFILL] ✓ 2020-09: 0 auctions (total: 0)
2026-02-09 13:58:35 [INFO] [BOE_FORM_BACKFILL] Waiting 30s before next month...
2026-02-09 13:59:05 [INFO] [BOE_FORM_BACKFILL] 
[9/72] Scraping 2020-10
2026-02-09 13:59:05 [INFO] [BOE_FORM_BACKFILL] Submitting search form: 01/10/2020 to 31/10/2020
2026-02-09 13:59:38 [ERROR] [BOE_FORM_BACKFILL] Failed to submit search form: Locator.fill: Timeout 30000ms exceeded.
Call log:
waiting for locator("input[name=\"fechaFinSubasta_0\"]").first

2026-02-09 13:59:38 [ERROR] [BOE_FORM_BACKFILL] Failed to scrape 2020-10: Locator.fill: Timeout 30000ms exceeded.
Call log:
waiting for locator("input[name=\"fechaFinSubasta_0\"]").first

2026-02-09 13:59:38 [ERROR] [BOE_FORM_BACKFILL] Traceback (most recent call last):
  File "C:\Users\D\Desktop\dnksubastas\scraper\scrapers\boe_form_scraper.py", line 136, in scrape_month_with_form
    self.submit_search_form(page, start_str, end_str)
  File "C:\Users\D\Desktop\dnksubastas\scraper\scrapers\boe_form_scraper.py", line 85, in submit_search_form
    start_field.fill(start_date)
  File "C:\Users\D\AppData\Local\Programs\Python\Python311\Lib\site-packages\playwright\sync_api\_generated.py", line 15743, in fill
    self._sync(
  File "C:\Users\D\AppData\Local\Programs\Python\Python311\Lib\site-packages\playwright\_impl\_sync_base.py", line 115, in _sync
    return task.result()
           ^^^^^^^^^^^^^
  File "C:\Users\D\AppData\Local\Programs\Python\Python311\Lib\site-packages\playwright\_impl\_locator.py", line 208, in fill
    return await self._frame.fill(self._selector, strict=True, **params)
           ^^^^^^^^^^^^^^^^^^^^^^^^^^^^^^^^^^^^^^^^^^^^^^^^^^^^^^^^^^^^^
  File "C:\Users\D\AppData\Local\Programs\Python\Python311\Lib\site-packages\playwright\_impl\_frame.py", line 527, in fill
    await self._channel.send("fill", locals_to_params(locals()))
  File "C:\Users\D\AppData\Local\Programs\Python\Python311\Lib\site-packages\playwright\_impl\_connection.py", line 59, in send
    return await self._connection.wrap_api_call(
           ^^^^^^^^^^^^^^^^^^^^^^^^^^^^^^^^^^^^^
  File "C:\Users\D\AppData\Local\Programs\Python\Python311\Lib\site-packages\playwright\_impl\_connection.py", line 520, in wrap_api_call
    raise rewrite_error(error, f"{parsed_st['apiName']}: {error}") from None
playwright._impl._errors.TimeoutError: Locator.fill: Timeout 30000ms exceeded.
Call log:
waiting for locator("input[name=\"fechaFinSubasta_0\"]").first


2026-02-09 13:59:38 [INFO] [BOE_FORM_BACKFILL] ✓ 2020-10: 0 auctions (total: 0)
2026-02-09 13:59:38 [INFO] [BOE_FORM_BACKFILL] Waiting 30s before next month...
2026-02-09 14:00:08 [INFO] [BOE_FORM_BACKFILL] 
[10/72] Scraping 2020-11
2026-02-09 14:00:08 [INFO] [BOE_FORM_BACKFILL] Submitting search form: 01/11/2020 to 30/11/2020
2026-02-09 14:00:41 [ERROR] [BOE_FORM_BACKFILL] Failed to submit search form: Locator.fill: Timeout 30000ms exceeded.
Call log:
waiting for locator("input[name=\"fechaFinSubasta_0\"]").first

2026-02-09 14:00:41 [ERROR] [BOE_FORM_BACKFILL] Failed to scrape 2020-11: Locator.fill: Timeout 30000ms exceeded.
Call log:
waiting for locator("input[name=\"fechaFinSubasta_0\"]").first

2026-02-09 14:00:41 [ERROR] [BOE_FORM_BACKFILL] Traceback (most recent call last):
  File "C:\Users\D\Desktop\dnksubastas\scraper\scrapers\boe_form_scraper.py", line 136, in scrape_month_with_form
    self.submit_search_form(page, start_str, end_str)
  File "C:\Users\D\Desktop\dnksubastas\scraper\scrapers\boe_form_scraper.py", line 85, in submit_search_form
    start_field.fill(start_date)
  File "C:\Users\D\AppData\Local\Programs\Python\Python311\Lib\site-packages\playwright\sync_api\_generated.py", line 15743, in fill
    self._sync(
  File "C:\Users\D\AppData\Local\Programs\Python\Python311\Lib\site-packages\playwright\_impl\_sync_base.py", line 115, in _sync
    return task.result()
           ^^^^^^^^^^^^^
  File "C:\Users\D\AppData\Local\Programs\Python\Python311\Lib\site-packages\playwright\_impl\_locator.py", line 208, in fill
    return await self._frame.fill(self._selector, strict=True, **params)
           ^^^^^^^^^^^^^^^^^^^^^^^^^^^^^^^^^^^^^^^^^^^^^^^^^^^^^^^^^^^^^
  File "C:\Users\D\AppData\Local\Programs\Python\Python311\Lib\site-packages\playwright\_impl\_frame.py", line 527, in fill
    await self._channel.send("fill", locals_to_params(locals()))
  File "C:\Users\D\AppData\Local\Programs\Python\Python311\Lib\site-packages\playwright\_impl\_connection.py", line 59, in send
    return await self._connection.wrap_api_call(
           ^^^^^^^^^^^^^^^^^^^^^^^^^^^^^^^^^^^^^
  File "C:\Users\D\AppData\Local\Programs\Python\Python311\Lib\site-packages\playwright\_impl\_connection.py", line 520, in wrap_api_call
    raise rewrite_error(error, f"{parsed_st['apiName']}: {error}") from None
playwright._impl._errors.TimeoutError: Locator.fill: Timeout 30000ms exceeded.
Call log:
waiting for locator("input[name=\"fechaFinSubasta_0\"]").first


2026-02-09 14:00:41 [INFO] [BOE_FORM_BACKFILL] ✓ 2020-11: 0 auctions (total: 0)
2026-02-09 14:00:41 [INFO] [BOE_FORM_BACKFILL] Waiting 30s before next month...
2026-02-09 14:01:11 [INFO] [BOE_FORM_BACKFILL] 
[11/72] Scraping 2020-12
2026-02-09 14:01:11 [INFO] [BOE_FORM_BACKFILL] Submitting search form: 01/12/2020 to 31/12/2020
2026-02-09 14:01:47 [ERROR] [BOE_FORM_BACKFILL] Failed to submit search form: Locator.fill: Timeout 30000ms exceeded.
Call log:
waiting for locator("input[name=\"fechaFinSubasta_0\"]").first

2026-02-09 14:01:47 [ERROR] [BOE_FORM_BACKFILL] Failed to scrape 2020-12: Locator.fill: Timeout 30000ms exceeded.
Call log:
waiting for locator("input[name=\"fechaFinSubasta_0\"]").first

2026-02-09 14:01:47 [ERROR] [BOE_FORM_BACKFILL] Traceback (most recent call last):
  File "C:\Users\D\Desktop\dnksubastas\scraper\scrapers\boe_form_scraper.py", line 136, in scrape_month_with_form
    self.submit_search_form(page, start_str, end_str)
  File "C:\Users\D\Desktop\dnksubastas\scraper\scrapers\boe_form_scraper.py", line 85, in submit_search_form
    start_field.fill(start_date)
  File "C:\Users\D\AppData\Local\Programs\Python\Python311\Lib\site-packages\playwright\sync_api\_generated.py", line 15743, in fill
    self._sync(
  File "C:\Users\D\AppData\Local\Programs\Python\Python311\Lib\site-packages\playwright\_impl\_sync_base.py", line 115, in _sync
    return task.result()
           ^^^^^^^^^^^^^
  File "C:\Users\D\AppData\Local\Programs\Python\Python311\Lib\site-packages\playwright\_impl\_locator.py", line 208, in fill
    return await self._frame.fill(self._selector, strict=True, **params)
           ^^^^^^^^^^^^^^^^^^^^^^^^^^^^^^^^^^^^^^^^^^^^^^^^^^^^^^^^^^^^^
  File "C:\Users\D\AppData\Local\Programs\Python\Python311\Lib\site-packages\playwright\_impl\_frame.py", line 527, in fill
    await self._channel.send("fill", locals_to_params(locals()))
  File "C:\Users\D\AppData\Local\Programs\Python\Python311\Lib\site-packages\playwright\_impl\_connection.py", line 59, in send
    return await self._connection.wrap_api_call(
           ^^^^^^^^^^^^^^^^^^^^^^^^^^^^^^^^^^^^^
  File "C:\Users\D\AppData\Local\Programs\Python\Python311\Lib\site-packages\playwright\_impl\_connection.py", line 520, in wrap_api_call
    raise rewrite_error(error, f"{parsed_st['apiName']}: {error}") from None
playwright._impl._errors.TimeoutError: Locator.fill: Timeout 30000ms exceeded.
Call log:
waiting for locator("input[name=\"fechaFinSubasta_0\"]").first


2026-02-09 14:01:47 [INFO] [BOE_FORM_BACKFILL] ✓ 2020-12: 0 auctions (total: 0)
2026-02-09 14:01:47 [INFO] [BOE_FORM_BACKFILL] Waiting 30s before next month...
2026-02-09 14:02:17 [INFO] [BOE_FORM_BACKFILL] 
[12/72] Scraping 2021-01
2026-02-09 14:02:17 [INFO] [BOE_FORM_BACKFILL] Submitting search form: 01/01/2021 to 31/01/2021
2026-02-09 14:02:51 [ERROR] [BOE_FORM_BACKFILL] Failed to submit search form: Locator.fill: Timeout 30000ms exceeded.
Call log:
waiting for locator("input[name=\"fechaFinSubasta_0\"]").first

2026-02-09 14:02:51 [ERROR] [BOE_FORM_BACKFILL] Failed to scrape 2021-01: Locator.fill: Timeout 30000ms exceeded.
Call log:
waiting for locator("input[name=\"fechaFinSubasta_0\"]").first

2026-02-09 14:02:51 [ERROR] [BOE_FORM_BACKFILL] Traceback (most recent call last):
  File "C:\Users\D\Desktop\dnksubastas\scraper\scrapers\boe_form_scraper.py", line 136, in scrape_month_with_form
    self.submit_search_form(page, start_str, end_str)
  File "C:\Users\D\Desktop\dnksubastas\scraper\scrapers\boe_form_scraper.py", line 85, in submit_search_form
    start_field.fill(start_date)
  File "C:\Users\D\AppData\Local\Programs\Python\Python311\Lib\site-packages\playwright\sync_api\_generated.py", line 15743, in fill
    self._sync(
  File "C:\Users\D\AppData\Local\Programs\Python\Python311\Lib\site-packages\playwright\_impl\_sync_base.py", line 115, in _sync
    return task.result()
           ^^^^^^^^^^^^^
  File "C:\Users\D\AppData\Local\Programs\Python\Python311\Lib\site-packages\playwright\_impl\_locator.py", line 208, in fill
    return await self._frame.fill(self._selector, strict=True, **params)
           ^^^^^^^^^^^^^^^^^^^^^^^^^^^^^^^^^^^^^^^^^^^^^^^^^^^^^^^^^^^^^
  File "C:\Users\D\AppData\Local\Programs\Python\Python311\Lib\site-packages\playwright\_impl\_frame.py", line 527, in fill
    await self._channel.send("fill", locals_to_params(locals()))
  File "C:\Users\D\AppData\Local\Programs\Python\Python311\Lib\site-packages\playwright\_impl\_connection.py", line 59, in send
    return await self._connection.wrap_api_call(
           ^^^^^^^^^^^^^^^^^^^^^^^^^^^^^^^^^^^^^
  File "C:\Users\D\AppData\Local\Programs\Python\Python311\Lib\site-packages\playwright\_impl\_connection.py", line 520, in wrap_api_call
    raise rewrite_error(error, f"{parsed_st['apiName']}: {error}") from None
playwright._impl._errors.TimeoutError: Locator.fill: Timeout 30000ms exceeded.
Call log:
waiting for locator("input[name=\"fechaFinSubasta_0\"]").first


2026-02-09 14:02:51 [INFO] [BOE_FORM_BACKFILL] ✓ 2021-01: 0 auctions (total: 0)
2026-02-09 14:02:51 [INFO] [BOE_FORM_BACKFILL] Waiting 30s before next month...
2026-02-09 14:03:21 [INFO] [BOE_FORM_BACKFILL] 
[13/72] Scraping 2021-02
2026-02-09 14:03:21 [INFO] [BOE_FORM_BACKFILL] Submitting search form: 01/02/2021 to 28/02/2021
2026-02-09 14:03:54 [ERROR] [BOE_FORM_BACKFILL] Failed to submit search form: Locator.fill: Timeout 30000ms exceeded.
Call log:
waiting for locator("input[name=\"fechaFinSubasta_0\"]").first

2026-02-09 14:03:54 [ERROR] [BOE_FORM_BACKFILL] Failed to scrape 2021-02: Locator.fill: Timeout 30000ms exceeded.
Call log:
waiting for locator("input[name=\"fechaFinSubasta_0\"]").first

2026-02-09 14:03:54 [ERROR] [BOE_FORM_BACKFILL] Traceback (most recent call last):
  File "C:\Users\D\Desktop\dnksubastas\scraper\scrapers\boe_form_scraper.py", line 136, in scrape_month_with_form
    self.submit_search_form(page, start_str, end_str)
  File "C:\Users\D\Desktop\dnksubastas\scraper\scrapers\boe_form_scraper.py", line 85, in submit_search_form
    start_field.fill(start_date)
  File "C:\Users\D\AppData\Local\Programs\Python\Python311\Lib\site-packages\playwright\sync_api\_generated.py", line 15743, in fill
    self._sync(
  File "C:\Users\D\AppData\Local\Programs\Python\Python311\Lib\site-packages\playwright\_impl\_sync_base.py", line 115, in _sync
    return task.result()
           ^^^^^^^^^^^^^
  File "C:\Users\D\AppData\Local\Programs\Python\Python311\Lib\site-packages\playwright\_impl\_locator.py", line 208, in fill
    return await self._frame.fill(self._selector, strict=True, **params)
           ^^^^^^^^^^^^^^^^^^^^^^^^^^^^^^^^^^^^^^^^^^^^^^^^^^^^^^^^^^^^^
  File "C:\Users\D\AppData\Local\Programs\Python\Python311\Lib\site-packages\playwright\_impl\_frame.py", line 527, in fill
    await self._channel.send("fill", locals_to_params(locals()))
  File "C:\Users\D\AppData\Local\Programs\Python\Python311\Lib\site-packages\playwright\_impl\_connection.py", line 59, in send
    return await self._connection.wrap_api_call(
           ^^^^^^^^^^^^^^^^^^^^^^^^^^^^^^^^^^^^^
  File "C:\Users\D\AppData\Local\Programs\Python\Python311\Lib\site-packages\playwright\_impl\_connection.py", line 520, in wrap_api_call
    raise rewrite_error(error, f"{parsed_st['apiName']}: {error}") from None
playwright._impl._errors.TimeoutError: Locator.fill: Timeout 30000ms exceeded.
Call log:
waiting for locator("input[name=\"fechaFinSubasta_0\"]").first


2026-02-09 14:03:54 [INFO] [BOE_FORM_BACKFILL] ✓ 2021-02: 0 auctions (total: 0)
2026-02-09 14:03:54 [INFO] [BOE_FORM_BACKFILL] Waiting 30s before next month...
2026-02-09 14:04:24 [INFO] [BOE_FORM_BACKFILL] 
[14/72] Scraping 2021-03
2026-02-09 14:04:24 [INFO] [BOE_FORM_BACKFILL] Submitting search form: 01/03/2021 to 31/03/2021
2026-02-09 14:04:58 [ERROR] [BOE_FORM_BACKFILL] Failed to submit search form: Locator.fill: Timeout 30000ms exceeded.
Call log:
waiting for locator("input[name=\"fechaFinSubasta_0\"]").first

2026-02-09 14:04:58 [ERROR] [BOE_FORM_BACKFILL] Failed to scrape 2021-03: Locator.fill: Timeout 30000ms exceeded.
Call log:
waiting for locator("input[name=\"fechaFinSubasta_0\"]").first

2026-02-09 14:04:58 [ERROR] [BOE_FORM_BACKFILL] Traceback (most recent call last):
  File "C:\Users\D\Desktop\dnksubastas\scraper\scrapers\boe_form_scraper.py", line 136, in scrape_month_with_form
    self.submit_search_form(page, start_str, end_str)
  File "C:\Users\D\Desktop\dnksubastas\scraper\scrapers\boe_form_scraper.py", line 85, in submit_search_form
    start_field.fill(start_date)
  File "C:\Users\D\AppData\Local\Programs\Python\Python311\Lib\site-packages\playwright\sync_api\_generated.py", line 15743, in fill
    self._sync(
  File "C:\Users\D\AppData\Local\Programs\Python\Python311\Lib\site-packages\playwright\_impl\_sync_base.py", line 115, in _sync
    return task.result()
           ^^^^^^^^^^^^^
  File "C:\Users\D\AppData\Local\Programs\Python\Python311\Lib\site-packages\playwright\_impl\_locator.py", line 208, in fill
    return await self._frame.fill(self._selector, strict=True, **params)
           ^^^^^^^^^^^^^^^^^^^^^^^^^^^^^^^^^^^^^^^^^^^^^^^^^^^^^^^^^^^^^
  File "C:\Users\D\AppData\Local\Programs\Python\Python311\Lib\site-packages\playwright\_impl\_frame.py", line 527, in fill
    await self._channel.send("fill", locals_to_params(locals()))
  File "C:\Users\D\AppData\Local\Programs\Python\Python311\Lib\site-packages\playwright\_impl\_connection.py", line 59, in send
    return await self._connection.wrap_api_call(
           ^^^^^^^^^^^^^^^^^^^^^^^^^^^^^^^^^^^^^
  File "C:\Users\D\AppData\Local\Programs\Python\Python311\Lib\site-packages\playwright\_impl\_connection.py", line 520, in wrap_api_call
    raise rewrite_error(error, f"{parsed_st['apiName']}: {error}") from None
playwright._impl._errors.TimeoutError: Locator.fill: Timeout 30000ms exceeded.
Call log:
waiting for locator("input[name=\"fechaFinSubasta_0\"]").first


2026-02-09 14:04:58 [INFO] [BOE_FORM_BACKFILL] ✓ 2021-03: 0 auctions (total: 0)
2026-02-09 14:04:58 [INFO] [BOE_FORM_BACKFILL] Waiting 30s before next month...
2026-02-09 14:05:28 [INFO] [BOE_FORM_BACKFILL] 
[15/72] Scraping 2021-04
2026-02-09 14:05:28 [INFO] [BOE_FORM_BACKFILL] Submitting search form: 01/04/2021 to 30/04/2021
2026-02-09 14:06:01 [ERROR] [BOE_FORM_BACKFILL] Failed to submit search form: Locator.fill: Timeout 30000ms exceeded.
Call log:
waiting for locator("input[name=\"fechaFinSubasta_0\"]").first

2026-02-09 14:06:01 [ERROR] [BOE_FORM_BACKFILL] Failed to scrape 2021-04: Locator.fill: Timeout 30000ms exceeded.
Call log:
waiting for locator("input[name=\"fechaFinSubasta_0\"]").first

2026-02-09 14:06:01 [ERROR] [BOE_FORM_BACKFILL] Traceback (most recent call last):
  File "C:\Users\D\Desktop\dnksubastas\scraper\scrapers\boe_form_scraper.py", line 136, in scrape_month_with_form
    self.submit_search_form(page, start_str, end_str)
  File "C:\Users\D\Desktop\dnksubastas\scraper\scrapers\boe_form_scraper.py", line 85, in submit_search_form
    start_field.fill(start_date)
  File "C:\Users\D\AppData\Local\Programs\Python\Python311\Lib\site-packages\playwright\sync_api\_generated.py", line 15743, in fill
    self._sync(
  File "C:\Users\D\AppData\Local\Programs\Python\Python311\Lib\site-packages\playwright\_impl\_sync_base.py", line 115, in _sync
    return task.result()
           ^^^^^^^^^^^^^
  File "C:\Users\D\AppData\Local\Programs\Python\Python311\Lib\site-packages\playwright\_impl\_locator.py", line 208, in fill
    return await self._frame.fill(self._selector, strict=True, **params)
           ^^^^^^^^^^^^^^^^^^^^^^^^^^^^^^^^^^^^^^^^^^^^^^^^^^^^^^^^^^^^^
  File "C:\Users\D\AppData\Local\Programs\Python\Python311\Lib\site-packages\playwright\_impl\_frame.py", line 527, in fill
    await self._channel.send("fill", locals_to_params(locals()))
  File "C:\Users\D\AppData\Local\Programs\Python\Python311\Lib\site-packages\playwright\_impl\_connection.py", line 59, in send
    return await self._connection.wrap_api_call(
           ^^^^^^^^^^^^^^^^^^^^^^^^^^^^^^^^^^^^^
  File "C:\Users\D\AppData\Local\Programs\Python\Python311\Lib\site-packages\playwright\_impl\_connection.py", line 520, in wrap_api_call
    raise rewrite_error(error, f"{parsed_st['apiName']}: {error}") from None
playwright._impl._errors.TimeoutError: Locator.fill: Timeout 30000ms exceeded.
Call log:
waiting for locator("input[name=\"fechaFinSubasta_0\"]").first


2026-02-09 14:06:01 [INFO] [BOE_FORM_BACKFILL] ✓ 2021-04: 0 auctions (total: 0)
2026-02-09 14:06:01 [INFO] [BOE_FORM_BACKFILL] Waiting 30s before next month...
2026-02-09 14:06:31 [INFO] [BOE_FORM_BACKFILL] 
[16/72] Scraping 2021-05
2026-02-09 14:06:31 [INFO] [BOE_FORM_BACKFILL] Submitting search form: 01/05/2021 to 31/05/2021
2026-02-09 14:07:05 [ERROR] [BOE_FORM_BACKFILL] Failed to submit search form: Locator.fill: Timeout 30000ms exceeded.
Call log:
waiting for locator("input[name=\"fechaFinSubasta_0\"]").first

2026-02-09 14:07:05 [ERROR] [BOE_FORM_BACKFILL] Failed to scrape 2021-05: Locator.fill: Timeout 30000ms exceeded.
Call log:
waiting for locator("input[name=\"fechaFinSubasta_0\"]").first

2026-02-09 14:07:05 [ERROR] [BOE_FORM_BACKFILL] Traceback (most recent call last):
  File "C:\Users\D\Desktop\dnksubastas\scraper\scrapers\boe_form_scraper.py", line 136, in scrape_month_with_form
    self.submit_search_form(page, start_str, end_str)
  File "C:\Users\D\Desktop\dnksubastas\scraper\scrapers\boe_form_scraper.py", line 85, in submit_search_form
    start_field.fill(start_date)
  File "C:\Users\D\AppData\Local\Programs\Python\Python311\Lib\site-packages\playwright\sync_api\_generated.py", line 15743, in fill
    self._sync(
  File "C:\Users\D\AppData\Local\Programs\Python\Python311\Lib\site-packages\playwright\_impl\_sync_base.py", line 115, in _sync
    return task.result()
           ^^^^^^^^^^^^^
  File "C:\Users\D\AppData\Local\Programs\Python\Python311\Lib\site-packages\playwright\_impl\_locator.py", line 208, in fill
    return await self._frame.fill(self._selector, strict=True, **params)
           ^^^^^^^^^^^^^^^^^^^^^^^^^^^^^^^^^^^^^^^^^^^^^^^^^^^^^^^^^^^^^
  File "C:\Users\D\AppData\Local\Programs\Python\Python311\Lib\site-packages\playwright\_impl\_frame.py", line 527, in fill
    await self._channel.send("fill", locals_to_params(locals()))
  File "C:\Users\D\AppData\Local\Programs\Python\Python311\Lib\site-packages\playwright\_impl\_connection.py", line 59, in send
    return await self._connection.wrap_api_call(
           ^^^^^^^^^^^^^^^^^^^^^^^^^^^^^^^^^^^^^
  File "C:\Users\D\AppData\Local\Programs\Python\Python311\Lib\site-packages\playwright\_impl\_connection.py", line 520, in wrap_api_call
    raise rewrite_error(error, f"{parsed_st['apiName']}: {error}") from None
playwright._impl._errors.TimeoutError: Locator.fill: Timeout 30000ms exceeded.
Call log:
waiting for locator("input[name=\"fechaFinSubasta_0\"]").first


2026-02-09 14:07:05 [INFO] [BOE_FORM_BACKFILL] ✓ 2021-05: 0 auctions (total: 0)
2026-02-09 14:07:05 [INFO] [BOE_FORM_BACKFILL] Waiting 30s before next month...
2026-02-09 14:07:35 [INFO] [BOE_FORM_BACKFILL] 
[17/72] Scraping 2021-06
2026-02-09 14:07:35 [INFO] [BOE_FORM_BACKFILL] Submitting search form: 01/06/2021 to 30/06/2021
2026-02-09 14:08:09 [ERROR] [BOE_FORM_BACKFILL] Failed to submit search form: Locator.fill: Timeout 30000ms exceeded.
Call log:
waiting for locator("input[name=\"fechaFinSubasta_0\"]").first

2026-02-09 14:08:09 [ERROR] [BOE_FORM_BACKFILL] Failed to scrape 2021-06: Locator.fill: Timeout 30000ms exceeded.
Call log:
waiting for locator("input[name=\"fechaFinSubasta_0\"]").first

2026-02-09 14:08:09 [ERROR] [BOE_FORM_BACKFILL] Traceback (most recent call last):
  File "C:\Users\D\Desktop\dnksubastas\scraper\scrapers\boe_form_scraper.py", line 136, in scrape_month_with_form
    self.submit_search_form(page, start_str, end_str)
  File "C:\Users\D\Desktop\dnksubastas\scraper\scrapers\boe_form_scraper.py", line 85, in submit_search_form
    start_field.fill(start_date)
  File "C:\Users\D\AppData\Local\Programs\Python\Python311\Lib\site-packages\playwright\sync_api\_generated.py", line 15743, in fill
    self._sync(
  File "C:\Users\D\AppData\Local\Programs\Python\Python311\Lib\site-packages\playwright\_impl\_sync_base.py", line 115, in _sync
    return task.result()
           ^^^^^^^^^^^^^
  File "C:\Users\D\AppData\Local\Programs\Python\Python311\Lib\site-packages\playwright\_impl\_locator.py", line 208, in fill
    return await self._frame.fill(self._selector, strict=True, **params)
           ^^^^^^^^^^^^^^^^^^^^^^^^^^^^^^^^^^^^^^^^^^^^^^^^^^^^^^^^^^^^^
  File "C:\Users\D\AppData\Local\Programs\Python\Python311\Lib\site-packages\playwright\_impl\_frame.py", line 527, in fill
    await self._channel.send("fill", locals_to_params(locals()))
  File "C:\Users\D\AppData\Local\Programs\Python\Python311\Lib\site-packages\playwright\_impl\_connection.py", line 59, in send
    return await self._connection.wrap_api_call(
           ^^^^^^^^^^^^^^^^^^^^^^^^^^^^^^^^^^^^^
  File "C:\Users\D\AppData\Local\Programs\Python\Python311\Lib\site-packages\playwright\_impl\_connection.py", line 520, in wrap_api_call
    raise rewrite_error(error, f"{parsed_st['apiName']}: {error}") from None
playwright._impl._errors.TimeoutError: Locator.fill: Timeout 30000ms exceeded.
Call log:
waiting for locator("input[name=\"fechaFinSubasta_0\"]").first


2026-02-09 14:08:09 [INFO] [BOE_FORM_BACKFILL] ✓ 2021-06: 0 auctions (total: 0)
2026-02-09 14:08:09 [INFO] [BOE_FORM_BACKFILL] Waiting 30s before next month...
2026-02-09 14:08:39 [INFO] [BOE_FORM_BACKFILL] 
[18/72] Scraping 2021-07
2026-02-09 14:08:40 [INFO] [BOE_FORM_BACKFILL] Submitting search form: 01/07/2021 to 31/07/2021
2026-02-09 14:09:14 [ERROR] [BOE_FORM_BACKFILL] Failed to submit search form: Locator.fill: Timeout 30000ms exceeded.
Call log:
waiting for locator("input[name=\"fechaFinSubasta_0\"]").first

2026-02-09 14:09:14 [ERROR] [BOE_FORM_BACKFILL] Failed to scrape 2021-07: Locator.fill: Timeout 30000ms exceeded.
Call log:
waiting for locator("input[name=\"fechaFinSubasta_0\"]").first

2026-02-09 14:09:14 [ERROR] [BOE_FORM_BACKFILL] Traceback (most recent call last):
  File "C:\Users\D\Desktop\dnksubastas\scraper\scrapers\boe_form_scraper.py", line 136, in scrape_month_with_form
    self.submit_search_form(page, start_str, end_str)
  File "C:\Users\D\Desktop\dnksubastas\scraper\scrapers\boe_form_scraper.py", line 85, in submit_search_form
    start_field.fill(start_date)
  File "C:\Users\D\AppData\Local\Programs\Python\Python311\Lib\site-packages\playwright\sync_api\_generated.py", line 15743, in fill
    self._sync(
  File "C:\Users\D\AppData\Local\Programs\Python\Python311\Lib\site-packages\playwright\_impl\_sync_base.py", line 115, in _sync
    return task.result()
           ^^^^^^^^^^^^^
  File "C:\Users\D\AppData\Local\Programs\Python\Python311\Lib\site-packages\playwright\_impl\_locator.py", line 208, in fill
    return await self._frame.fill(self._selector, strict=True, **params)
           ^^^^^^^^^^^^^^^^^^^^^^^^^^^^^^^^^^^^^^^^^^^^^^^^^^^^^^^^^^^^^
  File "C:\Users\D\AppData\Local\Programs\Python\Python311\Lib\site-packages\playwright\_impl\_frame.py", line 527, in fill
    await self._channel.send("fill", locals_to_params(locals()))
  File "C:\Users\D\AppData\Local\Programs\Python\Python311\Lib\site-packages\playwright\_impl\_connection.py", line 59, in send
    return await self._connection.wrap_api_call(
           ^^^^^^^^^^^^^^^^^^^^^^^^^^^^^^^^^^^^^
  File "C:\Users\D\AppData\Local\Programs\Python\Python311\Lib\site-packages\playwright\_impl\_connection.py", line 520, in wrap_api_call
    raise rewrite_error(error, f"{parsed_st['apiName']}: {error}") from None
playwright._impl._errors.TimeoutError: Locator.fill: Timeout 30000ms exceeded.
Call log:
waiting for locator("input[name=\"fechaFinSubasta_0\"]").first


2026-02-09 14:09:14 [INFO] [BOE_FORM_BACKFILL] ✓ 2021-07: 0 auctions (total: 0)
2026-02-09 14:09:14 [INFO] [BOE_FORM_BACKFILL] Waiting 30s before next month...
2026-02-09 14:09:44 [INFO] [BOE_FORM_BACKFILL] 
[19/72] Scraping 2021-08
2026-02-09 14:09:44 [INFO] [BOE_FORM_BACKFILL] Submitting search form: 01/08/2021 to 31/08/2021
2026-02-09 14:10:18 [ERROR] [BOE_FORM_BACKFILL] Failed to submit search form: Locator.fill: Timeout 30000ms exceeded.
Call log:
waiting for locator("input[name=\"fechaFinSubasta_0\"]").first

2026-02-09 14:10:18 [ERROR] [BOE_FORM_BACKFILL] Failed to scrape 2021-08: Locator.fill: Timeout 30000ms exceeded.
Call log:
waiting for locator("input[name=\"fechaFinSubasta_0\"]").first

2026-02-09 14:10:18 [ERROR] [BOE_FORM_BACKFILL] Traceback (most recent call last):
  File "C:\Users\D\Desktop\dnksubastas\scraper\scrapers\boe_form_scraper.py", line 136, in scrape_month_with_form
    self.submit_search_form(page, start_str, end_str)
  File "C:\Users\D\Desktop\dnksubastas\scraper\scrapers\boe_form_scraper.py", line 85, in submit_search_form
    start_field.fill(start_date)
  File "C:\Users\D\AppData\Local\Programs\Python\Python311\Lib\site-packages\playwright\sync_api\_generated.py", line 15743, in fill
    self._sync(
  File "C:\Users\D\AppData\Local\Programs\Python\Python311\Lib\site-packages\playwright\_impl\_sync_base.py", line 115, in _sync
    return task.result()
           ^^^^^^^^^^^^^
  File "C:\Users\D\AppData\Local\Programs\Python\Python311\Lib\site-packages\playwright\_impl\_locator.py", line 208, in fill
    return await self._frame.fill(self._selector, strict=True, **params)
           ^^^^^^^^^^^^^^^^^^^^^^^^^^^^^^^^^^^^^^^^^^^^^^^^^^^^^^^^^^^^^
  File "C:\Users\D\AppData\Local\Programs\Python\Python311\Lib\site-packages\playwright\_impl\_frame.py", line 527, in fill
    await self._channel.send("fill", locals_to_params(locals()))
  File "C:\Users\D\AppData\Local\Programs\Python\Python311\Lib\site-packages\playwright\_impl\_connection.py", line 59, in send
    return await self._connection.wrap_api_call(
           ^^^^^^^^^^^^^^^^^^^^^^^^^^^^^^^^^^^^^
  File "C:\Users\D\AppData\Local\Programs\Python\Python311\Lib\site-packages\playwright\_impl\_connection.py", line 520, in wrap_api_call
    raise rewrite_error(error, f"{parsed_st['apiName']}: {error}") from None
playwright._impl._errors.TimeoutError: Locator.fill: Timeout 30000ms exceeded.
Call log:
waiting for locator("input[name=\"fechaFinSubasta_0\"]").first


2026-02-09 14:10:18 [INFO] [BOE_FORM_BACKFILL] ✓ 2021-08: 0 auctions (total: 0)
2026-02-09 14:10:18 [INFO] [BOE_FORM_BACKFILL] Waiting 30s before next month...
2026-02-09 14:10:48 [INFO] [BOE_FORM_BACKFILL] 
[20/72] Scraping 2021-09
2026-02-09 14:10:48 [INFO] [BOE_FORM_BACKFILL] Submitting search form: 01/09/2021 to 30/09/2021
2026-02-09 14:11:22 [ERROR] [BOE_FORM_BACKFILL] Failed to submit search form: Locator.fill: Timeout 30000ms exceeded.
Call log:
waiting for locator("input[name=\"fechaFinSubasta_0\"]").first

2026-02-09 14:11:22 [ERROR] [BOE_FORM_BACKFILL] Failed to scrape 2021-09: Locator.fill: Timeout 30000ms exceeded.
Call log:
waiting for locator("input[name=\"fechaFinSubasta_0\"]").first

2026-02-09 14:11:22 [ERROR] [BOE_FORM_BACKFILL] Traceback (most recent call last):
  File "C:\Users\D\Desktop\dnksubastas\scraper\scrapers\boe_form_scraper.py", line 136, in scrape_month_with_form
    self.submit_search_form(page, start_str, end_str)
  File "C:\Users\D\Desktop\dnksubastas\scraper\scrapers\boe_form_scraper.py", line 85, in submit_search_form
    start_field.fill(start_date)
  File "C:\Users\D\AppData\Local\Programs\Python\Python311\Lib\site-packages\playwright\sync_api\_generated.py", line 15743, in fill
    self._sync(
  File "C:\Users\D\AppData\Local\Programs\Python\Python311\Lib\site-packages\playwright\_impl\_sync_base.py", line 115, in _sync
    return task.result()
           ^^^^^^^^^^^^^
  File "C:\Users\D\AppData\Local\Programs\Python\Python311\Lib\site-packages\playwright\_impl\_locator.py", line 208, in fill
    return await self._frame.fill(self._selector, strict=True, **params)
           ^^^^^^^^^^^^^^^^^^^^^^^^^^^^^^^^^^^^^^^^^^^^^^^^^^^^^^^^^^^^^
  File "C:\Users\D\AppData\Local\Programs\Python\Python311\Lib\site-packages\playwright\_impl\_frame.py", line 527, in fill
    await self._channel.send("fill", locals_to_params(locals()))
  File "C:\Users\D\AppData\Local\Programs\Python\Python311\Lib\site-packages\playwright\_impl\_connection.py", line 59, in send
    return await self._connection.wrap_api_call(
           ^^^^^^^^^^^^^^^^^^^^^^^^^^^^^^^^^^^^^
  File "C:\Users\D\AppData\Local\Programs\Python\Python311\Lib\site-packages\playwright\_impl\_connection.py", line 520, in wrap_api_call
    raise rewrite_error(error, f"{parsed_st['apiName']}: {error}") from None
playwright._impl._errors.TimeoutError: Locator.fill: Timeout 30000ms exceeded.
Call log:
waiting for locator("input[name=\"fechaFinSubasta_0\"]").first


2026-02-09 14:11:22 [INFO] [BOE_FORM_BACKFILL] ✓ 2021-09: 0 auctions (total: 0)
2026-02-09 14:11:22 [INFO] [BOE_FORM_BACKFILL] Waiting 30s before next month...
2026-02-09 14:11:52 [INFO] [BOE_FORM_BACKFILL] 
[21/72] Scraping 2021-10
2026-02-09 14:11:52 [INFO] [BOE_FORM_BACKFILL] Submitting search form: 01/10/2021 to 31/10/2021
2026-02-09 14:12:27 [ERROR] [BOE_FORM_BACKFILL] Failed to submit search form: Locator.fill: Timeout 30000ms exceeded.
Call log:
waiting for locator("input[name=\"fechaFinSubasta_0\"]").first

2026-02-09 14:12:27 [ERROR] [BOE_FORM_BACKFILL] Failed to scrape 2021-10: Locator.fill: Timeout 30000ms exceeded.
Call log:
waiting for locator("input[name=\"fechaFinSubasta_0\"]").first

2026-02-09 14:12:27 [ERROR] [BOE_FORM_BACKFILL] Traceback (most recent call last):
  File "C:\Users\D\Desktop\dnksubastas\scraper\scrapers\boe_form_scraper.py", line 136, in scrape_month_with_form
    self.submit_search_form(page, start_str, end_str)
  File "C:\Users\D\Desktop\dnksubastas\scraper\scrapers\boe_form_scraper.py", line 85, in submit_search_form
    start_field.fill(start_date)
  File "C:\Users\D\AppData\Local\Programs\Python\Python311\Lib\site-packages\playwright\sync_api\_generated.py", line 15743, in fill
    self._sync(
  File "C:\Users\D\AppData\Local\Programs\Python\Python311\Lib\site-packages\playwright\_impl\_sync_base.py", line 115, in _sync
    return task.result()
           ^^^^^^^^^^^^^
  File "C:\Users\D\AppData\Local\Programs\Python\Python311\Lib\site-packages\playwright\_impl\_locator.py", line 208, in fill
    return await self._frame.fill(self._selector, strict=True, **params)
           ^^^^^^^^^^^^^^^^^^^^^^^^^^^^^^^^^^^^^^^^^^^^^^^^^^^^^^^^^^^^^
  File "C:\Users\D\AppData\Local\Programs\Python\Python311\Lib\site-packages\playwright\_impl\_frame.py", line 527, in fill
    await self._channel.send("fill", locals_to_params(locals()))
  File "C:\Users\D\AppData\Local\Programs\Python\Python311\Lib\site-packages\playwright\_impl\_connection.py", line 59, in send
    return await self._connection.wrap_api_call(
           ^^^^^^^^^^^^^^^^^^^^^^^^^^^^^^^^^^^^^
  File "C:\Users\D\AppData\Local\Programs\Python\Python311\Lib\site-packages\playwright\_impl\_connection.py", line 520, in wrap_api_call
    raise rewrite_error(error, f"{parsed_st['apiName']}: {error}") from None
playwright._impl._errors.TimeoutError: Locator.fill: Timeout 30000ms exceeded.
Call log:
waiting for locator("input[name=\"fechaFinSubasta_0\"]").first


2026-02-09 14:12:27 [INFO] [BOE_FORM_BACKFILL] ✓ 2021-10: 0 auctions (total: 0)
2026-02-09 14:12:27 [INFO] [BOE_FORM_BACKFILL] Waiting 30s before next month...
2026-02-09 14:12:57 [INFO] [BOE_FORM_BACKFILL] 
[22/72] Scraping 2021-11
2026-02-09 14:12:57 [INFO] [BOE_FORM_BACKFILL] Submitting search form: 01/11/2021 to 30/11/2021
2026-02-09 14:13:31 [ERROR] [BOE_FORM_BACKFILL] Failed to submit search form: Locator.fill: Timeout 30000ms exceeded.
Call log:
waiting for locator("input[name=\"fechaFinSubasta_0\"]").first

2026-02-09 14:13:31 [ERROR] [BOE_FORM_BACKFILL] Failed to scrape 2021-11: Locator.fill: Timeout 30000ms exceeded.
Call log:
waiting for locator("input[name=\"fechaFinSubasta_0\"]").first

2026-02-09 14:13:31 [ERROR] [BOE_FORM_BACKFILL] Traceback (most recent call last):
  File "C:\Users\D\Desktop\dnksubastas\scraper\scrapers\boe_form_scraper.py", line 136, in scrape_month_with_form
    self.submit_search_form(page, start_str, end_str)
  File "C:\Users\D\Desktop\dnksubastas\scraper\scrapers\boe_form_scraper.py", line 85, in submit_search_form
    start_field.fill(start_date)
  File "C:\Users\D\AppData\Local\Programs\Python\Python311\Lib\site-packages\playwright\sync_api\_generated.py", line 15743, in fill
    self._sync(
  File "C:\Users\D\AppData\Local\Programs\Python\Python311\Lib\site-packages\playwright\_impl\_sync_base.py", line 115, in _sync
    return task.result()
           ^^^^^^^^^^^^^
  File "C:\Users\D\AppData\Local\Programs\Python\Python311\Lib\site-packages\playwright\_impl\_locator.py", line 208, in fill
    return await self._frame.fill(self._selector, strict=True, **params)
           ^^^^^^^^^^^^^^^^^^^^^^^^^^^^^^^^^^^^^^^^^^^^^^^^^^^^^^^^^^^^^
  File "C:\Users\D\AppData\Local\Programs\Python\Python311\Lib\site-packages\playwright\_impl\_frame.py", line 527, in fill
    await self._channel.send("fill", locals_to_params(locals()))
  File "C:\Users\D\AppData\Local\Programs\Python\Python311\Lib\site-packages\playwright\_impl\_connection.py", line 59, in send
    return await self._connection.wrap_api_call(
           ^^^^^^^^^^^^^^^^^^^^^^^^^^^^^^^^^^^^^
  File "C:\Users\D\AppData\Local\Programs\Python\Python311\Lib\site-packages\playwright\_impl\_connection.py", line 520, in wrap_api_call
    raise rewrite_error(error, f"{parsed_st['apiName']}: {error}") from None
playwright._impl._errors.TimeoutError: Locator.fill: Timeout 30000ms exceeded.
Call log:
waiting for locator("input[name=\"fechaFinSubasta_0\"]").first


2026-02-09 14:13:31 [INFO] [BOE_FORM_BACKFILL] ✓ 2021-11: 0 auctions (total: 0)
2026-02-09 14:13:31 [INFO] [BOE_FORM_BACKFILL] Waiting 30s before next month...
2026-02-09 14:14:01 [INFO] [BOE_FORM_BACKFILL] 
[23/72] Scraping 2021-12
2026-02-09 14:14:01 [INFO] [BOE_FORM_BACKFILL] Submitting search form: 01/12/2021 to 31/12/2021
2026-02-09 14:14:35 [ERROR] [BOE_FORM_BACKFILL] Failed to submit search form: Locator.fill: Timeout 30000ms exceeded.
Call log:
waiting for locator("input[name=\"fechaFinSubasta_0\"]").first

2026-02-09 14:14:35 [ERROR] [BOE_FORM_BACKFILL] Failed to scrape 2021-12: Locator.fill: Timeout 30000ms exceeded.
Call log:
waiting for locator("input[name=\"fechaFinSubasta_0\"]").first

2026-02-09 14:14:35 [ERROR] [BOE_FORM_BACKFILL] Traceback (most recent call last):
  File "C:\Users\D\Desktop\dnksubastas\scraper\scrapers\boe_form_scraper.py", line 136, in scrape_month_with_form
    self.submit_search_form(page, start_str, end_str)
  File "C:\Users\D\Desktop\dnksubastas\scraper\scrapers\boe_form_scraper.py", line 85, in submit_search_form
    start_field.fill(start_date)
  File "C:\Users\D\AppData\Local\Programs\Python\Python311\Lib\site-packages\playwright\sync_api\_generated.py", line 15743, in fill
    self._sync(
  File "C:\Users\D\AppData\Local\Programs\Python\Python311\Lib\site-packages\playwright\_impl\_sync_base.py", line 115, in _sync
    return task.result()
           ^^^^^^^^^^^^^
  File "C:\Users\D\AppData\Local\Programs\Python\Python311\Lib\site-packages\playwright\_impl\_locator.py", line 208, in fill
    return await self._frame.fill(self._selector, strict=True, **params)
           ^^^^^^^^^^^^^^^^^^^^^^^^^^^^^^^^^^^^^^^^^^^^^^^^^^^^^^^^^^^^^
  File "C:\Users\D\AppData\Local\Programs\Python\Python311\Lib\site-packages\playwright\_impl\_frame.py", line 527, in fill
    await self._channel.send("fill", locals_to_params(locals()))
  File "C:\Users\D\AppData\Local\Programs\Python\Python311\Lib\site-packages\playwright\_impl\_connection.py", line 59, in send
    return await self._connection.wrap_api_call(
           ^^^^^^^^^^^^^^^^^^^^^^^^^^^^^^^^^^^^^
  File "C:\Users\D\AppData\Local\Programs\Python\Python311\Lib\site-packages\playwright\_impl\_connection.py", line 520, in wrap_api_call
    raise rewrite_error(error, f"{parsed_st['apiName']}: {error}") from None
playwright._impl._errors.TimeoutError: Locator.fill: Timeout 30000ms exceeded.
Call log:
waiting for locator("input[name=\"fechaFinSubasta_0\"]").first


2026-02-09 14:14:35 [INFO] [BOE_FORM_BACKFILL] ✓ 2021-12: 0 auctions (total: 0)
2026-02-09 14:14:35 [INFO] [BOE_FORM_BACKFILL] Waiting 30s before next month...
2026-02-09 14:15:05 [INFO] [BOE_FORM_BACKFILL] 
[24/72] Scraping 2022-01
2026-02-09 14:15:05 [INFO] [BOE_FORM_BACKFILL] Submitting search form: 01/01/2022 to 31/01/2022
2026-02-09 14:15:38 [ERROR] [BOE_FORM_BACKFILL] Failed to submit search form: Locator.fill: Timeout 30000ms exceeded.
Call log:
waiting for locator("input[name=\"fechaFinSubasta_0\"]").first

2026-02-09 14:15:38 [ERROR] [BOE_FORM_BACKFILL] Failed to scrape 2022-01: Locator.fill: Timeout 30000ms exceeded.
Call log:
waiting for locator("input[name=\"fechaFinSubasta_0\"]").first

2026-02-09 14:15:38 [ERROR] [BOE_FORM_BACKFILL] Traceback (most recent call last):
  File "C:\Users\D\Desktop\dnksubastas\scraper\scrapers\boe_form_scraper.py", line 136, in scrape_month_with_form
    self.submit_search_form(page, start_str, end_str)
  File "C:\Users\D\Desktop\dnksubastas\scraper\scrapers\boe_form_scraper.py", line 85, in submit_search_form
    start_field.fill(start_date)
  File "C:\Users\D\AppData\Local\Programs\Python\Python311\Lib\site-packages\playwright\sync_api\_generated.py", line 15743, in fill
    self._sync(
  File "C:\Users\D\AppData\Local\Programs\Python\Python311\Lib\site-packages\playwright\_impl\_sync_base.py", line 115, in _sync
    return task.result()
           ^^^^^^^^^^^^^
  File "C:\Users\D\AppData\Local\Programs\Python\Python311\Lib\site-packages\playwright\_impl\_locator.py", line 208, in fill
    return await self._frame.fill(self._selector, strict=True, **params)
           ^^^^^^^^^^^^^^^^^^^^^^^^^^^^^^^^^^^^^^^^^^^^^^^^^^^^^^^^^^^^^
  File "C:\Users\D\AppData\Local\Programs\Python\Python311\Lib\site-packages\playwright\_impl\_frame.py", line 527, in fill
    await self._channel.send("fill", locals_to_params(locals()))
  File "C:\Users\D\AppData\Local\Programs\Python\Python311\Lib\site-packages\playwright\_impl\_connection.py", line 59, in send
    return await self._connection.wrap_api_call(
           ^^^^^^^^^^^^^^^^^^^^^^^^^^^^^^^^^^^^^
  File "C:\Users\D\AppData\Local\Programs\Python\Python311\Lib\site-packages\playwright\_impl\_connection.py", line 520, in wrap_api_call
    raise rewrite_error(error, f"{parsed_st['apiName']}: {error}") from None
playwright._impl._errors.TimeoutError: Locator.fill: Timeout 30000ms exceeded.
Call log:
waiting for locator("input[name=\"fechaFinSubasta_0\"]").first


2026-02-09 14:15:38 [INFO] [BOE_FORM_BACKFILL] ✓ 2022-01: 0 auctions (total: 0)
2026-02-09 14:15:38 [INFO] [BOE_FORM_BACKFILL] Waiting 30s before next month...
2026-02-09 14:16:08 [INFO] [BOE_FORM_BACKFILL] 
[25/72] Scraping 2022-02
2026-02-09 14:16:08 [INFO] [BOE_FORM_BACKFILL] Submitting search form: 01/02/2022 to 28/02/2022
2026-02-09 14:16:41 [ERROR] [BOE_FORM_BACKFILL] Failed to submit search form: Locator.fill: Timeout 30000ms exceeded.
Call log:
waiting for locator("input[name=\"fechaFinSubasta_0\"]").first

2026-02-09 14:16:41 [ERROR] [BOE_FORM_BACKFILL] Failed to scrape 2022-02: Locator.fill: Timeout 30000ms exceeded.
Call log:
waiting for locator("input[name=\"fechaFinSubasta_0\"]").first

2026-02-09 14:16:41 [ERROR] [BOE_FORM_BACKFILL] Traceback (most recent call last):
  File "C:\Users\D\Desktop\dnksubastas\scraper\scrapers\boe_form_scraper.py", line 136, in scrape_month_with_form
    self.submit_search_form(page, start_str, end_str)
  File "C:\Users\D\Desktop\dnksubastas\scraper\scrapers\boe_form_scraper.py", line 85, in submit_search_form
    start_field.fill(start_date)
  File "C:\Users\D\AppData\Local\Programs\Python\Python311\Lib\site-packages\playwright\sync_api\_generated.py", line 15743, in fill
    self._sync(
  File "C:\Users\D\AppData\Local\Programs\Python\Python311\Lib\site-packages\playwright\_impl\_sync_base.py", line 115, in _sync
    return task.result()
           ^^^^^^^^^^^^^
  File "C:\Users\D\AppData\Local\Programs\Python\Python311\Lib\site-packages\playwright\_impl\_locator.py", line 208, in fill
    return await self._frame.fill(self._selector, strict=True, **params)
           ^^^^^^^^^^^^^^^^^^^^^^^^^^^^^^^^^^^^^^^^^^^^^^^^^^^^^^^^^^^^^
  File "C:\Users\D\AppData\Local\Programs\Python\Python311\Lib\site-packages\playwright\_impl\_frame.py", line 527, in fill
    await self._channel.send("fill", locals_to_params(locals()))
  File "C:\Users\D\AppData\Local\Programs\Python\Python311\Lib\site-packages\playwright\_impl\_connection.py", line 59, in send
    return await self._connection.wrap_api_call(
           ^^^^^^^^^^^^^^^^^^^^^^^^^^^^^^^^^^^^^
  File "C:\Users\D\AppData\Local\Programs\Python\Python311\Lib\site-packages\playwright\_impl\_connection.py", line 520, in wrap_api_call
    raise rewrite_error(error, f"{parsed_st['apiName']}: {error}") from None
playwright._impl._errors.TimeoutError: Locator.fill: Timeout 30000ms exceeded.
Call log:
waiting for locator("input[name=\"fechaFinSubasta_0\"]").first


2026-02-09 14:16:41 [INFO] [BOE_FORM_BACKFILL] ✓ 2022-02: 0 auctions (total: 0)
2026-02-09 14:16:41 [INFO] [BOE_FORM_BACKFILL] Waiting 30s before next month...
2026-02-09 14:17:11 [INFO] [BOE_FORM_BACKFILL] 
[26/72] Scraping 2022-03
2026-02-09 14:17:11 [INFO] [BOE_FORM_BACKFILL] Submitting search form: 01/03/2022 to 31/03/2022
2026-02-09 14:17:45 [ERROR] [BOE_FORM_BACKFILL] Failed to submit search form: Locator.fill: Timeout 30000ms exceeded.
Call log:
waiting for locator("input[name=\"fechaFinSubasta_0\"]").first

2026-02-09 14:17:45 [ERROR] [BOE_FORM_BACKFILL] Failed to scrape 2022-03: Locator.fill: Timeout 30000ms exceeded.
Call log:
waiting for locator("input[name=\"fechaFinSubasta_0\"]").first

2026-02-09 14:17:45 [ERROR] [BOE_FORM_BACKFILL] Traceback (most recent call last):
  File "C:\Users\D\Desktop\dnksubastas\scraper\scrapers\boe_form_scraper.py", line 136, in scrape_month_with_form
    self.submit_search_form(page, start_str, end_str)
  File "C:\Users\D\Desktop\dnksubastas\scraper\scrapers\boe_form_scraper.py", line 85, in submit_search_form
    start_field.fill(start_date)
  File "C:\Users\D\AppData\Local\Programs\Python\Python311\Lib\site-packages\playwright\sync_api\_generated.py", line 15743, in fill
    self._sync(
  File "C:\Users\D\AppData\Local\Programs\Python\Python311\Lib\site-packages\playwright\_impl\_sync_base.py", line 115, in _sync
    return task.result()
           ^^^^^^^^^^^^^
  File "C:\Users\D\AppData\Local\Programs\Python\Python311\Lib\site-packages\playwright\_impl\_locator.py", line 208, in fill
    return await self._frame.fill(self._selector, strict=True, **params)
           ^^^^^^^^^^^^^^^^^^^^^^^^^^^^^^^^^^^^^^^^^^^^^^^^^^^^^^^^^^^^^
  File "C:\Users\D\AppData\Local\Programs\Python\Python311\Lib\site-packages\playwright\_impl\_frame.py", line 527, in fill
    await self._channel.send("fill", locals_to_params(locals()))
  File "C:\Users\D\AppData\Local\Programs\Python\Python311\Lib\site-packages\playwright\_impl\_connection.py", line 59, in send
    return await self._connection.wrap_api_call(
           ^^^^^^^^^^^^^^^^^^^^^^^^^^^^^^^^^^^^^
  File "C:\Users\D\AppData\Local\Programs\Python\Python311\Lib\site-packages\playwright\_impl\_connection.py", line 520, in wrap_api_call
    raise rewrite_error(error, f"{parsed_st['apiName']}: {error}") from None
playwright._impl._errors.TimeoutError: Locator.fill: Timeout 30000ms exceeded.
Call log:
waiting for locator("input[name=\"fechaFinSubasta_0\"]").first


2026-02-09 14:17:45 [INFO] [BOE_FORM_BACKFILL] ✓ 2022-03: 0 auctions (total: 0)
2026-02-09 14:17:45 [INFO] [BOE_FORM_BACKFILL] Waiting 30s before next month...
2026-02-09 14:18:15 [INFO] [BOE_FORM_BACKFILL] 
[27/72] Scraping 2022-04
2026-02-09 14:18:16 [INFO] [BOE_FORM_BACKFILL] Submitting search form: 01/04/2022 to 30/04/2022
2026-02-09 14:18:49 [ERROR] [BOE_FORM_BACKFILL] Failed to submit search form: Locator.fill: Timeout 30000ms exceeded.
Call log:
waiting for locator("input[name=\"fechaFinSubasta_0\"]").first

2026-02-09 14:18:49 [ERROR] [BOE_FORM_BACKFILL] Failed to scrape 2022-04: Locator.fill: Timeout 30000ms exceeded.
Call log:
waiting for locator("input[name=\"fechaFinSubasta_0\"]").first

2026-02-09 14:18:49 [ERROR] [BOE_FORM_BACKFILL] Traceback (most recent call last):
  File "C:\Users\D\Desktop\dnksubastas\scraper\scrapers\boe_form_scraper.py", line 136, in scrape_month_with_form
    self.submit_search_form(page, start_str, end_str)
  File "C:\Users\D\Desktop\dnksubastas\scraper\scrapers\boe_form_scraper.py", line 85, in submit_search_form
    start_field.fill(start_date)
  File "C:\Users\D\AppData\Local\Programs\Python\Python311\Lib\site-packages\playwright\sync_api\_generated.py", line 15743, in fill
    self._sync(
  File "C:\Users\D\AppData\Local\Programs\Python\Python311\Lib\site-packages\playwright\_impl\_sync_base.py", line 115, in _sync
    return task.result()
           ^^^^^^^^^^^^^
  File "C:\Users\D\AppData\Local\Programs\Python\Python311\Lib\site-packages\playwright\_impl\_locator.py", line 208, in fill
    return await self._frame.fill(self._selector, strict=True, **params)
           ^^^^^^^^^^^^^^^^^^^^^^^^^^^^^^^^^^^^^^^^^^^^^^^^^^^^^^^^^^^^^
  File "C:\Users\D\AppData\Local\Programs\Python\Python311\Lib\site-packages\playwright\_impl\_frame.py", line 527, in fill
    await self._channel.send("fill", locals_to_params(locals()))
  File "C:\Users\D\AppData\Local\Programs\Python\Python311\Lib\site-packages\playwright\_impl\_connection.py", line 59, in send
    return await self._connection.wrap_api_call(
           ^^^^^^^^^^^^^^^^^^^^^^^^^^^^^^^^^^^^^
  File "C:\Users\D\AppData\Local\Programs\Python\Python311\Lib\site-packages\playwright\_impl\_connection.py", line 520, in wrap_api_call
    raise rewrite_error(error, f"{parsed_st['apiName']}: {error}") from None
playwright._impl._errors.TimeoutError: Locator.fill: Timeout 30000ms exceeded.
Call log:
waiting for locator("input[name=\"fechaFinSubasta_0\"]").first


2026-02-09 14:18:49 [INFO] [BOE_FORM_BACKFILL] ✓ 2022-04: 0 auctions (total: 0)
2026-02-09 14:18:49 [INFO] [BOE_FORM_BACKFILL] Waiting 30s before next month...
2026-02-09 14:19:19 [INFO] [BOE_FORM_BACKFILL] 
[28/72] Scraping 2022-05
2026-02-09 14:19:20 [INFO] [BOE_FORM_BACKFILL] Submitting search form: 01/05/2022 to 31/05/2022
2026-02-09 14:19:53 [ERROR] [BOE_FORM_BACKFILL] Failed to submit search form: Locator.fill: Timeout 30000ms exceeded.
Call log:
waiting for locator("input[name=\"fechaFinSubasta_0\"]").first

2026-02-09 14:19:53 [ERROR] [BOE_FORM_BACKFILL] Failed to scrape 2022-05: Locator.fill: Timeout 30000ms exceeded.
Call log:
waiting for locator("input[name=\"fechaFinSubasta_0\"]").first

2026-02-09 14:19:53 [ERROR] [BOE_FORM_BACKFILL] Traceback (most recent call last):
  File "C:\Users\D\Desktop\dnksubastas\scraper\scrapers\boe_form_scraper.py", line 136, in scrape_month_with_form
    self.submit_search_form(page, start_str, end_str)
  File "C:\Users\D\Desktop\dnksubastas\scraper\scrapers\boe_form_scraper.py", line 85, in submit_search_form
    start_field.fill(start_date)
  File "C:\Users\D\AppData\Local\Programs\Python\Python311\Lib\site-packages\playwright\sync_api\_generated.py", line 15743, in fill
    self._sync(
  File "C:\Users\D\AppData\Local\Programs\Python\Python311\Lib\site-packages\playwright\_impl\_sync_base.py", line 115, in _sync
    return task.result()
           ^^^^^^^^^^^^^
  File "C:\Users\D\AppData\Local\Programs\Python\Python311\Lib\site-packages\playwright\_impl\_locator.py", line 208, in fill
    return await self._frame.fill(self._selector, strict=True, **params)
           ^^^^^^^^^^^^^^^^^^^^^^^^^^^^^^^^^^^^^^^^^^^^^^^^^^^^^^^^^^^^^
  File "C:\Users\D\AppData\Local\Programs\Python\Python311\Lib\site-packages\playwright\_impl\_frame.py", line 527, in fill
    await self._channel.send("fill", locals_to_params(locals()))
  File "C:\Users\D\AppData\Local\Programs\Python\Python311\Lib\site-packages\playwright\_impl\_connection.py", line 59, in send
    return await self._connection.wrap_api_call(
           ^^^^^^^^^^^^^^^^^^^^^^^^^^^^^^^^^^^^^
  File "C:\Users\D\AppData\Local\Programs\Python\Python311\Lib\site-packages\playwright\_impl\_connection.py", line 520, in wrap_api_call
    raise rewrite_error(error, f"{parsed_st['apiName']}: {error}") from None
playwright._impl._errors.TimeoutError: Locator.fill: Timeout 30000ms exceeded.
Call log:
waiting for locator("input[name=\"fechaFinSubasta_0\"]").first


2026-02-09 14:19:53 [INFO] [BOE_FORM_BACKFILL] ✓ 2022-05: 0 auctions (total: 0)
2026-02-09 14:19:53 [INFO] [BOE_FORM_BACKFILL] Waiting 30s before next month...
2026-02-09 14:20:23 [INFO] [BOE_FORM_BACKFILL] 
[29/72] Scraping 2022-06
2026-02-09 14:20:24 [INFO] [BOE_FORM_BACKFILL] Submitting search form: 01/06/2022 to 30/06/2022
2026-02-09 14:20:57 [ERROR] [BOE_FORM_BACKFILL] Failed to submit search form: Locator.fill: Timeout 30000ms exceeded.
Call log:
waiting for locator("input[name=\"fechaFinSubasta_0\"]").first

2026-02-09 14:20:57 [ERROR] [BOE_FORM_BACKFILL] Failed to scrape 2022-06: Locator.fill: Timeout 30000ms exceeded.
Call log:
waiting for locator("input[name=\"fechaFinSubasta_0\"]").first

2026-02-09 14:20:57 [ERROR] [BOE_FORM_BACKFILL] Traceback (most recent call last):
  File "C:\Users\D\Desktop\dnksubastas\scraper\scrapers\boe_form_scraper.py", line 136, in scrape_month_with_form
    self.submit_search_form(page, start_str, end_str)
  File "C:\Users\D\Desktop\dnksubastas\scraper\scrapers\boe_form_scraper.py", line 85, in submit_search_form
    start_field.fill(start_date)
  File "C:\Users\D\AppData\Local\Programs\Python\Python311\Lib\site-packages\playwright\sync_api\_generated.py", line 15743, in fill
    self._sync(
  File "C:\Users\D\AppData\Local\Programs\Python\Python311\Lib\site-packages\playwright\_impl\_sync_base.py", line 115, in _sync
    return task.result()
           ^^^^^^^^^^^^^
  File "C:\Users\D\AppData\Local\Programs\Python\Python311\Lib\site-packages\playwright\_impl\_locator.py", line 208, in fill
    return await self._frame.fill(self._selector, strict=True, **params)
           ^^^^^^^^^^^^^^^^^^^^^^^^^^^^^^^^^^^^^^^^^^^^^^^^^^^^^^^^^^^^^
  File "C:\Users\D\AppData\Local\Programs\Python\Python311\Lib\site-packages\playwright\_impl\_frame.py", line 527, in fill
    await self._channel.send("fill", locals_to_params(locals()))
  File "C:\Users\D\AppData\Local\Programs\Python\Python311\Lib\site-packages\playwright\_impl\_connection.py", line 59, in send
    return await self._connection.wrap_api_call(
           ^^^^^^^^^^^^^^^^^^^^^^^^^^^^^^^^^^^^^
  File "C:\Users\D\AppData\Local\Programs\Python\Python311\Lib\site-packages\playwright\_impl\_connection.py", line 520, in wrap_api_call
    raise rewrite_error(error, f"{parsed_st['apiName']}: {error}") from None
playwright._impl._errors.TimeoutError: Locator.fill: Timeout 30000ms exceeded.
Call log:
waiting for locator("input[name=\"fechaFinSubasta_0\"]").first


2026-02-09 14:20:57 [INFO] [BOE_FORM_BACKFILL] ✓ 2022-06: 0 auctions (total: 0)
2026-02-09 14:20:57 [INFO] [BOE_FORM_BACKFILL] Waiting 30s before next month...
2026-02-09 14:21:27 [INFO] [BOE_FORM_BACKFILL] 
[30/72] Scraping 2022-07
2026-02-09 14:21:27 [INFO] [BOE_FORM_BACKFILL] Submitting search form: 01/07/2022 to 31/07/2022
2026-02-09 14:22:01 [ERROR] [BOE_FORM_BACKFILL] Failed to submit search form: Locator.fill: Timeout 30000ms exceeded.
Call log:
waiting for locator("input[name=\"fechaFinSubasta_0\"]").first

2026-02-09 14:22:01 [ERROR] [BOE_FORM_BACKFILL] Failed to scrape 2022-07: Locator.fill: Timeout 30000ms exceeded.
Call log:
waiting for locator("input[name=\"fechaFinSubasta_0\"]").first

2026-02-09 14:22:01 [ERROR] [BOE_FORM_BACKFILL] Traceback (most recent call last):
  File "C:\Users\D\Desktop\dnksubastas\scraper\scrapers\boe_form_scraper.py", line 136, in scrape_month_with_form
    self.submit_search_form(page, start_str, end_str)
  File "C:\Users\D\Desktop\dnksubastas\scraper\scrapers\boe_form_scraper.py", line 85, in submit_search_form
    start_field.fill(start_date)
  File "C:\Users\D\AppData\Local\Programs\Python\Python311\Lib\site-packages\playwright\sync_api\_generated.py", line 15743, in fill
    self._sync(
  File "C:\Users\D\AppData\Local\Programs\Python\Python311\Lib\site-packages\playwright\_impl\_sync_base.py", line 115, in _sync
    return task.result()
           ^^^^^^^^^^^^^
  File "C:\Users\D\AppData\Local\Programs\Python\Python311\Lib\site-packages\playwright\_impl\_locator.py", line 208, in fill
    return await self._frame.fill(self._selector, strict=True, **params)
           ^^^^^^^^^^^^^^^^^^^^^^^^^^^^^^^^^^^^^^^^^^^^^^^^^^^^^^^^^^^^^
  File "C:\Users\D\AppData\Local\Programs\Python\Python311\Lib\site-packages\playwright\_impl\_frame.py", line 527, in fill
    await self._channel.send("fill", locals_to_params(locals()))
  File "C:\Users\D\AppData\Local\Programs\Python\Python311\Lib\site-packages\playwright\_impl\_connection.py", line 59, in send
    return await self._connection.wrap_api_call(
           ^^^^^^^^^^^^^^^^^^^^^^^^^^^^^^^^^^^^^
  File "C:\Users\D\AppData\Local\Programs\Python\Python311\Lib\site-packages\playwright\_impl\_connection.py", line 520, in wrap_api_call
    raise rewrite_error(error, f"{parsed_st['apiName']}: {error}") from None
playwright._impl._errors.TimeoutError: Locator.fill: Timeout 30000ms exceeded.
Call log:
waiting for locator("input[name=\"fechaFinSubasta_0\"]").first


2026-02-09 14:22:01 [INFO] [BOE_FORM_BACKFILL] ✓ 2022-07: 0 auctions (total: 0)
2026-02-09 14:22:01 [INFO] [BOE_FORM_BACKFILL] Waiting 30s before next month...
2026-02-09 14:22:31 [INFO] [BOE_FORM_BACKFILL] 
[31/72] Scraping 2022-08
2026-02-09 14:22:31 [INFO] [BOE_FORM_BACKFILL] Submitting search form: 01/08/2022 to 31/08/2022
2026-02-09 14:23:04 [ERROR] [BOE_FORM_BACKFILL] Failed to submit search form: Locator.fill: Timeout 30000ms exceeded.
Call log:
waiting for locator("input[name=\"fechaFinSubasta_0\"]").first

2026-02-09 14:23:04 [ERROR] [BOE_FORM_BACKFILL] Failed to scrape 2022-08: Locator.fill: Timeout 30000ms exceeded.
Call log:
waiting for locator("input[name=\"fechaFinSubasta_0\"]").first

2026-02-09 14:23:04 [ERROR] [BOE_FORM_BACKFILL] Traceback (most recent call last):
  File "C:\Users\D\Desktop\dnksubastas\scraper\scrapers\boe_form_scraper.py", line 136, in scrape_month_with_form
    self.submit_search_form(page, start_str, end_str)
  File "C:\Users\D\Desktop\dnksubastas\scraper\scrapers\boe_form_scraper.py", line 85, in submit_search_form
    start_field.fill(start_date)
  File "C:\Users\D\AppData\Local\Programs\Python\Python311\Lib\site-packages\playwright\sync_api\_generated.py", line 15743, in fill
    self._sync(
  File "C:\Users\D\AppData\Local\Programs\Python\Python311\Lib\site-packages\playwright\_impl\_sync_base.py", line 115, in _sync
    return task.result()
           ^^^^^^^^^^^^^
  File "C:\Users\D\AppData\Local\Programs\Python\Python311\Lib\site-packages\playwright\_impl\_locator.py", line 208, in fill
    return await self._frame.fill(self._selector, strict=True, **params)
           ^^^^^^^^^^^^^^^^^^^^^^^^^^^^^^^^^^^^^^^^^^^^^^^^^^^^^^^^^^^^^
  File "C:\Users\D\AppData\Local\Programs\Python\Python311\Lib\site-packages\playwright\_impl\_frame.py", line 527, in fill
    await self._channel.send("fill", locals_to_params(locals()))
  File "C:\Users\D\AppData\Local\Programs\Python\Python311\Lib\site-packages\playwright\_impl\_connection.py", line 59, in send
    return await self._connection.wrap_api_call(
           ^^^^^^^^^^^^^^^^^^^^^^^^^^^^^^^^^^^^^
  File "C:\Users\D\AppData\Local\Programs\Python\Python311\Lib\site-packages\playwright\_impl\_connection.py", line 520, in wrap_api_call
    raise rewrite_error(error, f"{parsed_st['apiName']}: {error}") from None
playwright._impl._errors.TimeoutError: Locator.fill: Timeout 30000ms exceeded.
Call log:
waiting for locator("input[name=\"fechaFinSubasta_0\"]").first


2026-02-09 14:23:04 [INFO] [BOE_FORM_BACKFILL] ✓ 2022-08: 0 auctions (total: 0)
2026-02-09 14:23:04 [INFO] [BOE_FORM_BACKFILL] Waiting 30s before next month...
2026-02-09 14:23:34 [INFO] [BOE_FORM_BACKFILL] 
[32/72] Scraping 2022-09
2026-02-09 14:23:35 [INFO] [BOE_FORM_BACKFILL] Submitting search form: 01/09/2022 to 30/09/2022
2026-02-09 14:24:09 [ERROR] [BOE_FORM_BACKFILL] Failed to submit search form: Locator.fill: Timeout 30000ms exceeded.
Call log:
waiting for locator("input[name=\"fechaFinSubasta_0\"]").first

2026-02-09 14:24:09 [ERROR] [BOE_FORM_BACKFILL] Failed to scrape 2022-09: Locator.fill: Timeout 30000ms exceeded.
Call log:
waiting for locator("input[name=\"fechaFinSubasta_0\"]").first

2026-02-09 14:24:09 [ERROR] [BOE_FORM_BACKFILL] Traceback (most recent call last):
  File "C:\Users\D\Desktop\dnksubastas\scraper\scrapers\boe_form_scraper.py", line 136, in scrape_month_with_form
    self.submit_search_form(page, start_str, end_str)
  File "C:\Users\D\Desktop\dnksubastas\scraper\scrapers\boe_form_scraper.py", line 85, in submit_search_form
    start_field.fill(start_date)
  File "C:\Users\D\AppData\Local\Programs\Python\Python311\Lib\site-packages\playwright\sync_api\_generated.py", line 15743, in fill
    self._sync(
  File "C:\Users\D\AppData\Local\Programs\Python\Python311\Lib\site-packages\playwright\_impl\_sync_base.py", line 115, in _sync
    return task.result()
           ^^^^^^^^^^^^^
  File "C:\Users\D\AppData\Local\Programs\Python\Python311\Lib\site-packages\playwright\_impl\_locator.py", line 208, in fill
    return await self._frame.fill(self._selector, strict=True, **params)
           ^^^^^^^^^^^^^^^^^^^^^^^^^^^^^^^^^^^^^^^^^^^^^^^^^^^^^^^^^^^^^
  File "C:\Users\D\AppData\Local\Programs\Python\Python311\Lib\site-packages\playwright\_impl\_frame.py", line 527, in fill
    await self._channel.send("fill", locals_to_params(locals()))
  File "C:\Users\D\AppData\Local\Programs\Python\Python311\Lib\site-packages\playwright\_impl\_connection.py", line 59, in send
    return await self._connection.wrap_api_call(
           ^^^^^^^^^^^^^^^^^^^^^^^^^^^^^^^^^^^^^
  File "C:\Users\D\AppData\Local\Programs\Python\Python311\Lib\site-packages\playwright\_impl\_connection.py", line 520, in wrap_api_call
    raise rewrite_error(error, f"{parsed_st['apiName']}: {error}") from None
playwright._impl._errors.TimeoutError: Locator.fill: Timeout 30000ms exceeded.
Call log:
waiting for locator("input[name=\"fechaFinSubasta_0\"]").first


2026-02-09 14:24:09 [INFO] [BOE_FORM_BACKFILL] ✓ 2022-09: 0 auctions (total: 0)
2026-02-09 14:24:09 [INFO] [BOE_FORM_BACKFILL] Waiting 30s before next month...
2026-02-09 14:24:39 [INFO] [BOE_FORM_BACKFILL] 
[33/72] Scraping 2022-10
2026-02-09 14:24:39 [INFO] [BOE_FORM_BACKFILL] Submitting search form: 01/10/2022 to 31/10/2022
2026-02-09 14:25:13 [ERROR] [BOE_FORM_BACKFILL] Failed to submit search form: Locator.fill: Timeout 30000ms exceeded.
Call log:
waiting for locator("input[name=\"fechaFinSubasta_0\"]").first

2026-02-09 14:25:13 [ERROR] [BOE_FORM_BACKFILL] Failed to scrape 2022-10: Locator.fill: Timeout 30000ms exceeded.
Call log:
waiting for locator("input[name=\"fechaFinSubasta_0\"]").first

2026-02-09 14:25:13 [ERROR] [BOE_FORM_BACKFILL] Traceback (most recent call last):
  File "C:\Users\D\Desktop\dnksubastas\scraper\scrapers\boe_form_scraper.py", line 136, in scrape_month_with_form
    self.submit_search_form(page, start_str, end_str)
  File "C:\Users\D\Desktop\dnksubastas\scraper\scrapers\boe_form_scraper.py", line 85, in submit_search_form
    start_field.fill(start_date)
  File "C:\Users\D\AppData\Local\Programs\Python\Python311\Lib\site-packages\playwright\sync_api\_generated.py", line 15743, in fill
    self._sync(
  File "C:\Users\D\AppData\Local\Programs\Python\Python311\Lib\site-packages\playwright\_impl\_sync_base.py", line 115, in _sync
    return task.result()
           ^^^^^^^^^^^^^
  File "C:\Users\D\AppData\Local\Programs\Python\Python311\Lib\site-packages\playwright\_impl\_locator.py", line 208, in fill
    return await self._frame.fill(self._selector, strict=True, **params)
           ^^^^^^^^^^^^^^^^^^^^^^^^^^^^^^^^^^^^^^^^^^^^^^^^^^^^^^^^^^^^^
  File "C:\Users\D\AppData\Local\Programs\Python\Python311\Lib\site-packages\playwright\_impl\_frame.py", line 527, in fill
    await self._channel.send("fill", locals_to_params(locals()))
  File "C:\Users\D\AppData\Local\Programs\Python\Python311\Lib\site-packages\playwright\_impl\_connection.py", line 59, in send
    return await self._connection.wrap_api_call(
           ^^^^^^^^^^^^^^^^^^^^^^^^^^^^^^^^^^^^^
  File "C:\Users\D\AppData\Local\Programs\Python\Python311\Lib\site-packages\playwright\_impl\_connection.py", line 520, in wrap_api_call
    raise rewrite_error(error, f"{parsed_st['apiName']}: {error}") from None
playwright._impl._errors.TimeoutError: Locator.fill: Timeout 30000ms exceeded.
Call log:
waiting for locator("input[name=\"fechaFinSubasta_0\"]").first


2026-02-09 14:25:13 [INFO] [BOE_FORM_BACKFILL] ✓ 2022-10: 0 auctions (total: 0)
2026-02-09 14:25:13 [INFO] [BOE_FORM_BACKFILL] Waiting 30s before next month...
2026-02-09 14:25:43 [INFO] [BOE_FORM_BACKFILL] 
[34/72] Scraping 2022-11
2026-02-09 14:25:44 [INFO] [BOE_FORM_BACKFILL] Submitting search form: 01/11/2022 to 30/11/2022
2026-02-09 14:26:18 [ERROR] [BOE_FORM_BACKFILL] Failed to submit search form: Locator.fill: Timeout 30000ms exceeded.
Call log:
waiting for locator("input[name=\"fechaFinSubasta_0\"]").first

2026-02-09 14:26:18 [ERROR] [BOE_FORM_BACKFILL] Failed to scrape 2022-11: Locator.fill: Timeout 30000ms exceeded.
Call log:
waiting for locator("input[name=\"fechaFinSubasta_0\"]").first

2026-02-09 14:26:18 [ERROR] [BOE_FORM_BACKFILL] Traceback (most recent call last):
  File "C:\Users\D\Desktop\dnksubastas\scraper\scrapers\boe_form_scraper.py", line 136, in scrape_month_with_form
    self.submit_search_form(page, start_str, end_str)
  File "C:\Users\D\Desktop\dnksubastas\scraper\scrapers\boe_form_scraper.py", line 85, in submit_search_form
    start_field.fill(start_date)
  File "C:\Users\D\AppData\Local\Programs\Python\Python311\Lib\site-packages\playwright\sync_api\_generated.py", line 15743, in fill
    self._sync(
  File "C:\Users\D\AppData\Local\Programs\Python\Python311\Lib\site-packages\playwright\_impl\_sync_base.py", line 115, in _sync
    return task.result()
           ^^^^^^^^^^^^^
  File "C:\Users\D\AppData\Local\Programs\Python\Python311\Lib\site-packages\playwright\_impl\_locator.py", line 208, in fill
    return await self._frame.fill(self._selector, strict=True, **params)
           ^^^^^^^^^^^^^^^^^^^^^^^^^^^^^^^^^^^^^^^^^^^^^^^^^^^^^^^^^^^^^
  File "C:\Users\D\AppData\Local\Programs\Python\Python311\Lib\site-packages\playwright\_impl\_frame.py", line 527, in fill
    await self._channel.send("fill", locals_to_params(locals()))
  File "C:\Users\D\AppData\Local\Programs\Python\Python311\Lib\site-packages\playwright\_impl\_connection.py", line 59, in send
    return await self._connection.wrap_api_call(
           ^^^^^^^^^^^^^^^^^^^^^^^^^^^^^^^^^^^^^
  File "C:\Users\D\AppData\Local\Programs\Python\Python311\Lib\site-packages\playwright\_impl\_connection.py", line 520, in wrap_api_call
    raise rewrite_error(error, f"{parsed_st['apiName']}: {error}") from None
playwright._impl._errors.TimeoutError: Locator.fill: Timeout 30000ms exceeded.
Call log:
waiting for locator("input[name=\"fechaFinSubasta_0\"]").first


2026-02-09 14:26:18 [INFO] [BOE_FORM_BACKFILL] ✓ 2022-11: 0 auctions (total: 0)
2026-02-09 14:26:18 [INFO] [BOE_FORM_BACKFILL] Waiting 30s before next month...
2026-02-09 14:26:48 [INFO] [BOE_FORM_BACKFILL] 
[35/72] Scraping 2022-12
2026-02-09 14:26:48 [INFO] [BOE_FORM_BACKFILL] Submitting search form: 01/12/2022 to 31/12/2022
2026-02-09 14:27:22 [ERROR] [BOE_FORM_BACKFILL] Failed to submit search form: Locator.fill: Timeout 30000ms exceeded.
Call log:
waiting for locator("input[name=\"fechaFinSubasta_0\"]").first

2026-02-09 14:27:22 [ERROR] [BOE_FORM_BACKFILL] Failed to scrape 2022-12: Locator.fill: Timeout 30000ms exceeded.
Call log:
waiting for locator("input[name=\"fechaFinSubasta_0\"]").first

2026-02-09 14:27:22 [ERROR] [BOE_FORM_BACKFILL] Traceback (most recent call last):
  File "C:\Users\D\Desktop\dnksubastas\scraper\scrapers\boe_form_scraper.py", line 136, in scrape_month_with_form
    self.submit_search_form(page, start_str, end_str)
  File "C:\Users\D\Desktop\dnksubastas\scraper\scrapers\boe_form_scraper.py", line 85, in submit_search_form
    start_field.fill(start_date)
  File "C:\Users\D\AppData\Local\Programs\Python\Python311\Lib\site-packages\playwright\sync_api\_generated.py", line 15743, in fill
    self._sync(
  File "C:\Users\D\AppData\Local\Programs\Python\Python311\Lib\site-packages\playwright\_impl\_sync_base.py", line 115, in _sync
    return task.result()
           ^^^^^^^^^^^^^
  File "C:\Users\D\AppData\Local\Programs\Python\Python311\Lib\site-packages\playwright\_impl\_locator.py", line 208, in fill
    return await self._frame.fill(self._selector, strict=True, **params)
           ^^^^^^^^^^^^^^^^^^^^^^^^^^^^^^^^^^^^^^^^^^^^^^^^^^^^^^^^^^^^^
  File "C:\Users\D\AppData\Local\Programs\Python\Python311\Lib\site-packages\playwright\_impl\_frame.py", line 527, in fill
    await self._channel.send("fill", locals_to_params(locals()))
  File "C:\Users\D\AppData\Local\Programs\Python\Python311\Lib\site-packages\playwright\_impl\_connection.py", line 59, in send
    return await self._connection.wrap_api_call(
           ^^^^^^^^^^^^^^^^^^^^^^^^^^^^^^^^^^^^^
  File "C:\Users\D\AppData\Local\Programs\Python\Python311\Lib\site-packages\playwright\_impl\_connection.py", line 520, in wrap_api_call
    raise rewrite_error(error, f"{parsed_st['apiName']}: {error}") from None
playwright._impl._errors.TimeoutError: Locator.fill: Timeout 30000ms exceeded.
Call log:
waiting for locator("input[name=\"fechaFinSubasta_0\"]").first


2026-02-09 14:27:22 [INFO] [BOE_FORM_BACKFILL] ✓ 2022-12: 0 auctions (total: 0)
2026-02-09 14:27:22 [INFO] [BOE_FORM_BACKFILL] Waiting 30s before next month...
2026-02-09 14:27:52 [INFO] [BOE_FORM_BACKFILL] 
[36/72] Scraping 2023-01
2026-02-09 14:27:52 [INFO] [BOE_FORM_BACKFILL] Submitting search form: 01/01/2023 to 31/01/2023
2026-02-09 14:28:26 [ERROR] [BOE_FORM_BACKFILL] Failed to submit search form: Locator.fill: Timeout 30000ms exceeded.
Call log:
waiting for locator("input[name=\"fechaFinSubasta_0\"]").first

2026-02-09 14:28:26 [ERROR] [BOE_FORM_BACKFILL] Failed to scrape 2023-01: Locator.fill: Timeout 30000ms exceeded.
Call log:
waiting for locator("input[name=\"fechaFinSubasta_0\"]").first

2026-02-09 14:28:26 [ERROR] [BOE_FORM_BACKFILL] Traceback (most recent call last):
  File "C:\Users\D\Desktop\dnksubastas\scraper\scrapers\boe_form_scraper.py", line 136, in scrape_month_with_form
    self.submit_search_form(page, start_str, end_str)
  File "C:\Users\D\Desktop\dnksubastas\scraper\scrapers\boe_form_scraper.py", line 85, in submit_search_form
    start_field.fill(start_date)
  File "C:\Users\D\AppData\Local\Programs\Python\Python311\Lib\site-packages\playwright\sync_api\_generated.py", line 15743, in fill
    self._sync(
  File "C:\Users\D\AppData\Local\Programs\Python\Python311\Lib\site-packages\playwright\_impl\_sync_base.py", line 115, in _sync
    return task.result()
           ^^^^^^^^^^^^^
  File "C:\Users\D\AppData\Local\Programs\Python\Python311\Lib\site-packages\playwright\_impl\_locator.py", line 208, in fill
    return await self._frame.fill(self._selector, strict=True, **params)
           ^^^^^^^^^^^^^^^^^^^^^^^^^^^^^^^^^^^^^^^^^^^^^^^^^^^^^^^^^^^^^
  File "C:\Users\D\AppData\Local\Programs\Python\Python311\Lib\site-packages\playwright\_impl\_frame.py", line 527, in fill
    await self._channel.send("fill", locals_to_params(locals()))
  File "C:\Users\D\AppData\Local\Programs\Python\Python311\Lib\site-packages\playwright\_impl\_connection.py", line 59, in send
    return await self._connection.wrap_api_call(
           ^^^^^^^^^^^^^^^^^^^^^^^^^^^^^^^^^^^^^
  File "C:\Users\D\AppData\Local\Programs\Python\Python311\Lib\site-packages\playwright\_impl\_connection.py", line 520, in wrap_api_call
    raise rewrite_error(error, f"{parsed_st['apiName']}: {error}") from None
playwright._impl._errors.TimeoutError: Locator.fill: Timeout 30000ms exceeded.
Call log:
waiting for locator("input[name=\"fechaFinSubasta_0\"]").first


2026-02-09 14:28:26 [INFO] [BOE_FORM_BACKFILL] ✓ 2023-01: 0 auctions (total: 0)
2026-02-09 14:28:26 [INFO] [BOE_FORM_BACKFILL] Waiting 30s before next month...
2026-02-09 14:28:56 [INFO] [BOE_FORM_BACKFILL] 
[37/72] Scraping 2023-02
2026-02-09 14:28:56 [INFO] [BOE_FORM_BACKFILL] Submitting search form: 01/02/2023 to 28/02/2023
2026-02-09 14:29:31 [ERROR] [BOE_FORM_BACKFILL] Failed to submit search form: Locator.fill: Timeout 30000ms exceeded.
Call log:
waiting for locator("input[name=\"fechaFinSubasta_0\"]").first

2026-02-09 14:29:31 [ERROR] [BOE_FORM_BACKFILL] Failed to scrape 2023-02: Locator.fill: Timeout 30000ms exceeded.
Call log:
waiting for locator("input[name=\"fechaFinSubasta_0\"]").first

2026-02-09 14:29:31 [ERROR] [BOE_FORM_BACKFILL] Traceback (most recent call last):
  File "C:\Users\D\Desktop\dnksubastas\scraper\scrapers\boe_form_scraper.py", line 136, in scrape_month_with_form
    self.submit_search_form(page, start_str, end_str)
  File "C:\Users\D\Desktop\dnksubastas\scraper\scrapers\boe_form_scraper.py", line 85, in submit_search_form
    start_field.fill(start_date)
  File "C:\Users\D\AppData\Local\Programs\Python\Python311\Lib\site-packages\playwright\sync_api\_generated.py", line 15743, in fill
    self._sync(
  File "C:\Users\D\AppData\Local\Programs\Python\Python311\Lib\site-packages\playwright\_impl\_sync_base.py", line 115, in _sync
    return task.result()
           ^^^^^^^^^^^^^
  File "C:\Users\D\AppData\Local\Programs\Python\Python311\Lib\site-packages\playwright\_impl\_locator.py", line 208, in fill
    return await self._frame.fill(self._selector, strict=True, **params)
           ^^^^^^^^^^^^^^^^^^^^^^^^^^^^^^^^^^^^^^^^^^^^^^^^^^^^^^^^^^^^^
  File "C:\Users\D\AppData\Local\Programs\Python\Python311\Lib\site-packages\playwright\_impl\_frame.py", line 527, in fill
    await self._channel.send("fill", locals_to_params(locals()))
  File "C:\Users\D\AppData\Local\Programs\Python\Python311\Lib\site-packages\playwright\_impl\_connection.py", line 59, in send
    return await self._connection.wrap_api_call(
           ^^^^^^^^^^^^^^^^^^^^^^^^^^^^^^^^^^^^^
  File "C:\Users\D\AppData\Local\Programs\Python\Python311\Lib\site-packages\playwright\_impl\_connection.py", line 520, in wrap_api_call
    raise rewrite_error(error, f"{parsed_st['apiName']}: {error}") from None
playwright._impl._errors.TimeoutError: Locator.fill: Timeout 30000ms exceeded.
Call log:
waiting for locator("input[name=\"fechaFinSubasta_0\"]").first


2026-02-09 14:29:31 [INFO] [BOE_FORM_BACKFILL] ✓ 2023-02: 0 auctions (total: 0)
2026-02-09 14:29:31 [INFO] [BOE_FORM_BACKFILL] Waiting 30s before next month...
2026-02-09 14:30:01 [INFO] [BOE_FORM_BACKFILL] 
[38/72] Scraping 2023-03
2026-02-09 14:30:01 [INFO] [BOE_FORM_BACKFILL] Submitting search form: 01/03/2023 to 31/03/2023
2026-02-09 14:30:34 [ERROR] [BOE_FORM_BACKFILL] Failed to submit search form: Locator.fill: Timeout 30000ms exceeded.
Call log:
waiting for locator("input[name=\"fechaFinSubasta_0\"]").first

2026-02-09 14:30:34 [ERROR] [BOE_FORM_BACKFILL] Failed to scrape 2023-03: Locator.fill: Timeout 30000ms exceeded.
Call log:
waiting for locator("input[name=\"fechaFinSubasta_0\"]").first

2026-02-09 14:30:34 [ERROR] [BOE_FORM_BACKFILL] Traceback (most recent call last):
  File "C:\Users\D\Desktop\dnksubastas\scraper\scrapers\boe_form_scraper.py", line 136, in scrape_month_with_form
    self.submit_search_form(page, start_str, end_str)
  File "C:\Users\D\Desktop\dnksubastas\scraper\scrapers\boe_form_scraper.py", line 85, in submit_search_form
    start_field.fill(start_date)
  File "C:\Users\D\AppData\Local\Programs\Python\Python311\Lib\site-packages\playwright\sync_api\_generated.py", line 15743, in fill
    self._sync(
  File "C:\Users\D\AppData\Local\Programs\Python\Python311\Lib\site-packages\playwright\_impl\_sync_base.py", line 115, in _sync
    return task.result()
           ^^^^^^^^^^^^^
  File "C:\Users\D\AppData\Local\Programs\Python\Python311\Lib\site-packages\playwright\_impl\_locator.py", line 208, in fill
    return await self._frame.fill(self._selector, strict=True, **params)
           ^^^^^^^^^^^^^^^^^^^^^^^^^^^^^^^^^^^^^^^^^^^^^^^^^^^^^^^^^^^^^
  File "C:\Users\D\AppData\Local\Programs\Python\Python311\Lib\site-packages\playwright\_impl\_frame.py", line 527, in fill
    await self._channel.send("fill", locals_to_params(locals()))
  File "C:\Users\D\AppData\Local\Programs\Python\Python311\Lib\site-packages\playwright\_impl\_connection.py", line 59, in send
    return await self._connection.wrap_api_call(
           ^^^^^^^^^^^^^^^^^^^^^^^^^^^^^^^^^^^^^
  File "C:\Users\D\AppData\Local\Programs\Python\Python311\Lib\site-packages\playwright\_impl\_connection.py", line 520, in wrap_api_call
    raise rewrite_error(error, f"{parsed_st['apiName']}: {error}") from None
playwright._impl._errors.TimeoutError: Locator.fill: Timeout 30000ms exceeded.
Call log:
waiting for locator("input[name=\"fechaFinSubasta_0\"]").first


2026-02-09 14:30:34 [INFO] [BOE_FORM_BACKFILL] ✓ 2023-03: 0 auctions (total: 0)
2026-02-09 14:30:34 [INFO] [BOE_FORM_BACKFILL] Waiting 30s before next month...
2026-02-09 14:31:04 [INFO] [BOE_FORM_BACKFILL] 
[39/72] Scraping 2023-04
2026-02-09 14:31:04 [INFO] [BOE_FORM_BACKFILL] Submitting search form: 01/04/2023 to 30/04/2023
2026-02-09 14:31:38 [ERROR] [BOE_FORM_BACKFILL] Failed to submit search form: Locator.fill: Timeout 30000ms exceeded.
Call log:
waiting for locator("input[name=\"fechaFinSubasta_0\"]").first

2026-02-09 14:31:38 [ERROR] [BOE_FORM_BACKFILL] Failed to scrape 2023-04: Locator.fill: Timeout 30000ms exceeded.
Call log:
waiting for locator("input[name=\"fechaFinSubasta_0\"]").first

2026-02-09 14:31:38 [ERROR] [BOE_FORM_BACKFILL] Traceback (most recent call last):
  File "C:\Users\D\Desktop\dnksubastas\scraper\scrapers\boe_form_scraper.py", line 136, in scrape_month_with_form
    self.submit_search_form(page, start_str, end_str)
  File "C:\Users\D\Desktop\dnksubastas\scraper\scrapers\boe_form_scraper.py", line 85, in submit_search_form
    start_field.fill(start_date)
  File "C:\Users\D\AppData\Local\Programs\Python\Python311\Lib\site-packages\playwright\sync_api\_generated.py", line 15743, in fill
    self._sync(
  File "C:\Users\D\AppData\Local\Programs\Python\Python311\Lib\site-packages\playwright\_impl\_sync_base.py", line 115, in _sync
    return task.result()
           ^^^^^^^^^^^^^
  File "C:\Users\D\AppData\Local\Programs\Python\Python311\Lib\site-packages\playwright\_impl\_locator.py", line 208, in fill
    return await self._frame.fill(self._selector, strict=True, **params)
           ^^^^^^^^^^^^^^^^^^^^^^^^^^^^^^^^^^^^^^^^^^^^^^^^^^^^^^^^^^^^^
  File "C:\Users\D\AppData\Local\Programs\Python\Python311\Lib\site-packages\playwright\_impl\_frame.py", line 527, in fill
    await self._channel.send("fill", locals_to_params(locals()))
  File "C:\Users\D\AppData\Local\Programs\Python\Python311\Lib\site-packages\playwright\_impl\_connection.py", line 59, in send
    return await self._connection.wrap_api_call(
           ^^^^^^^^^^^^^^^^^^^^^^^^^^^^^^^^^^^^^
  File "C:\Users\D\AppData\Local\Programs\Python\Python311\Lib\site-packages\playwright\_impl\_connection.py", line 520, in wrap_api_call
    raise rewrite_error(error, f"{parsed_st['apiName']}: {error}") from None
playwright._impl._errors.TimeoutError: Locator.fill: Timeout 30000ms exceeded.
Call log:
waiting for locator("input[name=\"fechaFinSubasta_0\"]").first


2026-02-09 14:31:38 [INFO] [BOE_FORM_BACKFILL] ✓ 2023-04: 0 auctions (total: 0)
2026-02-09 14:31:38 [INFO] [BOE_FORM_BACKFILL] Waiting 30s before next month...
2026-02-09 14:32:08 [INFO] [BOE_FORM_BACKFILL] 
[40/72] Scraping 2023-05
2026-02-09 14:32:08 [INFO] [BOE_FORM_BACKFILL] Submitting search form: 01/05/2023 to 31/05/2023
2026-02-09 14:32:41 [ERROR] [BOE_FORM_BACKFILL] Failed to submit search form: Locator.fill: Timeout 30000ms exceeded.
Call log:
waiting for locator("input[name=\"fechaFinSubasta_0\"]").first

2026-02-09 14:32:41 [ERROR] [BOE_FORM_BACKFILL] Failed to scrape 2023-05: Locator.fill: Timeout 30000ms exceeded.
Call log:
waiting for locator("input[name=\"fechaFinSubasta_0\"]").first

2026-02-09 14:32:41 [ERROR] [BOE_FORM_BACKFILL] Traceback (most recent call last):
  File "C:\Users\D\Desktop\dnksubastas\scraper\scrapers\boe_form_scraper.py", line 136, in scrape_month_with_form
    self.submit_search_form(page, start_str, end_str)
  File "C:\Users\D\Desktop\dnksubastas\scraper\scrapers\boe_form_scraper.py", line 85, in submit_search_form
    start_field.fill(start_date)
  File "C:\Users\D\AppData\Local\Programs\Python\Python311\Lib\site-packages\playwright\sync_api\_generated.py", line 15743, in fill
    self._sync(
  File "C:\Users\D\AppData\Local\Programs\Python\Python311\Lib\site-packages\playwright\_impl\_sync_base.py", line 115, in _sync
    return task.result()
           ^^^^^^^^^^^^^
  File "C:\Users\D\AppData\Local\Programs\Python\Python311\Lib\site-packages\playwright\_impl\_locator.py", line 208, in fill
    return await self._frame.fill(self._selector, strict=True, **params)
           ^^^^^^^^^^^^^^^^^^^^^^^^^^^^^^^^^^^^^^^^^^^^^^^^^^^^^^^^^^^^^
  File "C:\Users\D\AppData\Local\Programs\Python\Python311\Lib\site-packages\playwright\_impl\_frame.py", line 527, in fill
    await self._channel.send("fill", locals_to_params(locals()))
  File "C:\Users\D\AppData\Local\Programs\Python\Python311\Lib\site-packages\playwright\_impl\_connection.py", line 59, in send
    return await self._connection.wrap_api_call(
           ^^^^^^^^^^^^^^^^^^^^^^^^^^^^^^^^^^^^^
  File "C:\Users\D\AppData\Local\Programs\Python\Python311\Lib\site-packages\playwright\_impl\_connection.py", line 520, in wrap_api_call
    raise rewrite_error(error, f"{parsed_st['apiName']}: {error}") from None
playwright._impl._errors.TimeoutError: Locator.fill: Timeout 30000ms exceeded.
Call log:
waiting for locator("input[name=\"fechaFinSubasta_0\"]").first


2026-02-09 14:32:41 [INFO] [BOE_FORM_BACKFILL] ✓ 2023-05: 0 auctions (total: 0)
2026-02-09 14:32:41 [INFO] [BOE_FORM_BACKFILL] Waiting 30s before next month...
2026-02-09 14:33:11 [INFO] [BOE_FORM_BACKFILL] 
[41/72] Scraping 2023-06
2026-02-09 14:33:11 [INFO] [BOE_FORM_BACKFILL] Submitting search form: 01/06/2023 to 30/06/2023
2026-02-09 14:33:45 [ERROR] [BOE_FORM_BACKFILL] Failed to submit search form: Locator.fill: Timeout 30000ms exceeded.
Call log:
waiting for locator("input[name=\"fechaFinSubasta_0\"]").first

2026-02-09 14:33:45 [ERROR] [BOE_FORM_BACKFILL] Failed to scrape 2023-06: Locator.fill: Timeout 30000ms exceeded.
Call log:
waiting for locator("input[name=\"fechaFinSubasta_0\"]").first

2026-02-09 14:33:45 [ERROR] [BOE_FORM_BACKFILL] Traceback (most recent call last):
  File "C:\Users\D\Desktop\dnksubastas\scraper\scrapers\boe_form_scraper.py", line 136, in scrape_month_with_form
    self.submit_search_form(page, start_str, end_str)
  File "C:\Users\D\Desktop\dnksubastas\scraper\scrapers\boe_form_scraper.py", line 85, in submit_search_form
    start_field.fill(start_date)
  File "C:\Users\D\AppData\Local\Programs\Python\Python311\Lib\site-packages\playwright\sync_api\_generated.py", line 15743, in fill
    self._sync(
  File "C:\Users\D\AppData\Local\Programs\Python\Python311\Lib\site-packages\playwright\_impl\_sync_base.py", line 115, in _sync
    return task.result()
           ^^^^^^^^^^^^^
  File "C:\Users\D\AppData\Local\Programs\Python\Python311\Lib\site-packages\playwright\_impl\_locator.py", line 208, in fill
    return await self._frame.fill(self._selector, strict=True, **params)
           ^^^^^^^^^^^^^^^^^^^^^^^^^^^^^^^^^^^^^^^^^^^^^^^^^^^^^^^^^^^^^
  File "C:\Users\D\AppData\Local\Programs\Python\Python311\Lib\site-packages\playwright\_impl\_frame.py", line 527, in fill
    await self._channel.send("fill", locals_to_params(locals()))
  File "C:\Users\D\AppData\Local\Programs\Python\Python311\Lib\site-packages\playwright\_impl\_connection.py", line 59, in send
    return await self._connection.wrap_api_call(
           ^^^^^^^^^^^^^^^^^^^^^^^^^^^^^^^^^^^^^
  File "C:\Users\D\AppData\Local\Programs\Python\Python311\Lib\site-packages\playwright\_impl\_connection.py", line 520, in wrap_api_call
    raise rewrite_error(error, f"{parsed_st['apiName']}: {error}") from None
playwright._impl._errors.TimeoutError: Locator.fill: Timeout 30000ms exceeded.
Call log:
waiting for locator("input[name=\"fechaFinSubasta_0\"]").first


2026-02-09 14:33:45 [INFO] [BOE_FORM_BACKFILL] ✓ 2023-06: 0 auctions (total: 0)
2026-02-09 14:33:45 [INFO] [BOE_FORM_BACKFILL] Waiting 30s before next month...
2026-02-09 14:34:15 [INFO] [BOE_FORM_BACKFILL] 
[42/72] Scraping 2023-07
2026-02-09 14:34:16 [INFO] [BOE_FORM_BACKFILL] Submitting search form: 01/07/2023 to 31/07/2023
2026-02-09 14:34:48 [ERROR] [BOE_FORM_BACKFILL] Failed to submit search form: Locator.fill: Timeout 30000ms exceeded.
Call log:
waiting for locator("input[name=\"fechaFinSubasta_0\"]").first

2026-02-09 14:34:48 [ERROR] [BOE_FORM_BACKFILL] Failed to scrape 2023-07: Locator.fill: Timeout 30000ms exceeded.
Call log:
waiting for locator("input[name=\"fechaFinSubasta_0\"]").first

2026-02-09 14:34:48 [ERROR] [BOE_FORM_BACKFILL] Traceback (most recent call last):
  File "C:\Users\D\Desktop\dnksubastas\scraper\scrapers\boe_form_scraper.py", line 136, in scrape_month_with_form
    self.submit_search_form(page, start_str, end_str)
  File "C:\Users\D\Desktop\dnksubastas\scraper\scrapers\boe_form_scraper.py", line 85, in submit_search_form
    start_field.fill(start_date)
  File "C:\Users\D\AppData\Local\Programs\Python\Python311\Lib\site-packages\playwright\sync_api\_generated.py", line 15743, in fill
    self._sync(
  File "C:\Users\D\AppData\Local\Programs\Python\Python311\Lib\site-packages\playwright\_impl\_sync_base.py", line 115, in _sync
    return task.result()
           ^^^^^^^^^^^^^
  File "C:\Users\D\AppData\Local\Programs\Python\Python311\Lib\site-packages\playwright\_impl\_locator.py", line 208, in fill
    return await self._frame.fill(self._selector, strict=True, **params)
           ^^^^^^^^^^^^^^^^^^^^^^^^^^^^^^^^^^^^^^^^^^^^^^^^^^^^^^^^^^^^^
  File "C:\Users\D\AppData\Local\Programs\Python\Python311\Lib\site-packages\playwright\_impl\_frame.py", line 527, in fill
    await self._channel.send("fill", locals_to_params(locals()))
  File "C:\Users\D\AppData\Local\Programs\Python\Python311\Lib\site-packages\playwright\_impl\_connection.py", line 59, in send
    return await self._connection.wrap_api_call(
           ^^^^^^^^^^^^^^^^^^^^^^^^^^^^^^^^^^^^^
  File "C:\Users\D\AppData\Local\Programs\Python\Python311\Lib\site-packages\playwright\_impl\_connection.py", line 520, in wrap_api_call
    raise rewrite_error(error, f"{parsed_st['apiName']}: {error}") from None
playwright._impl._errors.TimeoutError: Locator.fill: Timeout 30000ms exceeded.
Call log:
waiting for locator("input[name=\"fechaFinSubasta_0\"]").first


2026-02-09 14:34:49 [INFO] [BOE_FORM_BACKFILL] ✓ 2023-07: 0 auctions (total: 0)
2026-02-09 14:34:49 [INFO] [BOE_FORM_BACKFILL] Waiting 30s before next month...
2026-02-09 14:35:19 [INFO] [BOE_FORM_BACKFILL] 
[43/72] Scraping 2023-08
2026-02-09 14:35:20 [INFO] [BOE_FORM_BACKFILL] Submitting search form: 01/08/2023 to 31/08/2023
2026-02-09 14:35:54 [ERROR] [BOE_FORM_BACKFILL] Failed to submit search form: Locator.fill: Timeout 30000ms exceeded.
Call log:
waiting for locator("input[name=\"fechaFinSubasta_0\"]").first

2026-02-09 14:35:54 [ERROR] [BOE_FORM_BACKFILL] Failed to scrape 2023-08: Locator.fill: Timeout 30000ms exceeded.
Call log:
waiting for locator("input[name=\"fechaFinSubasta_0\"]").first

2026-02-09 14:35:54 [ERROR] [BOE_FORM_BACKFILL] Traceback (most recent call last):
  File "C:\Users\D\Desktop\dnksubastas\scraper\scrapers\boe_form_scraper.py", line 136, in scrape_month_with_form
    self.submit_search_form(page, start_str, end_str)
  File "C:\Users\D\Desktop\dnksubastas\scraper\scrapers\boe_form_scraper.py", line 85, in submit_search_form
    start_field.fill(start_date)
  File "C:\Users\D\AppData\Local\Programs\Python\Python311\Lib\site-packages\playwright\sync_api\_generated.py", line 15743, in fill
    self._sync(
  File "C:\Users\D\AppData\Local\Programs\Python\Python311\Lib\site-packages\playwright\_impl\_sync_base.py", line 115, in _sync
    return task.result()
           ^^^^^^^^^^^^^
  File "C:\Users\D\AppData\Local\Programs\Python\Python311\Lib\site-packages\playwright\_impl\_locator.py", line 208, in fill
    return await self._frame.fill(self._selector, strict=True, **params)
           ^^^^^^^^^^^^^^^^^^^^^^^^^^^^^^^^^^^^^^^^^^^^^^^^^^^^^^^^^^^^^
  File "C:\Users\D\AppData\Local\Programs\Python\Python311\Lib\site-packages\playwright\_impl\_frame.py", line 527, in fill
    await self._channel.send("fill", locals_to_params(locals()))
  File "C:\Users\D\AppData\Local\Programs\Python\Python311\Lib\site-packages\playwright\_impl\_connection.py", line 59, in send
    return await self._connection.wrap_api_call(
           ^^^^^^^^^^^^^^^^^^^^^^^^^^^^^^^^^^^^^
  File "C:\Users\D\AppData\Local\Programs\Python\Python311\Lib\site-packages\playwright\_impl\_connection.py", line 520, in wrap_api_call
    raise rewrite_error(error, f"{parsed_st['apiName']}: {error}") from None
playwright._impl._errors.TimeoutError: Locator.fill: Timeout 30000ms exceeded.
Call log:
waiting for locator("input[name=\"fechaFinSubasta_0\"]").first


2026-02-09 14:35:54 [INFO] [BOE_FORM_BACKFILL] ✓ 2023-08: 0 auctions (total: 0)
2026-02-09 14:35:54 [INFO] [BOE_FORM_BACKFILL] Waiting 30s before next month...
2026-02-09 14:36:24 [INFO] [BOE_FORM_BACKFILL] 
[44/72] Scraping 2023-09
2026-02-09 14:36:24 [INFO] [BOE_FORM_BACKFILL] Submitting search form: 01/09/2023 to 30/09/2023
2026-02-09 14:36:58 [ERROR] [BOE_FORM_BACKFILL] Failed to submit search form: Locator.fill: Timeout 30000ms exceeded.
Call log:
waiting for locator("input[name=\"fechaFinSubasta_0\"]").first

2026-02-09 14:36:58 [ERROR] [BOE_FORM_BACKFILL] Failed to scrape 2023-09: Locator.fill: Timeout 30000ms exceeded.
Call log:
waiting for locator("input[name=\"fechaFinSubasta_0\"]").first

2026-02-09 14:36:58 [ERROR] [BOE_FORM_BACKFILL] Traceback (most recent call last):
  File "C:\Users\D\Desktop\dnksubastas\scraper\scrapers\boe_form_scraper.py", line 136, in scrape_month_with_form
    self.submit_search_form(page, start_str, end_str)
  File "C:\Users\D\Desktop\dnksubastas\scraper\scrapers\boe_form_scraper.py", line 85, in submit_search_form
    start_field.fill(start_date)
  File "C:\Users\D\AppData\Local\Programs\Python\Python311\Lib\site-packages\playwright\sync_api\_generated.py", line 15743, in fill
    self._sync(
  File "C:\Users\D\AppData\Local\Programs\Python\Python311\Lib\site-packages\playwright\_impl\_sync_base.py", line 115, in _sync
    return task.result()
           ^^^^^^^^^^^^^
  File "C:\Users\D\AppData\Local\Programs\Python\Python311\Lib\site-packages\playwright\_impl\_locator.py", line 208, in fill
    return await self._frame.fill(self._selector, strict=True, **params)
           ^^^^^^^^^^^^^^^^^^^^^^^^^^^^^^^^^^^^^^^^^^^^^^^^^^^^^^^^^^^^^
  File "C:\Users\D\AppData\Local\Programs\Python\Python311\Lib\site-packages\playwright\_impl\_frame.py", line 527, in fill
    await self._channel.send("fill", locals_to_params(locals()))
  File "C:\Users\D\AppData\Local\Programs\Python\Python311\Lib\site-packages\playwright\_impl\_connection.py", line 59, in send
    return await self._connection.wrap_api_call(
           ^^^^^^^^^^^^^^^^^^^^^^^^^^^^^^^^^^^^^
  File "C:\Users\D\AppData\Local\Programs\Python\Python311\Lib\site-packages\playwright\_impl\_connection.py", line 520, in wrap_api_call
    raise rewrite_error(error, f"{parsed_st['apiName']}: {error}") from None
playwright._impl._errors.TimeoutError: Locator.fill: Timeout 30000ms exceeded.
Call log:
waiting for locator("input[name=\"fechaFinSubasta_0\"]").first


2026-02-09 14:36:58 [INFO] [BOE_FORM_BACKFILL] ✓ 2023-09: 0 auctions (total: 0)
2026-02-09 14:36:58 [INFO] [BOE_FORM_BACKFILL] Waiting 30s before next month...
2026-02-09 14:37:28 [INFO] [BOE_FORM_BACKFILL] 
[45/72] Scraping 2023-10
2026-02-09 14:37:28 [INFO] [BOE_FORM_BACKFILL] Submitting search form: 01/10/2023 to 31/10/2023
2026-02-09 14:38:01 [ERROR] [BOE_FORM_BACKFILL] Failed to submit search form: Locator.fill: Timeout 30000ms exceeded.
Call log:
waiting for locator("input[name=\"fechaFinSubasta_0\"]").first

2026-02-09 14:38:01 [ERROR] [BOE_FORM_BACKFILL] Failed to scrape 2023-10: Locator.fill: Timeout 30000ms exceeded.
Call log:
waiting for locator("input[name=\"fechaFinSubasta_0\"]").first

2026-02-09 14:38:01 [ERROR] [BOE_FORM_BACKFILL] Traceback (most recent call last):
  File "C:\Users\D\Desktop\dnksubastas\scraper\scrapers\boe_form_scraper.py", line 136, in scrape_month_with_form
    self.submit_search_form(page, start_str, end_str)
  File "C:\Users\D\Desktop\dnksubastas\scraper\scrapers\boe_form_scraper.py", line 85, in submit_search_form
    start_field.fill(start_date)
  File "C:\Users\D\AppData\Local\Programs\Python\Python311\Lib\site-packages\playwright\sync_api\_generated.py", line 15743, in fill
    self._sync(
  File "C:\Users\D\AppData\Local\Programs\Python\Python311\Lib\site-packages\playwright\_impl\_sync_base.py", line 115, in _sync
    return task.result()
           ^^^^^^^^^^^^^
  File "C:\Users\D\AppData\Local\Programs\Python\Python311\Lib\site-packages\playwright\_impl\_locator.py", line 208, in fill
    return await self._frame.fill(self._selector, strict=True, **params)
           ^^^^^^^^^^^^^^^^^^^^^^^^^^^^^^^^^^^^^^^^^^^^^^^^^^^^^^^^^^^^^
  File "C:\Users\D\AppData\Local\Programs\Python\Python311\Lib\site-packages\playwright\_impl\_frame.py", line 527, in fill
    await self._channel.send("fill", locals_to_params(locals()))
  File "C:\Users\D\AppData\Local\Programs\Python\Python311\Lib\site-packages\playwright\_impl\_connection.py", line 59, in send
    return await self._connection.wrap_api_call(
           ^^^^^^^^^^^^^^^^^^^^^^^^^^^^^^^^^^^^^
  File "C:\Users\D\AppData\Local\Programs\Python\Python311\Lib\site-packages\playwright\_impl\_connection.py", line 520, in wrap_api_call
    raise rewrite_error(error, f"{parsed_st['apiName']}: {error}") from None
playwright._impl._errors.TimeoutError: Locator.fill: Timeout 30000ms exceeded.
Call log:
waiting for locator("input[name=\"fechaFinSubasta_0\"]").first


2026-02-09 14:38:01 [INFO] [BOE_FORM_BACKFILL] ✓ 2023-10: 0 auctions (total: 0)
2026-02-09 14:38:01 [INFO] [BOE_FORM_BACKFILL] Waiting 30s before next month...
2026-02-09 14:38:31 [INFO] [BOE_FORM_BACKFILL] 
[46/72] Scraping 2023-11
2026-02-09 14:38:31 [INFO] [BOE_FORM_BACKFILL] Submitting search form: 01/11/2023 to 30/11/2023
2026-02-09 14:39:07 [ERROR] [BOE_FORM_BACKFILL] Failed to submit search form: Locator.fill: Timeout 30000ms exceeded.
Call log:
waiting for locator("input[name=\"fechaFinSubasta_0\"]").first

2026-02-09 14:39:07 [ERROR] [BOE_FORM_BACKFILL] Failed to scrape 2023-11: Locator.fill: Timeout 30000ms exceeded.
Call log:
waiting for locator("input[name=\"fechaFinSubasta_0\"]").first

2026-02-09 14:39:07 [ERROR] [BOE_FORM_BACKFILL] Traceback (most recent call last):
  File "C:\Users\D\Desktop\dnksubastas\scraper\scrapers\boe_form_scraper.py", line 136, in scrape_month_with_form
    self.submit_search_form(page, start_str, end_str)
  File "C:\Users\D\Desktop\dnksubastas\scraper\scrapers\boe_form_scraper.py", line 85, in submit_search_form
    start_field.fill(start_date)
  File "C:\Users\D\AppData\Local\Programs\Python\Python311\Lib\site-packages\playwright\sync_api\_generated.py", line 15743, in fill
    self._sync(
  File "C:\Users\D\AppData\Local\Programs\Python\Python311\Lib\site-packages\playwright\_impl\_sync_base.py", line 115, in _sync
    return task.result()
           ^^^^^^^^^^^^^
  File "C:\Users\D\AppData\Local\Programs\Python\Python311\Lib\site-packages\playwright\_impl\_locator.py", line 208, in fill
    return await self._frame.fill(self._selector, strict=True, **params)
           ^^^^^^^^^^^^^^^^^^^^^^^^^^^^^^^^^^^^^^^^^^^^^^^^^^^^^^^^^^^^^
  File "C:\Users\D\AppData\Local\Programs\Python\Python311\Lib\site-packages\playwright\_impl\_frame.py", line 527, in fill
    await self._channel.send("fill", locals_to_params(locals()))
  File "C:\Users\D\AppData\Local\Programs\Python\Python311\Lib\site-packages\playwright\_impl\_connection.py", line 59, in send
    return await self._connection.wrap_api_call(
           ^^^^^^^^^^^^^^^^^^^^^^^^^^^^^^^^^^^^^
  File "C:\Users\D\AppData\Local\Programs\Python\Python311\Lib\site-packages\playwright\_impl\_connection.py", line 520, in wrap_api_call
    raise rewrite_error(error, f"{parsed_st['apiName']}: {error}") from None
playwright._impl._errors.TimeoutError: Locator.fill: Timeout 30000ms exceeded.
Call log:
waiting for locator("input[name=\"fechaFinSubasta_0\"]").first


2026-02-09 14:39:07 [INFO] [BOE_FORM_BACKFILL] ✓ 2023-11: 0 auctions (total: 0)
2026-02-09 14:39:07 [INFO] [BOE_FORM_BACKFILL] Waiting 30s before next month...
2026-02-09 14:39:37 [INFO] [BOE_FORM_BACKFILL] 
[47/72] Scraping 2023-12
2026-02-09 14:39:37 [INFO] [BOE_FORM_BACKFILL] Submitting search form: 01/12/2023 to 31/12/2023
2026-02-09 14:40:10 [ERROR] [BOE_FORM_BACKFILL] Failed to submit search form: Locator.fill: Timeout 30000ms exceeded.
Call log:
waiting for locator("input[name=\"fechaFinSubasta_0\"]").first

2026-02-09 14:40:10 [ERROR] [BOE_FORM_BACKFILL] Failed to scrape 2023-12: Locator.fill: Timeout 30000ms exceeded.
Call log:
waiting for locator("input[name=\"fechaFinSubasta_0\"]").first

2026-02-09 14:40:10 [ERROR] [BOE_FORM_BACKFILL] Traceback (most recent call last):
  File "C:\Users\D\Desktop\dnksubastas\scraper\scrapers\boe_form_scraper.py", line 136, in scrape_month_with_form
    self.submit_search_form(page, start_str, end_str)
  File "C:\Users\D\Desktop\dnksubastas\scraper\scrapers\boe_form_scraper.py", line 85, in submit_search_form
    start_field.fill(start_date)
  File "C:\Users\D\AppData\Local\Programs\Python\Python311\Lib\site-packages\playwright\sync_api\_generated.py", line 15743, in fill
    self._sync(
  File "C:\Users\D\AppData\Local\Programs\Python\Python311\Lib\site-packages\playwright\_impl\_sync_base.py", line 115, in _sync
    return task.result()
           ^^^^^^^^^^^^^
  File "C:\Users\D\AppData\Local\Programs\Python\Python311\Lib\site-packages\playwright\_impl\_locator.py", line 208, in fill
    return await self._frame.fill(self._selector, strict=True, **params)
           ^^^^^^^^^^^^^^^^^^^^^^^^^^^^^^^^^^^^^^^^^^^^^^^^^^^^^^^^^^^^^
  File "C:\Users\D\AppData\Local\Programs\Python\Python311\Lib\site-packages\playwright\_impl\_frame.py", line 527, in fill
    await self._channel.send("fill", locals_to_params(locals()))
  File "C:\Users\D\AppData\Local\Programs\Python\Python311\Lib\site-packages\playwright\_impl\_connection.py", line 59, in send
    return await self._connection.wrap_api_call(
           ^^^^^^^^^^^^^^^^^^^^^^^^^^^^^^^^^^^^^
  File "C:\Users\D\AppData\Local\Programs\Python\Python311\Lib\site-packages\playwright\_impl\_connection.py", line 520, in wrap_api_call
    raise rewrite_error(error, f"{parsed_st['apiName']}: {error}") from None
playwright._impl._errors.TimeoutError: Locator.fill: Timeout 30000ms exceeded.
Call log:
waiting for locator("input[name=\"fechaFinSubasta_0\"]").first


2026-02-09 14:40:10 [INFO] [BOE_FORM_BACKFILL] ✓ 2023-12: 0 auctions (total: 0)
2026-02-09 14:40:10 [INFO] [BOE_FORM_BACKFILL] Waiting 30s before next month...
2026-02-09 14:40:40 [INFO] [BOE_FORM_BACKFILL] 
[48/72] Scraping 2024-01
2026-02-09 14:40:41 [INFO] [BOE_FORM_BACKFILL] Submitting search form: 01/01/2024 to 31/01/2024
2026-02-09 14:41:14 [ERROR] [BOE_FORM_BACKFILL] Failed to submit search form: Locator.fill: Timeout 30000ms exceeded.
Call log:
waiting for locator("input[name=\"fechaFinSubasta_0\"]").first

2026-02-09 14:41:14 [ERROR] [BOE_FORM_BACKFILL] Failed to scrape 2024-01: Locator.fill: Timeout 30000ms exceeded.
Call log:
waiting for locator("input[name=\"fechaFinSubasta_0\"]").first

2026-02-09 14:41:14 [ERROR] [BOE_FORM_BACKFILL] Traceback (most recent call last):
  File "C:\Users\D\Desktop\dnksubastas\scraper\scrapers\boe_form_scraper.py", line 136, in scrape_month_with_form
    self.submit_search_form(page, start_str, end_str)
  File "C:\Users\D\Desktop\dnksubastas\scraper\scrapers\boe_form_scraper.py", line 85, in submit_search_form
    start_field.fill(start_date)
  File "C:\Users\D\AppData\Local\Programs\Python\Python311\Lib\site-packages\playwright\sync_api\_generated.py", line 15743, in fill
    self._sync(
  File "C:\Users\D\AppData\Local\Programs\Python\Python311\Lib\site-packages\playwright\_impl\_sync_base.py", line 115, in _sync
    return task.result()
           ^^^^^^^^^^^^^
  File "C:\Users\D\AppData\Local\Programs\Python\Python311\Lib\site-packages\playwright\_impl\_locator.py", line 208, in fill
    return await self._frame.fill(self._selector, strict=True, **params)
           ^^^^^^^^^^^^^^^^^^^^^^^^^^^^^^^^^^^^^^^^^^^^^^^^^^^^^^^^^^^^^
  File "C:\Users\D\AppData\Local\Programs\Python\Python311\Lib\site-packages\playwright\_impl\_frame.py", line 527, in fill
    await self._channel.send("fill", locals_to_params(locals()))
  File "C:\Users\D\AppData\Local\Programs\Python\Python311\Lib\site-packages\playwright\_impl\_connection.py", line 59, in send
    return await self._connection.wrap_api_call(
           ^^^^^^^^^^^^^^^^^^^^^^^^^^^^^^^^^^^^^
  File "C:\Users\D\AppData\Local\Programs\Python\Python311\Lib\site-packages\playwright\_impl\_connection.py", line 520, in wrap_api_call
    raise rewrite_error(error, f"{parsed_st['apiName']}: {error}") from None
playwright._impl._errors.TimeoutError: Locator.fill: Timeout 30000ms exceeded.
Call log:
waiting for locator("input[name=\"fechaFinSubasta_0\"]").first


2026-02-09 14:41:14 [INFO] [BOE_FORM_BACKFILL] ✓ 2024-01: 0 auctions (total: 0)
2026-02-09 14:41:14 [INFO] [BOE_FORM_BACKFILL] Waiting 30s before next month...
2026-02-09 14:41:44 [INFO] [BOE_FORM_BACKFILL] 
[49/72] Scraping 2024-02
2026-02-09 14:41:45 [INFO] [BOE_FORM_BACKFILL] Submitting search form: 01/02/2024 to 29/02/2024
2026-02-09 14:42:18 [ERROR] [BOE_FORM_BACKFILL] Failed to submit search form: Locator.fill: Timeout 30000ms exceeded.
Call log:
waiting for locator("input[name=\"fechaFinSubasta_0\"]").first

2026-02-09 14:42:18 [ERROR] [BOE_FORM_BACKFILL] Failed to scrape 2024-02: Locator.fill: Timeout 30000ms exceeded.
Call log:
waiting for locator("input[name=\"fechaFinSubasta_0\"]").first

2026-02-09 14:42:18 [ERROR] [BOE_FORM_BACKFILL] Traceback (most recent call last):
  File "C:\Users\D\Desktop\dnksubastas\scraper\scrapers\boe_form_scraper.py", line 136, in scrape_month_with_form
    self.submit_search_form(page, start_str, end_str)
  File "C:\Users\D\Desktop\dnksubastas\scraper\scrapers\boe_form_scraper.py", line 85, in submit_search_form
    start_field.fill(start_date)
  File "C:\Users\D\AppData\Local\Programs\Python\Python311\Lib\site-packages\playwright\sync_api\_generated.py", line 15743, in fill
    self._sync(
  File "C:\Users\D\AppData\Local\Programs\Python\Python311\Lib\site-packages\playwright\_impl\_sync_base.py", line 115, in _sync
    return task.result()
           ^^^^^^^^^^^^^
  File "C:\Users\D\AppData\Local\Programs\Python\Python311\Lib\site-packages\playwright\_impl\_locator.py", line 208, in fill
    return await self._frame.fill(self._selector, strict=True, **params)
           ^^^^^^^^^^^^^^^^^^^^^^^^^^^^^^^^^^^^^^^^^^^^^^^^^^^^^^^^^^^^^
  File "C:\Users\D\AppData\Local\Programs\Python\Python311\Lib\site-packages\playwright\_impl\_frame.py", line 527, in fill
    await self._channel.send("fill", locals_to_params(locals()))
  File "C:\Users\D\AppData\Local\Programs\Python\Python311\Lib\site-packages\playwright\_impl\_connection.py", line 59, in send
    return await self._connection.wrap_api_call(
           ^^^^^^^^^^^^^^^^^^^^^^^^^^^^^^^^^^^^^
  File "C:\Users\D\AppData\Local\Programs\Python\Python311\Lib\site-packages\playwright\_impl\_connection.py", line 520, in wrap_api_call
    raise rewrite_error(error, f"{parsed_st['apiName']}: {error}") from None
playwright._impl._errors.TimeoutError: Locator.fill: Timeout 30000ms exceeded.
Call log:
waiting for locator("input[name=\"fechaFinSubasta_0\"]").first


2026-02-09 14:42:18 [INFO] [BOE_FORM_BACKFILL] ✓ 2024-02: 0 auctions (total: 0)
2026-02-09 14:42:18 [INFO] [BOE_FORM_BACKFILL] Waiting 30s before next month...
2026-02-09 14:42:48 [INFO] [BOE_FORM_BACKFILL] 
[50/72] Scraping 2024-03
2026-02-09 14:42:49 [INFO] [BOE_FORM_BACKFILL] Submitting search form: 01/03/2024 to 31/03/2024
2026-02-09 14:43:25 [ERROR] [BOE_FORM_BACKFILL] Failed to submit search form: Locator.fill: Timeout 30000ms exceeded.
Call log:
waiting for locator("input[name=\"fechaFinSubasta_0\"]").first

2026-02-09 14:43:25 [ERROR] [BOE_FORM_BACKFILL] Failed to scrape 2024-03: Locator.fill: Timeout 30000ms exceeded.
Call log:
waiting for locator("input[name=\"fechaFinSubasta_0\"]").first

2026-02-09 14:43:25 [ERROR] [BOE_FORM_BACKFILL] Traceback (most recent call last):
  File "C:\Users\D\Desktop\dnksubastas\scraper\scrapers\boe_form_scraper.py", line 136, in scrape_month_with_form
    self.submit_search_form(page, start_str, end_str)
  File "C:\Users\D\Desktop\dnksubastas\scraper\scrapers\boe_form_scraper.py", line 85, in submit_search_form
    start_field.fill(start_date)
  File "C:\Users\D\AppData\Local\Programs\Python\Python311\Lib\site-packages\playwright\sync_api\_generated.py", line 15743, in fill
    self._sync(
  File "C:\Users\D\AppData\Local\Programs\Python\Python311\Lib\site-packages\playwright\_impl\_sync_base.py", line 115, in _sync
    return task.result()
           ^^^^^^^^^^^^^
  File "C:\Users\D\AppData\Local\Programs\Python\Python311\Lib\site-packages\playwright\_impl\_locator.py", line 208, in fill
    return await self._frame.fill(self._selector, strict=True, **params)
           ^^^^^^^^^^^^^^^^^^^^^^^^^^^^^^^^^^^^^^^^^^^^^^^^^^^^^^^^^^^^^
  File "C:\Users\D\AppData\Local\Programs\Python\Python311\Lib\site-packages\playwright\_impl\_frame.py", line 527, in fill
    await self._channel.send("fill", locals_to_params(locals()))
  File "C:\Users\D\AppData\Local\Programs\Python\Python311\Lib\site-packages\playwright\_impl\_connection.py", line 59, in send
    return await self._connection.wrap_api_call(
           ^^^^^^^^^^^^^^^^^^^^^^^^^^^^^^^^^^^^^
  File "C:\Users\D\AppData\Local\Programs\Python\Python311\Lib\site-packages\playwright\_impl\_connection.py", line 520, in wrap_api_call
    raise rewrite_error(error, f"{parsed_st['apiName']}: {error}") from None
playwright._impl._errors.TimeoutError: Locator.fill: Timeout 30000ms exceeded.
Call log:
waiting for locator("input[name=\"fechaFinSubasta_0\"]").first


2026-02-09 14:43:25 [INFO] [BOE_FORM_BACKFILL] ✓ 2024-03: 0 auctions (total: 0)
2026-02-09 14:43:25 [INFO] [BOE_FORM_BACKFILL] Waiting 30s before next month...
2026-02-09 14:43:55 [INFO] [BOE_FORM_BACKFILL] 
[51/72] Scraping 2024-04
2026-02-09 14:43:55 [INFO] [BOE_FORM_BACKFILL] Submitting search form: 01/04/2024 to 30/04/2024
2026-02-09 14:44:29 [ERROR] [BOE_FORM_BACKFILL] Failed to submit search form: Locator.fill: Timeout 30000ms exceeded.
Call log:
waiting for locator("input[name=\"fechaFinSubasta_0\"]").first

2026-02-09 14:44:29 [ERROR] [BOE_FORM_BACKFILL] Failed to scrape 2024-04: Locator.fill: Timeout 30000ms exceeded.
Call log:
waiting for locator("input[name=\"fechaFinSubasta_0\"]").first

2026-02-09 14:44:29 [ERROR] [BOE_FORM_BACKFILL] Traceback (most recent call last):
  File "C:\Users\D\Desktop\dnksubastas\scraper\scrapers\boe_form_scraper.py", line 136, in scrape_month_with_form
    self.submit_search_form(page, start_str, end_str)
  File "C:\Users\D\Desktop\dnksubastas\scraper\scrapers\boe_form_scraper.py", line 85, in submit_search_form
    start_field.fill(start_date)
  File "C:\Users\D\AppData\Local\Programs\Python\Python311\Lib\site-packages\playwright\sync_api\_generated.py", line 15743, in fill
    self._sync(
  File "C:\Users\D\AppData\Local\Programs\Python\Python311\Lib\site-packages\playwright\_impl\_sync_base.py", line 115, in _sync
    return task.result()
           ^^^^^^^^^^^^^
  File "C:\Users\D\AppData\Local\Programs\Python\Python311\Lib\site-packages\playwright\_impl\_locator.py", line 208, in fill
    return await self._frame.fill(self._selector, strict=True, **params)
           ^^^^^^^^^^^^^^^^^^^^^^^^^^^^^^^^^^^^^^^^^^^^^^^^^^^^^^^^^^^^^
  File "C:\Users\D\AppData\Local\Programs\Python\Python311\Lib\site-packages\playwright\_impl\_frame.py", line 527, in fill
    await self._channel.send("fill", locals_to_params(locals()))
  File "C:\Users\D\AppData\Local\Programs\Python\Python311\Lib\site-packages\playwright\_impl\_connection.py", line 59, in send
    return await self._connection.wrap_api_call(
           ^^^^^^^^^^^^^^^^^^^^^^^^^^^^^^^^^^^^^
  File "C:\Users\D\AppData\Local\Programs\Python\Python311\Lib\site-packages\playwright\_impl\_connection.py", line 520, in wrap_api_call
    raise rewrite_error(error, f"{parsed_st['apiName']}: {error}") from None
playwright._impl._errors.TimeoutError: Locator.fill: Timeout 30000ms exceeded.
Call log:
waiting for locator("input[name=\"fechaFinSubasta_0\"]").first


2026-02-09 14:44:29 [INFO] [BOE_FORM_BACKFILL] ✓ 2024-04: 0 auctions (total: 0)
2026-02-09 14:44:29 [INFO] [BOE_FORM_BACKFILL] Waiting 30s before next month...
2026-02-09 14:44:59 [INFO] [BOE_FORM_BACKFILL] 
[52/72] Scraping 2024-05
2026-02-09 14:45:00 [INFO] [BOE_FORM_BACKFILL] Submitting search form: 01/05/2024 to 31/05/2024
2026-02-09 14:45:34 [ERROR] [BOE_FORM_BACKFILL] Failed to submit search form: Locator.fill: Timeout 30000ms exceeded.
Call log:
waiting for locator("input[name=\"fechaFinSubasta_0\"]").first

2026-02-09 14:45:34 [ERROR] [BOE_FORM_BACKFILL] Failed to scrape 2024-05: Locator.fill: Timeout 30000ms exceeded.
Call log:
waiting for locator("input[name=\"fechaFinSubasta_0\"]").first

2026-02-09 14:45:34 [ERROR] [BOE_FORM_BACKFILL] Traceback (most recent call last):
  File "C:\Users\D\Desktop\dnksubastas\scraper\scrapers\boe_form_scraper.py", line 136, in scrape_month_with_form
    self.submit_search_form(page, start_str, end_str)
  File "C:\Users\D\Desktop\dnksubastas\scraper\scrapers\boe_form_scraper.py", line 85, in submit_search_form
    start_field.fill(start_date)
  File "C:\Users\D\AppData\Local\Programs\Python\Python311\Lib\site-packages\playwright\sync_api\_generated.py", line 15743, in fill
    self._sync(
  File "C:\Users\D\AppData\Local\Programs\Python\Python311\Lib\site-packages\playwright\_impl\_sync_base.py", line 115, in _sync
    return task.result()
           ^^^^^^^^^^^^^
  File "C:\Users\D\AppData\Local\Programs\Python\Python311\Lib\site-packages\playwright\_impl\_locator.py", line 208, in fill
    return await self._frame.fill(self._selector, strict=True, **params)
           ^^^^^^^^^^^^^^^^^^^^^^^^^^^^^^^^^^^^^^^^^^^^^^^^^^^^^^^^^^^^^
  File "C:\Users\D\AppData\Local\Programs\Python\Python311\Lib\site-packages\playwright\_impl\_frame.py", line 527, in fill
    await self._channel.send("fill", locals_to_params(locals()))
  File "C:\Users\D\AppData\Local\Programs\Python\Python311\Lib\site-packages\playwright\_impl\_connection.py", line 59, in send
    return await self._connection.wrap_api_call(
           ^^^^^^^^^^^^^^^^^^^^^^^^^^^^^^^^^^^^^
  File "C:\Users\D\AppData\Local\Programs\Python\Python311\Lib\site-packages\playwright\_impl\_connection.py", line 520, in wrap_api_call
    raise rewrite_error(error, f"{parsed_st['apiName']}: {error}") from None
playwright._impl._errors.TimeoutError: Locator.fill: Timeout 30000ms exceeded.
Call log:
waiting for locator("input[name=\"fechaFinSubasta_0\"]").first


2026-02-09 14:45:34 [INFO] [BOE_FORM_BACKFILL] ✓ 2024-05: 0 auctions (total: 0)
2026-02-09 14:45:34 [INFO] [BOE_FORM_BACKFILL] Waiting 30s before next month...
2026-02-09 14:46:06 [INFO] [BOE_FORM_BACKFILL] 
[53/72] Scraping 2024-06
2026-02-09 14:46:07 [INFO] [BOE_FORM_BACKFILL] Submitting search form: 01/06/2024 to 30/06/2024
2026-02-09 14:46:42 [ERROR] [BOE_FORM_BACKFILL] Failed to submit search form: Locator.fill: Timeout 30000ms exceeded.
Call log:
waiting for locator("input[name=\"fechaFinSubasta_0\"]").first

2026-02-09 14:46:42 [ERROR] [BOE_FORM_BACKFILL] Failed to scrape 2024-06: Locator.fill: Timeout 30000ms exceeded.
Call log:
waiting for locator("input[name=\"fechaFinSubasta_0\"]").first

2026-02-09 14:46:42 [ERROR] [BOE_FORM_BACKFILL] Traceback (most recent call last):
  File "C:\Users\D\Desktop\dnksubastas\scraper\scrapers\boe_form_scraper.py", line 136, in scrape_month_with_form
    self.submit_search_form(page, start_str, end_str)
  File "C:\Users\D\Desktop\dnksubastas\scraper\scrapers\boe_form_scraper.py", line 85, in submit_search_form
    start_field.fill(start_date)
  File "C:\Users\D\AppData\Local\Programs\Python\Python311\Lib\site-packages\playwright\sync_api\_generated.py", line 15743, in fill
    self._sync(
  File "C:\Users\D\AppData\Local\Programs\Python\Python311\Lib\site-packages\playwright\_impl\_sync_base.py", line 115, in _sync
    return task.result()
           ^^^^^^^^^^^^^
  File "C:\Users\D\AppData\Local\Programs\Python\Python311\Lib\site-packages\playwright\_impl\_locator.py", line 208, in fill
    return await self._frame.fill(self._selector, strict=True, **params)
           ^^^^^^^^^^^^^^^^^^^^^^^^^^^^^^^^^^^^^^^^^^^^^^^^^^^^^^^^^^^^^
  File "C:\Users\D\AppData\Local\Programs\Python\Python311\Lib\site-packages\playwright\_impl\_frame.py", line 527, in fill
    await self._channel.send("fill", locals_to_params(locals()))
  File "C:\Users\D\AppData\Local\Programs\Python\Python311\Lib\site-packages\playwright\_impl\_connection.py", line 59, in send
    return await self._connection.wrap_api_call(
           ^^^^^^^^^^^^^^^^^^^^^^^^^^^^^^^^^^^^^
  File "C:\Users\D\AppData\Local\Programs\Python\Python311\Lib\site-packages\playwright\_impl\_connection.py", line 520, in wrap_api_call
    raise rewrite_error(error, f"{parsed_st['apiName']}: {error}") from None
playwright._impl._errors.TimeoutError: Locator.fill: Timeout 30000ms exceeded.
Call log:
waiting for locator("input[name=\"fechaFinSubasta_0\"]").first


2026-02-09 14:46:42 [INFO] [BOE_FORM_BACKFILL] ✓ 2024-06: 0 auctions (total: 0)
2026-02-09 14:46:42 [INFO] [BOE_FORM_BACKFILL] Waiting 30s before next month...
2026-02-09 14:47:12 [INFO] [BOE_FORM_BACKFILL] 
[54/72] Scraping 2024-07
2026-02-09 14:47:12 [INFO] [BOE_FORM_BACKFILL] Submitting search form: 01/07/2024 to 31/07/2024
2026-02-09 14:47:46 [ERROR] [BOE_FORM_BACKFILL] Failed to submit search form: Locator.fill: Timeout 30000ms exceeded.
Call log:
waiting for locator("input[name=\"fechaFinSubasta_0\"]").first

2026-02-09 14:47:46 [ERROR] [BOE_FORM_BACKFILL] Failed to scrape 2024-07: Locator.fill: Timeout 30000ms exceeded.
Call log:
waiting for locator("input[name=\"fechaFinSubasta_0\"]").first

2026-02-09 14:47:46 [ERROR] [BOE_FORM_BACKFILL] Traceback (most recent call last):
  File "C:\Users\D\Desktop\dnksubastas\scraper\scrapers\boe_form_scraper.py", line 136, in scrape_month_with_form
    self.submit_search_form(page, start_str, end_str)
  File "C:\Users\D\Desktop\dnksubastas\scraper\scrapers\boe_form_scraper.py", line 85, in submit_search_form
    start_field.fill(start_date)
  File "C:\Users\D\AppData\Local\Programs\Python\Python311\Lib\site-packages\playwright\sync_api\_generated.py", line 15743, in fill
    self._sync(
  File "C:\Users\D\AppData\Local\Programs\Python\Python311\Lib\site-packages\playwright\_impl\_sync_base.py", line 115, in _sync
    return task.result()
           ^^^^^^^^^^^^^
  File "C:\Users\D\AppData\Local\Programs\Python\Python311\Lib\site-packages\playwright\_impl\_locator.py", line 208, in fill
    return await self._frame.fill(self._selector, strict=True, **params)
           ^^^^^^^^^^^^^^^^^^^^^^^^^^^^^^^^^^^^^^^^^^^^^^^^^^^^^^^^^^^^^
  File "C:\Users\D\AppData\Local\Programs\Python\Python311\Lib\site-packages\playwright\_impl\_frame.py", line 527, in fill
    await self._channel.send("fill", locals_to_params(locals()))
  File "C:\Users\D\AppData\Local\Programs\Python\Python311\Lib\site-packages\playwright\_impl\_connection.py", line 59, in send
    return await self._connection.wrap_api_call(
           ^^^^^^^^^^^^^^^^^^^^^^^^^^^^^^^^^^^^^
  File "C:\Users\D\AppData\Local\Programs\Python\Python311\Lib\site-packages\playwright\_impl\_connection.py", line 520, in wrap_api_call
    raise rewrite_error(error, f"{parsed_st['apiName']}: {error}") from None
playwright._impl._errors.TimeoutError: Locator.fill: Timeout 30000ms exceeded.
Call log:
waiting for locator("input[name=\"fechaFinSubasta_0\"]").first


2026-02-09 14:47:47 [INFO] [BOE_FORM_BACKFILL] ✓ 2024-07: 0 auctions (total: 0)
2026-02-09 14:47:47 [INFO] [BOE_FORM_BACKFILL] Waiting 30s before next month...
2026-02-09 14:48:17 [INFO] [BOE_FORM_BACKFILL] 
[55/72] Scraping 2024-08
2026-02-09 14:48:17 [INFO] [BOE_FORM_BACKFILL] Submitting search form: 01/08/2024 to 31/08/2024
2026-02-09 14:48:51 [ERROR] [BOE_FORM_BACKFILL] Failed to submit search form: Locator.fill: Timeout 30000ms exceeded.
Call log:
waiting for locator("input[name=\"fechaFinSubasta_0\"]").first

2026-02-09 14:48:51 [ERROR] [BOE_FORM_BACKFILL] Failed to scrape 2024-08: Locator.fill: Timeout 30000ms exceeded.
Call log:
waiting for locator("input[name=\"fechaFinSubasta_0\"]").first

2026-02-09 14:48:51 [ERROR] [BOE_FORM_BACKFILL] Traceback (most recent call last):
  File "C:\Users\D\Desktop\dnksubastas\scraper\scrapers\boe_form_scraper.py", line 136, in scrape_month_with_form
    self.submit_search_form(page, start_str, end_str)
  File "C:\Users\D\Desktop\dnksubastas\scraper\scrapers\boe_form_scraper.py", line 85, in submit_search_form
    start_field.fill(start_date)
  File "C:\Users\D\AppData\Local\Programs\Python\Python311\Lib\site-packages\playwright\sync_api\_generated.py", line 15743, in fill
    self._sync(
  File "C:\Users\D\AppData\Local\Programs\Python\Python311\Lib\site-packages\playwright\_impl\_sync_base.py", line 115, in _sync
    return task.result()
           ^^^^^^^^^^^^^
  File "C:\Users\D\AppData\Local\Programs\Python\Python311\Lib\site-packages\playwright\_impl\_locator.py", line 208, in fill
    return await self._frame.fill(self._selector, strict=True, **params)
           ^^^^^^^^^^^^^^^^^^^^^^^^^^^^^^^^^^^^^^^^^^^^^^^^^^^^^^^^^^^^^
  File "C:\Users\D\AppData\Local\Programs\Python\Python311\Lib\site-packages\playwright\_impl\_frame.py", line 527, in fill
    await self._channel.send("fill", locals_to_params(locals()))
  File "C:\Users\D\AppData\Local\Programs\Python\Python311\Lib\site-packages\playwright\_impl\_connection.py", line 59, in send
    return await self._connection.wrap_api_call(
           ^^^^^^^^^^^^^^^^^^^^^^^^^^^^^^^^^^^^^
  File "C:\Users\D\AppData\Local\Programs\Python\Python311\Lib\site-packages\playwright\_impl\_connection.py", line 520, in wrap_api_call
    raise rewrite_error(error, f"{parsed_st['apiName']}: {error}") from None
playwright._impl._errors.TimeoutError: Locator.fill: Timeout 30000ms exceeded.
Call log:
waiting for locator("input[name=\"fechaFinSubasta_0\"]").first


2026-02-09 14:48:51 [INFO] [BOE_FORM_BACKFILL] ✓ 2024-08: 0 auctions (total: 0)
2026-02-09 14:48:51 [INFO] [BOE_FORM_BACKFILL] Waiting 30s before next month...
2026-02-09 14:49:21 [INFO] [BOE_FORM_BACKFILL] 
[56/72] Scraping 2024-09
2026-02-09 14:49:22 [INFO] [BOE_FORM_BACKFILL] Submitting search form: 01/09/2024 to 30/09/2024
2026-02-09 14:49:56 [ERROR] [BOE_FORM_BACKFILL] Failed to submit search form: Locator.fill: Timeout 30000ms exceeded.
Call log:
waiting for locator("input[name=\"fechaFinSubasta_0\"]").first

2026-02-09 14:49:56 [ERROR] [BOE_FORM_BACKFILL] Failed to scrape 2024-09: Locator.fill: Timeout 30000ms exceeded.
Call log:
waiting for locator("input[name=\"fechaFinSubasta_0\"]").first

2026-02-09 14:49:56 [ERROR] [BOE_FORM_BACKFILL] Traceback (most recent call last):
  File "C:\Users\D\Desktop\dnksubastas\scraper\scrapers\boe_form_scraper.py", line 136, in scrape_month_with_form
    self.submit_search_form(page, start_str, end_str)
  File "C:\Users\D\Desktop\dnksubastas\scraper\scrapers\boe_form_scraper.py", line 85, in submit_search_form
    start_field.fill(start_date)
  File "C:\Users\D\AppData\Local\Programs\Python\Python311\Lib\site-packages\playwright\sync_api\_generated.py", line 15743, in fill
    self._sync(
  File "C:\Users\D\AppData\Local\Programs\Python\Python311\Lib\site-packages\playwright\_impl\_sync_base.py", line 115, in _sync
    return task.result()
           ^^^^^^^^^^^^^
  File "C:\Users\D\AppData\Local\Programs\Python\Python311\Lib\site-packages\playwright\_impl\_locator.py", line 208, in fill
    return await self._frame.fill(self._selector, strict=True, **params)
           ^^^^^^^^^^^^^^^^^^^^^^^^^^^^^^^^^^^^^^^^^^^^^^^^^^^^^^^^^^^^^
  File "C:\Users\D\AppData\Local\Programs\Python\Python311\Lib\site-packages\playwright\_impl\_frame.py", line 527, in fill
    await self._channel.send("fill", locals_to_params(locals()))
  File "C:\Users\D\AppData\Local\Programs\Python\Python311\Lib\site-packages\playwright\_impl\_connection.py", line 59, in send
    return await self._connection.wrap_api_call(
           ^^^^^^^^^^^^^^^^^^^^^^^^^^^^^^^^^^^^^
  File "C:\Users\D\AppData\Local\Programs\Python\Python311\Lib\site-packages\playwright\_impl\_connection.py", line 520, in wrap_api_call
    raise rewrite_error(error, f"{parsed_st['apiName']}: {error}") from None
playwright._impl._errors.TimeoutError: Locator.fill: Timeout 30000ms exceeded.
Call log:
waiting for locator("input[name=\"fechaFinSubasta_0\"]").first


2026-02-09 14:49:56 [INFO] [BOE_FORM_BACKFILL] ✓ 2024-09: 0 auctions (total: 0)
2026-02-09 14:49:56 [INFO] [BOE_FORM_BACKFILL] Waiting 30s before next month...
2026-02-09 14:50:26 [INFO] [BOE_FORM_BACKFILL] 
[57/72] Scraping 2024-10
2026-02-09 14:50:26 [INFO] [BOE_FORM_BACKFILL] Submitting search form: 01/10/2024 to 31/10/2024
2026-02-09 14:51:01 [ERROR] [BOE_FORM_BACKFILL] Failed to submit search form: Locator.fill: Timeout 30000ms exceeded.
Call log:
waiting for locator("input[name=\"fechaFinSubasta_0\"]").first

2026-02-09 14:51:01 [ERROR] [BOE_FORM_BACKFILL] Failed to scrape 2024-10: Locator.fill: Timeout 30000ms exceeded.
Call log:
waiting for locator("input[name=\"fechaFinSubasta_0\"]").first

2026-02-09 14:51:01 [ERROR] [BOE_FORM_BACKFILL] Traceback (most recent call last):
  File "C:\Users\D\Desktop\dnksubastas\scraper\scrapers\boe_form_scraper.py", line 136, in scrape_month_with_form
    self.submit_search_form(page, start_str, end_str)
  File "C:\Users\D\Desktop\dnksubastas\scraper\scrapers\boe_form_scraper.py", line 85, in submit_search_form
    start_field.fill(start_date)
  File "C:\Users\D\AppData\Local\Programs\Python\Python311\Lib\site-packages\playwright\sync_api\_generated.py", line 15743, in fill
    self._sync(
  File "C:\Users\D\AppData\Local\Programs\Python\Python311\Lib\site-packages\playwright\_impl\_sync_base.py", line 115, in _sync
    return task.result()
           ^^^^^^^^^^^^^
  File "C:\Users\D\AppData\Local\Programs\Python\Python311\Lib\site-packages\playwright\_impl\_locator.py", line 208, in fill
    return await self._frame.fill(self._selector, strict=True, **params)
           ^^^^^^^^^^^^^^^^^^^^^^^^^^^^^^^^^^^^^^^^^^^^^^^^^^^^^^^^^^^^^
  File "C:\Users\D\AppData\Local\Programs\Python\Python311\Lib\site-packages\playwright\_impl\_frame.py", line 527, in fill
    await self._channel.send("fill", locals_to_params(locals()))
  File "C:\Users\D\AppData\Local\Programs\Python\Python311\Lib\site-packages\playwright\_impl\_connection.py", line 59, in send
    return await self._connection.wrap_api_call(
           ^^^^^^^^^^^^^^^^^^^^^^^^^^^^^^^^^^^^^
  File "C:\Users\D\AppData\Local\Programs\Python\Python311\Lib\site-packages\playwright\_impl\_connection.py", line 520, in wrap_api_call
    raise rewrite_error(error, f"{parsed_st['apiName']}: {error}") from None
playwright._impl._errors.TimeoutError: Locator.fill: Timeout 30000ms exceeded.
Call log:
waiting for locator("input[name=\"fechaFinSubasta_0\"]").first


2026-02-09 14:51:01 [INFO] [BOE_FORM_BACKFILL] ✓ 2024-10: 0 auctions (total: 0)
2026-02-09 14:51:01 [INFO] [BOE_FORM_BACKFILL] Waiting 30s before next month...
2026-02-09 14:51:31 [INFO] [BOE_FORM_BACKFILL] 
[58/72] Scraping 2024-11
2026-02-09 14:51:31 [INFO] [BOE_FORM_BACKFILL] Submitting search form: 01/11/2024 to 30/11/2024
2026-02-09 14:52:05 [ERROR] [BOE_FORM_BACKFILL] Failed to submit search form: Locator.fill: Timeout 30000ms exceeded.
Call log:
waiting for locator("input[name=\"fechaFinSubasta_0\"]").first

2026-02-09 14:52:05 [ERROR] [BOE_FORM_BACKFILL] Failed to scrape 2024-11: Locator.fill: Timeout 30000ms exceeded.
Call log:
waiting for locator("input[name=\"fechaFinSubasta_0\"]").first

2026-02-09 14:52:05 [ERROR] [BOE_FORM_BACKFILL] Traceback (most recent call last):
  File "C:\Users\D\Desktop\dnksubastas\scraper\scrapers\boe_form_scraper.py", line 136, in scrape_month_with_form
    self.submit_search_form(page, start_str, end_str)
  File "C:\Users\D\Desktop\dnksubastas\scraper\scrapers\boe_form_scraper.py", line 85, in submit_search_form
    start_field.fill(start_date)
  File "C:\Users\D\AppData\Local\Programs\Python\Python311\Lib\site-packages\playwright\sync_api\_generated.py", line 15743, in fill
    self._sync(
  File "C:\Users\D\AppData\Local\Programs\Python\Python311\Lib\site-packages\playwright\_impl\_sync_base.py", line 115, in _sync
    return task.result()
           ^^^^^^^^^^^^^
  File "C:\Users\D\AppData\Local\Programs\Python\Python311\Lib\site-packages\playwright\_impl\_locator.py", line 208, in fill
    return await self._frame.fill(self._selector, strict=True, **params)
           ^^^^^^^^^^^^^^^^^^^^^^^^^^^^^^^^^^^^^^^^^^^^^^^^^^^^^^^^^^^^^
  File "C:\Users\D\AppData\Local\Programs\Python\Python311\Lib\site-packages\playwright\_impl\_frame.py", line 527, in fill
    await self._channel.send("fill", locals_to_params(locals()))
  File "C:\Users\D\AppData\Local\Programs\Python\Python311\Lib\site-packages\playwright\_impl\_connection.py", line 59, in send
    return await self._connection.wrap_api_call(
           ^^^^^^^^^^^^^^^^^^^^^^^^^^^^^^^^^^^^^
  File "C:\Users\D\AppData\Local\Programs\Python\Python311\Lib\site-packages\playwright\_impl\_connection.py", line 520, in wrap_api_call
    raise rewrite_error(error, f"{parsed_st['apiName']}: {error}") from None
playwright._impl._errors.TimeoutError: Locator.fill: Timeout 30000ms exceeded.
Call log:
waiting for locator("input[name=\"fechaFinSubasta_0\"]").first


2026-02-09 14:52:05 [INFO] [BOE_FORM_BACKFILL] ✓ 2024-11: 0 auctions (total: 0)
2026-02-09 14:52:05 [INFO] [BOE_FORM_BACKFILL] Waiting 30s before next month...
2026-02-09 14:52:35 [INFO] [BOE_FORM_BACKFILL] 
[59/72] Scraping 2024-12
2026-02-09 14:52:36 [INFO] [BOE_FORM_BACKFILL] Submitting search form: 01/12/2024 to 31/12/2024
2026-02-09 14:53:10 [ERROR] [BOE_FORM_BACKFILL] Failed to submit search form: Locator.fill: Timeout 30000ms exceeded.
Call log:
waiting for locator("input[name=\"fechaFinSubasta_0\"]").first

2026-02-09 14:53:10 [ERROR] [BOE_FORM_BACKFILL] Failed to scrape 2024-12: Locator.fill: Timeout 30000ms exceeded.
Call log:
waiting for locator("input[name=\"fechaFinSubasta_0\"]").first

2026-02-09 14:53:10 [ERROR] [BOE_FORM_BACKFILL] Traceback (most recent call last):
  File "C:\Users\D\Desktop\dnksubastas\scraper\scrapers\boe_form_scraper.py", line 136, in scrape_month_with_form
    self.submit_search_form(page, start_str, end_str)
  File "C:\Users\D\Desktop\dnksubastas\scraper\scrapers\boe_form_scraper.py", line 85, in submit_search_form
    start_field.fill(start_date)
  File "C:\Users\D\AppData\Local\Programs\Python\Python311\Lib\site-packages\playwright\sync_api\_generated.py", line 15743, in fill
    self._sync(
  File "C:\Users\D\AppData\Local\Programs\Python\Python311\Lib\site-packages\playwright\_impl\_sync_base.py", line 115, in _sync
    return task.result()
           ^^^^^^^^^^^^^
  File "C:\Users\D\AppData\Local\Programs\Python\Python311\Lib\site-packages\playwright\_impl\_locator.py", line 208, in fill
    return await self._frame.fill(self._selector, strict=True, **params)
           ^^^^^^^^^^^^^^^^^^^^^^^^^^^^^^^^^^^^^^^^^^^^^^^^^^^^^^^^^^^^^
  File "C:\Users\D\AppData\Local\Programs\Python\Python311\Lib\site-packages\playwright\_impl\_frame.py", line 527, in fill
    await self._channel.send("fill", locals_to_params(locals()))
  File "C:\Users\D\AppData\Local\Programs\Python\Python311\Lib\site-packages\playwright\_impl\_connection.py", line 59, in send
    return await self._connection.wrap_api_call(
           ^^^^^^^^^^^^^^^^^^^^^^^^^^^^^^^^^^^^^
  File "C:\Users\D\AppData\Local\Programs\Python\Python311\Lib\site-packages\playwright\_impl\_connection.py", line 520, in wrap_api_call
    raise rewrite_error(error, f"{parsed_st['apiName']}: {error}") from None
playwright._impl._errors.TimeoutError: Locator.fill: Timeout 30000ms exceeded.
Call log:
waiting for locator("input[name=\"fechaFinSubasta_0\"]").first


2026-02-09 14:53:10 [INFO] [BOE_FORM_BACKFILL] ✓ 2024-12: 0 auctions (total: 0)
2026-02-09 14:53:10 [INFO] [BOE_FORM_BACKFILL] Waiting 30s before next month...
2026-02-09 14:53:40 [INFO] [BOE_FORM_BACKFILL] 
[60/72] Scraping 2025-01
2026-02-09 14:53:40 [INFO] [BOE_FORM_BACKFILL] Submitting search form: 01/01/2025 to 31/01/2025
2026-02-09 14:54:14 [ERROR] [BOE_FORM_BACKFILL] Failed to submit search form: Locator.fill: Timeout 30000ms exceeded.
Call log:
waiting for locator("input[name=\"fechaFinSubasta_0\"]").first

2026-02-09 14:54:14 [ERROR] [BOE_FORM_BACKFILL] Failed to scrape 2025-01: Locator.fill: Timeout 30000ms exceeded.
Call log:
waiting for locator("input[name=\"fechaFinSubasta_0\"]").first

2026-02-09 14:54:14 [ERROR] [BOE_FORM_BACKFILL] Traceback (most recent call last):
  File "C:\Users\D\Desktop\dnksubastas\scraper\scrapers\boe_form_scraper.py", line 136, in scrape_month_with_form
    self.submit_search_form(page, start_str, end_str)
  File "C:\Users\D\Desktop\dnksubastas\scraper\scrapers\boe_form_scraper.py", line 85, in submit_search_form
    start_field.fill(start_date)
  File "C:\Users\D\AppData\Local\Programs\Python\Python311\Lib\site-packages\playwright\sync_api\_generated.py", line 15743, in fill
    self._sync(
  File "C:\Users\D\AppData\Local\Programs\Python\Python311\Lib\site-packages\playwright\_impl\_sync_base.py", line 115, in _sync
    return task.result()
           ^^^^^^^^^^^^^
  File "C:\Users\D\AppData\Local\Programs\Python\Python311\Lib\site-packages\playwright\_impl\_locator.py", line 208, in fill
    return await self._frame.fill(self._selector, strict=True, **params)
           ^^^^^^^^^^^^^^^^^^^^^^^^^^^^^^^^^^^^^^^^^^^^^^^^^^^^^^^^^^^^^
  File "C:\Users\D\AppData\Local\Programs\Python\Python311\Lib\site-packages\playwright\_impl\_frame.py", line 527, in fill
    await self._channel.send("fill", locals_to_params(locals()))
  File "C:\Users\D\AppData\Local\Programs\Python\Python311\Lib\site-packages\playwright\_impl\_connection.py", line 59, in send
    return await self._connection.wrap_api_call(
           ^^^^^^^^^^^^^^^^^^^^^^^^^^^^^^^^^^^^^
  File "C:\Users\D\AppData\Local\Programs\Python\Python311\Lib\site-packages\playwright\_impl\_connection.py", line 520, in wrap_api_call
    raise rewrite_error(error, f"{parsed_st['apiName']}: {error}") from None
playwright._impl._errors.TimeoutError: Locator.fill: Timeout 30000ms exceeded.
Call log:
waiting for locator("input[name=\"fechaFinSubasta_0\"]").first


2026-02-09 14:54:14 [INFO] [BOE_FORM_BACKFILL] ✓ 2025-01: 0 auctions (total: 0)
2026-02-09 14:54:14 [INFO] [BOE_FORM_BACKFILL] Waiting 30s before next month...
2026-02-09 14:54:44 [INFO] [BOE_FORM_BACKFILL] 
[61/72] Scraping 2025-02
2026-02-09 14:54:45 [INFO] [BOE_FORM_BACKFILL] Submitting search form: 01/02/2025 to 28/02/2025
2026-02-09 14:55:19 [ERROR] [BOE_FORM_BACKFILL] Failed to submit search form: Locator.fill: Timeout 30000ms exceeded.
Call log:
waiting for locator("input[name=\"fechaFinSubasta_0\"]").first

2026-02-09 14:55:19 [ERROR] [BOE_FORM_BACKFILL] Failed to scrape 2025-02: Locator.fill: Timeout 30000ms exceeded.
Call log:
waiting for locator("input[name=\"fechaFinSubasta_0\"]").first

2026-02-09 14:55:19 [ERROR] [BOE_FORM_BACKFILL] Traceback (most recent call last):
  File "C:\Users\D\Desktop\dnksubastas\scraper\scrapers\boe_form_scraper.py", line 136, in scrape_month_with_form
    self.submit_search_form(page, start_str, end_str)
  File "C:\Users\D\Desktop\dnksubastas\scraper\scrapers\boe_form_scraper.py", line 85, in submit_search_form
    start_field.fill(start_date)
  File "C:\Users\D\AppData\Local\Programs\Python\Python311\Lib\site-packages\playwright\sync_api\_generated.py", line 15743, in fill
    self._sync(
  File "C:\Users\D\AppData\Local\Programs\Python\Python311\Lib\site-packages\playwright\_impl\_sync_base.py", line 115, in _sync
    return task.result()
           ^^^^^^^^^^^^^
  File "C:\Users\D\AppData\Local\Programs\Python\Python311\Lib\site-packages\playwright\_impl\_locator.py", line 208, in fill
    return await self._frame.fill(self._selector, strict=True, **params)
           ^^^^^^^^^^^^^^^^^^^^^^^^^^^^^^^^^^^^^^^^^^^^^^^^^^^^^^^^^^^^^
  File "C:\Users\D\AppData\Local\Programs\Python\Python311\Lib\site-packages\playwright\_impl\_frame.py", line 527, in fill
    await self._channel.send("fill", locals_to_params(locals()))
  File "C:\Users\D\AppData\Local\Programs\Python\Python311\Lib\site-packages\playwright\_impl\_connection.py", line 59, in send
    return await self._connection.wrap_api_call(
           ^^^^^^^^^^^^^^^^^^^^^^^^^^^^^^^^^^^^^
  File "C:\Users\D\AppData\Local\Programs\Python\Python311\Lib\site-packages\playwright\_impl\_connection.py", line 520, in wrap_api_call
    raise rewrite_error(error, f"{parsed_st['apiName']}: {error}") from None
playwright._impl._errors.TimeoutError: Locator.fill: Timeout 30000ms exceeded.
Call log:
waiting for locator("input[name=\"fechaFinSubasta_0\"]").first


2026-02-09 14:55:19 [INFO] [BOE_FORM_BACKFILL] ✓ 2025-02: 0 auctions (total: 0)
2026-02-09 14:55:19 [INFO] [BOE_FORM_BACKFILL] Waiting 30s before next month...
2026-02-09 14:55:49 [INFO] [BOE_FORM_BACKFILL] 
[62/72] Scraping 2025-03
2026-02-09 14:55:50 [INFO] [BOE_FORM_BACKFILL] Submitting search form: 01/03/2025 to 31/03/2025
2026-02-09 14:56:24 [ERROR] [BOE_FORM_BACKFILL] Failed to submit search form: Locator.fill: Timeout 30000ms exceeded.
Call log:
waiting for locator("input[name=\"fechaFinSubasta_0\"]").first

2026-02-09 14:56:24 [ERROR] [BOE_FORM_BACKFILL] Failed to scrape 2025-03: Locator.fill: Timeout 30000ms exceeded.
Call log:
waiting for locator("input[name=\"fechaFinSubasta_0\"]").first

2026-02-09 14:56:24 [ERROR] [BOE_FORM_BACKFILL] Traceback (most recent call last):
  File "C:\Users\D\Desktop\dnksubastas\scraper\scrapers\boe_form_scraper.py", line 136, in scrape_month_with_form
    self.submit_search_form(page, start_str, end_str)
  File "C:\Users\D\Desktop\dnksubastas\scraper\scrapers\boe_form_scraper.py", line 85, in submit_search_form
    start_field.fill(start_date)
  File "C:\Users\D\AppData\Local\Programs\Python\Python311\Lib\site-packages\playwright\sync_api\_generated.py", line 15743, in fill
    self._sync(
  File "C:\Users\D\AppData\Local\Programs\Python\Python311\Lib\site-packages\playwright\_impl\_sync_base.py", line 115, in _sync
    return task.result()
           ^^^^^^^^^^^^^
  File "C:\Users\D\AppData\Local\Programs\Python\Python311\Lib\site-packages\playwright\_impl\_locator.py", line 208, in fill
    return await self._frame.fill(self._selector, strict=True, **params)
           ^^^^^^^^^^^^^^^^^^^^^^^^^^^^^^^^^^^^^^^^^^^^^^^^^^^^^^^^^^^^^
  File "C:\Users\D\AppData\Local\Programs\Python\Python311\Lib\site-packages\playwright\_impl\_frame.py", line 527, in fill
    await self._channel.send("fill", locals_to_params(locals()))
  File "C:\Users\D\AppData\Local\Programs\Python\Python311\Lib\site-packages\playwright\_impl\_connection.py", line 59, in send
    return await self._connection.wrap_api_call(
           ^^^^^^^^^^^^^^^^^^^^^^^^^^^^^^^^^^^^^
  File "C:\Users\D\AppData\Local\Programs\Python\Python311\Lib\site-packages\playwright\_impl\_connection.py", line 520, in wrap_api_call
    raise rewrite_error(error, f"{parsed_st['apiName']}: {error}") from None
playwright._impl._errors.TimeoutError: Locator.fill: Timeout 30000ms exceeded.
Call log:
waiting for locator("input[name=\"fechaFinSubasta_0\"]").first


2026-02-09 14:56:26 [INFO] [BOE_FORM_BACKFILL] ✓ 2025-03: 0 auctions (total: 0)
2026-02-09 14:56:26 [INFO] [BOE_FORM_BACKFILL] Waiting 30s before next month...
2026-02-09 14:56:56 [INFO] [BOE_FORM_BACKFILL] 
[63/72] Scraping 2025-04
2026-02-09 14:56:56 [INFO] [BOE_FORM_BACKFILL] Submitting search form: 01/04/2025 to 30/04/2025
2026-02-09 14:57:29 [ERROR] [BOE_FORM_BACKFILL] Failed to submit search form: Locator.fill: Timeout 30000ms exceeded.
Call log:
waiting for locator("input[name=\"fechaFinSubasta_0\"]").first

2026-02-09 14:57:29 [ERROR] [BOE_FORM_BACKFILL] Failed to scrape 2025-04: Locator.fill: Timeout 30000ms exceeded.
Call log:
waiting for locator("input[name=\"fechaFinSubasta_0\"]").first

2026-02-09 14:57:29 [ERROR] [BOE_FORM_BACKFILL] Traceback (most recent call last):
  File "C:\Users\D\Desktop\dnksubastas\scraper\scrapers\boe_form_scraper.py", line 136, in scrape_month_with_form
    self.submit_search_form(page, start_str, end_str)
  File "C:\Users\D\Desktop\dnksubastas\scraper\scrapers\boe_form_scraper.py", line 85, in submit_search_form
    start_field.fill(start_date)
  File "C:\Users\D\AppData\Local\Programs\Python\Python311\Lib\site-packages\playwright\sync_api\_generated.py", line 15743, in fill
    self._sync(
  File "C:\Users\D\AppData\Local\Programs\Python\Python311\Lib\site-packages\playwright\_impl\_sync_base.py", line 115, in _sync
    return task.result()
           ^^^^^^^^^^^^^
  File "C:\Users\D\AppData\Local\Programs\Python\Python311\Lib\site-packages\playwright\_impl\_locator.py", line 208, in fill
    return await self._frame.fill(self._selector, strict=True, **params)
           ^^^^^^^^^^^^^^^^^^^^^^^^^^^^^^^^^^^^^^^^^^^^^^^^^^^^^^^^^^^^^
  File "C:\Users\D\AppData\Local\Programs\Python\Python311\Lib\site-packages\playwright\_impl\_frame.py", line 527, in fill
    await self._channel.send("fill", locals_to_params(locals()))
  File "C:\Users\D\AppData\Local\Programs\Python\Python311\Lib\site-packages\playwright\_impl\_connection.py", line 59, in send
    return await self._connection.wrap_api_call(
           ^^^^^^^^^^^^^^^^^^^^^^^^^^^^^^^^^^^^^
  File "C:\Users\D\AppData\Local\Programs\Python\Python311\Lib\site-packages\playwright\_impl\_connection.py", line 520, in wrap_api_call
    raise rewrite_error(error, f"{parsed_st['apiName']}: {error}") from None
playwright._impl._errors.TimeoutError: Locator.fill: Timeout 30000ms exceeded.
Call log:
waiting for locator("input[name=\"fechaFinSubasta_0\"]").first


2026-02-09 14:57:29 [INFO] [BOE_FORM_BACKFILL] ✓ 2025-04: 0 auctions (total: 0)
2026-02-09 14:57:29 [INFO] [BOE_FORM_BACKFILL] Waiting 30s before next month...
2026-02-09 14:57:59 [INFO] [BOE_FORM_BACKFILL] 
[64/72] Scraping 2025-05
2026-02-09 14:57:59 [INFO] [BOE_FORM_BACKFILL] Submitting search form: 01/05/2025 to 31/05/2025
2026-02-09 14:58:29 [ERROR] [BOE_FORM_BACKFILL] Failed to submit search form: Page.goto: Timeout 30000ms exceeded.
Call log:
navigating to "https://subastas.boe.es/subastas_ava.php", waiting until "domcontentloaded"

2026-02-09 14:58:29 [ERROR] [BOE_FORM_BACKFILL] Failed to scrape 2025-05: Page.goto: Timeout 30000ms exceeded.
Call log:
navigating to "https://subastas.boe.es/subastas_ava.php", waiting until "domcontentloaded"

2026-02-09 14:58:29 [ERROR] [BOE_FORM_BACKFILL] Traceback (most recent call last):
  File "C:\Users\D\Desktop\dnksubastas\scraper\scrapers\boe_form_scraper.py", line 136, in scrape_month_with_form
    self.submit_search_form(page, start_str, end_str)
  File "C:\Users\D\Desktop\dnksubastas\scraper\scrapers\boe_form_scraper.py", line 77, in submit_search_form
    page.goto("https://subastas.boe.es/subastas_ava.php", wait_until='domcontentloaded', timeout=30000)
  File "C:\Users\D\AppData\Local\Programs\Python\Python311\Lib\site-packages\playwright\sync_api\_generated.py", line 9002, in goto
    self._sync(
  File "C:\Users\D\AppData\Local\Programs\Python\Python311\Lib\site-packages\playwright\_impl\_sync_base.py", line 115, in _sync
    return task.result()
           ^^^^^^^^^^^^^
  File "C:\Users\D\AppData\Local\Programs\Python\Python311\Lib\site-packages\playwright\_impl\_page.py", line 553, in goto
    return await self._main_frame.goto(**locals_to_params(locals()))
           ^^^^^^^^^^^^^^^^^^^^^^^^^^^^^^^^^^^^^^^^^^^^^^^^^^^^^^^^^
  File "C:\Users\D\AppData\Local\Programs\Python\Python311\Lib\site-packages\playwright\_impl\_frame.py", line 145, in goto
    await self._channel.send("goto", locals_to_params(locals()))
  File "C:\Users\D\AppData\Local\Programs\Python\Python311\Lib\site-packages\playwright\_impl\_connection.py", line 59, in send
    return await self._connection.wrap_api_call(
           ^^^^^^^^^^^^^^^^^^^^^^^^^^^^^^^^^^^^^
  File "C:\Users\D\AppData\Local\Programs\Python\Python311\Lib\site-packages\playwright\_impl\_connection.py", line 520, in wrap_api_call
    raise rewrite_error(error, f"{parsed_st['apiName']}: {error}") from None
playwright._impl._errors.TimeoutError: Page.goto: Timeout 30000ms exceeded.
Call log:
navigating to "https://subastas.boe.es/subastas_ava.php", waiting until "domcontentloaded"


2026-02-09 14:58:29 [INFO] [BOE_FORM_BACKFILL] ✓ 2025-05: 0 auctions (total: 0)
2026-02-09 14:58:29 [INFO] [BOE_FORM_BACKFILL] Waiting 30s before next month...
2026-02-09 14:58:59 [INFO] [BOE_FORM_BACKFILL] 
[65/72] Scraping 2025-06
2026-02-09 14:59:00 [INFO] [BOE_FORM_BACKFILL] Submitting search form: 01/06/2025 to 30/06/2025
2026-02-09 14:59:00 [ERROR] [BOE_FORM_BACKFILL] Failed to submit search form: Page.goto: net::ERR_NAME_NOT_RESOLVED at https://subastas.boe.es/subastas_ava.php
Call log:
navigating to "https://subastas.boe.es/subastas_ava.php", waiting until "domcontentloaded"

2026-02-09 14:59:00 [ERROR] [BOE_FORM_BACKFILL] Failed to scrape 2025-06: Page.goto: net::ERR_NAME_NOT_RESOLVED at https://subastas.boe.es/subastas_ava.php
Call log:
navigating to "https://subastas.boe.es/subastas_ava.php", waiting until "domcontentloaded"

2026-02-09 14:59:00 [ERROR] [BOE_FORM_BACKFILL] Traceback (most recent call last):
  File "C:\Users\D\Desktop\dnksubastas\scraper\scrapers\boe_form_scraper.py", line 136, in scrape_month_with_form
    self.submit_search_form(page, start_str, end_str)
  File "C:\Users\D\Desktop\dnksubastas\scraper\scrapers\boe_form_scraper.py", line 77, in submit_search_form
    page.goto("https://subastas.boe.es/subastas_ava.php", wait_until='domcontentloaded', timeout=30000)
  File "C:\Users\D\AppData\Local\Programs\Python\Python311\Lib\site-packages\playwright\sync_api\_generated.py", line 9002, in goto
    self._sync(
  File "C:\Users\D\AppData\Local\Programs\Python\Python311\Lib\site-packages\playwright\_impl\_sync_base.py", line 115, in _sync
    return task.result()
           ^^^^^^^^^^^^^
  File "C:\Users\D\AppData\Local\Programs\Python\Python311\Lib\site-packages\playwright\_impl\_page.py", line 553, in goto
    return await self._main_frame.goto(**locals_to_params(locals()))
           ^^^^^^^^^^^^^^^^^^^^^^^^^^^^^^^^^^^^^^^^^^^^^^^^^^^^^^^^^
  File "C:\Users\D\AppData\Local\Programs\Python\Python311\Lib\site-packages\playwright\_impl\_frame.py", line 145, in goto
    await self._channel.send("goto", locals_to_params(locals()))
  File "C:\Users\D\AppData\Local\Programs\Python\Python311\Lib\site-packages\playwright\_impl\_connection.py", line 59, in send
    return await self._connection.wrap_api_call(
           ^^^^^^^^^^^^^^^^^^^^^^^^^^^^^^^^^^^^^
  File "C:\Users\D\AppData\Local\Programs\Python\Python311\Lib\site-packages\playwright\_impl\_connection.py", line 520, in wrap_api_call
    raise rewrite_error(error, f"{parsed_st['apiName']}: {error}") from None
playwright._impl._errors.Error: Page.goto: net::ERR_NAME_NOT_RESOLVED at https://subastas.boe.es/subastas_ava.php
Call log:
navigating to "https://subastas.boe.es/subastas_ava.php", waiting until "domcontentloaded"


2026-02-09 14:59:00 [INFO] [BOE_FORM_BACKFILL] ✓ 2025-06: 0 auctions (total: 0)
2026-02-09 14:59:00 [INFO] [BOE_FORM_BACKFILL] Waiting 30s before next month...
2026-02-09 14:59:30 [INFO] [BOE_FORM_BACKFILL] 
[66/72] Scraping 2025-07
2026-02-09 14:59:30 [INFO] [BOE_FORM_BACKFILL] Submitting search form: 01/07/2025 to 31/07/2025
2026-02-09 15:00:00 [ERROR] [BOE_FORM_BACKFILL] Failed to submit search form: Page.goto: Timeout 30000ms exceeded.
Call log:
navigating to "https://subastas.boe.es/subastas_ava.php", waiting until "domcontentloaded"

2026-02-09 15:00:00 [ERROR] [BOE_FORM_BACKFILL] Failed to scrape 2025-07: Page.goto: Timeout 30000ms exceeded.
Call log:
navigating to "https://subastas.boe.es/subastas_ava.php", waiting until "domcontentloaded"

2026-02-09 15:00:00 [ERROR] [BOE_FORM_BACKFILL] Traceback (most recent call last):
  File "C:\Users\D\Desktop\dnksubastas\scraper\scrapers\boe_form_scraper.py", line 136, in scrape_month_with_form
    self.submit_search_form(page, start_str, end_str)
  File "C:\Users\D\Desktop\dnksubastas\scraper\scrapers\boe_form_scraper.py", line 77, in submit_search_form
    page.goto("https://subastas.boe.es/subastas_ava.php", wait_until='domcontentloaded', timeout=30000)
  File "C:\Users\D\AppData\Local\Programs\Python\Python311\Lib\site-packages\playwright\sync_api\_generated.py", line 9002, in goto
    self._sync(
  File "C:\Users\D\AppData\Local\Programs\Python\Python311\Lib\site-packages\playwright\_impl\_sync_base.py", line 115, in _sync
    return task.result()
           ^^^^^^^^^^^^^
  File "C:\Users\D\AppData\Local\Programs\Python\Python311\Lib\site-packages\playwright\_impl\_page.py", line 553, in goto
    return await self._main_frame.goto(**locals_to_params(locals()))
           ^^^^^^^^^^^^^^^^^^^^^^^^^^^^^^^^^^^^^^^^^^^^^^^^^^^^^^^^^
  File "C:\Users\D\AppData\Local\Programs\Python\Python311\Lib\site-packages\playwright\_impl\_frame.py", line 145, in goto
    await self._channel.send("goto", locals_to_params(locals()))
  File "C:\Users\D\AppData\Local\Programs\Python\Python311\Lib\site-packages\playwright\_impl\_connection.py", line 59, in send
    return await self._connection.wrap_api_call(
           ^^^^^^^^^^^^^^^^^^^^^^^^^^^^^^^^^^^^^
  File "C:\Users\D\AppData\Local\Programs\Python\Python311\Lib\site-packages\playwright\_impl\_connection.py", line 520, in wrap_api_call
    raise rewrite_error(error, f"{parsed_st['apiName']}: {error}") from None
playwright._impl._errors.TimeoutError: Page.goto: Timeout 30000ms exceeded.
Call log:
navigating to "https://subastas.boe.es/subastas_ava.php", waiting until "domcontentloaded"


2026-02-09 15:00:00 [INFO] [BOE_FORM_BACKFILL] ✓ 2025-07: 0 auctions (total: 0)
2026-02-09 15:00:00 [INFO] [BOE_FORM_BACKFILL] Waiting 30s before next month...
2026-02-09 15:00:30 [INFO] [BOE_FORM_BACKFILL] 
[67/72] Scraping 2025-08
2026-02-09 15:00:31 [INFO] [BOE_FORM_BACKFILL] Submitting search form: 01/08/2025 to 31/08/2025
2026-02-09 15:00:53 [ERROR] [BOE_FORM_BACKFILL] Failed to submit search form: Page.goto: net::ERR_CONNECTION_TIMED_OUT at https://subastas.boe.es/subastas_ava.php
Call log:
navigating to "https://subastas.boe.es/subastas_ava.php", waiting until "domcontentloaded"

2026-02-09 15:00:53 [ERROR] [BOE_FORM_BACKFILL] Failed to scrape 2025-08: Page.goto: net::ERR_CONNECTION_TIMED_OUT at https://subastas.boe.es/subastas_ava.php
Call log:
navigating to "https://subastas.boe.es/subastas_ava.php", waiting until "domcontentloaded"

2026-02-09 15:00:53 [ERROR] [BOE_FORM_BACKFILL] Traceback (most recent call last):
  File "C:\Users\D\Desktop\dnksubastas\scraper\scrapers\boe_form_scraper.py", line 136, in scrape_month_with_form
    self.submit_search_form(page, start_str, end_str)
  File "C:\Users\D\Desktop\dnksubastas\scraper\scrapers\boe_form_scraper.py", line 77, in submit_search_form
    page.goto("https://subastas.boe.es/subastas_ava.php", wait_until='domcontentloaded', timeout=30000)
  File "C:\Users\D\AppData\Local\Programs\Python\Python311\Lib\site-packages\playwright\sync_api\_generated.py", line 9002, in goto
    self._sync(
  File "C:\Users\D\AppData\Local\Programs\Python\Python311\Lib\site-packages\playwright\_impl\_sync_base.py", line 115, in _sync
    return task.result()
           ^^^^^^^^^^^^^
  File "C:\Users\D\AppData\Local\Programs\Python\Python311\Lib\site-packages\playwright\_impl\_page.py", line 553, in goto
    return await self._main_frame.goto(**locals_to_params(locals()))
           ^^^^^^^^^^^^^^^^^^^^^^^^^^^^^^^^^^^^^^^^^^^^^^^^^^^^^^^^^
  File "C:\Users\D\AppData\Local\Programs\Python\Python311\Lib\site-packages\playwright\_impl\_frame.py", line 145, in goto
    await self._channel.send("goto", locals_to_params(locals()))
  File "C:\Users\D\AppData\Local\Programs\Python\Python311\Lib\site-packages\playwright\_impl\_connection.py", line 59, in send
    return await self._connection.wrap_api_call(
           ^^^^^^^^^^^^^^^^^^^^^^^^^^^^^^^^^^^^^
  File "C:\Users\D\AppData\Local\Programs\Python\Python311\Lib\site-packages\playwright\_impl\_connection.py", line 520, in wrap_api_call
    raise rewrite_error(error, f"{parsed_st['apiName']}: {error}") from None
playwright._impl._errors.Error: Page.goto: net::ERR_CONNECTION_TIMED_OUT at https://subastas.boe.es/subastas_ava.php
Call log:
navigating to "https://subastas.boe.es/subastas_ava.php", waiting until "domcontentloaded"


2026-02-09 15:00:53 [INFO] [BOE_FORM_BACKFILL] ✓ 2025-08: 0 auctions (total: 0)
2026-02-09 15:00:53 [INFO] [BOE_FORM_BACKFILL] Waiting 30s before next month...
2026-02-09 15:01:23 [INFO] [BOE_FORM_BACKFILL] 
[68/72] Scraping 2025-09
2026-02-09 15:01:23 [INFO] [BOE_FORM_BACKFILL] Submitting search form: 01/09/2025 to 30/09/2025
2026-02-09 15:01:57 [ERROR] [BOE_FORM_BACKFILL] Failed to submit search form: Locator.fill: Timeout 30000ms exceeded.
Call log:
waiting for locator("input[name=\"fechaFinSubasta_0\"]").first

2026-02-09 15:01:57 [ERROR] [BOE_FORM_BACKFILL] Failed to scrape 2025-09: Locator.fill: Timeout 30000ms exceeded.
Call log:
waiting for locator("input[name=\"fechaFinSubasta_0\"]").first

2026-02-09 15:01:57 [ERROR] [BOE_FORM_BACKFILL] Traceback (most recent call last):
  File "C:\Users\D\Desktop\dnksubastas\scraper\scrapers\boe_form_scraper.py", line 136, in scrape_month_with_form
    self.submit_search_form(page, start_str, end_str)
  File "C:\Users\D\Desktop\dnksubastas\scraper\scrapers\boe_form_scraper.py", line 85, in submit_search_form
    start_field.fill(start_date)
  File "C:\Users\D\AppData\Local\Programs\Python\Python311\Lib\site-packages\playwright\sync_api\_generated.py", line 15743, in fill
    self._sync(
  File "C:\Users\D\AppData\Local\Programs\Python\Python311\Lib\site-packages\playwright\_impl\_sync_base.py", line 115, in _sync
    return task.result()
           ^^^^^^^^^^^^^
  File "C:\Users\D\AppData\Local\Programs\Python\Python311\Lib\site-packages\playwright\_impl\_locator.py", line 208, in fill
    return await self._frame.fill(self._selector, strict=True, **params)
           ^^^^^^^^^^^^^^^^^^^^^^^^^^^^^^^^^^^^^^^^^^^^^^^^^^^^^^^^^^^^^
  File "C:\Users\D\AppData\Local\Programs\Python\Python311\Lib\site-packages\playwright\_impl\_frame.py", line 527, in fill
    await self._channel.send("fill", locals_to_params(locals()))
  File "C:\Users\D\AppData\Local\Programs\Python\Python311\Lib\site-packages\playwright\_impl\_connection.py", line 59, in send
    return await self._connection.wrap_api_call(
           ^^^^^^^^^^^^^^^^^^^^^^^^^^^^^^^^^^^^^
  File "C:\Users\D\AppData\Local\Programs\Python\Python311\Lib\site-packages\playwright\_impl\_connection.py", line 520, in wrap_api_call
    raise rewrite_error(error, f"{parsed_st['apiName']}: {error}") from None
playwright._impl._errors.TimeoutError: Locator.fill: Timeout 30000ms exceeded.
Call log:
waiting for locator("input[name=\"fechaFinSubasta_0\"]").first


2026-02-09 15:01:57 [INFO] [BOE_FORM_BACKFILL] ✓ 2025-09: 0 auctions (total: 0)
2026-02-09 15:01:57 [INFO] [BOE_FORM_BACKFILL] Waiting 30s before next month...
2026-02-09 15:02:27 [INFO] [BOE_FORM_BACKFILL] 
[69/72] Scraping 2025-10
2026-02-09 15:02:28 [INFO] [BOE_FORM_BACKFILL] Submitting search form: 01/10/2025 to 31/10/2025
2026-02-09 15:02:40 [INFO] BrowserManager initialized
2026-02-09 15:02:40 [INFO] DatabaseAdapter initialized with sqlite
2026-02-09 15:02:40 [INFO] [BOE_FORM_BACKFILL] Skipping 2020-02 (already completed)
2026-02-09 15:02:40 [INFO] [BOE_FORM_BACKFILL] Skipping 2020-03 (already completed)
2026-02-09 15:02:40 [INFO] [BOE_FORM_BACKFILL] Skipping 2020-04 (already completed)
2026-02-09 15:02:40 [INFO] [BOE_FORM_BACKFILL] Skipping 2020-05 (already completed)
2026-02-09 15:02:40 [INFO] [BOE_FORM_BACKFILL] Skipping 2020-06 (already completed)
2026-02-09 15:02:40 [INFO] [BOE_FORM_BACKFILL] Skipping 2020-07 (already completed)
2026-02-09 15:02:40 [INFO] [BOE_FORM_BACKFILL] Skipping 2020-08 (already completed)
2026-02-09 15:02:40 [INFO] [BOE_FORM_BACKFILL] Skipping 2020-09 (already completed)
2026-02-09 15:02:40 [INFO] [BOE_FORM_BACKFILL] Skipping 2020-10 (already completed)
2026-02-09 15:02:40 [INFO] [BOE_FORM_BACKFILL] Skipping 2020-11 (already completed)
2026-02-09 15:02:40 [INFO] [BOE_FORM_BACKFILL] Skipping 2020-12 (already completed)
2026-02-09 15:02:40 [INFO] [BOE_FORM_BACKFILL] Skipping 2021-01 (already completed)
2026-02-09 15:02:40 [INFO] [BOE_FORM_BACKFILL] Skipping 2021-02 (already completed)
2026-02-09 15:02:40 [INFO] [BOE_FORM_BACKFILL] Skipping 2021-03 (already completed)
2026-02-09 15:02:40 [INFO] [BOE_FORM_BACKFILL] Skipping 2021-04 (already completed)
2026-02-09 15:02:40 [INFO] [BOE_FORM_BACKFILL] Skipping 2021-05 (already completed)
2026-02-09 15:02:40 [INFO] [BOE_FORM_BACKFILL] Skipping 2021-06 (already completed)
2026-02-09 15:02:40 [INFO] [BOE_FORM_BACKFILL] Skipping 2021-07 (already completed)
2026-02-09 15:02:40 [INFO] [BOE_FORM_BACKFILL] Skipping 2021-08 (already completed)
2026-02-09 15:02:40 [INFO] [BOE_FORM_BACKFILL] Skipping 2021-09 (already completed)
2026-02-09 15:02:40 [INFO] [BOE_FORM_BACKFILL] Skipping 2021-10 (already completed)
2026-02-09 15:02:40 [INFO] [BOE_FORM_BACKFILL] Skipping 2021-11 (already completed)
2026-02-09 15:02:40 [INFO] [BOE_FORM_BACKFILL] Skipping 2021-12 (already completed)
2026-02-09 15:02:40 [INFO] [BOE_FORM_BACKFILL] Skipping 2022-01 (already completed)
2026-02-09 15:02:40 [INFO] [BOE_FORM_BACKFILL] Skipping 2022-02 (already completed)
2026-02-09 15:02:40 [INFO] [BOE_FORM_BACKFILL] Skipping 2022-03 (already completed)
2026-02-09 15:02:40 [INFO] [BOE_FORM_BACKFILL] Skipping 2022-04 (already completed)
2026-02-09 15:02:40 [INFO] [BOE_FORM_BACKFILL] Skipping 2022-05 (already completed)
2026-02-09 15:02:40 [INFO] [BOE_FORM_BACKFILL] Skipping 2022-06 (already completed)
2026-02-09 15:02:40 [INFO] [BOE_FORM_BACKFILL] Skipping 2022-07 (already completed)
2026-02-09 15:02:40 [INFO] [BOE_FORM_BACKFILL] Skipping 2022-08 (already completed)
2026-02-09 15:02:40 [INFO] [BOE_FORM_BACKFILL] Skipping 2022-09 (already completed)
2026-02-09 15:02:40 [INFO] [BOE_FORM_BACKFILL] Skipping 2022-10 (already completed)
2026-02-09 15:02:40 [INFO] [BOE_FORM_BACKFILL] Skipping 2022-11 (already completed)
2026-02-09 15:02:40 [INFO] [BOE_FORM_BACKFILL] Skipping 2022-12 (already completed)
2026-02-09 15:02:40 [INFO] [BOE_FORM_BACKFILL] Skipping 2023-01 (already completed)
2026-02-09 15:02:40 [INFO] [BOE_FORM_BACKFILL] Skipping 2023-02 (already completed)
2026-02-09 15:02:40 [INFO] [BOE_FORM_BACKFILL] Skipping 2023-03 (already completed)
2026-02-09 15:02:40 [INFO] [BOE_FORM_BACKFILL] Skipping 2023-04 (already completed)
2026-02-09 15:02:40 [INFO] [BOE_FORM_BACKFILL] Skipping 2023-05 (already completed)
2026-02-09 15:02:40 [INFO] [BOE_FORM_BACKFILL] Skipping 2023-06 (already completed)
2026-02-09 15:02:40 [INFO] [BOE_FORM_BACKFILL] Skipping 2023-07 (already completed)
2026-02-09 15:02:40 [INFO] [BOE_FORM_BACKFILL] Skipping 2023-08 (already completed)
2026-02-09 15:02:40 [INFO] [BOE_FORM_BACKFILL] Skipping 2023-09 (already completed)
2026-02-09 15:02:40 [INFO] [BOE_FORM_BACKFILL] Skipping 2023-10 (already completed)
2026-02-09 15:02:40 [INFO] [BOE_FORM_BACKFILL] Skipping 2023-11 (already completed)
2026-02-09 15:02:40 [INFO] [BOE_FORM_BACKFILL] Skipping 2023-12 (already completed)
2026-02-09 15:02:40 [INFO] [BOE_FORM_BACKFILL] Skipping 2024-01 (already completed)
2026-02-09 15:02:40 [INFO] [BOE_FORM_BACKFILL] Skipping 2024-02 (already completed)
2026-02-09 15:02:40 [INFO] [BOE_FORM_BACKFILL] Skipping 2024-03 (already completed)
2026-02-09 15:02:40 [INFO] [BOE_FORM_BACKFILL] Skipping 2024-04 (already completed)
2026-02-09 15:02:40 [INFO] [BOE_FORM_BACKFILL] Skipping 2024-05 (already completed)
2026-02-09 15:02:40 [INFO] [BOE_FORM_BACKFILL] Skipping 2024-06 (already completed)
2026-02-09 15:02:40 [INFO] [BOE_FORM_BACKFILL] Skipping 2024-07 (already completed)
2026-02-09 15:02:40 [INFO] [BOE_FORM_BACKFILL] Skipping 2024-08 (already completed)
2026-02-09 15:02:40 [INFO] [BOE_FORM_BACKFILL] Skipping 2024-09 (already completed)
2026-02-09 15:02:40 [INFO] [BOE_FORM_BACKFILL] Skipping 2024-10 (already completed)
2026-02-09 15:02:40 [INFO] [BOE_FORM_BACKFILL] Skipping 2024-11 (already completed)
2026-02-09 15:02:40 [INFO] [BOE_FORM_BACKFILL] Skipping 2024-12 (already completed)
2026-02-09 15:02:40 [INFO] [BOE_FORM_BACKFILL] Skipping 2025-01 (already completed)
2026-02-09 15:02:40 [INFO] [BOE_FORM_BACKFILL] Skipping 2025-02 (already completed)
2026-02-09 15:02:40 [INFO] [BOE_FORM_BACKFILL] Skipping 2025-03 (already completed)
2026-02-09 15:02:40 [INFO] [BOE_FORM_BACKFILL] Skipping 2025-04 (already completed)
2026-02-09 15:02:40 [INFO] [BOE_FORM_BACKFILL] Skipping 2025-05 (already completed)
2026-02-09 15:02:40 [INFO] [BOE_FORM_BACKFILL] Skipping 2025-06 (already completed)
2026-02-09 15:02:40 [INFO] [BOE_FORM_BACKFILL] Skipping 2025-07 (already completed)
2026-02-09 15:02:40 [INFO] [BOE_FORM_BACKFILL] Skipping 2025-08 (already completed)
2026-02-09 15:02:40 [INFO] [BOE_FORM_BACKFILL] Skipping 2025-09 (already completed)
2026-02-09 15:02:40 [INFO] [BOE_FORM_BACKFILL] === Form-based backfill: 4 months to scrape ===
2026-02-09 15:02:40 [INFO] [BOE_FORM_BACKFILL] 
[1/4] Scraping 2025-10
2026-02-09 15:02:41 [INFO] Launching browser...
2026-02-09 15:02:41 [INFO] Browser launched successfully
2026-02-09 15:02:41 [INFO] [BOE_FORM_BACKFILL] Submitting search form: 01/10/2025 to 31/10/2025
2026-02-09 15:02:44 [ERROR] [BOE_FORM_BACKFILL] Failed to submit search form: Page.fill: Error: Malformed value
Call log:
waiting for locator("#desdeFP")
  -   locator resolved to <input value="" type="date" id="desdeFP" name="dato[17][0]" placeholder="dd/mm/yyyy"/>
  -   fill("01/10/2025")
  - attempting fill action
  -   waiting for element to be visible, enabled and editable

2026-02-09 15:02:44 [ERROR] [BOE_FORM_BACKFILL] Failed to scrape 2025-10: Page.fill: Error: Malformed value
Call log:
waiting for locator("#desdeFP")
  -   locator resolved to <input value="" type="date" id="desdeFP" name="dato[17][0]" placeholder="dd/mm/yyyy"/>
  -   fill("01/10/2025")
  - attempting fill action
  -   waiting for element to be visible, enabled and editable

2026-02-09 15:02:44 [ERROR] [BOE_FORM_BACKFILL] Traceback (most recent call last):
  File "C:\Users\D\Desktop\dnksubastas\scraper\scrapers\boe_form_scraper.py", line 134, in scrape_month_with_form
    self.submit_search_form(page, start_str, end_str)
  File "C:\Users\D\Desktop\dnksubastas\scraper\scrapers\boe_form_scraper.py", line 84, in submit_search_form
    page.fill('#desdeFP', start_date)
  File "C:\Users\D\AppData\Local\Programs\Python\Python311\Lib\site-packages\playwright\sync_api\_generated.py", line 10120, in fill
    self._sync(
  File "C:\Users\D\AppData\Local\Programs\Python\Python311\Lib\site-packages\playwright\_impl\_sync_base.py", line 115, in _sync
    return task.result()
           ^^^^^^^^^^^^^
  File "C:\Users\D\AppData\Local\Programs\Python\Python311\Lib\site-packages\playwright\_impl\_page.py", line 867, in fill
    return await self._main_frame.fill(**locals_to_params(locals()))
           ^^^^^^^^^^^^^^^^^^^^^^^^^^^^^^^^^^^^^^^^^^^^^^^^^^^^^^^^^
  File "C:\Users\D\AppData\Local\Programs\Python\Python311\Lib\site-packages\playwright\_impl\_frame.py", line 527, in fill
    await self._channel.send("fill", locals_to_params(locals()))
  File "C:\Users\D\AppData\Local\Programs\Python\Python311\Lib\site-packages\playwright\_impl\_connection.py", line 59, in send
    return await self._connection.wrap_api_call(
           ^^^^^^^^^^^^^^^^^^^^^^^^^^^^^^^^^^^^^
  File "C:\Users\D\AppData\Local\Programs\Python\Python311\Lib\site-packages\playwright\_impl\_connection.py", line 520, in wrap_api_call
    raise rewrite_error(error, f"{parsed_st['apiName']}: {error}") from None
playwright._impl._errors.Error: Page.fill: Error: Malformed value
Call log:
waiting for locator("#desdeFP")
  -   locator resolved to <input value="" type="date" id="desdeFP" name="dato[17][0]" placeholder="dd/mm/yyyy"/>
  -   fill("01/10/2025")
  - attempting fill action
  -   waiting for element to be visible, enabled and editable


2026-02-09 15:02:44 [INFO] [BOE_FORM_BACKFILL] ✓ 2025-10: 0 auctions (total: 0)
2026-02-09 15:02:44 [INFO] [BOE_FORM_BACKFILL] Waiting 30s before next month...
2026-02-09 15:03:14 [INFO] [BOE_FORM_BACKFILL] 
[2/4] Scraping 2025-11
2026-02-09 15:03:14 [INFO] [BOE_FORM_BACKFILL] Submitting search form: 01/11/2025 to 30/11/2025
2026-02-09 15:03:19 [ERROR] [BOE_FORM_BACKFILL] Failed to submit search form: Page.fill: Error: Malformed value
Call log:
waiting for locator("#desdeFP")
  -   locator resolved to <input value="" type="date" id="desdeFP" name="dato[17][0]" placeholder="dd/mm/yyyy"/>
  -   fill("01/11/2025")
  - attempting fill action
  -   waiting for element to be visible, enabled and editable

2026-02-09 15:03:19 [ERROR] [BOE_FORM_BACKFILL] Failed to scrape 2025-11: Page.fill: Error: Malformed value
Call log:
waiting for locator("#desdeFP")
  -   locator resolved to <input value="" type="date" id="desdeFP" name="dato[17][0]" placeholder="dd/mm/yyyy"/>
  -   fill("01/11/2025")
  - attempting fill action
  -   waiting for element to be visible, enabled and editable

2026-02-09 15:03:19 [ERROR] [BOE_FORM_BACKFILL] Traceback (most recent call last):
  File "C:\Users\D\Desktop\dnksubastas\scraper\scrapers\boe_form_scraper.py", line 134, in scrape_month_with_form
    self.submit_search_form(page, start_str, end_str)
  File "C:\Users\D\Desktop\dnksubastas\scraper\scrapers\boe_form_scraper.py", line 84, in submit_search_form
    page.fill('#desdeFP', start_date)
  File "C:\Users\D\AppData\Local\Programs\Python\Python311\Lib\site-packages\playwright\sync_api\_generated.py", line 10120, in fill
    self._sync(
  File "C:\Users\D\AppData\Local\Programs\Python\Python311\Lib\site-packages\playwright\_impl\_sync_base.py", line 115, in _sync
    return task.result()
           ^^^^^^^^^^^^^
  File "C:\Users\D\AppData\Local\Programs\Python\Python311\Lib\site-packages\playwright\_impl\_page.py", line 867, in fill
    return await self._main_frame.fill(**locals_to_params(locals()))
           ^^^^^^^^^^^^^^^^^^^^^^^^^^^^^^^^^^^^^^^^^^^^^^^^^^^^^^^^^
  File "C:\Users\D\AppData\Local\Programs\Python\Python311\Lib\site-packages\playwright\_impl\_frame.py", line 527, in fill
    await self._channel.send("fill", locals_to_params(locals()))
  File "C:\Users\D\AppData\Local\Programs\Python\Python311\Lib\site-packages\playwright\_impl\_connection.py", line 59, in send
    return await self._connection.wrap_api_call(
           ^^^^^^^^^^^^^^^^^^^^^^^^^^^^^^^^^^^^^
  File "C:\Users\D\AppData\Local\Programs\Python\Python311\Lib\site-packages\playwright\_impl\_connection.py", line 520, in wrap_api_call
    raise rewrite_error(error, f"{parsed_st['apiName']}: {error}") from None
playwright._impl._errors.Error: Page.fill: Error: Malformed value
Call log:
waiting for locator("#desdeFP")
  -   locator resolved to <input value="" type="date" id="desdeFP" name="dato[17][0]" placeholder="dd/mm/yyyy"/>
  -   fill("01/11/2025")
  - attempting fill action
  -   waiting for element to be visible, enabled and editable


2026-02-09 15:03:19 [INFO] [BOE_FORM_BACKFILL] ✓ 2025-11: 0 auctions (total: 0)
2026-02-09 15:03:19 [INFO] [BOE_FORM_BACKFILL] Waiting 30s before next month...
2026-02-09 15:03:49 [INFO] [BOE_FORM_BACKFILL] 
[3/4] Scraping 2025-12
2026-02-09 15:03:49 [INFO] [BOE_FORM_BACKFILL] Submitting search form: 01/12/2025 to 31/12/2025
2026-02-09 15:03:52 [ERROR] [BOE_FORM_BACKFILL] Failed to submit search form: Page.fill: Error: Malformed value
Call log:
waiting for locator("#desdeFP")
  -   locator resolved to <input value="" type="date" id="desdeFP" name="dato[17][0]" placeholder="dd/mm/yyyy"/>
  -   fill("01/12/2025")
  - attempting fill action
  -   waiting for element to be visible, enabled and editable

2026-02-09 15:03:52 [ERROR] [BOE_FORM_BACKFILL] Failed to scrape 2025-12: Page.fill: Error: Malformed value
Call log:
waiting for locator("#desdeFP")
  -   locator resolved to <input value="" type="date" id="desdeFP" name="dato[17][0]" placeholder="dd/mm/yyyy"/>
  -   fill("01/12/2025")
  - attempting fill action
  -   waiting for element to be visible, enabled and editable

2026-02-09 15:03:52 [ERROR] [BOE_FORM_BACKFILL] Traceback (most recent call last):
  File "C:\Users\D\Desktop\dnksubastas\scraper\scrapers\boe_form_scraper.py", line 134, in scrape_month_with_form
    # Submit the search form
  File "C:\Users\D\Desktop\dnksubastas\scraper\scrapers\boe_form_scraper.py", line 84, in submit_search_form
    page.fill('#desdeFP', start_date)
  File "C:\Users\D\AppData\Local\Programs\Python\Python311\Lib\site-packages\playwright\sync_api\_generated.py", line 10120, in fill
    self._sync(
  File "C:\Users\D\AppData\Local\Programs\Python\Python311\Lib\site-packages\playwright\_impl\_sync_base.py", line 115, in _sync
    return task.result()
           ^^^^^^^^^^^^^
  File "C:\Users\D\AppData\Local\Programs\Python\Python311\Lib\site-packages\playwright\_impl\_page.py", line 867, in fill
    return await self._main_frame.fill(**locals_to_params(locals()))
           ^^^^^^^^^^^^^^^^^^^^^^^^^^^^^^^^^^^^^^^^^^^^^^^^^^^^^^^^^
  File "C:\Users\D\AppData\Local\Programs\Python\Python311\Lib\site-packages\playwright\_impl\_frame.py", line 527, in fill
    await self._channel.send("fill", locals_to_params(locals()))
  File "C:\Users\D\AppData\Local\Programs\Python\Python311\Lib\site-packages\playwright\_impl\_connection.py", line 59, in send
    return await self._connection.wrap_api_call(
           ^^^^^^^^^^^^^^^^^^^^^^^^^^^^^^^^^^^^^
  File "C:\Users\D\AppData\Local\Programs\Python\Python311\Lib\site-packages\playwright\_impl\_connection.py", line 520, in wrap_api_call
    raise rewrite_error(error, f"{parsed_st['apiName']}: {error}") from None
playwright._impl._errors.Error: Page.fill: Error: Malformed value
Call log:
waiting for locator("#desdeFP")
  -   locator resolved to <input value="" type="date" id="desdeFP" name="dato[17][0]" placeholder="dd/mm/yyyy"/>
  -   fill("01/12/2025")
  - attempting fill action
  -   waiting for element to be visible, enabled and editable


2026-02-09 15:03:52 [INFO] [BOE_FORM_BACKFILL] ✓ 2025-12: 0 auctions (total: 0)
2026-02-09 15:03:52 [INFO] [BOE_FORM_BACKFILL] Waiting 30s before next month...
2026-02-09 15:04:21 [INFO] BrowserManager initialized
2026-02-09 15:04:21 [INFO] DatabaseAdapter initialized with sqlite
2026-02-09 15:04:21 [INFO] [BOE_FORM_BACKFILL] Skipping 2020-02 (already completed)
2026-02-09 15:04:21 [INFO] [BOE_FORM_BACKFILL] Skipping 2020-03 (already completed)
2026-02-09 15:04:21 [INFO] [BOE_FORM_BACKFILL] Skipping 2020-04 (already completed)
2026-02-09 15:04:21 [INFO] [BOE_FORM_BACKFILL] Skipping 2020-05 (already completed)
2026-02-09 15:04:21 [INFO] [BOE_FORM_BACKFILL] Skipping 2020-06 (already completed)
2026-02-09 15:04:21 [INFO] [BOE_FORM_BACKFILL] Skipping 2020-07 (already completed)
2026-02-09 15:04:21 [INFO] [BOE_FORM_BACKFILL] Skipping 2020-08 (already completed)
2026-02-09 15:04:21 [INFO] [BOE_FORM_BACKFILL] Skipping 2020-09 (already completed)
2026-02-09 15:04:21 [INFO] [BOE_FORM_BACKFILL] Skipping 2020-10 (already completed)
2026-02-09 15:04:21 [INFO] [BOE_FORM_BACKFILL] Skipping 2020-11 (already completed)
2026-02-09 15:04:21 [INFO] [BOE_FORM_BACKFILL] Skipping 2020-12 (already completed)
2026-02-09 15:04:21 [INFO] [BOE_FORM_BACKFILL] Skipping 2021-01 (already completed)
2026-02-09 15:04:21 [INFO] [BOE_FORM_BACKFILL] Skipping 2021-02 (already completed)
2026-02-09 15:04:21 [INFO] [BOE_FORM_BACKFILL] Skipping 2021-03 (already completed)
2026-02-09 15:04:21 [INFO] [BOE_FORM_BACKFILL] Skipping 2021-04 (already completed)
2026-02-09 15:04:21 [INFO] [BOE_FORM_BACKFILL] Skipping 2021-05 (already completed)
2026-02-09 15:04:21 [INFO] [BOE_FORM_BACKFILL] Skipping 2021-06 (already completed)
2026-02-09 15:04:21 [INFO] [BOE_FORM_BACKFILL] Skipping 2021-07 (already completed)
2026-02-09 15:04:21 [INFO] [BOE_FORM_BACKFILL] Skipping 2021-08 (already completed)
2026-02-09 15:04:21 [INFO] [BOE_FORM_BACKFILL] Skipping 2021-09 (already completed)
2026-02-09 15:04:21 [INFO] [BOE_FORM_BACKFILL] Skipping 2021-10 (already completed)
2026-02-09 15:04:21 [INFO] [BOE_FORM_BACKFILL] Skipping 2021-11 (already completed)
2026-02-09 15:04:21 [INFO] [BOE_FORM_BACKFILL] Skipping 2021-12 (already completed)
2026-02-09 15:04:21 [INFO] [BOE_FORM_BACKFILL] Skipping 2022-01 (already completed)
2026-02-09 15:04:21 [INFO] [BOE_FORM_BACKFILL] Skipping 2022-02 (already completed)
2026-02-09 15:04:21 [INFO] [BOE_FORM_BACKFILL] Skipping 2022-03 (already completed)
2026-02-09 15:04:21 [INFO] [BOE_FORM_BACKFILL] Skipping 2022-04 (already completed)
2026-02-09 15:04:21 [INFO] [BOE_FORM_BACKFILL] Skipping 2022-05 (already completed)
2026-02-09 15:04:21 [INFO] [BOE_FORM_BACKFILL] Skipping 2022-06 (already completed)
2026-02-09 15:04:21 [INFO] [BOE_FORM_BACKFILL] Skipping 2022-07 (already completed)
2026-02-09 15:04:21 [INFO] [BOE_FORM_BACKFILL] Skipping 2022-08 (already completed)
2026-02-09 15:04:21 [INFO] [BOE_FORM_BACKFILL] Skipping 2022-09 (already completed)
2026-02-09 15:04:21 [INFO] [BOE_FORM_BACKFILL] Skipping 2022-10 (already completed)
2026-02-09 15:04:21 [INFO] [BOE_FORM_BACKFILL] Skipping 2022-11 (already completed)
2026-02-09 15:04:21 [INFO] [BOE_FORM_BACKFILL] Skipping 2022-12 (already completed)
2026-02-09 15:04:21 [INFO] [BOE_FORM_BACKFILL] Skipping 2023-01 (already completed)
2026-02-09 15:04:21 [INFO] [BOE_FORM_BACKFILL] Skipping 2023-02 (already completed)
2026-02-09 15:04:21 [INFO] [BOE_FORM_BACKFILL] Skipping 2023-03 (already completed)
2026-02-09 15:04:21 [INFO] [BOE_FORM_BACKFILL] Skipping 2023-04 (already completed)
2026-02-09 15:04:21 [INFO] [BOE_FORM_BACKFILL] Skipping 2023-05 (already completed)
2026-02-09 15:04:21 [INFO] [BOE_FORM_BACKFILL] Skipping 2023-06 (already completed)
2026-02-09 15:04:21 [INFO] [BOE_FORM_BACKFILL] Skipping 2023-07 (already completed)
2026-02-09 15:04:21 [INFO] [BOE_FORM_BACKFILL] Skipping 2023-08 (already completed)
2026-02-09 15:04:21 [INFO] [BOE_FORM_BACKFILL] Skipping 2023-09 (already completed)
2026-02-09 15:04:21 [INFO] [BOE_FORM_BACKFILL] Skipping 2023-10 (already completed)
2026-02-09 15:04:21 [INFO] [BOE_FORM_BACKFILL] Skipping 2023-11 (already completed)
2026-02-09 15:04:21 [INFO] [BOE_FORM_BACKFILL] Skipping 2023-12 (already completed)
2026-02-09 15:04:21 [INFO] [BOE_FORM_BACKFILL] Skipping 2024-01 (already completed)
2026-02-09 15:04:21 [INFO] [BOE_FORM_BACKFILL] Skipping 2024-02 (already completed)
2026-02-09 15:04:21 [INFO] [BOE_FORM_BACKFILL] Skipping 2024-03 (already completed)
2026-02-09 15:04:21 [INFO] [BOE_FORM_BACKFILL] Skipping 2024-04 (already completed)
2026-02-09 15:04:21 [INFO] [BOE_FORM_BACKFILL] Skipping 2024-05 (already completed)
2026-02-09 15:04:21 [INFO] [BOE_FORM_BACKFILL] Skipping 2024-06 (already completed)
2026-02-09 15:04:21 [INFO] [BOE_FORM_BACKFILL] Skipping 2024-07 (already completed)
2026-02-09 15:04:21 [INFO] [BOE_FORM_BACKFILL] Skipping 2024-08 (already completed)
2026-02-09 15:04:21 [INFO] [BOE_FORM_BACKFILL] Skipping 2024-09 (already completed)
2026-02-09 15:04:21 [INFO] [BOE_FORM_BACKFILL] Skipping 2024-10 (already completed)
2026-02-09 15:04:21 [INFO] [BOE_FORM_BACKFILL] Skipping 2024-11 (already completed)
2026-02-09 15:04:21 [INFO] [BOE_FORM_BACKFILL] Skipping 2024-12 (already completed)
2026-02-09 15:04:21 [INFO] [BOE_FORM_BACKFILL] Skipping 2025-01 (already completed)
2026-02-09 15:04:21 [INFO] [BOE_FORM_BACKFILL] Skipping 2025-02 (already completed)
2026-02-09 15:04:21 [INFO] [BOE_FORM_BACKFILL] Skipping 2025-03 (already completed)
2026-02-09 15:04:21 [INFO] [BOE_FORM_BACKFILL] Skipping 2025-04 (already completed)
2026-02-09 15:04:21 [INFO] [BOE_FORM_BACKFILL] Skipping 2025-05 (already completed)
2026-02-09 15:04:21 [INFO] [BOE_FORM_BACKFILL] Skipping 2025-06 (already completed)
2026-02-09 15:04:21 [INFO] [BOE_FORM_BACKFILL] Skipping 2025-07 (already completed)
2026-02-09 15:04:21 [INFO] [BOE_FORM_BACKFILL] Skipping 2025-08 (already completed)
2026-02-09 15:04:21 [INFO] [BOE_FORM_BACKFILL] Skipping 2025-09 (already completed)
2026-02-09 15:04:21 [INFO] [BOE_FORM_BACKFILL] Skipping 2025-10 (already completed)
2026-02-09 15:04:21 [INFO] [BOE_FORM_BACKFILL] Skipping 2025-11 (already completed)
2026-02-09 15:04:21 [INFO] [BOE_FORM_BACKFILL] Skipping 2025-12 (already completed)
2026-02-09 15:04:21 [INFO] [BOE_FORM_BACKFILL] === Form-based backfill: 1 months to scrape ===
2026-02-09 15:04:21 [INFO] [BOE_FORM_BACKFILL] 
[1/1] Scraping 2026-01
2026-02-09 15:04:22 [INFO] Launching browser...
2026-02-09 15:04:22 [INFO] Browser launched successfully
2026-02-09 15:04:23 [INFO] [BOE_FORM_BACKFILL] Submitting search form: 2026-01-01 to 2026-01-31
2026-02-09 15:04:36 [INFO] [BOE_FORM_BACKFILL] Form submitted successfully
2026-02-09 15:04:37 [INFO] [BOE_FORM_BACKFILL] Page 1: Processing 500 items
2026-02-09 15:04:42 [INFO] Connecting to SQLite: C:\Users\D\Desktop\dnksubastas\data\database\prod.db
2026-02-09 15:04:42 [INFO] Database connection established
2026-02-09 15:04:42 [INFO] Inserted auction: SUB-JA-2025-254644
2026-02-09 15:04:47 [INFO] Inserted auction: SUB-JA-2022-203982
2026-02-09 15:04:53 [INFO] Inserted auction: SUB-JA-2025-249670
2026-02-09 15:04:59 [INFO] Inserted auction: SUB-JA-2025-251047
2026-02-09 15:05:05 [INFO] Inserted auction: SUB-JA-2025-251275
2026-02-09 15:05:11 [INFO] Inserted auction: SUB-JA-2025-253371
2026-02-09 15:05:16 [INFO] Inserted auction: SUB-JA-2025-254604
2026-02-09 15:05:23 [INFO] Inserted auction: SUB-JA-2025-254992
2026-02-09 15:05:29 [INFO] Inserted auction: SUB-JA-2025-255000
2026-02-09 15:05:46 [INFO] BrowserManager initialized
2026-02-09 15:05:46 [INFO] DatabaseAdapter initialized with sqlite
2026-02-09 15:05:46 [INFO] [BOE_FORM_BACKFILL] === Form-based backfill: 72 months to scrape ===
2026-02-09 15:05:46 [INFO] [BOE_FORM_BACKFILL] 
[1/72] Scraping 2020-02
2026-02-09 15:05:46 [INFO] Launching browser...
2026-02-09 15:05:46 [INFO] Browser launched successfully
2026-02-09 15:05:47 [INFO] [BOE_FORM_BACKFILL] Submitting search form: 2020-02-01 to 2020-02-29
2026-02-09 15:05:59 [INFO] [BOE_FORM_BACKFILL] Form submitted successfully
2026-02-09 15:06:14 [WARNING] [BOE_FORM_BACKFILL] Could not find results container, checking page content...
2026-02-09 15:06:14 [INFO] [BOE_FORM_BACKFILL] No items found on page 1
2026-02-09 15:06:14 [INFO] [BOE_FORM_BACKFILL] Saved 0 auctions for 2020-02
2026-02-09 15:06:14 [INFO] [BOE_FORM_BACKFILL] ✓ 2020-02: 0 auctions (total: 0)
2026-02-09 15:06:14 [INFO] [BOE_FORM_BACKFILL] Waiting 30s before next month...
2026-02-09 15:06:44 [INFO] [BOE_FORM_BACKFILL] 
[2/72] Scraping 2020-03
2026-02-09 15:06:45 [INFO] [BOE_FORM_BACKFILL] Submitting search form: 2020-03-01 to 2020-03-31
2026-02-09 15:06:57 [INFO] [BOE_FORM_BACKFILL] Form submitted successfully
2026-02-09 15:07:12 [WARNING] [BOE_FORM_BACKFILL] Could not find results container, checking page content...
2026-02-09 15:07:12 [INFO] [BOE_FORM_BACKFILL] No items found on page 1
2026-02-09 15:07:12 [INFO] [BOE_FORM_BACKFILL] Saved 0 auctions for 2020-03
2026-02-09 15:07:12 [INFO] [BOE_FORM_BACKFILL] ✓ 2020-03: 0 auctions (total: 0)
2026-02-09 15:07:12 [INFO] [BOE_FORM_BACKFILL] Waiting 30s before next month...
2026-02-09 15:07:42 [INFO] [BOE_FORM_BACKFILL] 
[3/72] Scraping 2020-04
2026-02-09 15:07:43 [INFO] [BOE_FORM_BACKFILL] Submitting search form: 2020-04-01 to 2020-04-30
2026-02-09 15:07:55 [INFO] [BOE_FORM_BACKFILL] Form submitted successfully
2026-02-09 15:07:55 [INFO] [BOE_FORM_BACKFILL] Page 1: Processing 215 items
2026-02-09 15:08:00 [INFO] Connecting to SQLite: C:\Users\D\Desktop\dnksubastas\data\database\prod.db
2026-02-09 15:08:00 [INFO] Database connection established
2026-02-09 15:08:00 [INFO] Updated auction: SUB-JA-2019-117741
2026-02-09 15:08:06 [INFO] Updated auction: SUB-JA-2019-127833
2026-02-09 15:08:12 [INFO] Updated auction: SUB-JA-2019-128956
2026-02-09 15:08:17 [INFO] Updated auction: SUB-JA-2019-128964
2026-02-09 15:08:23 [INFO] Updated auction: SUB-JA-2019-131278
2026-02-09 15:08:29 [INFO] Updated auction: SUB-JA-2019-131600
2026-02-09 15:08:34 [INFO] Updated auction: SUB-JA-2019-132517
2026-02-09 15:08:39 [INFO] Updated auction: SUB-JA-2019-135116
2026-02-09 15:08:44 [INFO] Updated auction: SUB-JA-2019-135408
2026-02-09 15:08:49 [INFO] Updated auction: SUB-JA-2019-136442
2026-02-09 15:08:54 [INFO] Updated auction: SUB-JA-2019-137319
2026-02-09 15:09:00 [INFO] Updated auction: SUB-JA-2019-137606
2026-02-09 15:09:06 [INFO] Updated auction: SUB-JA-2019-137764
2026-02-09 15:09:12 [INFO] Updated auction: SUB-JA-2019-139781
2026-02-09 15:09:17 [INFO] Updated auction: SUB-JA-2019-139829
2026-02-09 15:09:23 [INFO] Updated auction: SUB-JA-2019-142121
2026-02-09 15:09:30 [INFO] Updated auction: SUB-JA-2019-142205
2026-02-09 15:09:39 [INFO] Updated auction: SUB-JA-2019-142214
2026-02-09 15:09:47 [INFO] Updated auction: SUB-JA-2020-143052
2026-02-09 15:09:52 [INFO] Updated auction: SUB-JA-2020-143063
2026-02-09 15:09:57 [INFO] Updated auction: SUB-JA-2020-143141
2026-02-09 15:10:03 [INFO] Updated auction: SUB-JA-2020-143430
2026-02-09 15:10:09 [INFO] Updated auction: SUB-JA-2020-143609
2026-02-09 15:10:14 [INFO] Updated auction: SUB-JA-2020-143657
2026-02-09 15:10:20 [INFO] Updated auction: SUB-JA-2020-144128
2026-02-09 15:10:26 [INFO] Inserted auction: SUB-JA-2020-144183
2026-02-09 15:10:32 [INFO] Inserted auction: SUB-JA-2020-144213
2026-02-09 15:10:37 [INFO] Inserted auction: SUB-JA-2020-144490
2026-02-09 15:10:42 [INFO] Inserted auction: SUB-JA-2020-144633
2026-02-09 15:10:47 [INFO] Inserted auction: SUB-JA-2020-144713
2026-02-09 15:10:53 [INFO] Inserted auction: SUB-JA-2020-145072
2026-02-09 15:10:59 [INFO] Inserted auction: SUB-JA-2020-145111
2026-02-09 15:11:05 [INFO] Inserted auction: SUB-JA-2020-145236
2026-02-09 15:11:10 [INFO] Inserted auction: SUB-JA-2020-145237
2026-02-09 15:11:16 [INFO] Inserted auction: SUB-JA-2020-145339
2026-02-09 15:11:21 [INFO] Inserted auction: SUB-JA-2020-145342
2026-02-09 15:11:27 [INFO] Inserted auction: SUB-JA-2020-145692
2026-02-09 15:11:33 [INFO] Inserted auction: SUB-JA-2020-145853
2026-02-09 15:11:39 [INFO] Inserted auction: SUB-JA-2020-145855
2026-02-09 15:11:45 [INFO] Inserted auction: SUB-JA-2020-145886
2026-02-09 15:11:51 [INFO] Inserted auction: SUB-JA-2020-145950
2026-02-09 15:11:57 [INFO] Inserted auction: SUB-JA-2020-145951
2026-02-09 15:12:03 [INFO] Inserted auction: SUB-JA-2020-146006
2026-02-09 15:12:09 [INFO] Inserted auction: SUB-JA-2020-146069
2026-02-09 15:12:15 [INFO] Inserted auction: SUB-JA-2020-146215
2026-02-09 15:12:21 [INFO] Inserted auction: SUB-JA-2020-146229
2026-02-09 15:12:27 [INFO] Inserted auction: SUB-JA-2020-146240
2026-02-09 15:12:33 [INFO] Inserted auction: SUB-JA-2020-146260
2026-02-09 15:12:39 [INFO] Inserted auction: SUB-JA-2020-146300
2026-02-09 15:12:44 [INFO] Inserted auction: SUB-JA-2020-146349
2026-02-09 15:12:50 [INFO] Inserted auction: SUB-JA-2020-146359
2026-02-09 15:12:55 [INFO] Inserted auction: SUB-JA-2020-146401
2026-02-09 15:13:01 [INFO] Inserted auction: SUB-JA-2020-146427
2026-02-09 15:13:06 [INFO] Inserted auction: SUB-JA-2020-146436
2026-02-09 15:13:12 [INFO] Inserted auction: SUB-JA-2020-146448
2026-02-09 15:13:19 [INFO] Inserted auction: SUB-JA-2020-146498
2026-02-09 15:13:24 [INFO] Inserted auction: SUB-JA-2020-146688
2026-02-09 15:13:30 [INFO] Inserted auction: SUB-JA-2020-146737
2026-02-09 15:13:36 [INFO] Inserted auction: SUB-JC-2020-133506
2026-02-09 15:13:41 [INFO] Inserted auction: SUB-JC-2020-144534
2026-02-09 15:13:48 [INFO] Inserted auction: SUB-JC-2020-144588
2026-02-09 15:13:53 [INFO] Inserted auction: SUB-JC-2020-146137
2026-02-09 15:13:59 [INFO] Inserted auction: SUB-JC-2020-146426
2026-02-09 15:14:05 [INFO] Inserted auction: SUB-JV-2019-133532
2026-02-09 15:14:11 [INFO] Inserted auction: SUB-JV-2020-143929
2026-02-09 15:14:17 [INFO] Inserted auction: SUB-JV-2020-144916
2026-02-09 15:14:23 [INFO] Inserted auction: SUB-JV-2020-146672
2026-02-09 15:14:28 [INFO] Inserted auction: SUB-JV-2020-146679
2026-02-09 15:14:33 [INFO] Inserted auction: SUB-NE-2020-405921
2026-02-09 15:14:38 [INFO] Inserted auction: SUB-JA-2018-107778
2026-02-09 15:14:44 [INFO] Inserted auction: SUB-JA-2018-107926
2026-02-09 15:14:49 [INFO] Inserted auction: SUB-JA-2018-113171
2026-02-09 15:14:55 [INFO] Inserted auction: SUB-JA-2019-117335
2026-02-09 15:15:00 [INFO] Inserted auction: SUB-JA-2019-132477
2026-02-09 15:15:06 [INFO] Inserted auction: SUB-JA-2019-133897
2026-02-09 15:15:13 [INFO] Inserted auction: SUB-JA-2019-134119
2026-02-09 15:15:18 [INFO] Inserted auction: SUB-JA-2019-135184
2026-02-09 15:15:24 [INFO] Inserted auction: SUB-JA-2019-138042
2026-02-09 15:15:31 [INFO] Inserted auction: SUB-JA-2019-138533
2026-02-09 15:15:37 [INFO] Inserted auction: SUB-JA-2019-138755
2026-02-09 15:15:43 [INFO] Inserted auction: SUB-JA-2019-138762
2026-02-09 15:15:49 [INFO] Inserted auction: SUB-JA-2019-140108
2026-02-09 15:15:55 [INFO] Inserted auction: SUB-JA-2019-141029
2026-02-09 15:16:00 [INFO] Inserted auction: SUB-JA-2019-141148
2026-02-09 15:16:05 [INFO] Inserted auction: SUB-JA-2020-141108
2026-02-09 15:16:10 [INFO] Inserted auction: SUB-JA-2020-142559
2026-02-09 15:16:16 [INFO] Inserted auction: SUB-JA-2020-143810
2026-02-09 15:16:22 [INFO] Inserted auction: SUB-JA-2020-144211
2026-02-09 15:16:28 [INFO] Inserted auction: SUB-JA-2020-144219
2026-02-09 15:16:33 [INFO] Inserted auction: SUB-JA-2020-144251
2026-02-09 15:16:39 [INFO] Inserted auction: SUB-JA-2020-144265
2026-02-09 15:16:44 [INFO] Inserted auction: SUB-JA-2020-144623
2026-02-09 15:16:50 [INFO] Inserted auction: SUB-JA-2020-144652
2026-02-09 15:16:56 [INFO] Inserted auction: SUB-JA-2020-144960
2026-02-09 15:17:02 [INFO] Inserted auction: SUB-JA-2020-145019
2026-02-09 15:17:08 [INFO] Inserted auction: SUB-JA-2020-145034
2026-02-09 15:17:14 [INFO] Inserted auction: SUB-JA-2020-145147
2026-02-09 15:17:21 [INFO] Inserted auction: SUB-JA-2020-145265
2026-02-09 15:17:27 [INFO] Inserted auction: SUB-JA-2020-145358
2026-02-09 15:17:32 [INFO] Inserted auction: SUB-JA-2020-145607
2026-02-09 15:17:37 [INFO] Inserted auction: SUB-JA-2020-145696
2026-02-09 15:17:42 [INFO] Inserted auction: SUB-JA-2020-145787
2026-02-09 15:17:49 [INFO] Inserted auction: SUB-JA-2020-145820
2026-02-09 15:17:55 [INFO] Inserted auction: SUB-JA-2020-145870
2026-02-09 15:18:01 [INFO] Inserted auction: SUB-JA-2020-145872
2026-02-09 15:18:07 [INFO] Inserted auction: SUB-JA-2020-145877
2026-02-09 15:18:12 [INFO] Inserted auction: SUB-JA-2020-145890
2026-02-09 15:18:19 [INFO] Inserted auction: SUB-JA-2020-145933
2026-02-09 15:18:24 [INFO] Inserted auction: SUB-JA-2020-146011
2026-02-09 15:18:30 [INFO] Inserted auction: SUB-JA-2020-146045
2026-02-09 15:18:35 [INFO] Inserted auction: SUB-JA-2020-146085
2026-02-09 15:18:40 [INFO] Inserted auction: SUB-JA-2020-146087
2026-02-09 15:18:45 [INFO] Inserted auction: SUB-JA-2020-146132
2026-02-09 15:18:51 [INFO] Inserted auction: SUB-JA-2020-146148
2026-02-09 15:18:57 [INFO] Inserted auction: SUB-JA-2020-146168
2026-02-09 15:19:02 [INFO] Inserted auction: SUB-JA-2020-146220
2026-02-09 15:19:08 [INFO] Inserted auction: SUB-JA-2020-146228
2026-02-09 15:19:14 [INFO] Inserted auction: SUB-JA-2020-146293
2026-02-09 15:19:19 [INFO] Inserted auction: SUB-JA-2020-146302
2026-02-09 15:19:25 [INFO] Inserted auction: SUB-JA-2020-146338
2026-02-09 15:19:31 [INFO] Inserted auction: SUB-JA-2020-146370
2026-02-09 15:19:37 [INFO] Inserted auction: SUB-JA-2020-146374
2026-02-09 15:19:43 [INFO] Inserted auction: SUB-JA-2020-146398
2026-02-09 15:19:48 [INFO] Inserted auction: SUB-JA-2020-146410
2026-02-09 15:19:54 [INFO] Inserted auction: SUB-JA-2020-146461
2026-02-09 15:20:00 [INFO] Inserted auction: SUB-JA-2020-146476
2026-02-09 15:20:05 [INFO] Inserted auction: SUB-JA-2020-146489
2026-02-09 15:20:11 [INFO] Inserted auction: SUB-JA-2020-146502
2026-02-09 15:20:16 [INFO] Inserted auction: SUB-JA-2020-146512
2026-02-09 15:20:22 [INFO] Inserted auction: SUB-JA-2020-146519
2026-02-09 15:20:28 [INFO] Inserted auction: SUB-JA-2020-146526
2026-02-09 15:20:34 [INFO] Inserted auction: SUB-JA-2020-146553
2026-02-09 15:20:39 [INFO] Inserted auction: SUB-JA-2020-146560
2026-02-09 15:20:46 [INFO] Inserted auction: SUB-JA-2020-146615
2026-02-09 15:20:51 [INFO] Inserted auction: SUB-JA-2020-146661
2026-02-09 15:20:57 [INFO] Inserted auction: SUB-JA-2020-146782
2026-02-09 15:21:03 [INFO] Inserted auction: SUB-JA-2020-146827
2026-02-09 15:21:08 [INFO] Inserted auction: SUB-JA-2020-146854
2026-02-09 15:21:14 [INFO] Inserted auction: SUB-JC-2020-142745
2026-02-09 15:21:19 [INFO] Inserted auction: SUB-JC-2020-146176
2026-02-09 15:21:25 [INFO] Inserted auction: SUB-JC-2020-146685
2026-02-09 15:21:31 [INFO] Inserted auction: SUB-JV-2019-140790
2026-02-09 15:21:37 [INFO] Inserted auction: SUB-JV-2020-145728
2026-02-09 15:21:43 [INFO] Inserted auction: SUB-JV-2020-146263
2026-02-09 15:21:48 [INFO] Inserted auction: SUB-JV-2020-146809
2026-02-09 15:21:54 [INFO] Inserted auction: SUB-JV-2020-146823
2026-02-09 15:21:59 [INFO] Inserted auction: SUB-JV-2020-146840
2026-02-09 15:22:04 [INFO] Inserted auction: SUB-NE-2020-405922
2026-02-09 15:22:10 [INFO] Inserted auction: SUB-NE-2020-405923
2026-02-09 15:22:16 [INFO] Inserted auction: SUB-NV-2020-376025
2026-02-09 15:22:23 [INFO] Inserted auction: SUB-NV-2020-405924
2026-02-09 15:22:28 [INFO] Inserted auction: SUB-NV-2020-405925
2026-02-09 15:22:34 [INFO] Inserted auction: SUB-JC-2020-143436
2026-02-09 15:22:39 [INFO] Inserted auction: SUB-JA-2020-144053
2026-02-09 15:22:44 [INFO] Inserted auction: SUB-JA-2020-144399
2026-02-09 15:22:50 [INFO] Inserted auction: SUB-JA-2020-144908
2026-02-09 15:22:56 [INFO] Inserted auction: SUB-JC-2020-145457
2026-02-09 15:23:02 [INFO] Inserted auction: SUB-JA-2019-124537
2026-02-09 15:23:07 [INFO] Inserted auction: SUB-JA-2019-127934
2026-02-09 15:23:13 [INFO] Inserted auction: SUB-JA-2020-135577
2026-02-09 15:23:18 [INFO] Inserted auction: SUB-JA-2020-143344
2026-02-09 15:23:24 [INFO] Inserted auction: SUB-JA-2020-143617
2026-02-09 15:23:30 [INFO] Inserted auction: SUB-JA-2018-114808
2026-02-09 15:23:35 [INFO] Inserted auction: SUB-JA-2019-129193
2026-02-09 15:23:41 [INFO] Inserted auction: SUB-JA-2019-129334
2026-02-09 15:23:47 [INFO] Inserted auction: SUB-JA-2019-130521
2026-02-09 15:23:53 [INFO] Inserted auction: SUB-JA-2018-112701
2026-02-09 15:23:59 [INFO] Inserted auction: SUB-JA-2019-130473
2026-02-09 15:24:05 [INFO] Inserted auction: SUB-JA-2019-130522
2026-02-09 15:24:11 [INFO] Inserted auction: SUB-JA-2019-130557
2026-02-09 15:24:17 [INFO] Inserted auction: SUB-JA-2019-130559
2026-02-09 15:24:22 [INFO] Inserted auction: SUB-JA-2019-131100
2026-02-09 15:24:28 [INFO] Inserted auction: SUB-JA-2019-131103
2026-02-09 15:24:33 [INFO] Inserted auction: SUB-JA-2020-132164
2026-02-09 15:24:38 [INFO] Inserted auction: SUB-JA-2019-132174
2026-02-09 15:24:43 [INFO] Inserted auction: SUB-JA-2019-132254
2026-02-09 15:24:49 [INFO] Inserted auction: SUB-JA-2019-132440
2026-02-09 15:24:54 [INFO] Inserted auction: SUB-JA-2019-132631
2026-02-09 15:25:00 [INFO] Inserted auction: SUB-JA-2019-133762
2026-02-09 15:25:05 [INFO] Inserted auction: SUB-JA-2019-132815
2026-02-09 15:25:12 [INFO] Inserted auction: SUB-JA-2019-133763
2026-02-09 15:25:17 [INFO] Inserted auction: SUB-JA-2019-133994
2026-02-09 15:25:23 [INFO] Inserted auction: SUB-JA-2020-133995
2026-02-09 15:25:29 [INFO] Inserted auction: SUB-JA-2020-134013
2026-02-09 15:25:35 [INFO] Inserted auction: SUB-JA-2020-134936
2026-02-09 15:25:41 [INFO] Inserted auction: SUB-JA-2020-134937
2026-02-09 15:25:47 [INFO] Inserted auction: SUB-JA-2020-134958
2026-02-09 15:25:53 [INFO] Inserted auction: SUB-JA-2019-136186
2026-02-09 15:25:59 [INFO] Inserted auction: SUB-JA-2020-136211
2026-02-09 15:26:04 [INFO] Inserted auction: SUB-JA-2020-138557
2026-02-09 15:26:10 [INFO] Inserted auction: SUB-JA-2019-140088
2026-02-09 15:26:16 [INFO] Inserted auction: SUB-JA-2019-140126
2026-02-09 15:26:22 [INFO] Inserted auction: SUB-JA-2019-141595
2026-02-09 15:26:27 [INFO] Inserted auction: SUB-JA-2020-142088
2026-02-09 15:26:32 [INFO] Inserted auction: SUB-JA-2020-142792
2026-02-09 15:26:38 [INFO] Inserted auction: SUB-JC-2020-142800
2026-02-09 15:26:43 [INFO] Inserted auction: SUB-JA-2020-143341
2026-02-09 15:26:49 [INFO] Inserted auction: SUB-JA-2020-143562
2026-02-09 15:26:55 [INFO] Inserted auction: SUB-JA-2020-143620
2026-02-09 15:27:01 [INFO] Inserted auction: SUB-JA-2020-143621
2026-02-09 15:27:07 [INFO] Inserted auction: SUB-JA-2020-144584
2026-02-09 15:27:13 [INFO] Inserted auction: SUB-JC-2020-144857
2026-02-09 15:27:20 [INFO] Inserted auction: SUB-JA-2020-145191
2026-02-09 15:27:25 [INFO] Inserted auction: SUB-JA-2020-145332
2026-02-09 15:27:31 [INFO] Inserted auction: SUB-JA-2017-79895
2026-02-09 15:27:36 [INFO] Inserted auction: SUB-JA-2020-139431
2026-02-09 15:27:43 [INFO] Inserted auction: SUB-JA-2018-115577
2026-02-09 15:27:49 [INFO] Inserted auction: SUB-JA-2019-110059
2026-02-09 15:27:54 [INFO] Inserted auction: SUB-JA-2019-136549
2026-02-09 15:28:00 [INFO] Inserted auction: SUB-JA-2020-145840
2026-02-09 15:28:06 [INFO] Inserted auction: SUB-AT-2020-19R0786001090
2026-02-09 15:28:11 [INFO] Inserted auction: SUB-AT-2020-19R0886002251
2026-02-09 15:28:16 [INFO] Inserted auction: SUB-AT-2020-19R3586001156
2026-02-09 15:28:21 [INFO] Inserted auction: SUB-RC-2019-0009218
2026-02-09 15:28:26 [INFO] Inserted auction: SUB-RC-2020-0601100102003
2026-02-09 15:28:26 [INFO] [BOE_FORM_BACKFILL] Saved 215 auctions for 2020-04
2026-02-09 15:28:26 [INFO] [BOE_FORM_BACKFILL] ✓ 2020-04: 215 auctions (total: 215)
2026-02-09 15:28:26 [INFO] [BOE_FORM_BACKFILL] Waiting 30s before next month...
2026-02-09 15:28:56 [INFO] [BOE_FORM_BACKFILL] 
[4/72] Scraping 2020-05
2026-02-09 15:28:57 [INFO] [BOE_FORM_BACKFILL] Submitting search form: 2020-05-01 to 2020-05-31
2026-02-09 15:29:08 [INFO] [BOE_FORM_BACKFILL] Form submitted successfully
2026-02-09 15:29:08 [INFO] [BOE_FORM_BACKFILL] Page 1: Processing 348 items
2026-02-09 15:29:13 [INFO] Inserted auction: SUB-AT-2020-19R0886001447
2026-02-09 15:29:19 [INFO] Inserted auction: SUB-AT-2020-19R0886001457
2026-02-09 15:29:24 [INFO] Inserted auction: SUB-AT-2020-19R0886001464
2026-02-09 15:29:31 [INFO] Inserted auction: SUB-AT-2020-19R0886001465
2026-02-09 15:29:37 [INFO] Inserted auction: SUB-AT-2020-19R0886001490
2026-02-09 15:29:42 [INFO] Inserted auction: SUB-AT-2020-19R0886001505
2026-02-09 15:29:47 [INFO] Inserted auction: SUB-AT-2020-19R0886001530
2026-02-09 15:29:52 [INFO] Inserted auction: SUB-AT-2020-19R0886001559
2026-02-09 15:29:57 [INFO] Inserted auction: SUB-AT-2020-19R0886001610
2026-02-09 15:30:03 [INFO] Inserted auction: SUB-AT-2020-19R0886001642
2026-02-09 15:30:09 [INFO] Inserted auction: SUB-AT-2020-19R0886001672
2026-02-09 15:30:16 [INFO] Inserted auction: SUB-AT-2020-19R0886001673
2026-02-09 15:30:22 [INFO] Inserted auction: SUB-AT-2020-19R0886001674
2026-02-09 15:30:27 [INFO] Inserted auction: SUB-AT-2020-19R0886001678
2026-02-09 15:30:32 [INFO] Inserted auction: SUB-AT-2020-19R0886001685
2026-02-09 15:30:37 [INFO] Inserted auction: SUB-AT-2020-19R0886001693
2026-02-09 15:30:43 [INFO] Inserted auction: SUB-AT-2020-19R0886001694
2026-02-09 15:30:48 [INFO] Inserted auction: SUB-AT-2020-19R0886001695
2026-02-09 15:30:53 [INFO] Inserted auction: SUB-AT-2020-19R0886001700
2026-02-09 15:30:59 [INFO] Inserted auction: SUB-AT-2020-19R0886002172
2026-02-09 15:31:05 [INFO] Inserted auction: SUB-AT-2020-19R0886002174
2026-02-09 15:31:21 [INFO] Inserted auction: SUB-AT-2020-19R0886002175
2026-02-09 15:31:25 [INFO] Inserted auction: SUB-AT-2020-19R0886002216
2026-02-09 15:31:31 [INFO] Inserted auction: SUB-AT-2020-19R0886002246
2026-02-09 15:31:37 [INFO] Inserted auction: SUB-AT-2020-19R0886002250
2026-02-09 15:31:43 [INFO] Inserted auction: SUB-AT-2020-19R0886002252
2026-02-09 15:31:49 [INFO] Inserted auction: SUB-AT-2020-19R0886002258
2026-02-09 15:31:54 [INFO] Inserted auction: SUB-AT-2020-19R1586001223
2026-02-09 15:32:00 [INFO] Inserted auction: SUB-AT-2020-19R2886001144
2026-02-09 15:32:05 [INFO] Inserted auction: SUB-AT-2020-19R2886001606
2026-02-09 15:32:10 [INFO] Inserted auction: SUB-AT-2020-19R2886001652
2026-02-09 15:32:16 [INFO] Inserted auction: SUB-AT-2020-19R2886001732
2026-02-09 15:32:22 [INFO] Inserted auction: SUB-AT-2020-19R2886001747
2026-02-09 15:32:28 [INFO] Inserted auction: SUB-AT-2020-19R2886001770
2026-02-09 15:32:34 [INFO] Inserted auction: SUB-AT-2020-19R2886001807
2026-02-09 15:32:40 [INFO] Inserted auction: SUB-AT-2020-19R2886001808
2026-02-09 15:32:45 [INFO] Inserted auction: SUB-AT-2020-19R2886001809
2026-02-09 15:32:51 [INFO] Inserted auction: SUB-AT-2020-19R2886001814
2026-02-09 15:32:57 [INFO] Inserted auction: SUB-AT-2020-19R2886001837
2026-02-09 15:33:03 [INFO] Inserted auction: SUB-AT-2020-19R2886001852
2026-02-09 15:33:08 [INFO] Inserted auction: SUB-AT-2020-19R2886001853
2026-02-09 15:33:15 [INFO] Inserted auction: SUB-AT-2020-19R2886001854
2026-02-09 15:33:20 [INFO] Inserted auction: SUB-AT-2020-19R2886001855
2026-02-09 15:33:26 [INFO] Inserted auction: SUB-AT-2020-19R2986002005
2026-02-09 15:33:31 [INFO] Inserted auction: SUB-AT-2020-19R3886001107
2026-02-09 15:33:36 [INFO] Inserted auction: SUB-AT-2020-19R4186001390
2026-02-09 15:33:41 [INFO] Inserted auction: SUB-AT-2020-19R4186001582
2026-02-09 15:33:47 [INFO] Inserted auction: SUB-AT-2020-19R4186001607
2026-02-09 15:33:52 [INFO] Inserted auction: SUB-AT-2020-19R4186001608
2026-02-09 15:33:58 [INFO] Inserted auction: SUB-AT-2020-19R4186001624
2026-02-09 15:34:03 [INFO] Inserted auction: SUB-AT-2020-19R4186001661
2026-02-09 15:34:09 [INFO] Inserted auction: SUB-AT-2020-19R4186001663
2026-02-09 15:34:14 [INFO] Inserted auction: SUB-AT-2020-19R4186001667
2026-02-09 15:34:21 [INFO] Inserted auction: SUB-AT-2020-19R4186001673
2026-02-09 15:34:27 [INFO] Inserted auction: SUB-AT-2020-19R4186001677
2026-02-09 15:34:32 [INFO] Inserted auction: SUB-AT-2020-19R4586001243
2026-02-09 15:34:38 [INFO] Inserted auction: SUB-AT-2020-19R4686001A10
2026-02-09 15:34:44 [INFO] Inserted auction: SUB-AT-2020-19R4686001A46
2026-02-09 15:34:50 [INFO] Inserted auction: SUB-AT-2020-19R4686001A62
2026-02-09 15:34:55 [INFO] Inserted auction: SUB-AT-2020-19R4686001A79
2026-02-09 15:35:01 [INFO] Inserted auction: SUB-AT-2020-19R4686001A85
2026-02-09 15:35:07 [INFO] Inserted auction: SUB-AT-2020-19R4686001A86
2026-02-09 15:35:13 [INFO] Inserted auction: SUB-AT-2020-19R4686001A96
2026-02-09 15:35:19 [INFO] Inserted auction: SUB-AT-2020-19R4686001A98
2026-02-09 15:35:25 [INFO] Inserted auction: SUB-AT-2020-19R4686001B01
2026-02-09 15:35:30 [INFO] Inserted auction: SUB-AT-2020-19R4686001B03
2026-02-09 15:35:35 [INFO] Inserted auction: SUB-AT-2020-19R4686001B50
2026-02-09 15:35:40 [INFO] Inserted auction: SUB-AT-2020-19R4686001B71
2026-02-09 15:35:47 [INFO] Inserted auction: SUB-AT-2020-19R4686001B72
2026-02-09 15:35:53 [INFO] Inserted auction: SUB-AT-2020-19R4686002052
2026-02-09 15:35:59 [INFO] Inserted auction: SUB-AT-2020-19R4686002054
2026-02-09 15:36:05 [INFO] Inserted auction: SUB-AT-2020-19R4786001192
2026-02-09 15:36:10 [INFO] Inserted auction: SUB-AT-2020-19R4786001278
2026-02-09 15:36:16 [INFO] Inserted auction: SUB-AT-2020-19R4786001385
2026-02-09 15:36:21 [INFO] Inserted auction: SUB-AT-2020-20R0786001002
2026-02-09 15:36:28 [INFO] Inserted auction: SUB-AT-2020-20R0786001004
2026-02-09 15:36:34 [INFO] Inserted auction: SUB-AT-2020-20R1586002002
2026-02-09 15:36:40 [INFO] Inserted auction: SUB-AT-2020-20R2686001007
2026-02-09 15:36:45 [INFO] Inserted auction: SUB-AT-2020-20R2896001001
2026-02-09 15:36:52 [INFO] Inserted auction: SUB-AT-2020-20R3086001003
2026-02-09 15:36:58 [INFO] Inserted auction: SUB-AT-2020-20R3086001004
2026-02-09 15:37:04 [INFO] Inserted auction: SUB-AT-2020-20R3086001006
2026-02-09 15:37:09 [INFO] Inserted auction: SUB-AT-2020-20R3086001007
2026-02-09 15:37:14 [INFO] Inserted auction: SUB-AT-2020-20R3086001014
2026-02-09 15:37:20 [INFO] Inserted auction: SUB-AT-2020-20R3086001018
2026-02-09 15:37:25 [INFO] Inserted auction: SUB-AT-2020-20R3086001019
2026-02-09 15:37:31 [INFO] Inserted auction: SUB-AT-2020-20R3086001020
2026-02-09 15:37:37 [INFO] Inserted auction: SUB-AT-2020-20R3386001009
2026-02-09 15:37:42 [INFO] Inserted auction: SUB-AT-2020-20R3386002001
2026-02-09 15:37:48 [INFO] Inserted auction: SUB-AT-2020-20R3386002002
2026-02-09 15:37:53 [INFO] Inserted auction: SUB-AT-2020-20R4186001011
2026-02-09 15:37:59 [INFO] Inserted auction: SUB-AT-2020-20R4186002001
2026-02-09 15:38:05 [INFO] Inserted auction: SUB-AT-2020-20R4586001004
2026-02-09 15:38:10 [INFO] Inserted auction: SUB-AT-2020-20R4586001014
2026-02-09 15:38:15 [INFO] Inserted auction: SUB-AT-2020-20R4586001032
2026-02-09 15:38:21 [INFO] Inserted auction: SUB-AT-2020-20R4586002003
2026-02-09 15:38:26 [INFO] Inserted auction: SUB-AT-2020-20R4686001018
2026-02-09 15:38:31 [INFO] Inserted auction: SUB-AT-2020-20R4786002002
2026-02-09 15:38:36 [INFO] Inserted auction: SUB-RC-2019-0009103
2026-02-09 15:38:42 [INFO] Inserted auction: SUB-RC-2019-0009105
2026-02-09 15:38:47 [INFO] Inserted auction: SUB-RC-2019-000915A
2026-02-09 15:38:53 [INFO] Inserted auction: SUB-RC-2019-0009222
2026-02-09 15:38:58 [INFO] Inserted auction: SUB-RC-2019-0009227
2026-02-09 15:39:04 [INFO] Inserted auction: SUB-RC-2019-0009245
2026-02-09 15:39:09 [INFO] Inserted auction: SUB-RC-2019-000932
2026-02-09 15:39:14 [INFO] Inserted auction: SUB-RC-2019-000938
2026-02-09 15:39:21 [INFO] Inserted auction: SUB-RC-2019-000965
2026-02-09 15:39:26 [INFO] Inserted auction: SUB-RC-2019-000973
2026-02-09 15:39:32 [INFO] Inserted auction: SUB-RC-2020-000920
2026-02-09 15:39:38 [INFO] Inserted auction: SUB-RC-2020-0025I20190024
2026-02-09 15:39:43 [INFO] Inserted auction: SUB-RC-2020-0025I20200002
2026-02-09 15:39:49 [INFO] Inserted auction: SUB-RC-2020-0026I20170186
2026-02-09 15:39:55 [INFO] Inserted auction: SUB-RC-2020-0026I20170200
2026-02-09 15:40:00 [INFO] Inserted auction: SUB-RC-2020-0026I20170254
2026-02-09 15:40:06 [INFO] Inserted auction: SUB-RC-2020-0026I20180014
2026-02-09 15:40:12 [INFO] Inserted auction: SUB-RC-2020-0026I20180132
2026-02-09 15:40:17 [INFO] Inserted auction: SUB-RC-2020-0026I20180145
2026-02-09 15:40:22 [INFO] Inserted auction: SUB-RC-2020-0026I20180279
2026-02-09 15:40:28 [INFO] Inserted auction: SUB-RC-2020-0026I20180312
2026-02-09 15:40:34 [INFO] Inserted auction: SUB-RC-2020-0026I20180324
2026-02-09 15:40:40 [INFO] Inserted auction: SUB-RC-2020-0026018000263
2026-02-09 15:40:46 [INFO] Inserted auction: SUB-RC-2020-0026018000292
2026-02-09 15:40:52 [INFO] Inserted auction: SUB-RC-2020-0026018000329
2026-02-09 15:40:57 [INFO] Inserted auction: SUB-RC-2020-0026019000052
2026-02-09 15:41:03 [INFO] Inserted auction: SUB-RC-2020-0057401
2026-02-09 15:41:09 [INFO] Inserted auction: SUB-RC-2020-0057421
2026-02-09 15:41:15 [INFO] Inserted auction: SUB-RC-2020-0200100164
2026-02-09 15:41:20 [INFO] Inserted auction: SUB-RC-2020-0200100166
2026-02-09 15:41:26 [INFO] Inserted auction: SUB-RC-2020-0300200118243
2026-02-09 15:41:31 [INFO] Inserted auction: SUB-RC-2020-030020011982
2026-02-09 15:41:37 [INFO] Inserted auction: SUB-RC-2020-07003001197
2026-02-09 15:41:43 [INFO] Inserted auction: SUB-RC-2020-16001001004
2026-02-09 15:41:49 [INFO] Inserted auction: SUB-RC-2020-16001001006
2026-02-09 15:41:55 [INFO] Inserted auction: SUB-RC-2020-16001001007
2026-02-09 15:42:00 [INFO] Inserted auction: SUB-RC-2020-16001001010
2026-02-09 15:42:06 [INFO] Inserted auction: SUB-RC-2020-16001001011
2026-02-09 15:42:11 [INFO] Inserted auction: SUB-RC-2020-16001001012
2026-02-09 15:42:17 [INFO] Inserted auction: SUB-RC-2020-16001001013
2026-02-09 15:42:22 [INFO] Inserted auction: SUB-RC-2020-16001001014
2026-02-09 15:42:28 [INFO] Inserted auction: SUB-RC-2020-16001001015
2026-02-09 15:42:34 [INFO] Inserted auction: SUB-RC-2020-16001001016
2026-02-09 15:42:39 [INFO] Inserted auction: SUB-RC-2020-1710000117
2026-02-09 15:42:45 [INFO] Inserted auction: SUB-RC-2020-18009001GR007
2026-02-09 15:42:51 [INFO] Inserted auction: SUB-RC-2020-4000100140001
2026-02-09 15:42:57 [INFO] Inserted auction: SUB-RC-2020-4000100145814
2026-02-09 15:43:03 [INFO] Inserted auction: SUB-RC-2020-5100100150327
2026-02-09 15:43:09 [INFO] Inserted auction: SUB-AT-2020-19R2886001723
2026-02-09 15:43:15 [INFO] Inserted auction: SUB-RC-2020-0025I20190041
2026-02-09 15:43:21 [INFO] Inserted auction: SUB-RC-2020-16001001005
2026-02-09 15:43:27 [INFO] Inserted auction: SUB-AT-2020-19R1586001246
2026-02-09 15:43:32 [INFO] Inserted auction: SUB-AT-2020-20R4186001016
2026-02-09 15:43:38 [INFO] Inserted auction: SUB-AT-2020-20R4586002005
2026-02-09 15:43:44 [INFO] Inserted auction: SUB-RC-2020-4200200112020
2026-02-09 15:43:50 [INFO] Inserted auction: SUB-AT-2020-20R4686001003
2026-02-09 15:43:55 [INFO] Inserted auction: SUB-AT-2020-20R3086001013
2026-02-09 15:44:00 [INFO] Inserted auction: SUB-AT-2020-19R0886001549
2026-02-09 15:44:05 [INFO] Inserted auction: SUB-AT-2020-20R3086001009
2026-02-09 15:44:11 [INFO] Inserted auction: SUB-AT-2020-20R3086001011
2026-02-09 15:44:16 [INFO] Inserted auction: SUB-AT-2020-20R3086001008
2026-02-09 15:44:21 [INFO] Inserted auction: SUB-AT-2020-19R2886001797
2026-02-09 15:44:26 [INFO] Inserted auction: SUB-AT-2020-19R4186001649
2026-02-09 15:44:31 [INFO] Inserted auction: SUB-AT-2020-20R3086001010
2026-02-09 15:44:36 [INFO] Inserted auction: SUB-AT-2020-19R4786001357
2026-02-09 15:44:42 [INFO] Inserted auction: SUB-AT-2020-20R4586001023
2026-02-09 15:44:47 [INFO] Inserted auction: SUB-AT-2020-19R2886001803
2026-02-09 15:44:52 [INFO] Inserted auction: SUB-AT-2020-20R2686001008
2026-02-09 15:45:00 [INFO] Inserted auction: SUB-AT-2020-19R4786001355
2026-02-09 15:45:06 [INFO] Inserted auction: SUB-AT-2020-19R0886001502
2026-02-09 15:45:12 [INFO] Inserted auction: SUB-AT-2020-19R4186001671
2026-02-09 15:45:17 [INFO] Inserted auction: SUB-AT-2020-19R4186001598
2026-02-09 15:45:22 [INFO] Inserted auction: SUB-AT-2020-19R0786001104
2026-02-09 15:45:27 [INFO] Inserted auction: SUB-AT-2020-20R5086001004
2026-02-09 15:45:33 [INFO] Inserted auction: SUB-AT-2020-19R1586001247
2026-02-09 15:45:39 [INFO] Inserted auction: SUB-AT-2020-20R4186001007
2026-02-09 15:45:44 [INFO] Inserted auction: SUB-AT-2020-19R4186001668
2026-02-09 15:45:49 [INFO] Inserted auction: SUB-AT-2020-20R3386002003
2026-02-09 15:45:54 [INFO] Inserted auction: SUB-AT-2020-19R4786001327
2026-02-09 15:46:01 [INFO] Inserted auction: SUB-AT-2020-19R2886001804
2026-02-09 15:46:06 [INFO] Inserted auction: SUB-AT-2020-20R0886001017
2026-02-09 15:46:12 [INFO] Inserted auction: SUB-AT-2020-20R5086001003
2026-02-09 15:46:18 [INFO] Inserted auction: SUB-RC-2020-0200100151
2026-02-09 15:46:24 [INFO] Inserted auction: SUB-AT-2020-19R4186001674
2026-02-09 15:46:30 [INFO] Inserted auction: SUB-RC-2020-0026I20180209
2026-02-09 15:46:35 [INFO] Inserted auction: SUB-AT-2020-19R4186001675
2026-02-09 15:46:40 [INFO] Inserted auction: SUB-AT-2020-20R5086002001
2026-02-09 15:46:45 [INFO] Inserted auction: SUB-AT-2020-19R0886002181
2026-02-09 15:46:51 [INFO] Inserted auction: SUB-RC-2020-0026I20180323
2026-02-09 15:46:57 [INFO] Inserted auction: SUB-RC-2020-0026I20180297
2026-02-09 15:47:02 [INFO] Inserted auction: SUB-AT-2020-19R4786001330
2026-02-09 15:47:07 [INFO] Inserted auction: SUB-AT-2020-19R4786001314
2026-02-09 15:47:12 [INFO] Inserted auction: SUB-AT-2020-19R4786001331
2026-02-09 15:47:19 [INFO] Inserted auction: SUB-AT-2020-19R2886001726
2026-02-09 15:47:25 [INFO] Inserted auction: SUB-AT-2020-20R5086001005
2026-02-09 15:47:30 [INFO] Inserted auction: SUB-AT-2020-19R4786001322
2026-02-09 15:47:35 [INFO] Inserted auction: SUB-AT-2020-19R0886001458
2026-02-09 15:47:41 [INFO] Inserted auction: SUB-AT-2020-19R4186001678
2026-02-09 15:47:47 [INFO] Inserted auction: SUB-AT-2020-20R4686001023
2026-02-09 15:47:52 [INFO] Inserted auction: SUB-AT-2020-20R0686001007
2026-02-09 15:47:58 [INFO] Inserted auction: SUB-AT-2020-19R4686001B49
2026-02-09 15:48:03 [INFO] Inserted auction: SUB-AT-2020-19R4186001672
2026-02-09 15:48:08 [INFO] Inserted auction: SUB-AT-2020-19R1586001249
2026-02-09 15:48:14 [INFO] Inserted auction: SUB-AT-2020-19R0886001466
2026-02-09 15:48:20 [INFO] Inserted auction: SUB-AT-2020-20R4586001030
2026-02-09 15:48:25 [INFO] Inserted auction: SUB-AT-2020-19R4686001B48
2026-02-09 15:48:30 [INFO] Inserted auction: SUB-AT-2020-20R4686001010
2026-02-09 15:48:36 [INFO] Inserted auction: SUB-AT-2020-19R2886001786
2026-02-09 15:48:41 [INFO] Inserted auction: SUB-AT-2020-19R2886001789
2026-02-09 15:48:47 [INFO] Inserted auction: SUB-AT-2020-20R4686001015
2026-02-09 15:48:53 [INFO] Inserted auction: SUB-AT-2020-19R4786001360
2026-02-09 15:48:58 [INFO] Inserted auction: SUB-AT-2020-20R1586002003
2026-02-09 15:49:04 [INFO] Inserted auction: SUB-AT-2020-19R4786001291
2026-02-09 15:49:10 [INFO] Inserted auction: SUB-RC-2020-070030012302
2026-02-09 15:49:16 [INFO] Inserted auction: SUB-RC-2020-070030012303
2026-02-09 15:49:22 [INFO] Inserted auction: SUB-RC-2020-0026I20180320
2026-02-09 15:49:27 [INFO] Inserted auction: SUB-AT-2020-20R0686001008
2026-02-09 15:49:33 [INFO] Inserted auction: SUB-AT-2020-19R0886001682
2026-02-09 15:49:38 [INFO] Inserted auction: SUB-AT-2020-20R0686001015
2026-02-09 15:49:44 [INFO] Inserted auction: SUB-AT-2020-19R2886001787
2026-02-09 15:49:51 [INFO] Inserted auction: SUB-AT-2020-19R2886001815
2026-02-09 15:49:56 [INFO] Inserted auction: SUB-AT-2020-19R1586001250
2026-02-09 15:50:01 [INFO] Inserted auction: SUB-AT-2020-19R1586001227
2026-02-09 15:50:07 [INFO] Inserted auction: SUB-AT-2020-19R1586001242
2026-02-09 15:50:13 [INFO] Inserted auction: SUB-AT-2020-19R2886001486
2026-02-09 15:50:18 [INFO] Inserted auction: SUB-RC-2020-0025I20190026
2026-02-09 15:50:24 [INFO] Inserted auction: SUB-AT-2020-20R4686001005
2026-02-09 15:50:30 [INFO] Inserted auction: SUB-AT-2020-19R4186001551
2026-02-09 15:50:36 [INFO] Inserted auction: SUB-AT-2020-20R0686001014
2026-02-09 15:50:42 [INFO] Inserted auction: SUB-AT-2020-20R2686001006
2026-02-09 15:50:48 [INFO] Inserted auction: SUB-AT-2020-20R0686001013
2026-02-09 15:50:54 [INFO] Inserted auction: SUB-AT-2020-20R4586002004
2026-02-09 15:50:59 [INFO] Inserted auction: SUB-AT-2020-20R1586001004
2026-02-09 15:51:05 [INFO] Inserted auction: SUB-AT-2020-19R4186001657
2026-02-09 15:51:10 [INFO] Inserted auction: SUB-AT-2020-19R2986001196
2026-02-09 15:51:16 [INFO] Inserted auction: SUB-RC-2020-0026I20180298
2026-02-09 15:51:21 [INFO] Inserted auction: SUB-AT-2020-19R4186001665
2026-02-09 15:51:26 [INFO] Inserted auction: SUB-AT-2020-20R4186001008
2026-02-09 15:51:32 [INFO] Inserted auction: SUB-AT-2020-20R4586001025
2026-02-09 15:51:39 [INFO] Inserted auction: SUB-AT-2020-20R3086001012
2026-02-09 15:51:44 [INFO] Inserted auction: SUB-AT-2020-19R4186001664
2026-02-09 15:51:50 [INFO] Inserted auction: SUB-AT-2020-19R4686001B05
2026-02-09 15:51:56 [INFO] Inserted auction: SUB-AT-2020-19R4686001B59
2026-02-09 15:52:02 [INFO] Inserted auction: SUB-AT-2020-19R0886001454
2026-02-09 15:52:07 [INFO] Inserted auction: SUB-AT-2020-19R4686001B31
2026-02-09 15:52:12 [INFO] Inserted auction: SUB-AT-2020-20R3386001005
2026-02-09 15:52:17 [INFO] Inserted auction: SUB-AT-2020-19R2986001217
2026-02-09 15:52:22 [INFO] Inserted auction: SUB-AT-2020-20R0686001011
2026-02-09 15:52:27 [INFO] Inserted auction: SUB-RC-2020-0025I20190035
2026-02-09 15:52:34 [INFO] Inserted auction: SUB-AT-2020-19R4186001666
2026-02-09 15:52:39 [INFO] Inserted auction: SUB-AT-2020-20R0686001012
2026-02-09 15:52:44 [INFO] Inserted auction: SUB-AT-2020-19R0886001455
2026-02-09 15:52:49 [INFO] Inserted auction: SUB-AT-2020-19R4686001936
2026-02-09 15:52:54 [INFO] Inserted auction: SUB-AT-2020-19R0786001107
2026-02-09 15:53:00 [INFO] Inserted auction: SUB-AT-2020-19R2986002006
2026-02-09 15:53:06 [INFO] Inserted auction: SUB-AT-2020-20R3386001006
2026-02-09 15:53:12 [INFO] Inserted auction: SUB-AT-2020-19R4786001326
2026-02-09 15:53:18 [INFO] Inserted auction: SUB-AT-2020-19R4686001A44
2026-02-09 15:53:23 [INFO] Inserted auction: SUB-AT-2020-19R4686001A91
2026-02-09 15:53:28 [INFO] Inserted auction: SUB-AT-2020-20R4686001016
2026-02-09 15:53:33 [INFO] Inserted auction: SUB-AT-2020-19R0886001579
2026-02-09 15:53:38 [INFO] Inserted auction: SUB-AT-2020-19R4186001686
2026-02-09 15:53:44 [INFO] Inserted auction: SUB-AT-2020-19R2686001103
2026-02-09 15:53:51 [INFO] Inserted auction: SUB-AT-2020-20R1586002001
2026-02-09 15:53:57 [INFO] Inserted auction: SUB-AT-2020-19R2986001220
2026-02-09 15:54:03 [INFO] Inserted auction: SUB-AT-2020-19R1586001237
2026-02-09 15:54:08 [INFO] Inserted auction: SUB-AT-2020-19R4686001B47
2026-02-09 15:54:14 [INFO] Inserted auction: SUB-AT-2020-20R4186001012
2026-02-09 15:54:20 [INFO] Inserted auction: SUB-AT-2020-19R4186001576
2026-02-09 15:54:26 [INFO] Inserted auction: SUB-AT-2020-19R4186001659
2026-02-09 15:54:31 [INFO] Inserted auction: SUB-RC-2020-0026I20180002
2026-02-09 15:54:37 [INFO] Inserted auction: SUB-AT-2020-19R4186001658
2026-02-09 15:54:42 [INFO] Inserted auction: SUB-AT-2020-19R0786001098
2026-02-09 15:54:47 [INFO] Inserted auction: SUB-AT-2020-19R2886001792
2026-02-09 15:54:52 [INFO] Inserted auction: SUB-AT-2020-20R3386001002
2026-02-09 15:54:59 [INFO] Inserted auction: SUB-AT-2020-19R2886001816
2026-02-09 15:55:05 [INFO] Inserted auction: SUB-AT-2020-19R0886001683
2026-02-09 15:55:11 [INFO] Inserted auction: SUB-AT-2020-19R0886001677
2026-02-09 15:55:16 [INFO] Inserted auction: SUB-AT-2020-19R0886001299
2026-02-09 15:55:21 [INFO] Inserted auction: SUB-AT-2020-19R2886001828
2026-02-09 15:55:26 [INFO] Inserted auction: SUB-AT-2020-19R4686001B08
2026-02-09 15:55:32 [INFO] Inserted auction: SUB-AT-2020-20R3386001001
2026-02-09 15:55:37 [INFO] Inserted auction: SUB-AT-2020-19R4186001605
2026-02-09 15:55:43 [INFO] Inserted auction: SUB-AT-2020-20R0886001005
2026-02-09 15:55:49 [INFO] Inserted auction: SUB-RC-2020-0026I20190026
2026-02-09 15:55:53 [INFO] Inserted auction: SUB-RC-2020-0026I20190025
2026-02-09 15:56:00 [INFO] Inserted auction: SUB-AT-2020-19R4686001B58
2026-02-09 15:56:05 [INFO] Inserted auction: SUB-AT-2020-19R3086001225
2026-02-09 15:56:11 [INFO] Inserted auction: SUB-AT-2020-19R2886001872
2026-02-09 15:56:17 [INFO] Inserted auction: SUB-AT-2020-19R4186001683
2026-02-09 15:56:23 [INFO] Inserted auction: SUB-AT-2020-20R0686001009
2026-02-09 15:56:29 [INFO] Inserted auction: SUB-AT-2020-19R4686001A99
2026-02-09 15:56:35 [INFO] Inserted auction: SUB-AT-2020-20R4586001012
2026-02-09 15:56:41 [INFO] Inserted auction: SUB-AT-2020-19R0886002059
2026-02-09 15:56:47 [INFO] Inserted auction: SUB-AT-2020-19R4786001290
2026-02-09 15:56:52 [INFO] Inserted auction: SUB-AT-2020-19R4786001318
2026-02-09 15:56:58 [INFO] Inserted auction: SUB-AT-2020-20R3386001003
2026-02-09 15:57:04 [INFO] Inserted auction: SUB-AT-2020-19R0886001202
2026-02-09 15:57:09 [INFO] Inserted auction: SUB-AT-2020-19R4186001669
2026-02-09 15:57:15 [INFO] Inserted auction: SUB-AT-2020-19R0886001675
2026-02-09 15:57:21 [INFO] Inserted auction: SUB-AT-2020-19R0886001676
2026-02-09 15:57:26 [INFO] Inserted auction: SUB-RC-2020-07003001230
2026-02-09 15:57:32 [INFO] Inserted auction: SUB-AT-2020-19R4186001417
2026-02-09 15:57:38 [INFO] Inserted auction: SUB-AT-2020-19R0786001105
2026-02-09 15:57:43 [INFO] Inserted auction: SUB-AT-2020-19R4786001356
2026-02-09 15:57:49 [INFO] Inserted auction: SUB-RC-2020-18009001GR006
2026-02-09 15:57:55 [INFO] Inserted auction: SUB-AT-2020-20R5086001002
2026-02-09 15:58:01 [INFO] Inserted auction: SUB-AT-2020-20R1586001010
2026-02-09 15:58:06 [INFO] Inserted auction: SUB-AT-2020-19R4686001B04
2026-02-09 15:58:12 [INFO] Inserted auction: SUB-AT-2020-19R4686001B09
2026-02-09 15:58:18 [INFO] Inserted auction: SUB-AT-2020-20R1586001003
2026-02-09 15:58:23 [INFO] Inserted auction: SUB-AT-2020-20R1586001002
2026-02-09 15:58:29 [INFO] Inserted auction: SUB-RC-2020-18009001GR005
2026-02-09 15:58:34 [INFO] Inserted auction: SUB-AT-2020-19R4186001350
2026-02-09 15:58:40 [INFO] Inserted auction: SUB-AT-2020-19R4186001416
2026-02-09 15:58:46 [INFO] Inserted auction: SUB-AT-2020-20R0786001003
2026-02-09 15:58:52 [INFO] Inserted auction: SUB-AT-2020-19R4786001358
2026-02-09 15:58:57 [INFO] Inserted auction: SUB-AT-2020-19R0786001106
2026-02-09 15:59:03 [INFO] Inserted auction: SUB-AT-2020-19R0886001461
2026-02-09 15:59:08 [INFO] Inserted auction: SUB-AT-2020-19R0886001684
2026-02-09 15:59:14 [INFO] Inserted auction: SUB-AT-2020-20R4586001028
2026-02-09 15:59:20 [INFO] Inserted auction: SUB-AT-2020-19R0886001680
2026-02-09 15:59:25 [INFO] Inserted auction: SUB-AT-2020-19R0886001492
2026-02-09 15:59:31 [INFO] Inserted auction: SUB-RC-2020-07003001189
2026-02-09 15:59:37 [INFO] Inserted auction: SUB-AT-2020-20R0686001016
2026-02-09 15:59:43 [INFO] Inserted auction: SUB-AT-2020-19R0886001300
2026-02-09 15:59:49 [INFO] Inserted auction: SUB-AT-2020-19R2886001810
2026-02-09 15:59:54 [INFO] Inserted auction: SUB-AT-2020-19R4686001B06
2026-02-09 16:00:00 [INFO] Inserted auction: SUB-AT-2020-19R4686001B07
2026-02-09 16:00:06 [INFO] Inserted auction: SUB-AT-2020-19R2886001712
2026-02-09 16:00:13 [INFO] Inserted auction: SUB-AT-2020-19R4186001684
2026-02-09 16:00:19 [INFO] Inserted auction: SUB-AT-2020-19R4686001B10
2026-02-09 16:00:24 [INFO] Inserted auction: SUB-AT-2020-20R4186001005
2026-02-09 16:00:30 [INFO] Inserted auction: SUB-AT-2020-19R0886001687
2026-02-09 16:00:36 [INFO] Inserted auction: SUB-AT-2020-19R0886001438
2026-02-09 16:00:41 [INFO] Inserted auction: SUB-AT-2020-19R2886001823
2026-02-09 16:00:47 [INFO] Inserted auction: SUB-AT-2020-19R2886001820
2026-02-09 16:00:53 [INFO] Inserted auction: SUB-AT-2020-19R2886001817
2026-02-09 16:00:59 [INFO] Inserted auction: SUB-AT-2020-19R2886001821
2026-02-09 16:01:04 [INFO] Inserted auction: SUB-AT-2020-19R0886001681
2026-02-09 16:01:20 [INFO] Inserted auction: SUB-AT-2020-20R3086001002
2026-02-09 16:01:25 [INFO] Inserted auction: SUB-AT-2020-20R3386001004
2026-02-09 16:01:32 [INFO] Inserted auction: SUB-AT-2020-19R0886001562
2026-02-09 16:01:38 [INFO] Inserted auction: SUB-AT-2020-19R2886001819
2026-02-09 16:01:44 [INFO] Inserted auction: SUB-AT-2020-19R4586001244
2026-02-09 16:01:49 [INFO] Inserted auction: SUB-RC-2020-0026I20170252
2026-02-09 16:01:55 [INFO] Inserted auction: SUB-RC-2020-07003001259
2026-02-09 16:02:03 [INFO] Inserted auction: SUB-AT-2020-19R2886001760
2026-02-09 16:02:08 [INFO] Inserted auction: SUB-RC-2020-16001001008
2026-02-09 16:02:14 [INFO] Inserted auction: SUB-AT-2020-19R4186001676
2026-02-09 16:02:14 [INFO] [BOE_FORM_BACKFILL] Saved 348 auctions for 2020-05
2026-02-09 16:02:14 [INFO] [BOE_FORM_BACKFILL] ✓ 2020-05: 348 auctions (total: 563)
2026-02-09 16:02:14 [INFO] [BOE_FORM_BACKFILL] Waiting 30s before next month...
2026-02-09 16:02:44 [INFO] [BOE_FORM_BACKFILL] 
[5/72] Scraping 2020-06
2026-02-09 16:02:44 [INFO] [BOE_FORM_BACKFILL] Submitting search form: 2020-06-01 to 2020-06-30
2026-02-09 16:02:57 [INFO] [BOE_FORM_BACKFILL] Form submitted successfully
2026-02-09 16:02:57 [INFO] [BOE_FORM_BACKFILL] Page 1: Processing 500 items
2026-02-09 16:03:04 [INFO] Inserted auction: SUB-AT-2020-19R1586001230
2026-02-09 16:03:10 [INFO] Inserted auction: SUB-RC-2020-07003001184
2026-02-09 16:03:15 [INFO] Inserted auction: SUB-AT-2019-19R5086001018
2026-02-09 16:03:21 [INFO] Inserted auction: SUB-AT-2020-19R0886001471
2026-02-09 16:03:27 [INFO] Inserted auction: SUB-AT-2020-19R0886001552
2026-02-09 16:03:34 [INFO] Inserted auction: SUB-AT-2020-19R0886001561
2026-02-09 16:03:39 [INFO] Inserted auction: SUB-AT-2020-19R0886001619
2026-02-09 16:03:45 [INFO] Inserted auction: SUB-AT-2020-19R0886001662
2026-02-09 16:03:50 [INFO] Inserted auction: SUB-AT-2020-19R0886001686
2026-02-09 16:03:56 [INFO] Inserted auction: SUB-AT-2020-19R1586001245
2026-02-09 16:04:03 [INFO] Inserted auction: SUB-AT-2020-19R4686001B26
2026-02-09 16:04:08 [INFO] Inserted auction: SUB-AT-2020-19R4786001382
2026-02-09 16:04:14 [INFO] Inserted auction: SUB-AT-2020-20R0886001046
2026-02-09 16:04:19 [INFO] Inserted auction: SUB-AT-2020-20R0886001047
2026-02-09 16:04:26 [INFO] Inserted auction: SUB-AT-2020-20R0886001048
2026-02-09 16:04:33 [INFO] Inserted auction: SUB-AT-2020-20R0886001049
2026-02-09 16:04:38 [INFO] Inserted auction: SUB-AT-2020-20R0886001050
2026-02-09 16:04:44 [INFO] Inserted auction: SUB-AT-2020-20R0886001051
2026-02-09 16:04:50 [INFO] Inserted auction: SUB-AT-2020-20R0886001052
2026-02-09 16:04:55 [INFO] Inserted auction: SUB-AT-2020-20R0886001053
2026-02-09 16:05:02 [INFO] Inserted auction: SUB-AT-2020-20R0886001054
2026-02-09 16:05:07 [INFO] Inserted auction: SUB-AT-2020-20R1586001005
2026-02-09 16:05:14 [INFO] Inserted auction: SUB-AT-2020-20R3086001017
2026-02-09 16:05:19 [INFO] Inserted auction: SUB-AT-2020-20R3086001024
2026-02-09 16:05:24 [INFO] Inserted auction: SUB-AT-2020-20R4786001007
2026-02-09 16:05:30 [INFO] Inserted auction: SUB-AT-2020-20R4786001010
2026-02-09 16:05:36 [INFO] Inserted auction: SUB-AT-2020-20R4786001011
2026-02-09 16:05:41 [INFO] Inserted auction: SUB-JA-2016-26382
2026-02-09 16:05:48 [INFO] Inserted auction: SUB-JA-2016-30870
2026-02-09 16:05:55 [INFO] Inserted auction: SUB-JA-2017-58554
2026-02-09 16:06:01 [INFO] Inserted auction: SUB-JA-2017-81877
2026-02-09 16:06:08 [INFO] Inserted auction: SUB-JA-2018-105262
2026-02-09 16:06:12 [INFO] Inserted auction: SUB-JA-2018-106684
2026-02-09 16:06:17 [INFO] Inserted auction: SUB-JA-2018-112958
2026-02-09 16:06:24 [INFO] Inserted auction: SUB-JA-2019-114248
2026-02-09 16:06:30 [INFO] Inserted auction: SUB-JA-2019-119462
2026-02-09 16:06:35 [INFO] Inserted auction: SUB-JA-2019-121733
2026-02-09 16:06:42 [INFO] Inserted auction: SUB-JA-2019-122437
2026-02-09 16:06:48 [INFO] Inserted auction: SUB-JA-2019-124815
2026-02-09 16:06:54 [INFO] Inserted auction: SUB-JA-2019-128016
2026-02-09 16:07:00 [INFO] Inserted auction: SUB-JA-2019-130376
2026-02-09 16:07:07 [INFO] Inserted auction: SUB-JA-2019-130516
2026-02-09 16:07:13 [INFO] Inserted auction: SUB-JA-2019-131256
2026-02-09 16:07:20 [INFO] Inserted auction: SUB-JA-2019-131380
2026-02-09 16:07:25 [INFO] Inserted auction: SUB-JA-2019-132160
2026-02-09 16:07:31 [INFO] Inserted auction: SUB-JA-2019-132565
2026-02-09 16:07:37 [INFO] Inserted auction: SUB-JA-2019-133221
2026-02-09 16:07:44 [INFO] Inserted auction: SUB-JA-2019-133733
2026-02-09 16:07:50 [INFO] Inserted auction: SUB-JA-2019-134681
2026-02-09 16:07:56 [INFO] Inserted auction: SUB-JA-2019-135059
2026-02-09 16:08:03 [INFO] Inserted auction: SUB-JA-2019-135197
2026-02-09 16:08:08 [INFO] Inserted auction: SUB-JA-2019-135426
2026-02-09 16:08:14 [INFO] Inserted auction: SUB-JA-2019-135467
2026-02-09 16:08:21 [INFO] Inserted auction: SUB-JA-2019-135496
2026-02-09 16:08:26 [INFO] Inserted auction: SUB-JA-2019-135751
2026-02-09 16:08:33 [INFO] Inserted auction: SUB-JA-2019-136200
2026-02-09 16:08:37 [INFO] Inserted auction: SUB-JA-2019-136296
2026-02-09 16:08:43 [INFO] Inserted auction: SUB-JA-2019-137016
2026-02-09 16:08:49 [INFO] Inserted auction: SUB-JA-2019-137148
2026-02-09 16:08:55 [INFO] Inserted auction: SUB-JA-2019-137849
2026-02-09 16:09:01 [INFO] Inserted auction: SUB-JA-2019-138402
2026-02-09 16:09:06 [INFO] Inserted auction: SUB-JA-2019-138684
2026-02-09 16:09:12 [INFO] Inserted auction: SUB-JA-2019-139056
2026-02-09 16:09:19 [INFO] Inserted auction: SUB-JA-2019-139628
2026-02-09 16:09:24 [INFO] Inserted auction: SUB-JA-2019-139857
2026-02-09 16:09:29 [INFO] Inserted auction: SUB-JA-2019-139915
2026-02-09 16:09:35 [INFO] Inserted auction: SUB-JA-2019-140029
2026-02-09 16:09:41 [INFO] Inserted auction: SUB-JA-2019-141121
2026-02-09 16:09:47 [INFO] Inserted auction: SUB-JA-2019-141292
2026-02-09 16:09:52 [INFO] Inserted auction: SUB-JA-2019-141690
2026-02-09 16:10:11 [INFO] BrowserManager initialized
2026-02-09 16:10:11 [INFO] DatabaseAdapter initialized with sqlite
2026-02-09 16:10:11 [INFO] [BOE_FORM_BACKFILL] === Form-based backfill: 72 months to scrape ===
2026-02-09 16:10:11 [INFO] [BOE_FORM_BACKFILL] 
[1/72] Scraping 2020-02
2026-02-09 16:10:12 [INFO] Launching browser...
2026-02-09 16:10:12 [INFO] Browser launched successfully
2026-02-09 16:10:13 [INFO] [BOE_FORM_BACKFILL] Submitting search form: 2020-02-01 to 2020-02-29
2026-02-09 16:10:26 [INFO] [BOE_FORM_BACKFILL] Form submitted successfully
2026-02-09 16:10:41 [WARNING] [BOE_FORM_BACKFILL] Could not find results container, checking page content...
2026-02-09 16:10:41 [INFO] [BOE_FORM_BACKFILL] No items found on page 1
2026-02-09 16:10:41 [INFO] [BOE_FORM_BACKFILL] Saved 0 auctions for 2020-02
2026-02-09 16:10:41 [INFO] [BOE_FORM_BACKFILL] ✓ 2020-02: 0 auctions (total: 0)
2026-02-09 16:10:41 [INFO] [BOE_FORM_BACKFILL] Waiting 30s before next month...
2026-02-09 16:11:11 [INFO] [BOE_FORM_BACKFILL] 
[2/72] Scraping 2020-03
2026-02-09 16:11:12 [INFO] [BOE_FORM_BACKFILL] Submitting search form: 2020-03-01 to 2020-03-31
2026-02-09 16:11:24 [INFO] [BOE_FORM_BACKFILL] Form submitted successfully
2026-02-09 16:11:39 [WARNING] [BOE_FORM_BACKFILL] Could not find results container, checking page content...
2026-02-09 16:11:39 [INFO] [BOE_FORM_BACKFILL] No items found on page 1
2026-02-09 16:11:39 [INFO] [BOE_FORM_BACKFILL] Saved 0 auctions for 2020-03
2026-02-09 16:11:39 [INFO] [BOE_FORM_BACKFILL] ✓ 2020-03: 0 auctions (total: 0)
2026-02-09 16:11:39 [INFO] [BOE_FORM_BACKFILL] Waiting 30s before next month...
2026-02-09 16:12:09 [INFO] [BOE_FORM_BACKFILL] 
[3/72] Scraping 2020-04
2026-02-09 16:12:09 [INFO] [BOE_FORM_BACKFILL] Submitting search form: 2020-04-01 to 2020-04-30
2026-02-09 16:12:21 [INFO] [BOE_FORM_BACKFILL] Form submitted successfully
2026-02-09 16:12:21 [INFO] [BOE_FORM_BACKFILL] Page 1: Processing 215 items
2026-02-09 16:12:26 [INFO] Connecting to SQLite: C:\Users\D\Desktop\dnksubastas\data\database\prod.db
2026-02-09 16:12:26 [INFO] Database connection established
2026-02-09 16:12:26 [INFO] Updated auction: SUB-JA-2019-117741
2026-02-09 16:12:33 [INFO] Updated auction: SUB-JA-2019-127833
2026-02-09 16:12:39 [INFO] Updated auction: SUB-JA-2019-128956
2026-02-09 16:12:44 [INFO] Updated auction: SUB-JA-2019-128964
2026-02-09 16:12:49 [INFO] Updated auction: SUB-JA-2019-131278
2026-02-09 16:12:54 [INFO] Updated auction: SUB-JA-2019-131600
2026-02-09 16:13:01 [INFO] Updated auction: SUB-JA-2019-132517
2026-02-09 16:13:07 [INFO] Updated auction: SUB-JA-2019-135116
2026-02-09 16:13:12 [INFO] Updated auction: SUB-JA-2019-135408
2026-02-09 16:13:26 [INFO] BrowserManager initialized
2026-02-09 16:13:26 [INFO] DatabaseAdapter initialized with sqlite
2026-02-09 16:13:26 [INFO] [BOE_FORM_BACKFILL] Skipping 2020-02 (already completed)
2026-02-09 16:13:26 [INFO] [BOE_FORM_BACKFILL] Skipping 2020-03 (already completed)
2026-02-09 16:13:26 [INFO] [BOE_FORM_BACKFILL] === Form-based backfill: 70 months to scrape ===
2026-02-09 16:13:26 [INFO] [BOE_FORM_BACKFILL] 
[1/70] Scraping 2020-04
2026-02-09 16:13:26 [INFO] [BOE_FORM_BACKFILL] Scraping 2020-04 in weekly chunks to avoid BOE limits...
2026-02-09 16:13:26 [INFO] [BOE_FORM_BACKFILL]   Week 1: 2020-04-01 to 2020-04-07
2026-02-09 16:13:27 [INFO] Launching browser...
2026-02-09 16:13:27 [INFO] Browser launched successfully
2026-02-09 16:13:27 [INFO] [BOE_FORM_BACKFILL] Submitting search form: 2020-04-01 to 2020-04-07
2026-02-09 16:13:40 [INFO] [BOE_FORM_BACKFILL] Form submitted successfully
2026-02-09 16:13:40 [INFO] [BOE_FORM_BACKFILL] Page 1: Processing 205 items
2026-02-09 16:13:46 [INFO] Connecting to SQLite: C:\Users\D\Desktop\dnksubastas\data\database\prod.db
2026-02-09 16:13:46 [INFO] Database connection established
2026-02-09 16:13:46 [INFO] Updated auction: SUB-JA-2019-117741
2026-02-09 16:13:52 [INFO] Updated auction: SUB-JA-2019-127833
2026-02-09 16:13:57 [INFO] Updated auction: SUB-JA-2019-128956
2026-02-09 16:14:03 [INFO] Updated auction: SUB-JA-2019-128964
2026-02-09 16:14:08 [INFO] Updated auction: SUB-JA-2019-131278
2026-02-09 16:14:13 [INFO] Updated auction: SUB-JA-2019-131600
2026-02-09 16:14:19 [INFO] Updated auction: SUB-JA-2019-132517
2026-02-09 16:14:24 [INFO] Updated auction: SUB-JA-2019-135116
2026-02-09 16:14:31 [INFO] Updated auction: SUB-JA-2019-135408
2026-02-09 16:14:36 [INFO] Updated auction: SUB-JA-2019-136442
2026-02-09 16:14:42 [INFO] Updated auction: SUB-JA-2019-137319
2026-02-09 16:14:48 [INFO] Updated auction: SUB-JA-2019-137606
2026-02-09 16:14:52 [INFO] Updated auction: SUB-JA-2019-137764
2026-02-09 16:14:59 [INFO] Updated auction: SUB-JA-2019-139781
2026-02-09 16:15:06 [INFO] Updated auction: SUB-JA-2019-139829
2026-02-09 16:15:12 [INFO] Updated auction: SUB-JA-2019-142121
2026-02-09 16:15:18 [INFO] Updated auction: SUB-JA-2019-142205
2026-02-09 16:15:24 [INFO] Updated auction: SUB-JA-2019-142214
2026-02-09 16:15:30 [INFO] Updated auction: SUB-JA-2020-143052
2026-02-09 16:15:35 [INFO] Updated auction: SUB-JA-2020-143063
2026-02-09 16:15:41 [INFO] Updated auction: SUB-JA-2020-143141
2026-02-09 16:15:47 [INFO] Updated auction: SUB-JA-2020-143430
2026-02-09 16:15:52 [INFO] Updated auction: SUB-JA-2020-143609
2026-02-09 16:15:58 [INFO] Updated auction: SUB-JA-2020-143657
2026-02-09 16:16:03 [INFO] Updated auction: SUB-JA-2020-144128
2026-02-09 16:16:09 [INFO] Updated auction: SUB-JA-2020-144183
2026-02-09 16:16:13 [INFO] Updated auction: SUB-JA-2020-144213
2026-02-09 16:16:19 [INFO] Updated auction: SUB-JA-2020-144490
2026-02-09 16:16:26 [INFO] Updated auction: SUB-JA-2020-144633
2026-02-09 16:16:31 [INFO] Updated auction: SUB-JA-2020-144713
2026-02-09 16:16:37 [INFO] Updated auction: SUB-JA-2020-145072
2026-02-09 16:16:42 [INFO] Updated auction: SUB-JA-2020-145111
2026-02-09 16:16:49 [INFO] Updated auction: SUB-JA-2020-145236
2026-02-09 16:16:54 [INFO] Updated auction: SUB-JA-2020-145237
2026-02-09 16:16:59 [INFO] Updated auction: SUB-JA-2020-145339
2026-02-09 16:17:05 [INFO] Updated auction: SUB-JA-2020-145342
2026-02-09 16:17:10 [INFO] Updated auction: SUB-JA-2020-145692
2026-02-09 16:17:17 [INFO] Updated auction: SUB-JA-2020-145853
2026-02-09 16:17:21 [INFO] Updated auction: SUB-JA-2020-145855
2026-02-09 16:17:28 [INFO] Updated auction: SUB-JA-2020-145886
2026-02-09 16:17:33 [INFO] Updated auction: SUB-JA-2020-145950
2026-02-09 16:17:38 [INFO] Updated auction: SUB-JA-2020-145951
2026-02-09 16:17:44 [INFO] Updated auction: SUB-JA-2020-146006
2026-02-09 16:17:50 [INFO] Updated auction: SUB-JA-2020-146069
2026-02-09 16:17:55 [INFO] Updated auction: SUB-JA-2020-146215
2026-02-09 16:18:01 [INFO] Updated auction: SUB-JA-2020-146229
2026-02-09 16:18:06 [INFO] Updated auction: SUB-JA-2020-146240
2026-02-09 16:18:12 [INFO] Updated auction: SUB-JA-2020-146260
2026-02-09 16:18:18 [INFO] Updated auction: SUB-JA-2020-146300
2026-02-09 16:18:24 [INFO] Updated auction: SUB-JA-2020-146349
2026-02-09 16:18:30 [INFO] Updated auction: SUB-JA-2020-146359
2026-02-09 16:18:36 [INFO] Updated auction: SUB-JA-2020-146401
2026-02-09 16:18:41 [INFO] Updated auction: SUB-JA-2020-146427
2026-02-09 16:18:46 [INFO] Updated auction: SUB-JA-2020-146436
2026-02-09 16:18:52 [INFO] Updated auction: SUB-JA-2020-146448
2026-02-09 16:18:57 [INFO] Updated auction: SUB-JA-2020-146498
2026-02-09 16:19:03 [INFO] Updated auction: SUB-JA-2020-146688
2026-02-09 16:19:10 [INFO] Updated auction: SUB-JA-2020-146737
2026-02-09 16:19:15 [INFO] Updated auction: SUB-JC-2020-133506
2026-02-09 16:19:20 [INFO] Updated auction: SUB-JC-2020-144534
2026-02-09 16:19:26 [INFO] Updated auction: SUB-JC-2020-144588
2026-02-09 16:19:32 [INFO] Updated auction: SUB-JC-2020-146137
2026-02-09 16:19:37 [INFO] Updated auction: SUB-JC-2020-146426
2026-02-09 16:19:42 [INFO] Updated auction: SUB-JV-2019-133532
2026-02-09 16:19:47 [INFO] Updated auction: SUB-JV-2020-143929
2026-02-09 16:19:52 [INFO] Updated auction: SUB-JV-2020-144916
2026-02-09 16:19:58 [INFO] Updated auction: SUB-JV-2020-146672
2026-02-09 16:20:04 [INFO] Updated auction: SUB-JV-2020-146679
2026-02-09 16:20:10 [INFO] Updated auction: SUB-NE-2020-405921
2026-02-09 16:20:16 [INFO] Updated auction: SUB-JA-2018-107778
2026-02-09 16:20:22 [INFO] Updated auction: SUB-JA-2018-107926
2026-02-09 16:20:27 [INFO] Updated auction: SUB-JA-2018-113171
2026-02-09 16:20:33 [INFO] Updated auction: SUB-JA-2019-117335
2026-02-09 16:20:38 [INFO] Updated auction: SUB-JA-2019-132477
2026-02-09 16:20:44 [INFO] Updated auction: SUB-JA-2019-133897
2026-02-09 16:20:49 [INFO] Updated auction: SUB-JA-2019-134119
2026-02-09 16:20:55 [INFO] Updated auction: SUB-JA-2019-135184
2026-02-09 16:21:01 [INFO] Updated auction: SUB-JA-2019-138042
2026-02-09 16:21:06 [INFO] Updated auction: SUB-JA-2019-138533
2026-02-09 16:21:12 [INFO] Updated auction: SUB-JA-2019-138755
2026-02-09 16:21:17 [INFO] Updated auction: SUB-JA-2019-138762
2026-02-09 16:21:23 [INFO] Updated auction: SUB-JA-2019-140108
2026-02-09 16:21:29 [INFO] Updated auction: SUB-JA-2019-141029
2026-02-09 16:21:35 [INFO] Updated auction: SUB-JA-2019-141148
2026-02-09 16:21:40 [INFO] Updated auction: SUB-JA-2020-141108
2026-02-09 16:21:46 [INFO] Updated auction: SUB-JA-2020-142559
2026-02-09 16:21:51 [INFO] Updated auction: SUB-JA-2020-143810
2026-02-09 16:21:57 [INFO] Updated auction: SUB-JA-2020-144211
2026-02-09 16:22:02 [INFO] Updated auction: SUB-JA-2020-144219
2026-02-09 16:22:08 [INFO] Updated auction: SUB-JA-2020-144251
2026-02-09 16:22:14 [INFO] Updated auction: SUB-JA-2020-144265
2026-02-09 16:22:19 [INFO] Updated auction: SUB-JA-2020-144623
2026-02-09 16:22:25 [INFO] Updated auction: SUB-JA-2020-144652
2026-02-09 16:22:30 [INFO] Updated auction: SUB-JA-2020-144960
2026-02-09 16:22:36 [INFO] Updated auction: SUB-JA-2020-145019
2026-02-09 16:22:42 [INFO] Updated auction: SUB-JA-2020-145034
2026-02-09 16:22:48 [INFO] Updated auction: SUB-JA-2020-145147
2026-02-09 16:22:54 [INFO] Updated auction: SUB-JA-2020-145265
2026-02-09 16:22:59 [INFO] Updated auction: SUB-JA-2020-145358
2026-02-09 16:23:04 [INFO] Updated auction: SUB-JA-2020-145607
2026-02-09 16:23:11 [INFO] Updated auction: SUB-JA-2020-145696
2026-02-09 16:23:16 [INFO] Updated auction: SUB-JA-2020-145787
2026-02-09 16:23:21 [INFO] Updated auction: SUB-JA-2020-145820
2026-02-09 16:23:28 [INFO] Updated auction: SUB-JA-2020-145870
2026-02-09 16:23:33 [INFO] Updated auction: SUB-JA-2020-145872
2026-02-09 16:23:39 [INFO] Updated auction: SUB-JA-2020-145877
2026-02-09 16:23:45 [INFO] Updated auction: SUB-JA-2020-145890
2026-02-09 16:23:51 [INFO] Updated auction: SUB-JA-2020-145933
2026-02-09 16:24:23 [INFO] Updated auction: SUB-JA-2020-146011
2026-02-09 16:24:29 [INFO] Updated auction: SUB-JA-2020-146045
2026-02-09 16:24:35 [INFO] Updated auction: SUB-JA-2020-146085
2026-02-09 16:24:40 [INFO] Updated auction: SUB-JA-2020-146087
2026-02-09 16:24:50 [INFO] Updated auction: SUB-JA-2020-146132
2026-02-09 16:24:55 [INFO] Updated auction: SUB-JA-2020-146148
2026-02-09 16:25:01 [INFO] Updated auction: SUB-JA-2020-146168
2026-02-09 16:25:06 [INFO] Updated auction: SUB-JA-2020-146220
2026-02-09 16:25:12 [INFO] Updated auction: SUB-JA-2020-146228
2026-02-09 16:25:17 [INFO] Updated auction: SUB-JA-2020-146293
2026-02-09 16:25:23 [INFO] Updated auction: SUB-JA-2020-146302
2026-02-09 16:25:29 [INFO] Updated auction: SUB-JA-2020-146338
2026-02-09 16:25:35 [INFO] Updated auction: SUB-JA-2020-146370
2026-02-09 16:25:41 [INFO] Updated auction: SUB-JA-2020-146374
2026-02-09 16:25:48 [INFO] Updated auction: SUB-JA-2020-146398
2026-02-09 16:25:53 [INFO] Updated auction: SUB-JA-2020-146410
2026-02-09 16:25:59 [INFO] Updated auction: SUB-JA-2020-146461
2026-02-09 16:26:05 [INFO] Updated auction: SUB-JA-2020-146476
2026-02-09 16:26:10 [INFO] Updated auction: SUB-JA-2020-146489
2026-02-09 16:26:15 [INFO] Updated auction: SUB-JA-2020-146502
2026-02-09 16:26:20 [INFO] Updated auction: SUB-JA-2020-146512
2026-02-09 16:26:26 [INFO] Updated auction: SUB-JA-2020-146519
2026-02-09 16:26:33 [INFO] Updated auction: SUB-JA-2020-146526
2026-02-09 16:26:39 [INFO] Updated auction: SUB-JA-2020-146553
2026-02-09 16:26:45 [INFO] Updated auction: SUB-JA-2020-146560
2026-02-09 16:26:50 [INFO] Updated auction: SUB-JA-2020-146615
2026-02-09 16:26:56 [INFO] Updated auction: SUB-JA-2020-146661
2026-02-09 16:27:01 [INFO] Updated auction: SUB-JA-2020-146782
2026-02-09 16:27:06 [INFO] Updated auction: SUB-JA-2020-146827
2026-02-09 16:27:14 [INFO] Updated auction: SUB-JA-2020-146854
2026-02-09 16:27:19 [INFO] Updated auction: SUB-JC-2020-142745
2026-02-09 16:27:25 [INFO] Updated auction: SUB-JC-2020-146176
2026-02-09 16:27:31 [INFO] Updated auction: SUB-JC-2020-146685
2026-02-09 16:27:37 [INFO] Updated auction: SUB-JV-2019-140790
2026-02-09 16:27:42 [INFO] Updated auction: SUB-JV-2020-145728
2026-02-09 16:27:48 [INFO] Updated auction: SUB-JV-2020-146263
2026-02-09 16:27:54 [INFO] Updated auction: SUB-JV-2020-146809
2026-02-09 16:27:59 [INFO] Updated auction: SUB-JV-2020-146823
2026-02-09 16:28:04 [INFO] Updated auction: SUB-JV-2020-146840
2026-02-09 16:28:10 [INFO] Updated auction: SUB-NE-2020-405922
2026-02-09 16:28:16 [INFO] Updated auction: SUB-NE-2020-405923
2026-02-09 16:28:21 [INFO] Updated auction: SUB-NV-2020-376025
2026-02-09 16:28:27 [INFO] Updated auction: SUB-NV-2020-405924
2026-02-09 16:28:33 [INFO] Updated auction: SUB-NV-2020-405925
2026-02-09 16:28:39 [INFO] Updated auction: SUB-JC-2020-143436
2026-02-09 16:28:45 [INFO] Updated auction: SUB-JA-2020-144053
2026-02-09 16:28:51 [INFO] Updated auction: SUB-JA-2020-144399
2026-02-09 16:28:56 [INFO] Updated auction: SUB-JA-2020-144908
2026-02-09 16:29:03 [INFO] Updated auction: SUB-JC-2020-145457
2026-02-09 16:29:09 [INFO] Updated auction: SUB-JA-2019-124537
2026-02-09 16:29:14 [INFO] Updated auction: SUB-JA-2019-127934
2026-02-09 16:29:19 [INFO] Updated auction: SUB-JA-2020-135577
2026-02-09 16:29:24 [INFO] Updated auction: SUB-JA-2020-143344
2026-02-09 16:29:30 [INFO] Updated auction: SUB-JA-2020-143617
2026-02-09 16:29:35 [INFO] Updated auction: SUB-JA-2018-114808
2026-02-09 16:29:42 [INFO] Updated auction: SUB-JA-2019-129193
2026-02-09 16:29:48 [INFO] Updated auction: SUB-JA-2019-129334
2026-02-09 16:29:53 [INFO] Updated auction: SUB-JA-2019-130521
2026-02-09 16:29:59 [INFO] Updated auction: SUB-JA-2018-112701
2026-02-09 16:30:04 [INFO] Updated auction: SUB-JA-2019-130473
2026-02-09 16:30:10 [INFO] Updated auction: SUB-JA-2019-130522
2026-02-09 16:30:15 [INFO] Updated auction: SUB-JA-2019-130557
2026-02-09 16:30:22 [INFO] Updated auction: SUB-JA-2019-130559
2026-02-09 16:30:27 [INFO] Updated auction: SUB-JA-2019-131100
2026-02-09 16:30:33 [INFO] Updated auction: SUB-JA-2019-131103
2026-02-09 16:30:39 [INFO] Updated auction: SUB-JA-2020-132164
2026-02-09 16:30:46 [INFO] Updated auction: SUB-JA-2019-132174
2026-02-09 16:30:52 [INFO] Updated auction: SUB-JA-2019-132254
2026-02-09 16:30:58 [INFO] Updated auction: SUB-JA-2019-132440
2026-02-09 16:31:04 [INFO] Updated auction: SUB-JA-2019-132631
2026-02-09 16:31:20 [INFO] Updated auction: SUB-JA-2019-133762
2026-02-09 16:31:26 [INFO] Updated auction: SUB-JA-2019-132815
2026-02-09 16:31:32 [INFO] Updated auction: SUB-JA-2019-133763
2026-02-09 16:31:37 [INFO] Updated auction: SUB-JA-2019-133994
2026-02-09 16:31:42 [INFO] Updated auction: SUB-JA-2020-133995
2026-02-09 16:31:49 [INFO] Updated auction: SUB-JA-2020-134013
2026-02-09 16:31:55 [INFO] Updated auction: SUB-JA-2020-134936
2026-02-09 16:32:00 [INFO] Updated auction: SUB-JA-2020-134937
2026-02-09 16:32:06 [INFO] Updated auction: SUB-JA-2020-134958
2026-02-09 16:32:11 [INFO] Updated auction: SUB-JA-2019-136186
2026-02-09 16:32:17 [INFO] Updated auction: SUB-JA-2020-136211
2026-02-09 16:32:23 [INFO] Updated auction: SUB-JA-2020-138557
2026-02-09 16:32:29 [INFO] Updated auction: SUB-JA-2019-140088
2026-02-09 16:32:35 [INFO] Updated auction: SUB-JA-2019-140126
2026-02-09 16:32:41 [INFO] Updated auction: SUB-JA-2019-141595
2026-02-09 16:32:47 [INFO] Updated auction: SUB-JA-2020-142088
2026-02-09 16:32:53 [INFO] Updated auction: SUB-JA-2020-142792
2026-02-09 16:33:00 [INFO] Updated auction: SUB-JC-2020-142800
2026-02-09 16:33:05 [INFO] Updated auction: SUB-JA-2020-143341
2026-02-09 16:33:11 [INFO] Updated auction: SUB-JA-2020-143562
2026-02-09 16:33:17 [INFO] Updated auction: SUB-JA-2020-143620
2026-02-09 16:33:23 [INFO] Updated auction: SUB-JA-2020-143621
2026-02-09 16:33:29 [INFO] Updated auction: SUB-JA-2020-144584
2026-02-09 16:33:35 [INFO] Updated auction: SUB-JC-2020-144857
2026-02-09 16:33:42 [INFO] Updated auction: SUB-JA-2020-145191
2026-02-09 16:33:47 [INFO] Updated auction: SUB-JA-2020-145332
2026-02-09 16:33:53 [INFO] Updated auction: SUB-JA-2017-79895
2026-02-09 16:33:53 [INFO] [BOE_FORM_BACKFILL] Looking for next page link...
2026-02-09 16:33:53 [INFO] [BOE_FORM_BACKFILL] Found next page link, clicking... (page 1 -> 2)
2026-02-09 16:34:00 [INFO] [BOE_FORM_BACKFILL] No items found on page 2
2026-02-09 16:34:00 [INFO] [BOE_FORM_BACKFILL]     Saved 205 auctions for week 1
2026-02-09 16:34:12 [INFO] [BOE_FORM_BACKFILL]   Week 2: 2020-04-08 to 2020-04-14
2026-02-09 16:34:12 [INFO] [BOE_FORM_BACKFILL] Submitting search form: 2020-04-08 to 2020-04-14
2026-02-09 16:34:25 [INFO] [BOE_FORM_BACKFILL] Form submitted successfully
2026-02-09 16:34:25 [INFO] [BOE_FORM_BACKFILL] Page 1: Processing 5 items
2026-02-09 16:34:31 [INFO] Updated auction: SUB-JA-2020-139431
2026-02-09 16:34:37 [INFO] Updated auction: SUB-JA-2018-115577
2026-02-09 16:34:42 [INFO] Updated auction: SUB-JA-2019-110059
2026-02-09 16:34:48 [INFO] Updated auction: SUB-JA-2019-136549
2026-02-09 16:34:53 [INFO] Updated auction: SUB-JA-2020-145840
2026-02-09 16:34:53 [INFO] [BOE_FORM_BACKFILL] Looking for next page link...
2026-02-09 16:34:53 [INFO] [BOE_FORM_BACKFILL] Found next page link, clicking... (page 1 -> 2)
2026-02-09 16:34:59 [INFO] [BOE_FORM_BACKFILL] No items found on page 2
2026-02-09 16:34:59 [INFO] [BOE_FORM_BACKFILL]     Saved 5 auctions for week 2
2026-02-09 16:35:11 [INFO] [BOE_FORM_BACKFILL]   Week 3: 2020-04-15 to 2020-04-21
2026-02-09 16:35:11 [INFO] [BOE_FORM_BACKFILL] Submitting search form: 2020-04-15 to 2020-04-21
2026-02-09 16:35:24 [INFO] [BOE_FORM_BACKFILL] Form submitted successfully
2026-02-09 16:35:39 [WARNING] [BOE_FORM_BACKFILL] Could not find results container, checking page content...
2026-02-09 16:35:39 [INFO] [BOE_FORM_BACKFILL] No items found on page 1
2026-02-09 16:35:39 [INFO] [BOE_FORM_BACKFILL]     Saved 0 auctions for week 3
2026-02-09 16:35:52 [INFO] [BOE_FORM_BACKFILL]   Week 4: 2020-04-22 to 2020-04-28
2026-02-09 16:35:52 [INFO] [BOE_FORM_BACKFILL] Submitting search form: 2020-04-22 to 2020-04-28
2026-02-09 16:36:04 [INFO] [BOE_FORM_BACKFILL] Form submitted successfully
2026-02-09 16:36:19 [WARNING] [BOE_FORM_BACKFILL] Could not find results container, checking page content...
2026-02-09 16:36:19 [INFO] [BOE_FORM_BACKFILL] No items found on page 1
2026-02-09 16:36:19 [INFO] [BOE_FORM_BACKFILL]     Saved 0 auctions for week 4
2026-02-09 16:36:29 [INFO] [BOE_FORM_BACKFILL]   Week 5: 2020-04-29 to 2020-04-30
2026-02-09 16:36:29 [INFO] [BOE_FORM_BACKFILL] Submitting search form: 2020-04-29 to 2020-04-30
2026-02-09 16:36:42 [INFO] [BOE_FORM_BACKFILL] Form submitted successfully
2026-02-09 16:36:42 [INFO] [BOE_FORM_BACKFILL] Page 1: Processing 5 items
2026-02-09 16:36:48 [INFO] Updated auction: SUB-AT-2020-19R0786001090
2026-02-09 16:36:55 [INFO] Updated auction: SUB-AT-2020-19R0886002251
2026-02-09 16:37:01 [INFO] Updated auction: SUB-AT-2020-19R3586001156
2026-02-09 16:37:06 [INFO] Updated auction: SUB-RC-2019-0009218
2026-02-09 16:37:13 [INFO] Updated auction: SUB-RC-2020-0601100102003
2026-02-09 16:37:13 [INFO] [BOE_FORM_BACKFILL] Looking for next page link...
2026-02-09 16:37:13 [INFO] [BOE_FORM_BACKFILL] Found next page link, clicking... (page 1 -> 2)
2026-02-09 16:37:17 [INFO] [BOE_FORM_BACKFILL] No items found on page 2
2026-02-09 16:37:17 [INFO] [BOE_FORM_BACKFILL]     Saved 5 auctions for week 5
2026-02-09 16:37:17 [INFO] [BOE_FORM_BACKFILL] Total saved for 2020-04: 215 auctions
2026-02-09 16:37:17 [INFO] [BOE_FORM_BACKFILL] ✓ 2020-04: 215 auctions (total: 215)
2026-02-09 16:37:17 [INFO] [BOE_FORM_BACKFILL] Waiting 30s before next month...
2026-02-09 16:37:47 [INFO] [BOE_FORM_BACKFILL] 
[2/70] Scraping 2020-05
2026-02-09 16:37:47 [INFO] [BOE_FORM_BACKFILL] Scraping 2020-05 in weekly chunks to avoid BOE limits...
2026-02-09 16:37:47 [INFO] [BOE_FORM_BACKFILL]   Week 1: 2020-05-01 to 2020-05-07
2026-02-09 16:37:48 [INFO] [BOE_FORM_BACKFILL] Submitting search form: 2020-05-01 to 2020-05-07
2026-02-09 16:38:01 [INFO] [BOE_FORM_BACKFILL] Form submitted successfully
2026-02-09 16:38:16 [WARNING] [BOE_FORM_BACKFILL] Could not find results container, checking page content...
2026-02-09 16:38:16 [INFO] [BOE_FORM_BACKFILL] No items found on page 1
2026-02-09 16:38:16 [INFO] [BOE_FORM_BACKFILL]     Saved 0 auctions for week 1
2026-02-09 16:38:30 [INFO] [BOE_FORM_BACKFILL]   Week 2: 2020-05-08 to 2020-05-14
2026-02-09 16:38:31 [INFO] [BOE_FORM_BACKFILL] Submitting search form: 2020-05-08 to 2020-05-14
2026-02-09 16:38:45 [INFO] [BOE_FORM_BACKFILL] Form submitted successfully
2026-02-09 16:39:00 [WARNING] [BOE_FORM_BACKFILL] Could not find results container, checking page content...
2026-02-09 16:39:00 [INFO] [BOE_FORM_BACKFILL] No items found on page 1
2026-02-09 16:39:00 [INFO] [BOE_FORM_BACKFILL]     Saved 0 auctions for week 2
2026-02-09 16:39:14 [INFO] [BOE_FORM_BACKFILL]   Week 3: 2020-05-15 to 2020-05-21
2026-02-09 16:39:14 [INFO] [BOE_FORM_BACKFILL] Submitting search form: 2020-05-15 to 2020-05-21
2026-02-09 16:39:25 [INFO] [BOE_FORM_BACKFILL] Form submitted successfully
2026-02-09 16:39:40 [WARNING] [BOE_FORM_BACKFILL] Could not find results container, checking page content...
2026-02-09 16:39:40 [INFO] [BOE_FORM_BACKFILL] No items found on page 1
2026-02-09 16:39:40 [INFO] [BOE_FORM_BACKFILL]     Saved 0 auctions for week 3
2026-02-09 16:39:50 [INFO] [BOE_FORM_BACKFILL]   Week 4: 2020-05-22 to 2020-05-28
2026-02-09 16:39:50 [INFO] [BOE_FORM_BACKFILL] Submitting search form: 2020-05-22 to 2020-05-28
2026-02-09 16:40:03 [INFO] [BOE_FORM_BACKFILL] Form submitted successfully
2026-02-09 16:40:18 [WARNING] [BOE_FORM_BACKFILL] Could not find results container, checking page content...
2026-02-09 16:40:18 [INFO] [BOE_FORM_BACKFILL] No items found on page 1
2026-02-09 16:40:18 [INFO] [BOE_FORM_BACKFILL]     Saved 0 auctions for week 4
2026-02-09 16:40:28 [INFO] [BOE_FORM_BACKFILL]   Week 5: 2020-05-29 to 2020-05-31
2026-02-09 16:40:28 [INFO] [BOE_FORM_BACKFILL] Submitting search form: 2020-05-29 to 2020-05-31
2026-02-09 16:40:42 [INFO] [BOE_FORM_BACKFILL] Form submitted successfully
2026-02-09 16:40:42 [INFO] [BOE_FORM_BACKFILL] Page 1: Processing 348 items
2026-02-09 16:40:48 [INFO] Updated auction: SUB-AT-2020-19R0886001447
2026-02-09 16:40:55 [INFO] Updated auction: SUB-AT-2020-19R0886001457
2026-02-09 16:41:01 [INFO] Updated auction: SUB-AT-2020-19R0886001464
2026-02-09 16:41:07 [INFO] Updated auction: SUB-AT-2020-19R0886001465
2026-02-09 16:41:12 [INFO] Updated auction: SUB-AT-2020-19R0886001490
2026-02-09 16:41:18 [INFO] Updated auction: SUB-AT-2020-19R0886001505
2026-02-09 16:41:24 [INFO] Updated auction: SUB-AT-2020-19R0886001530
2026-02-09 16:41:30 [INFO] Updated auction: SUB-AT-2020-19R0886001559
2026-02-09 16:41:36 [INFO] Updated auction: SUB-AT-2020-19R0886001610
2026-02-09 16:41:42 [INFO] Updated auction: SUB-AT-2020-19R0886001642
2026-02-09 16:41:47 [INFO] Updated auction: SUB-AT-2020-19R0886001672
2026-02-09 16:41:54 [INFO] Updated auction: SUB-AT-2020-19R0886001673
2026-02-09 16:41:59 [INFO] Updated auction: SUB-AT-2020-19R0886001674
2026-02-09 16:42:05 [INFO] Updated auction: SUB-AT-2020-19R0886001678
2026-02-09 16:42:10 [INFO] Updated auction: SUB-AT-2020-19R0886001685
2026-02-09 16:42:16 [INFO] Updated auction: SUB-AT-2020-19R0886001693
2026-02-09 16:42:22 [INFO] Updated auction: SUB-AT-2020-19R0886001694
2026-02-09 16:42:27 [INFO] Updated auction: SUB-AT-2020-19R0886001695
2026-02-09 16:42:33 [INFO] Updated auction: SUB-AT-2020-19R0886001700
2026-02-09 16:42:39 [INFO] Updated auction: SUB-AT-2020-19R0886002172
2026-02-09 16:42:45 [INFO] Updated auction: SUB-AT-2020-19R0886002174
2026-02-09 16:42:50 [INFO] Updated auction: SUB-AT-2020-19R0886002175
2026-02-09 16:42:57 [INFO] Updated auction: SUB-AT-2020-19R0886002216
2026-02-09 16:43:02 [INFO] Updated auction: SUB-AT-2020-19R0886002246
2026-02-09 16:43:08 [INFO] Updated auction: SUB-AT-2020-19R0886002250
2026-02-09 16:43:13 [INFO] Updated auction: SUB-AT-2020-19R0886002252
2026-02-09 16:43:18 [INFO] Updated auction: SUB-AT-2020-19R0886002258
2026-02-09 16:43:24 [INFO] Updated auction: SUB-AT-2020-19R1586001223
2026-02-09 16:43:29 [INFO] Updated auction: SUB-AT-2020-19R2886001144
2026-02-09 16:43:34 [INFO] Updated auction: SUB-AT-2020-19R2886001606
2026-02-09 16:43:40 [INFO] Updated auction: SUB-AT-2020-19R2886001652
2026-02-09 16:43:46 [INFO] Updated auction: SUB-AT-2020-19R2886001732
2026-02-09 16:43:52 [INFO] Updated auction: SUB-AT-2020-19R2886001747
2026-02-09 16:43:58 [INFO] Updated auction: SUB-AT-2020-19R2886001770
2026-02-09 16:44:04 [INFO] Updated auction: SUB-AT-2020-19R2886001807
2026-02-09 16:44:10 [INFO] Updated auction: SUB-AT-2020-19R2886001808
2026-02-09 16:44:15 [INFO] Updated auction: SUB-AT-2020-19R2886001809
2026-02-09 16:44:20 [INFO] Updated auction: SUB-AT-2020-19R2886001814
2026-02-09 16:44:26 [INFO] Updated auction: SUB-AT-2020-19R2886001837
2026-02-09 16:44:33 [INFO] Updated auction: SUB-AT-2020-19R2886001852
2026-02-09 16:44:38 [INFO] Updated auction: SUB-AT-2020-19R2886001853
2026-02-09 16:44:43 [INFO] Updated auction: SUB-AT-2020-19R2886001854
2026-02-09 16:44:49 [INFO] Updated auction: SUB-AT-2020-19R2886001855
2026-02-09 16:44:55 [INFO] Updated auction: SUB-AT-2020-19R2986002005
2026-02-09 16:45:00 [INFO] Updated auction: SUB-AT-2020-19R3886001107
2026-02-09 16:45:06 [INFO] Updated auction: SUB-AT-2020-19R4186001390
2026-02-09 16:45:12 [INFO] Updated auction: SUB-AT-2020-19R4186001582
2026-02-09 16:45:17 [INFO] Updated auction: SUB-AT-2020-19R4186001607
2026-02-09 16:45:24 [INFO] Updated auction: SUB-AT-2020-19R4186001608
2026-02-09 16:45:30 [INFO] Updated auction: SUB-AT-2020-19R4186001624
2026-02-09 16:45:36 [INFO] Updated auction: SUB-AT-2020-19R4186001661
2026-02-09 16:45:41 [INFO] Updated auction: SUB-AT-2020-19R4186001663
2026-02-09 16:45:48 [INFO] Updated auction: SUB-AT-2020-19R4186001667
2026-02-09 16:45:54 [INFO] Updated auction: SUB-AT-2020-19R4186001673
2026-02-09 16:45:59 [INFO] Updated auction: SUB-AT-2020-19R4186001677
2026-02-09 16:46:05 [INFO] Updated auction: SUB-AT-2020-19R4586001243
2026-02-09 16:46:12 [INFO] Updated auction: SUB-AT-2020-19R4686001A10
2026-02-09 16:46:19 [INFO] Updated auction: SUB-AT-2020-19R4686001A46
2026-02-09 16:46:25 [INFO] Updated auction: SUB-AT-2020-19R4686001A62
2026-02-09 16:46:30 [INFO] Updated auction: SUB-AT-2020-19R4686001A79
2026-02-09 16:46:36 [INFO] Updated auction: SUB-AT-2020-19R4686001A85
2026-02-09 16:46:41 [INFO] Updated auction: SUB-AT-2020-19R4686001A86
2026-02-09 16:46:47 [INFO] Updated auction: SUB-AT-2020-19R4686001A96
2026-02-09 16:46:54 [INFO] Updated auction: SUB-AT-2020-19R4686001A98
2026-02-09 16:46:59 [INFO] Updated auction: SUB-AT-2020-19R4686001B01
2026-02-09 16:47:05 [INFO] Updated auction: SUB-AT-2020-19R4686001B03
2026-02-09 16:47:10 [INFO] Updated auction: SUB-AT-2020-19R4686001B50
2026-02-09 16:47:17 [INFO] Updated auction: SUB-AT-2020-19R4686001B71
2026-02-09 16:47:23 [INFO] Updated auction: SUB-AT-2020-19R4686001B72
2026-02-09 16:47:29 [INFO] Updated auction: SUB-AT-2020-19R4686002052
2026-02-09 16:47:35 [INFO] Updated auction: SUB-AT-2020-19R4686002054
2026-02-09 16:47:41 [INFO] Updated auction: SUB-AT-2020-19R4786001192
2026-02-09 16:47:47 [INFO] Updated auction: SUB-AT-2020-19R4786001278
2026-02-09 16:47:52 [INFO] Updated auction: SUB-AT-2020-19R4786001385
2026-02-09 16:47:58 [INFO] Updated auction: SUB-AT-2020-20R0786001002
2026-02-09 16:48:04 [INFO] Updated auction: SUB-AT-2020-20R0786001004
2026-02-09 16:48:10 [INFO] Updated auction: SUB-AT-2020-20R1586002002
2026-02-09 16:48:17 [INFO] Updated auction: SUB-AT-2020-20R2686001007
2026-02-09 16:48:24 [INFO] Updated auction: SUB-AT-2020-20R2896001001
2026-02-09 16:48:30 [INFO] Updated auction: SUB-AT-2020-20R3086001003
2026-02-09 16:48:36 [INFO] Updated auction: SUB-AT-2020-20R3086001004
2026-02-09 16:48:41 [INFO] Updated auction: SUB-AT-2020-20R3086001006
2026-02-09 16:48:47 [INFO] Updated auction: SUB-AT-2020-20R3086001007
2026-02-09 16:48:54 [INFO] Updated auction: SUB-AT-2020-20R3086001014
2026-02-09 16:49:00 [INFO] Updated auction: SUB-AT-2020-20R3086001018
2026-02-09 16:49:06 [INFO] Updated auction: SUB-AT-2020-20R3086001019
2026-02-09 16:49:12 [INFO] Updated auction: SUB-AT-2020-20R3086001020
2026-02-09 16:49:18 [INFO] Updated auction: SUB-AT-2020-20R3386001009
2026-02-09 16:49:24 [INFO] Updated auction: SUB-AT-2020-20R3386002001
2026-02-09 16:49:30 [INFO] Updated auction: SUB-AT-2020-20R3386002002
2026-02-09 16:49:37 [INFO] Updated auction: SUB-AT-2020-20R4186001011
2026-02-09 16:49:42 [INFO] Updated auction: SUB-AT-2020-20R4186002001
2026-02-09 16:49:48 [INFO] Updated auction: SUB-AT-2020-20R4586001004
2026-02-09 16:49:55 [INFO] Updated auction: SUB-AT-2020-20R4586001014
2026-02-09 16:50:01 [INFO] Updated auction: SUB-AT-2020-20R4586001032
2026-02-09 16:50:08 [INFO] Updated auction: SUB-AT-2020-20R4586002003
2026-02-09 16:50:14 [INFO] Updated auction: SUB-AT-2020-20R4686001018
2026-02-09 16:50:20 [INFO] Updated auction: SUB-AT-2020-20R4786002002
2026-02-09 16:50:25 [INFO] Updated auction: SUB-RC-2019-0009103
2026-02-09 16:50:31 [INFO] Updated auction: SUB-RC-2019-0009105
2026-02-09 16:50:38 [INFO] Updated auction: SUB-RC-2019-000915A
2026-02-09 16:50:44 [INFO] Updated auction: SUB-RC-2019-0009222
2026-02-09 16:50:49 [INFO] Updated auction: SUB-RC-2019-0009227
2026-02-09 16:50:55 [INFO] Updated auction: SUB-RC-2019-0009245
2026-02-09 16:50:59 [INFO] Updated auction: SUB-RC-2019-000932
2026-02-09 16:51:06 [INFO] Updated auction: SUB-RC-2019-000938
2026-02-09 16:51:12 [INFO] Updated auction: SUB-RC-2019-000965
2026-02-09 16:51:17 [INFO] Updated auction: SUB-RC-2019-000973
2026-02-09 16:51:23 [INFO] Updated auction: SUB-RC-2020-000920
2026-02-09 16:51:30 [INFO] Updated auction: SUB-RC-2020-0025I20190024
2026-02-09 16:51:36 [INFO] Updated auction: SUB-RC-2020-0025I20200002
2026-02-09 16:51:41 [INFO] Updated auction: SUB-RC-2020-0026I20170186
2026-02-09 16:51:47 [INFO] Updated auction: SUB-RC-2020-0026I20170200
2026-02-09 16:51:53 [INFO] Updated auction: SUB-RC-2020-0026I20170254
2026-02-09 16:51:59 [INFO] Updated auction: SUB-RC-2020-0026I20180014
2026-02-09 16:52:04 [INFO] Updated auction: SUB-RC-2020-0026I20180132
2026-02-09 16:52:10 [INFO] Updated auction: SUB-RC-2020-0026I20180145
2026-02-09 16:52:16 [INFO] Updated auction: SUB-RC-2020-0026I20180279
2026-02-09 16:52:22 [INFO] Updated auction: SUB-RC-2020-0026I20180312
2026-02-09 16:52:27 [INFO] Updated auction: SUB-RC-2020-0026I20180324
2026-02-09 16:52:34 [INFO] Updated auction: SUB-RC-2020-0026018000263
2026-02-09 16:52:41 [INFO] Updated auction: SUB-RC-2020-0026018000292
2026-02-09 16:52:47 [INFO] Updated auction: SUB-RC-2020-0026018000329
2026-02-09 16:52:53 [INFO] Updated auction: SUB-RC-2020-0026019000052
2026-02-09 16:52:59 [INFO] Updated auction: SUB-RC-2020-0057401
2026-02-09 16:53:05 [INFO] Updated auction: SUB-RC-2020-0057421
2026-02-09 16:53:11 [INFO] Updated auction: SUB-RC-2020-0200100164
2026-02-09 16:53:17 [INFO] Updated auction: SUB-RC-2020-0200100166
2026-02-09 16:53:22 [INFO] Updated auction: SUB-RC-2020-0300200118243
2026-02-09 16:53:28 [INFO] Updated auction: SUB-RC-2020-030020011982
2026-02-09 16:53:33 [INFO] Updated auction: SUB-RC-2020-07003001197
2026-02-09 16:53:39 [INFO] Updated auction: SUB-RC-2020-16001001004
2026-02-09 16:53:44 [INFO] Updated auction: SUB-RC-2020-16001001006
2026-02-09 16:53:50 [INFO] Updated auction: SUB-RC-2020-16001001007
2026-02-09 16:53:55 [INFO] Updated auction: SUB-RC-2020-16001001010
2026-02-09 16:54:00 [INFO] Updated auction: SUB-RC-2020-16001001011
2026-02-09 16:54:06 [INFO] Updated auction: SUB-RC-2020-16001001012
2026-02-09 16:54:11 [INFO] Updated auction: SUB-RC-2020-16001001013
2026-02-09 16:54:16 [INFO] Updated auction: SUB-RC-2020-16001001014
2026-02-09 16:54:23 [INFO] Updated auction: SUB-RC-2020-16001001015
2026-02-09 16:54:28 [INFO] Updated auction: SUB-RC-2020-16001001016
2026-02-09 16:54:34 [INFO] Updated auction: SUB-RC-2020-1710000117
2026-02-09 16:54:39 [INFO] Updated auction: SUB-RC-2020-18009001GR007
2026-02-09 16:54:45 [INFO] Updated auction: SUB-RC-2020-4000100140001
2026-02-09 16:54:52 [INFO] Updated auction: SUB-RC-2020-4000100145814
2026-02-09 16:54:58 [INFO] Updated auction: SUB-RC-2020-5100100150327
2026-02-09 16:55:07 [INFO] Updated auction: SUB-AT-2020-19R2886001723
2026-02-09 16:55:39 [WARNING] [BOE_FORM_BACKFILL] Failed to fetch detail info for SUB-RC-2020-0025I20190041: Page.goto: Timeout 30000ms exceeded.
Call log:
navigating to "https://subastas.boe.es/detalleSubasta.php?idSub=SUB-RC-2020-0025I20190041", waiting until "networkidle"

2026-02-09 16:55:39 [INFO] Updated auction: SUB-RC-2020-0025I20190041
2026-02-09 16:56:11 [WARNING] [BOE_FORM_BACKFILL] Failed to fetch detail info for SUB-RC-2020-16001001005: Page.goto: Timeout 30000ms exceeded.
Call log:
navigating to "https://subastas.boe.es/detalleSubasta.php?idSub=SUB-RC-2020-16001001005", waiting until "networkidle"

2026-02-09 16:56:11 [INFO] Updated auction: SUB-RC-2020-16001001005
2026-02-09 16:56:26 [INFO] Updated auction: SUB-AT-2020-19R1586001246
2026-02-09 16:56:32 [INFO] Updated auction: SUB-AT-2020-20R4186001016
2026-02-09 16:56:38 [INFO] Updated auction: SUB-AT-2020-20R4586002005
2026-02-09 16:56:44 [INFO] Updated auction: SUB-RC-2020-4200200112020
2026-02-09 16:56:51 [INFO] Updated auction: SUB-AT-2020-20R4686001003
2026-02-09 16:56:58 [INFO] Updated auction: SUB-AT-2020-20R3086001013
2026-02-09 16:57:05 [INFO] Updated auction: SUB-AT-2020-19R0886001549
2026-02-09 16:57:11 [INFO] Updated auction: SUB-AT-2020-20R3086001009
2026-02-09 16:57:17 [INFO] Updated auction: SUB-AT-2020-20R3086001011
2026-02-09 16:57:23 [INFO] Updated auction: SUB-AT-2020-20R3086001008
2026-02-09 16:57:30 [INFO] Updated auction: SUB-AT-2020-19R2886001797
2026-02-09 16:57:36 [INFO] Updated auction: SUB-AT-2020-19R4186001649
2026-02-09 16:57:41 [INFO] Updated auction: SUB-AT-2020-20R3086001010
2026-02-09 16:57:48 [INFO] Updated auction: SUB-AT-2020-19R4786001357
2026-02-09 16:57:54 [INFO] Updated auction: SUB-AT-2020-20R4586001023
2026-02-09 16:57:59 [INFO] Updated auction: SUB-AT-2020-19R2886001803
2026-02-09 16:58:04 [INFO] Updated auction: SUB-AT-2020-20R2686001008
2026-02-09 16:58:11 [INFO] Updated auction: SUB-AT-2020-19R4786001355
2026-02-09 16:58:17 [INFO] Updated auction: SUB-AT-2020-19R0886001502
2026-02-09 16:58:24 [INFO] Updated auction: SUB-AT-2020-19R4186001671
2026-02-09 16:58:30 [INFO] Updated auction: SUB-AT-2020-19R4186001598
2026-02-09 16:58:36 [INFO] Updated auction: SUB-AT-2020-19R0786001104
2026-02-09 16:58:42 [INFO] Updated auction: SUB-AT-2020-20R5086001004
2026-02-09 16:58:47 [INFO] Updated auction: SUB-AT-2020-19R1586001247
2026-02-09 16:58:53 [INFO] Updated auction: SUB-AT-2020-20R4186001007
2026-02-09 16:58:59 [INFO] Updated auction: SUB-AT-2020-19R4186001668
2026-02-09 16:59:04 [INFO] Updated auction: SUB-AT-2020-20R3386002003
2026-02-09 16:59:10 [INFO] Updated auction: SUB-AT-2020-19R4786001327
2026-02-09 16:59:16 [INFO] Updated auction: SUB-AT-2020-19R2886001804
2026-02-09 16:59:21 [INFO] Updated auction: SUB-AT-2020-20R0886001017
2026-02-09 16:59:27 [INFO] Updated auction: SUB-AT-2020-20R5086001003
2026-02-09 16:59:33 [INFO] Updated auction: SUB-RC-2020-0200100151
2026-02-09 16:59:38 [INFO] Updated auction: SUB-AT-2020-19R4186001674
2026-02-09 16:59:43 [INFO] Updated auction: SUB-RC-2020-0026I20180209
2026-02-09 16:59:48 [INFO] Updated auction: SUB-AT-2020-19R4186001675
2026-02-09 16:59:54 [INFO] Updated auction: SUB-AT-2020-20R5086002001
2026-02-09 16:59:59 [INFO] Updated auction: SUB-AT-2020-19R0886002181
2026-02-09 17:00:05 [INFO] Updated auction: SUB-RC-2020-0026I20180323
2026-02-09 17:00:12 [INFO] Updated auction: SUB-RC-2020-0026I20180297
2026-02-09 17:00:18 [INFO] Updated auction: SUB-AT-2020-19R4786001330
2026-02-09 17:00:24 [INFO] Updated auction: SUB-AT-2020-19R4786001314
2026-02-09 17:00:30 [INFO] Updated auction: SUB-AT-2020-19R4786001331
2026-02-09 17:00:35 [INFO] Updated auction: SUB-AT-2020-19R2886001726
2026-02-09 17:00:41 [INFO] Updated auction: SUB-AT-2020-20R5086001005
2026-02-09 17:00:47 [INFO] Updated auction: SUB-AT-2020-19R4786001322
2026-02-09 17:00:52 [INFO] Updated auction: SUB-AT-2020-19R0886001458
2026-02-09 17:00:58 [INFO] Updated auction: SUB-AT-2020-19R4186001678
2026-02-09 17:01:03 [INFO] Updated auction: SUB-AT-2020-20R4686001023
2026-02-09 17:01:18 [INFO] Updated auction: SUB-AT-2020-20R0686001007
2026-02-09 17:01:24 [INFO] Updated auction: SUB-AT-2020-19R4686001B49
2026-02-09 17:01:29 [INFO] Updated auction: SUB-AT-2020-19R4186001672
2026-02-09 17:01:36 [INFO] Updated auction: SUB-AT-2020-19R1586001249
2026-02-09 17:01:41 [INFO] Updated auction: SUB-AT-2020-19R0886001466
2026-02-09 17:01:48 [INFO] Updated auction: SUB-AT-2020-20R4586001030
2026-02-09 17:01:53 [INFO] Updated auction: SUB-AT-2020-19R4686001B48
2026-02-09 17:01:59 [INFO] Updated auction: SUB-AT-2020-20R4686001010
2026-02-09 17:02:06 [INFO] Updated auction: SUB-AT-2020-19R2886001786
2026-02-09 17:02:12 [INFO] Updated auction: SUB-AT-2020-19R2886001789
2026-02-09 17:02:17 [INFO] Updated auction: SUB-AT-2020-20R4686001015
2026-02-09 17:02:23 [INFO] Updated auction: SUB-AT-2020-19R4786001360
2026-02-09 17:02:29 [INFO] Updated auction: SUB-AT-2020-20R1586002003
2026-02-09 17:02:36 [INFO] Updated auction: SUB-AT-2020-19R4786001291
2026-02-09 17:02:41 [INFO] Updated auction: SUB-RC-2020-070030012302
2026-02-09 17:02:48 [INFO] Updated auction: SUB-RC-2020-070030012303
2026-02-09 17:02:54 [INFO] Updated auction: SUB-RC-2020-0026I20180320
2026-02-09 17:03:00 [INFO] Updated auction: SUB-AT-2020-20R0686001008
2026-02-09 17:03:06 [INFO] Updated auction: SUB-AT-2020-19R0886001682
2026-02-09 17:03:12 [INFO] Updated auction: SUB-AT-2020-20R0686001015
2026-02-09 17:03:18 [INFO] Updated auction: SUB-AT-2020-19R2886001787
2026-02-09 17:03:23 [INFO] Updated auction: SUB-AT-2020-19R2886001815
2026-02-09 17:03:28 [INFO] Updated auction: SUB-AT-2020-19R1586001250
2026-02-09 17:03:34 [INFO] Updated auction: SUB-AT-2020-19R1586001227
2026-02-09 17:03:40 [INFO] Updated auction: SUB-AT-2020-19R1586001242
2026-02-09 17:03:46 [INFO] Updated auction: SUB-AT-2020-19R2886001486
2026-02-09 17:03:51 [INFO] Updated auction: SUB-RC-2020-0025I20190026
2026-02-09 17:03:58 [INFO] Updated auction: SUB-AT-2020-20R4686001005
2026-02-09 17:04:04 [INFO] Updated auction: SUB-AT-2020-19R4186001551
2026-02-09 17:04:10 [INFO] Updated auction: SUB-AT-2020-20R0686001014
2026-02-09 17:04:15 [INFO] Updated auction: SUB-AT-2020-20R2686001006
2026-02-09 17:04:20 [INFO] Updated auction: SUB-AT-2020-20R0686001013
2026-02-09 17:04:26 [INFO] Updated auction: SUB-AT-2020-20R4586002004
2026-02-09 17:04:33 [INFO] Updated auction: SUB-AT-2020-20R1586001004
2026-02-09 17:04:38 [INFO] Updated auction: SUB-AT-2020-19R4186001657
2026-02-09 17:04:44 [INFO] Updated auction: SUB-AT-2020-19R2986001196
2026-02-09 17:04:50 [INFO] Updated auction: SUB-RC-2020-0026I20180298
2026-02-09 17:04:55 [INFO] Updated auction: SUB-AT-2020-19R4186001665
2026-02-09 17:05:00 [INFO] Updated auction: SUB-AT-2020-20R4186001008
2026-02-09 17:05:06 [INFO] Updated auction: SUB-AT-2020-20R4586001025
2026-02-09 17:05:12 [INFO] Updated auction: SUB-AT-2020-20R3086001012
2026-02-09 17:05:17 [INFO] Updated auction: SUB-AT-2020-19R4186001664
2026-02-09 17:05:25 [INFO] Updated auction: SUB-AT-2020-19R4686001B05
2026-02-09 17:05:30 [INFO] Updated auction: SUB-AT-2020-19R4686001B59
2026-02-09 17:05:37 [INFO] Updated auction: SUB-AT-2020-19R0886001454
2026-02-09 17:05:42 [INFO] Updated auction: SUB-AT-2020-19R4686001B31
2026-02-09 17:05:48 [INFO] Updated auction: SUB-AT-2020-20R3386001005
2026-02-09 17:05:53 [INFO] Updated auction: SUB-AT-2020-19R2986001217
2026-02-09 17:05:59 [INFO] Updated auction: SUB-AT-2020-20R0686001011
2026-02-09 17:06:06 [INFO] Updated auction: SUB-RC-2020-0025I20190035
2026-02-09 17:06:11 [INFO] Updated auction: SUB-AT-2020-19R4186001666
2026-02-09 17:06:17 [INFO] Updated auction: SUB-AT-2020-20R0686001012
2026-02-09 17:06:23 [INFO] Updated auction: SUB-AT-2020-19R0886001455
2026-02-09 17:06:29 [INFO] Updated auction: SUB-AT-2020-19R4686001936
2026-02-09 17:06:34 [INFO] Updated auction: SUB-AT-2020-19R0786001107
2026-02-09 17:06:40 [INFO] Updated auction: SUB-AT-2020-19R2986002006
2026-02-09 17:06:46 [INFO] Updated auction: SUB-AT-2020-20R3386001006
2026-02-09 17:06:53 [INFO] Updated auction: SUB-AT-2020-19R4786001326
2026-02-09 17:06:58 [INFO] Updated auction: SUB-AT-2020-19R4686001A44
2026-02-09 17:07:03 [INFO] Updated auction: SUB-AT-2020-19R4686001A91
2026-02-09 17:07:09 [INFO] Updated auction: SUB-AT-2020-20R4686001016
2026-02-09 17:07:14 [INFO] Updated auction: SUB-AT-2020-19R0886001579
2026-02-09 17:07:20 [INFO] Updated auction: SUB-AT-2020-19R4186001686
2026-02-09 17:07:26 [INFO] Updated auction: SUB-AT-2020-19R2686001103
2026-02-09 17:07:31 [INFO] Updated auction: SUB-AT-2020-20R1586002001
2026-02-09 17:07:37 [INFO] Updated auction: SUB-AT-2020-19R2986001220
2026-02-09 17:07:43 [INFO] Updated auction: SUB-AT-2020-19R1586001237
2026-02-09 17:07:49 [INFO] Updated auction: SUB-AT-2020-19R4686001B47
2026-02-09 17:07:55 [INFO] Updated auction: SUB-AT-2020-20R4186001012
2026-02-09 17:08:01 [INFO] Updated auction: SUB-AT-2020-19R4186001576
2026-02-09 17:08:07 [INFO] Updated auction: SUB-AT-2020-19R4186001659
2026-02-09 17:08:14 [INFO] Updated auction: SUB-RC-2020-0026I20180002
2026-02-09 17:08:20 [INFO] Updated auction: SUB-AT-2020-19R4186001658
2026-02-09 17:08:27 [INFO] Updated auction: SUB-AT-2020-19R0786001098
2026-02-09 17:08:34 [INFO] Updated auction: SUB-AT-2020-19R2886001792
2026-02-09 17:08:39 [INFO] Updated auction: SUB-AT-2020-20R3386001002
2026-02-09 17:08:44 [INFO] Updated auction: SUB-AT-2020-19R2886001816
2026-02-09 17:08:50 [INFO] Updated auction: SUB-AT-2020-19R0886001683
2026-02-09 17:08:56 [INFO] Updated auction: SUB-AT-2020-19R0886001677
2026-02-09 17:09:02 [INFO] Updated auction: SUB-AT-2020-19R0886001299
2026-02-09 17:09:08 [INFO] Updated auction: SUB-AT-2020-19R2886001828
2026-02-09 17:09:14 [INFO] Updated auction: SUB-AT-2020-19R4686001B08
2026-02-09 17:09:21 [INFO] Updated auction: SUB-AT-2020-20R3386001001
2026-02-09 17:09:27 [INFO] Updated auction: SUB-AT-2020-19R4186001605
2026-02-09 17:09:32 [INFO] Updated auction: SUB-AT-2020-20R0886001005
2026-02-09 17:09:38 [INFO] Updated auction: SUB-RC-2020-0026I20190026
2026-02-09 17:09:44 [INFO] Updated auction: SUB-RC-2020-0026I20190025
2026-02-09 17:09:50 [INFO] Updated auction: SUB-AT-2020-19R4686001B58
2026-02-09 17:09:55 [INFO] Updated auction: SUB-AT-2020-19R3086001225
2026-02-09 17:10:02 [INFO] Updated auction: SUB-AT-2020-19R2886001872
2026-02-09 17:10:08 [INFO] Updated auction: SUB-AT-2020-19R4186001683
2026-02-09 17:10:14 [INFO] Updated auction: SUB-AT-2020-20R0686001009
2026-02-09 17:10:21 [INFO] Updated auction: SUB-AT-2020-19R4686001A99
2026-02-09 17:10:30 [INFO] Updated auction: SUB-AT-2020-20R4586001012
2026-02-09 17:10:41 [INFO] Updated auction: SUB-AT-2020-19R0886002059
2026-02-09 17:10:47 [INFO] Updated auction: SUB-AT-2020-19R4786001290
2026-02-09 17:10:53 [INFO] Updated auction: SUB-AT-2020-19R4786001318
2026-02-09 17:10:59 [INFO] Updated auction: SUB-AT-2020-20R3386001003
2026-02-09 17:11:06 [INFO] Updated auction: SUB-AT-2020-19R0886001202
2026-02-09 17:11:12 [INFO] Updated auction: SUB-AT-2020-19R4186001669
2026-02-09 17:11:19 [INFO] Updated auction: SUB-AT-2020-19R0886001675
2026-02-09 17:11:26 [INFO] Updated auction: SUB-AT-2020-19R0886001676
2026-02-09 17:11:32 [INFO] Updated auction: SUB-RC-2020-07003001230
2026-02-09 17:11:38 [INFO] Updated auction: SUB-AT-2020-19R4186001417
2026-02-09 17:11:45 [INFO] Updated auction: SUB-AT-2020-19R0786001105
2026-02-09 17:11:52 [INFO] Updated auction: SUB-AT-2020-19R4786001356
2026-02-09 17:11:59 [INFO] Updated auction: SUB-RC-2020-18009001GR006
2026-02-09 17:12:06 [INFO] Updated auction: SUB-AT-2020-20R5086001002
2026-02-09 17:12:12 [INFO] Updated auction: SUB-AT-2020-20R1586001010
2026-02-09 17:12:18 [INFO] Updated auction: SUB-AT-2020-19R4686001B04
2026-02-09 17:12:25 [INFO] Updated auction: SUB-AT-2020-19R4686001B09
2026-02-09 17:12:32 [INFO] Updated auction: SUB-AT-2020-20R1586001003
2026-02-09 17:12:38 [INFO] Updated auction: SUB-AT-2020-20R1586001002
2026-02-09 17:12:44 [INFO] Updated auction: SUB-RC-2020-18009001GR005
2026-02-09 17:12:50 [INFO] Updated auction: SUB-AT-2020-19R4186001350
2026-02-09 17:12:55 [INFO] Updated auction: SUB-AT-2020-19R4186001416
2026-02-09 17:13:03 [INFO] Updated auction: SUB-AT-2020-20R0786001003
2026-02-09 17:13:09 [INFO] Updated auction: SUB-AT-2020-19R4786001358
2026-02-09 17:13:19 [INFO] Updated auction: SUB-AT-2020-19R0786001106
2026-02-09 17:13:44 [INFO] Updated auction: SUB-AT-2020-19R0886001461
2026-02-09 17:13:52 [INFO] Updated auction: SUB-AT-2020-19R0886001684
2026-02-09 17:14:04 [INFO] Updated auction: SUB-AT-2020-20R4586001028
2026-02-09 17:14:11 [INFO] Updated auction: SUB-AT-2020-19R0886001680
2026-02-09 17:14:19 [INFO] Updated auction: SUB-AT-2020-19R0886001492
2026-02-09 17:14:28 [INFO] Updated auction: SUB-RC-2020-07003001189
2026-02-09 17:14:36 [INFO] Updated auction: SUB-AT-2020-20R0686001016
2026-02-09 17:14:43 [INFO] Updated auction: SUB-AT-2020-19R0886001300
2026-02-09 17:14:49 [INFO] Updated auction: SUB-AT-2020-19R2886001810
2026-02-09 17:14:55 [INFO] Updated auction: SUB-AT-2020-19R4686001B06
2026-02-09 17:15:03 [INFO] Updated auction: SUB-AT-2020-19R4686001B07
2026-02-09 17:15:38 [INFO] Updated auction: SUB-AT-2020-19R2886001712
2026-02-09 17:15:45 [INFO] Updated auction: SUB-AT-2020-19R4186001684
2026-02-09 17:15:51 [INFO] Updated auction: SUB-AT-2020-19R4686001B10
2026-02-09 17:15:57 [INFO] Updated auction: SUB-AT-2020-20R4186001005
2026-02-09 17:16:04 [INFO] Updated auction: SUB-AT-2020-19R0886001687
2026-02-09 17:16:09 [INFO] Updated auction: SUB-AT-2020-19R0886001438
2026-02-09 17:16:15 [INFO] Updated auction: SUB-AT-2020-19R2886001823
2026-02-09 17:16:21 [INFO] Updated auction: SUB-AT-2020-19R2886001820
2026-02-09 17:16:30 [INFO] Updated auction: SUB-AT-2020-19R2886001817
2026-02-09 17:16:36 [INFO] Updated auction: SUB-AT-2020-19R2886001821
2026-02-09 17:16:42 [INFO] Updated auction: SUB-AT-2020-19R0886001681
2026-02-09 17:16:48 [INFO] Updated auction: SUB-AT-2020-20R3086001002
2026-02-09 17:16:54 [INFO] Updated auction: SUB-AT-2020-20R3386001004
2026-02-09 17:17:01 [INFO] Updated auction: SUB-AT-2020-19R0886001562
2026-02-09 17:17:07 [INFO] Updated auction: SUB-AT-2020-19R2886001819
2026-02-09 17:17:12 [INFO] Updated auction: SUB-AT-2020-19R4586001244
2026-02-09 17:17:18 [INFO] Updated auction: SUB-RC-2020-0026I20170252
2026-02-09 17:17:26 [INFO] Updated auction: SUB-RC-2020-07003001259
2026-02-09 17:17:35 [INFO] Updated auction: SUB-AT-2020-19R2886001760
2026-02-09 17:17:42 [INFO] Updated auction: SUB-RC-2020-16001001008
2026-02-09 17:17:46 [INFO] Updated auction: SUB-AT-2020-19R4186001676
2026-02-09 17:17:46 [INFO] [BOE_FORM_BACKFILL] Looking for next page link...
2026-02-09 17:17:46 [INFO] [BOE_FORM_BACKFILL] Found next page link, clicking... (page 1 -> 2)
2026-02-09 17:17:52 [INFO] [BOE_FORM_BACKFILL] No items found on page 2
2026-02-09 17:17:52 [INFO] [BOE_FORM_BACKFILL]     Saved 348 auctions for week 5
2026-02-09 17:17:52 [INFO] [BOE_FORM_BACKFILL] Total saved for 2020-05: 348 auctions
2026-02-09 17:17:52 [INFO] [BOE_FORM_BACKFILL] ✓ 2020-05: 348 auctions (total: 563)
2026-02-09 17:17:52 [INFO] [BOE_FORM_BACKFILL] Waiting 30s before next month...
2026-02-09 17:18:22 [INFO] [BOE_FORM_BACKFILL] 
[3/70] Scraping 2020-06
2026-02-09 17:18:22 [INFO] [BOE_FORM_BACKFILL] Scraping 2020-06 in weekly chunks to avoid BOE limits...
2026-02-09 17:18:22 [INFO] [BOE_FORM_BACKFILL]   Week 1: 2020-06-01 to 2020-06-07
2026-02-09 17:18:22 [INFO] [BOE_FORM_BACKFILL] Submitting search form: 2020-06-01 to 2020-06-07
2026-02-09 17:18:35 [INFO] [BOE_FORM_BACKFILL] Form submitted successfully
2026-02-09 17:18:50 [WARNING] [BOE_FORM_BACKFILL] Could not find results container, checking page content...
2026-02-09 17:18:50 [INFO] [BOE_FORM_BACKFILL] No items found on page 1
2026-02-09 17:18:50 [INFO] [BOE_FORM_BACKFILL]     Saved 0 auctions for week 1
2026-02-09 17:19:02 [INFO] [BOE_FORM_BACKFILL]   Week 2: 2020-06-08 to 2020-06-14
2026-02-09 17:19:02 [INFO] [BOE_FORM_BACKFILL] Submitting search form: 2020-06-08 to 2020-06-14
2026-02-09 17:19:15 [INFO] [BOE_FORM_BACKFILL] Form submitted successfully
2026-02-09 17:19:30 [WARNING] [BOE_FORM_BACKFILL] Could not find results container, checking page content...
2026-02-09 17:19:30 [INFO] [BOE_FORM_BACKFILL] No items found on page 1
2026-02-09 17:19:31 [INFO] [BOE_FORM_BACKFILL]     Saved 0 auctions for week 2
2026-02-09 17:19:42 [INFO] [BOE_FORM_BACKFILL]   Week 3: 2020-06-15 to 2020-06-21
2026-02-09 17:19:42 [INFO] [BOE_FORM_BACKFILL] Submitting search form: 2020-06-15 to 2020-06-21
2026-02-09 17:20:00 [INFO] [BOE_FORM_BACKFILL] Form submitted successfully
2026-02-09 17:20:01 [INFO] [BOE_FORM_BACKFILL] Page 1: Processing 2 items
2026-02-09 17:20:09 [INFO] Updated auction: SUB-AT-2020-19R1586001230
2026-02-09 17:20:21 [INFO] Updated auction: SUB-RC-2020-07003001184
2026-02-09 17:20:21 [INFO] [BOE_FORM_BACKFILL] Looking for next page link...
2026-02-09 17:20:22 [INFO] [BOE_FORM_BACKFILL] Found next page link, clicking... (page 1 -> 2)
2026-02-09 17:20:28 [INFO] [BOE_FORM_BACKFILL] No items found on page 2
2026-02-09 17:20:29 [INFO] [BOE_FORM_BACKFILL]     Saved 2 auctions for week 3
2026-02-09 17:20:43 [INFO] [BOE_FORM_BACKFILL]   Week 4: 2020-06-22 to 2020-06-28
2026-02-09 17:20:44 [INFO] [BOE_FORM_BACKFILL] Submitting search form: 2020-06-22 to 2020-06-28
2026-02-09 17:21:01 [INFO] [BOE_FORM_BACKFILL] Form submitted successfully
2026-02-09 17:21:02 [INFO] [BOE_FORM_BACKFILL] Page 1: Processing 370 items
2026-02-09 17:21:09 [INFO] Updated auction: SUB-AT-2019-19R5086001018
2026-02-09 17:21:17 [INFO] Updated auction: SUB-AT-2020-19R0886001471
2026-02-09 17:21:24 [INFO] Updated auction: SUB-AT-2020-19R0886001552
2026-02-09 17:21:29 [INFO] Updated auction: SUB-AT-2020-19R0886001561
2026-02-09 17:21:36 [INFO] Updated auction: SUB-AT-2020-19R0886001619
2026-02-09 17:21:47 [INFO] Updated auction: SUB-AT-2020-19R0886001662
2026-02-09 17:21:59 [INFO] Updated auction: SUB-AT-2020-19R0886001686
2026-02-09 17:22:09 [INFO] Updated auction: SUB-AT-2020-19R1586001245
2026-02-09 17:22:18 [INFO] Updated auction: SUB-AT-2020-19R4686001B26
2026-02-09 17:22:28 [INFO] Updated auction: SUB-AT-2020-19R4786001382
2026-02-09 17:22:40 [INFO] Updated auction: SUB-AT-2020-20R0886001046
2026-02-09 17:22:50 [INFO] Updated auction: SUB-AT-2020-20R0886001047
2026-02-09 17:22:59 [INFO] Updated auction: SUB-AT-2020-20R0886001048
2026-02-09 17:23:11 [INFO] Updated auction: SUB-AT-2020-20R0886001049
2026-02-09 17:23:18 [INFO] Updated auction: SUB-AT-2020-20R0886001050
2026-02-09 17:23:27 [INFO] Updated auction: SUB-AT-2020-20R0886001051
2026-02-09 17:23:35 [INFO] Updated auction: SUB-AT-2020-20R0886001052
2026-02-09 17:23:47 [INFO] Updated auction: SUB-AT-2020-20R0886001053
2026-02-09 17:23:59 [INFO] Updated auction: SUB-AT-2020-20R0886001054
2026-02-09 17:24:05 [INFO] Updated auction: SUB-AT-2020-20R1586001005
2026-02-09 17:24:12 [INFO] Updated auction: SUB-AT-2020-20R3086001017
2026-02-09 17:24:19 [INFO] Updated auction: SUB-AT-2020-20R3086001024
2026-02-09 17:24:26 [INFO] Updated auction: SUB-AT-2020-20R4786001007
2026-02-09 17:24:36 [INFO] Updated auction: SUB-AT-2020-20R4786001010
2026-02-09 17:24:48 [INFO] Updated auction: SUB-AT-2020-20R4786001011
2026-02-09 17:25:00 [INFO] Updated auction: SUB-JA-2016-26382
2026-02-09 17:25:11 [INFO] Updated auction: SUB-JA-2016-30870
2026-02-09 17:25:27 [INFO] Updated auction: SUB-JA-2017-58554
2026-02-09 17:25:35 [INFO] Updated auction: SUB-JA-2017-81877
2026-02-09 17:25:42 [INFO] Updated auction: SUB-JA-2018-105262
2026-02-09 17:25:50 [INFO] Updated auction: SUB-JA-2018-106684
2026-02-09 17:25:59 [INFO] Updated auction: SUB-JA-2018-112958
2026-02-09 17:26:12 [INFO] Updated auction: SUB-JA-2019-114248
2026-02-09 17:26:20 [INFO] Updated auction: SUB-JA-2019-119462
2026-02-09 17:26:29 [INFO] Updated auction: SUB-JA-2019-121733
2026-02-09 17:26:38 [INFO] Updated auction: SUB-JA-2019-122437
2026-02-09 17:26:46 [INFO] Updated auction: SUB-JA-2019-124815
2026-02-09 17:26:53 [INFO] Updated auction: SUB-JA-2019-128016
2026-02-09 17:27:00 [INFO] Updated auction: SUB-JA-2019-130376
2026-02-09 17:27:07 [INFO] Updated auction: SUB-JA-2019-130516
2026-02-09 17:27:15 [INFO] Updated auction: SUB-JA-2019-131256
2026-02-09 17:27:21 [INFO] Updated auction: SUB-JA-2019-131380
2026-02-09 17:27:27 [INFO] Updated auction: SUB-JA-2019-132160
2026-02-09 17:27:36 [INFO] Updated auction: SUB-JA-2019-132565
2026-02-09 17:27:46 [INFO] Updated auction: SUB-JA-2019-133221
2026-02-09 17:27:56 [INFO] Updated auction: SUB-JA-2019-133733
2026-02-09 17:28:03 [INFO] Updated auction: SUB-JA-2019-134681
2026-02-09 17:28:11 [INFO] Updated auction: SUB-JA-2019-135059
2026-02-09 17:28:16 [INFO] Updated auction: SUB-JA-2019-135197
2026-02-09 17:28:22 [INFO] Updated auction: SUB-JA-2019-135426
2026-02-09 17:28:36 [INFO] Updated auction: SUB-JA-2019-135467
2026-02-09 17:28:45 [INFO] Updated auction: SUB-JA-2019-135496
2026-02-09 17:28:53 [INFO] Updated auction: SUB-JA-2019-135751
2026-02-09 17:29:07 [INFO] Updated auction: SUB-JA-2019-136200
2026-02-09 17:29:24 [INFO] Updated auction: SUB-JA-2019-136296
2026-02-09 17:29:30 [INFO] Updated auction: SUB-JA-2019-137016
2026-02-09 17:29:37 [INFO] Updated auction: SUB-JA-2019-137148
2026-02-09 17:29:46 [INFO] Updated auction: SUB-JA-2019-137849
2026-02-09 17:29:54 [INFO] Updated auction: SUB-JA-2019-138402
2026-02-09 17:30:01 [INFO] Updated auction: SUB-JA-2019-138684
2026-02-09 17:30:07 [INFO] Updated auction: SUB-JA-2019-139056
2026-02-09 17:30:16 [INFO] Updated auction: SUB-JA-2019-139628
2026-02-09 17:30:24 [INFO] Updated auction: SUB-JA-2019-139857
2026-02-09 17:30:29 [INFO] Updated auction: SUB-JA-2019-139915
2026-02-09 17:30:40 [INFO] Updated auction: SUB-JA-2019-140029
2026-02-09 17:30:46 [INFO] Updated auction: SUB-JA-2019-141121
2026-02-09 17:30:52 [INFO] Updated auction: SUB-JA-2019-141292
2026-02-09 17:31:00 [INFO] Updated auction: SUB-JA-2019-141690
2026-02-09 17:31:21 [INFO] Inserted auction: SUB-JA-2019-142054
2026-02-09 17:31:26 [INFO] Inserted auction: SUB-JA-2019-142146
2026-02-09 17:31:33 [INFO] Inserted auction: SUB-JA-2019-142178
2026-02-09 17:31:40 [INFO] Inserted auction: SUB-JA-2020-137209
2026-02-09 17:31:45 [INFO] Inserted auction: SUB-JA-2020-139548
2026-02-09 17:31:55 [INFO] Inserted auction: SUB-JA-2020-142372
2026-02-09 17:32:04 [INFO] Inserted auction: SUB-JA-2020-142754
2026-02-09 17:32:14 [INFO] Inserted auction: SUB-JA-2020-142881
2026-02-09 17:32:23 [INFO] Inserted auction: SUB-JA-2020-142945
2026-02-09 17:32:31 [INFO] Inserted auction: SUB-JA-2020-142985
2026-02-09 17:32:39 [INFO] Inserted auction: SUB-JA-2020-143033
2026-02-09 17:32:45 [INFO] Inserted auction: SUB-JA-2020-143046
2026-02-09 17:32:51 [INFO] Inserted auction: SUB-JA-2020-143181
2026-02-09 17:32:58 [INFO] Inserted auction: SUB-JA-2020-143244
2026-02-09 17:33:04 [INFO] Inserted auction: SUB-JA-2020-143413
2026-02-09 17:33:10 [INFO] Inserted auction: SUB-JA-2020-143557
2026-02-09 17:33:17 [INFO] Inserted auction: SUB-JA-2020-143669
2026-02-09 17:33:23 [INFO] Inserted auction: SUB-JA-2020-143771
2026-02-09 17:33:29 [INFO] Inserted auction: SUB-JA-2020-143809
2026-02-09 17:33:35 [INFO] Inserted auction: SUB-JA-2020-143868
2026-02-09 17:33:40 [INFO] Inserted auction: SUB-JA-2020-143891
2026-02-09 17:33:45 [INFO] Inserted auction: SUB-JA-2020-143942
2026-02-09 17:33:52 [INFO] Inserted auction: SUB-JA-2020-143962
2026-02-09 17:33:59 [INFO] Inserted auction: SUB-JA-2020-143973
2026-02-09 17:34:06 [INFO] Inserted auction: SUB-JA-2020-143975
2026-02-09 17:34:14 [INFO] Inserted auction: SUB-JA-2020-144063
2026-02-09 17:34:23 [INFO] Inserted auction: SUB-JA-2020-144149
2026-02-09 17:34:30 [INFO] Inserted auction: SUB-JA-2020-144160
2026-02-09 17:34:36 [INFO] Inserted auction: SUB-JA-2020-144351
2026-02-09 17:34:43 [INFO] Inserted auction: SUB-JA-2020-144372
2026-02-09 17:34:50 [INFO] Inserted auction: SUB-JA-2020-144393
2026-02-09 17:34:57 [INFO] Inserted auction: SUB-JA-2020-144425
2026-02-09 17:35:06 [INFO] Inserted auction: SUB-JA-2020-144607
2026-02-09 17:35:13 [INFO] Inserted auction: SUB-JA-2020-144726
2026-02-09 17:35:20 [INFO] Inserted auction: SUB-JA-2020-144752
2026-02-09 17:35:27 [INFO] Inserted auction: SUB-JA-2020-144757
2026-02-09 17:35:35 [INFO] Inserted auction: SUB-JA-2020-144890
2026-02-09 17:35:42 [INFO] Inserted auction: SUB-JA-2020-144910
2026-02-09 17:35:50 [INFO] Inserted auction: SUB-JA-2020-144946
2026-02-09 17:35:56 [INFO] Inserted auction: SUB-JA-2020-144986
2026-02-09 17:36:06 [INFO] Inserted auction: SUB-JA-2020-145075
2026-02-09 17:36:13 [INFO] Inserted auction: SUB-JA-2020-145094
2026-02-09 17:36:19 [INFO] Inserted auction: SUB-JA-2020-145117
2026-02-09 17:36:27 [INFO] Inserted auction: SUB-JA-2020-145157
2026-02-09 17:36:34 [INFO] Inserted auction: SUB-JA-2020-145164
2026-02-09 17:36:42 [INFO] Inserted auction: SUB-JA-2020-145233
2026-02-09 17:36:51 [INFO] Inserted auction: SUB-JA-2020-145260
2026-02-09 17:36:57 [INFO] Inserted auction: SUB-JA-2020-145314
2026-02-09 17:37:05 [INFO] Inserted auction: SUB-JA-2020-145344
2026-02-09 17:37:13 [INFO] Inserted auction: SUB-JA-2020-145372
2026-02-09 17:37:20 [INFO] Inserted auction: SUB-JA-2020-145385
2026-02-09 17:37:27 [INFO] Inserted auction: SUB-JA-2020-145432
2026-02-09 17:37:34 [INFO] Inserted auction: SUB-JA-2020-145499
2026-02-09 17:37:41 [INFO] Inserted auction: SUB-JA-2020-145546
2026-02-09 17:37:49 [INFO] Inserted auction: SUB-JA-2020-145721
2026-02-09 17:37:58 [INFO] Inserted auction: SUB-JA-2020-145725
2026-02-09 17:38:05 [INFO] Inserted auction: SUB-JA-2020-145783
2026-02-09 17:38:12 [INFO] Inserted auction: SUB-JA-2020-145838
2026-02-09 17:38:19 [INFO] Inserted auction: SUB-JA-2020-145927
2026-02-09 17:38:26 [INFO] Inserted auction: SUB-JA-2020-145976
2026-02-09 17:38:31 [INFO] Inserted auction: SUB-JA-2020-146002
2026-02-09 17:38:38 [INFO] Inserted auction: SUB-JA-2020-146005
2026-02-09 17:38:44 [INFO] Inserted auction: SUB-JA-2020-146014
2026-02-09 17:38:51 [INFO] Inserted auction: SUB-JA-2020-146109
2026-02-09 17:38:56 [INFO] Inserted auction: SUB-JA-2020-146139
2026-02-09 17:39:05 [INFO] Inserted auction: SUB-JA-2020-146147
2026-02-09 17:39:12 [INFO] Inserted auction: SUB-JA-2020-146232
2026-02-09 17:39:18 [INFO] Inserted auction: SUB-JA-2020-146241
2026-02-09 17:39:24 [INFO] Inserted auction: SUB-JA-2020-146262
2026-02-09 17:39:29 [INFO] Inserted auction: SUB-JA-2020-146280
2026-02-09 17:39:36 [INFO] Inserted auction: SUB-JA-2020-146310
2026-02-09 17:39:46 [INFO] Inserted auction: SUB-JA-2020-146344
2026-02-09 17:39:55 [INFO] Inserted auction: SUB-JA-2020-146352
2026-02-09 17:40:08 [INFO] Inserted auction: SUB-JA-2020-146367
2026-02-09 17:40:17 [INFO] Inserted auction: SUB-JA-2020-146368
2026-02-09 17:40:23 [INFO] Inserted auction: SUB-JA-2020-146377
2026-02-09 17:40:36 [INFO] Inserted auction: SUB-JA-2020-146382
2026-02-09 17:40:46 [INFO] Inserted auction: SUB-JA-2020-146388
2026-02-09 17:40:54 [INFO] Inserted auction: SUB-JA-2020-146392
2026-02-09 17:41:01 [INFO] Inserted auction: SUB-JA-2020-146423
2026-02-09 17:41:09 [INFO] Inserted auction: SUB-JA-2020-146428
2026-02-09 17:41:15 [INFO] Inserted auction: SUB-JA-2020-146434
2026-02-09 17:41:21 [INFO] Inserted auction: SUB-JA-2020-146438
2026-02-09 17:41:29 [INFO] Inserted auction: SUB-JA-2020-146442
2026-02-09 17:41:39 [INFO] Inserted auction: SUB-JA-2020-146450
2026-02-09 17:41:48 [INFO] Inserted auction: SUB-JA-2020-146460
2026-02-09 17:41:57 [INFO] Inserted auction: SUB-JA-2020-146466
2026-02-09 17:42:03 [INFO] Inserted auction: SUB-JA-2020-146468
2026-02-09 17:42:09 [INFO] Inserted auction: SUB-JA-2020-146469
2026-02-09 17:42:15 [INFO] Inserted auction: SUB-JA-2020-146521
2026-02-09 17:42:21 [INFO] Inserted auction: SUB-JA-2020-146528
2026-02-09 17:42:26 [INFO] Inserted auction: SUB-JA-2020-146544
2026-02-09 17:42:32 [INFO] Inserted auction: SUB-JA-2020-146550
2026-02-09 17:42:38 [INFO] Inserted auction: SUB-JA-2020-146587
2026-02-09 17:42:43 [INFO] Inserted auction: SUB-JA-2020-146604
2026-02-09 17:42:49 [INFO] Inserted auction: SUB-JA-2020-146606
2026-02-09 17:42:55 [INFO] Inserted auction: SUB-JA-2020-146618
2026-02-09 17:43:01 [INFO] Inserted auction: SUB-JA-2020-146619
2026-02-09 17:43:07 [INFO] Inserted auction: SUB-JA-2020-146658
2026-02-09 17:43:13 [INFO] Inserted auction: SUB-JA-2020-146683
2026-02-09 17:43:20 [INFO] Inserted auction: SUB-JA-2020-146687
2026-02-09 17:43:30 [INFO] Inserted auction: SUB-JA-2020-146728
2026-02-09 17:43:35 [INFO] Inserted auction: SUB-JA-2020-146732
2026-02-09 17:43:42 [INFO] Inserted auction: SUB-JA-2020-146733
2026-02-09 17:43:50 [INFO] Inserted auction: SUB-JA-2020-146735
2026-02-09 17:43:59 [INFO] Inserted auction: SUB-JA-2020-146739
2026-02-09 17:44:05 [INFO] Inserted auction: SUB-JA-2020-146749
2026-02-09 17:44:11 [INFO] Inserted auction: SUB-JA-2020-146758
2026-02-09 17:44:17 [INFO] Inserted auction: SUB-JA-2020-146762
2026-02-09 17:44:23 [INFO] Inserted auction: SUB-JA-2020-146789
2026-02-09 17:44:28 [INFO] Inserted auction: SUB-JA-2020-146790
2026-02-09 17:44:35 [INFO] Inserted auction: SUB-JA-2020-146811
2026-02-09 17:44:42 [INFO] Inserted auction: SUB-JA-2020-146816
2026-02-09 17:44:53 [INFO] Inserted auction: SUB-JA-2020-146828
2026-02-09 17:45:04 [INFO] Inserted auction: SUB-JA-2020-146851
2026-02-09 17:45:10 [INFO] Inserted auction: SUB-JA-2020-146861
2026-02-09 17:45:16 [INFO] Inserted auction: SUB-JA-2020-146870
2026-02-09 17:45:21 [INFO] Inserted auction: SUB-JA-2020-146895
2026-02-09 17:45:27 [INFO] Inserted auction: SUB-JA-2020-146898
2026-02-09 17:45:33 [INFO] Inserted auction: SUB-JA-2020-146900
2026-02-09 17:45:39 [INFO] Inserted auction: SUB-JA-2020-146901
2026-02-09 17:45:45 [INFO] Inserted auction: SUB-JA-2020-146927
2026-02-09 17:45:51 [INFO] Inserted auction: SUB-JA-2020-147009
2026-02-09 17:45:58 [INFO] Inserted auction: SUB-JA-2020-147026
2026-02-09 17:46:03 [INFO] Inserted auction: SUB-JA-2020-147044
2026-02-09 17:46:09 [INFO] Inserted auction: SUB-JA-2020-147063
2026-02-09 17:46:14 [INFO] Inserted auction: SUB-JA-2020-147075
2026-02-09 17:46:20 [INFO] Inserted auction: SUB-JC-2019-132974
2026-02-09 17:46:25 [INFO] Inserted auction: SUB-JC-2019-134395
2026-02-09 17:46:31 [INFO] Inserted auction: SUB-JC-2019-138798
2026-02-09 17:46:37 [INFO] Inserted auction: SUB-JC-2019-140487
2026-02-09 17:46:43 [INFO] Inserted auction: SUB-JC-2020-144098
2026-02-09 17:46:51 [INFO] Inserted auction: SUB-JC-2020-145259
2026-02-09 17:46:59 [INFO] Inserted auction: SUB-JC-2020-146524
2026-02-09 17:47:05 [INFO] Inserted auction: SUB-JV-2019-140952
2026-02-09 17:47:12 [INFO] Inserted auction: SUB-JV-2019-141443
2026-02-09 17:47:17 [INFO] Inserted auction: SUB-JV-2019-141695
2026-02-09 17:47:23 [INFO] Inserted auction: SUB-JV-2020-146133
2026-02-09 17:47:30 [INFO] Inserted auction: SUB-JV-2020-146515
2026-02-09 17:47:40 [INFO] Inserted auction: SUB-JV-2020-146989
2026-02-09 17:47:47 [INFO] Inserted auction: SUB-JV-2020-147033
2026-02-09 17:47:56 [INFO] Inserted auction: SUB-NE-2020-376026
2026-02-09 17:48:05 [INFO] Inserted auction: SUB-NE-2020-376027
2026-02-09 17:48:21 [INFO] Inserted auction: SUB-NE-2020-376029
2026-02-09 17:48:28 [INFO] Inserted auction: SUB-NE-2020-376030
2026-02-09 17:48:35 [INFO] Inserted auction: SUB-NE-2020-386046
2026-02-09 17:48:42 [INFO] Inserted auction: SUB-NE-2020-386047
2026-02-09 17:48:50 [INFO] Inserted auction: SUB-NE-2020-395989
2026-02-09 17:48:57 [INFO] Inserted auction: SUB-NE-2020-395990
2026-02-09 17:49:04 [INFO] Inserted auction: SUB-NE-2020-405926
2026-02-09 17:49:10 [INFO] Inserted auction: SUB-NE-2020-405928
2026-02-09 17:49:17 [INFO] Inserted auction: SUB-RC-2020-0026I20180020
2026-02-09 17:49:23 [INFO] Inserted auction: SUB-RC-2020-0026I20180025
2026-02-09 17:49:29 [INFO] Inserted auction: SUB-RC-2020-0026I20180026
2026-02-09 17:49:35 [INFO] Inserted auction: SUB-RC-2020-0026I20180034
2026-02-09 17:49:41 [INFO] Inserted auction: SUB-RC-2020-0026I20180049
2026-02-09 17:49:47 [INFO] Inserted auction: SUB-RC-2020-0026I20180050
2026-02-09 17:49:53 [INFO] Inserted auction: SUB-RC-2020-0026I20180060
2026-02-09 17:49:58 [INFO] Inserted auction: SUB-RC-2020-0026I20180072
2026-02-09 17:50:04 [INFO] Inserted auction: SUB-RC-2020-15006001160
2026-02-09 17:50:10 [INFO] Inserted auction: SUB-RC-2020-15006001170
2026-02-09 17:50:14 [INFO] Inserted auction: SUB-RC-2020-15006001175
2026-02-09 17:50:21 [INFO] Inserted auction: SUB-RC-2020-15006001176
2026-02-09 17:50:27 [INFO] Inserted auction: SUB-RC-2020-15006001179
2026-02-09 17:50:33 [INFO] Inserted auction: SUB-RC-2020-28813001TOR01
2026-02-09 17:50:40 [INFO] Inserted auction: SUB-JA-2020-141880
2026-02-09 17:50:46 [INFO] Inserted auction: SUB-JC-2020-143933
2026-02-09 17:50:52 [INFO] Inserted auction: SUB-RC-2020-15006001150
2026-02-09 17:50:58 [INFO] Inserted auction: SUB-AT-2020-20R4786001005
2026-02-09 17:51:04 [INFO] Inserted auction: SUB-JV-2020-146612
2026-02-09 17:51:10 [INFO] Inserted auction: SUB-JA-2020-145010
2026-02-09 17:51:17 [INFO] Inserted auction: SUB-JA-2020-146038
2026-02-09 17:51:23 [INFO] Inserted auction: SUB-AT-2020-20R4786001003
2026-02-09 17:51:30 [INFO] Inserted auction: SUB-JV-2019-139144
2026-02-09 17:51:36 [INFO] Inserted auction: SUB-JA-2019-138812
2026-02-09 17:51:41 [INFO] Inserted auction: SUB-JA-2020-146499
2026-02-09 17:51:46 [INFO] Inserted auction: SUB-JC-2020-146282
2026-02-09 17:51:53 [INFO] Inserted auction: SUB-JA-2020-146116
2026-02-09 17:51:57 [INFO] Inserted auction: SUB-JA-2020-143677
2026-02-09 17:52:03 [INFO] Inserted auction: SUB-JA-2020-146889
2026-02-09 17:52:10 [INFO] Inserted auction: SUB-JA-2020-146546
2026-02-09 17:52:16 [INFO] Inserted auction: SUB-JA-2020-147055
2026-02-09 17:52:22 [INFO] Inserted auction: SUB-RC-2020-15006001171
2026-02-09 17:52:28 [INFO] Inserted auction: SUB-JA-2020-144970
2026-02-09 17:52:34 [INFO] Inserted auction: SUB-JA-2020-146020
2026-02-09 17:52:39 [INFO] Inserted auction: SUB-JA-2020-146259
2026-02-09 17:52:43 [INFO] Inserted auction: SUB-JA-2020-146933
2026-02-09 17:52:49 [INFO] Inserted auction: SUB-JC-2020-146214
2026-02-09 17:52:55 [INFO] Inserted auction: SUB-JA-2020-144991
2026-02-09 17:53:00 [INFO] Inserted auction: SUB-JA-2019-134712
2026-02-09 17:53:05 [INFO] Inserted auction: SUB-JA-2019-123967
2026-02-09 17:53:12 [INFO] Inserted auction: SUB-JA-2020-146082
2026-02-09 17:53:19 [INFO] Inserted auction: SUB-JA-2020-144954
2026-02-09 17:53:25 [INFO] Inserted auction: SUB-AT-2020-20R4786002001
2026-02-09 17:53:31 [INFO] Inserted auction: SUB-AT-2020-19R4686001998
2026-02-09 17:53:37 [INFO] Inserted auction: SUB-JA-2020-146743
2026-02-09 17:53:42 [INFO] Inserted auction: SUB-JA-2020-147013
2026-02-09 17:53:49 [INFO] Inserted auction: SUB-JA-2020-145163
2026-02-09 17:53:54 [INFO] Inserted auction: SUB-JA-2020-147062
2026-02-09 17:54:00 [INFO] Inserted auction: SUB-JA-2019-135562
2026-02-09 17:54:06 [INFO] Inserted auction: SUB-JA-2020-146269
2026-02-09 17:54:11 [INFO] Inserted auction: SUB-JA-2020-146247
2026-02-09 17:54:17 [INFO] Inserted auction: SUB-JA-2020-144498
2026-02-09 17:54:22 [INFO] Inserted auction: SUB-JA-2020-146480
2026-02-09 17:54:27 [INFO] Inserted auction: SUB-RC-2020-15006001174
2026-02-09 17:54:33 [INFO] Inserted auction: SUB-JA-2020-146212
2026-02-09 17:54:40 [INFO] Inserted auction: SUB-JA-2020-145857
2026-02-09 17:54:45 [INFO] Inserted auction: SUB-JC-2020-146741
2026-02-09 17:54:51 [INFO] Inserted auction: SUB-JA-2020-144780
2026-02-09 17:54:57 [INFO] Inserted auction: SUB-JA-2020-144394
2026-02-09 17:55:02 [INFO] Inserted auction: SUB-JC-2020-142081
2026-02-09 17:55:08 [INFO] Inserted auction: SUB-JA-2020-143308
2026-02-09 17:55:14 [INFO] Inserted auction: SUB-JA-2020-144239
2026-02-09 17:55:19 [INFO] Inserted auction: SUB-JA-2020-145088
2026-02-09 17:55:25 [INFO] Inserted auction: SUB-JA-2020-146411
2026-02-09 17:55:30 [INFO] Inserted auction: SUB-JA-2020-146105
2026-02-09 17:55:37 [INFO] Inserted auction: SUB-AT-2020-20R4786001004
2026-02-09 17:55:42 [INFO] Inserted auction: SUB-JA-2020-145612
2026-02-09 17:55:48 [INFO] Inserted auction: SUB-JA-2020-145248
2026-02-09 17:55:54 [INFO] Inserted auction: SUB-RC-2020-15006001169
2026-02-09 17:56:00 [INFO] Inserted auction: SUB-JA-2020-146083
2026-02-09 17:56:06 [INFO] Inserted auction: SUB-JA-2019-136180
2026-02-09 17:56:12 [INFO] Inserted auction: SUB-JA-2020-145099
2026-02-09 17:56:18 [INFO] Inserted auction: SUB-JV-2020-146481
2026-02-09 17:56:24 [INFO] Inserted auction: SUB-JV-2020-147071
2026-02-09 17:56:30 [INFO] Inserted auction: SUB-JA-2020-147034
2026-02-09 17:56:37 [INFO] Inserted auction: SUB-AT-2020-19R0886001487
2026-02-09 17:56:45 [INFO] Inserted auction: SUB-AT-2020-19R0886002180
2026-02-09 17:56:52 [INFO] Inserted auction: SUB-JA-2020-144993
2026-02-09 17:56:58 [INFO] Updated auction: SUB-JA-2019-137277
2026-02-09 17:57:05 [INFO] Inserted auction: SUB-JA-2020-146991
2026-02-09 17:57:10 [INFO] Inserted auction: SUB-JA-2019-122513
2026-02-09 17:57:16 [INFO] Inserted auction: SUB-JA-2020-143145
2026-02-09 17:57:23 [INFO] Inserted auction: SUB-RC-2020-15006001165
2026-02-09 17:57:31 [INFO] Inserted auction: SUB-RC-2020-15006001173
2026-02-09 17:57:38 [INFO] Inserted auction: SUB-JA-2020-144156
2026-02-09 17:57:44 [INFO] Inserted auction: SUB-JA-2020-144764
2026-02-09 17:57:51 [INFO] Inserted auction: SUB-JA-2020-145768
2026-02-09 17:57:57 [INFO] Inserted auction: SUB-JA-2020-144539
2026-02-09 17:58:05 [INFO] Inserted auction: SUB-JA-2020-146865
2026-02-09 17:58:14 [INFO] Inserted auction: SUB-AT-2020-20R0886001037
2026-02-09 17:58:22 [INFO] Inserted auction: SUB-AT-2020-19R4786001369
2026-02-09 17:58:54 [WARNING] [BOE_FORM_BACKFILL] Failed to fetch detail info for SUB-AT-2020-20R3086001005: Page.goto: Timeout 30000ms exceeded.
Call log:
navigating to "https://subastas.boe.es/detalleSubasta.php?idSub=SUB-AT-2020-20R3086001005", waiting until "networkidle"

2026-02-09 17:58:54 [INFO] Inserted auction: SUB-AT-2020-20R3086001005
2026-02-09 17:59:17 [WARNING] [BOE_FORM_BACKFILL] Failed to fetch detail info for SUB-JA-2020-146821: Page.goto: net::ERR_CONNECTION_TIMED_OUT at https://subastas.boe.es/detalleSubasta.php?idSub=SUB-JA-2020-146821
Call log:
navigating to "https://subastas.boe.es/detalleSubasta.php?idSub=SUB-JA-2020-146821", waiting until "networkidle"

2026-02-09 17:59:17 [INFO] Inserted auction: SUB-JA-2020-146821
2026-02-09 17:59:32 [INFO] Inserted auction: SUB-AT-2020-19R4786001340
2026-02-09 17:59:41 [INFO] Inserted auction: SUB-JA-2020-147119
2026-02-09 18:00:00 [INFO] Inserted auction: SUB-AT-2020-20R3086001026
2026-02-09 18:00:05 [INFO] Inserted auction: SUB-JA-2020-146495
2026-02-09 18:00:11 [INFO] Inserted auction: SUB-JA-2020-146102
2026-02-09 18:00:17 [INFO] Inserted auction: SUB-AT-2020-19R0886001506
2026-02-09 18:00:23 [INFO] Inserted auction: SUB-JA-2020-144522
2026-02-09 18:00:29 [INFO] Inserted auction: SUB-AT-2020-20R3086001023
2026-02-09 18:00:34 [INFO] Inserted auction: SUB-JA-2019-137496
2026-02-09 18:00:40 [INFO] Inserted auction: SUB-JC-2020-143820
2026-02-09 18:00:45 [INFO] Inserted auction: SUB-JA-2020-144691
2026-02-09 18:00:49 [INFO] Inserted auction: SUB-JA-2020-146125
2026-02-09 18:00:56 [INFO] Inserted auction: SUB-JV-2020-146012
2026-02-09 18:01:02 [INFO] Inserted auction: SUB-AT-2020-20R4786001006
2026-02-09 18:01:07 [INFO] Inserted auction: SUB-JA-2020-145766
2026-02-09 18:01:21 [INFO] Inserted auction: SUB-JA-2020-146576
2026-02-09 18:01:27 [INFO] Inserted auction: SUB-JA-2020-143310
2026-02-09 18:01:33 [INFO] Inserted auction: SUB-AT-2020-19R1586001248
2026-02-09 18:01:39 [INFO] Inserted auction: SUB-AT-2020-19R0886001541
2026-02-09 18:01:46 [INFO] Inserted auction: SUB-JC-2020-143964
2026-02-09 18:01:52 [INFO] Inserted auction: SUB-JA-2020-146405
2026-02-09 18:01:58 [INFO] Inserted auction: SUB-JV-2020-146516
2026-02-09 18:02:04 [INFO] Inserted auction: SUB-JA-2020-146424
2026-02-09 18:02:10 [INFO] Inserted auction: SUB-AT-2020-20R3086001021
2026-02-09 18:02:15 [INFO] Inserted auction: SUB-JA-2020-145691
2026-02-09 18:02:21 [INFO] Inserted auction: SUB-RC-2019-15006001153
2026-02-09 18:02:27 [INFO] Inserted auction: SUB-JA-2020-145494
2026-02-09 18:02:33 [INFO] Inserted auction: SUB-JC-2020-146785
2026-02-09 18:02:39 [INFO] Inserted auction: SUB-AT-2020-19R0886001594
2026-02-09 18:02:46 [INFO] Inserted auction: SUB-JA-2019-130097
2026-02-09 18:02:51 [INFO] Inserted auction: SUB-RC-2020-15006001178
2026-02-09 18:02:57 [INFO] Inserted auction: SUB-JA-2020-142671
2026-02-09 18:03:03 [INFO] Inserted auction: SUB-JC-2019-141251
2026-02-09 18:03:10 [INFO] Inserted auction: SUB-AT-2020-20R0886001021
2026-02-09 18:03:15 [INFO] Inserted auction: SUB-AT-2020-19R0886001661
2026-02-09 18:03:20 [INFO] Inserted auction: SUB-JA-2020-146400
2026-02-09 18:03:26 [INFO] Inserted auction: SUB-JA-2020-144628
2026-02-09 18:03:32 [INFO] Inserted auction: SUB-JV-2020-146657
2026-02-09 18:03:38 [INFO] Inserted auction: SUB-AT-2020-19R4686001A90
2026-02-09 18:03:44 [INFO] Inserted auction: SUB-JA-2020-147089
2026-02-09 18:03:51 [INFO] Inserted auction: SUB-JA-2020-146458
2026-02-09 18:03:56 [INFO] Inserted auction: SUB-JA-2020-147023
2026-02-09 18:04:01 [INFO] Inserted auction: SUB-JA-2019-134642
2026-02-09 18:04:07 [INFO] Inserted auction: SUB-JA-2020-146947
2026-02-09 18:04:13 [INFO] Inserted auction: SUB-JC-2020-144321
2026-02-09 18:04:19 [INFO] Inserted auction: SUB-JV-2020-144589
2026-02-09 18:04:24 [INFO] Inserted auction: SUB-JC-2020-146753
2026-02-09 18:04:31 [INFO] Inserted auction: SUB-JV-2020-147221
2026-02-09 18:04:36 [INFO] Inserted auction: SUB-JA-2019-137906
2026-02-09 18:04:41 [INFO] Inserted auction: SUB-JC-2020-145565
2026-02-09 18:04:48 [INFO] Inserted auction: SUB-JV-2020-146992
2026-02-09 18:04:53 [INFO] Inserted auction: SUB-NE-2020-376032
2026-02-09 18:04:59 [INFO] Inserted auction: SUB-JA-2019-123154
2026-02-09 18:05:05 [INFO] Inserted auction: SUB-JC-2020-146852
2026-02-09 18:05:10 [INFO] Inserted auction: SUB-RC-2020-0071200201BIS
2026-02-09 18:05:17 [INFO] Inserted auction: SUB-JV-2020-146714
2026-02-09 18:05:23 [INFO] Inserted auction: SUB-JC-2020-146691
2026-02-09 18:05:29 [INFO] Inserted auction: SUB-JA-2019-141549
2026-02-09 18:05:29 [INFO] [BOE_FORM_BACKFILL] Looking for next page link...
2026-02-09 18:05:29 [INFO] [BOE_FORM_BACKFILL] Found next page link, clicking... (page 1 -> 2)
2026-02-09 18:05:34 [INFO] [BOE_FORM_BACKFILL] No items found on page 2
2026-02-09 18:05:34 [INFO] [BOE_FORM_BACKFILL]     Saved 370 auctions for week 4
2026-02-09 18:05:49 [INFO] [BOE_FORM_BACKFILL]   Week 5: 2020-06-29 to 2020-06-30
2026-02-09 18:05:49 [INFO] [BOE_FORM_BACKFILL] Submitting search form: 2020-06-29 to 2020-06-30
2026-02-09 18:06:01 [INFO] [BOE_FORM_BACKFILL] Form submitted successfully
2026-02-09 18:06:01 [INFO] [BOE_FORM_BACKFILL] Page 1: Processing 446 items
2026-02-09 18:06:07 [INFO] Inserted auction: SUB-AT-2020-19R2986001216
2026-02-09 18:06:12 [INFO] Inserted auction: SUB-AT-2020-19R2986001223
2026-02-09 18:06:18 [INFO] Inserted auction: SUB-AT-2020-19R2986001224
2026-02-09 18:06:24 [INFO] Inserted auction: SUB-AT-2020-19R2986001225
2026-02-09 18:06:29 [INFO] Inserted auction: SUB-AT-2020-19R2986001226
2026-02-09 18:06:34 [INFO] Inserted auction: SUB-AT-2020-19R3886001092
2026-02-09 18:06:40 [INFO] Inserted auction: SUB-AT-2020-19R3886001093
2026-02-09 18:06:46 [INFO] Inserted auction: SUB-AT-2020-19R3886001094
2026-02-09 18:06:52 [INFO] Inserted auction: SUB-AT-2020-19R3886001095
2026-02-09 18:06:58 [INFO] Inserted auction: SUB-AT-2020-19R3886001096
2026-02-09 18:07:04 [INFO] Inserted auction: SUB-AT-2020-19R3886001098
2026-02-09 18:07:09 [INFO] Inserted auction: SUB-AT-2020-19R3886001099
2026-02-09 18:07:15 [INFO] Inserted auction: SUB-AT-2020-19R3886001100
2026-02-09 18:07:20 [INFO] Inserted auction: SUB-AT-2020-19R3886001101
2026-02-09 18:07:26 [INFO] Inserted auction: SUB-AT-2020-19R3886001102
2026-02-09 18:07:32 [INFO] Inserted auction: SUB-AT-2020-19R3886001103
2026-02-09 18:07:38 [INFO] Inserted auction: SUB-AT-2020-19R4686001A76
2026-02-09 18:07:43 [INFO] Inserted auction: SUB-AT-2020-20R0886001009
2026-02-09 18:07:49 [INFO] Inserted auction: SUB-AT-2020-20R0886001018
2026-02-09 18:07:55 [INFO] Inserted auction: SUB-AT-2020-20R0886001042
2026-02-09 18:08:00 [INFO] Inserted auction: SUB-AT-2020-20R0886001043
2026-02-09 18:08:06 [INFO] Inserted auction: SUB-AT-2020-20R0886001044
2026-02-09 18:08:11 [INFO] Inserted auction: SUB-AT-2020-20R3086001015
2026-02-09 18:08:17 [INFO] Inserted auction: SUB-AT-2020-20R3886001001
2026-02-09 18:08:23 [INFO] Inserted auction: SUB-AT-2020-20R3886001002
2026-02-09 18:08:29 [INFO] Inserted auction: SUB-AT-2020-20R3886001010
2026-02-09 18:08:34 [INFO] Inserted auction: SUB-AT-2020-20R3886001016
2026-02-09 18:08:40 [INFO] Inserted auction: SUB-AT-2020-20R3886001017
2026-02-09 18:08:46 [INFO] Inserted auction: SUB-AT-2020-20R3886001037
2026-02-09 18:08:52 [INFO] Inserted auction: SUB-JA-2016-37234
2026-02-09 18:08:57 [INFO] Inserted auction: SUB-JA-2017-54092
2026-02-09 18:09:03 [INFO] Inserted auction: SUB-JA-2017-80234
2026-02-09 18:09:08 [INFO] Inserted auction: SUB-JA-2018-100181
2026-02-09 18:09:15 [INFO] Inserted auction: SUB-JA-2018-107568
2026-02-09 18:09:21 [INFO] Inserted auction: SUB-JA-2018-111377
2026-02-09 18:09:26 [INFO] Inserted auction: SUB-JA-2018-112689
2026-02-09 18:09:33 [INFO] Inserted auction: SUB-JA-2018-113106
2026-02-09 18:09:39 [INFO] Inserted auction: SUB-JA-2018-113341
2026-02-09 18:09:44 [INFO] Inserted auction: SUB-JA-2018-113761
2026-02-09 18:09:50 [INFO] Inserted auction: SUB-JA-2018-114159
2026-02-09 18:09:56 [INFO] Inserted auction: SUB-JA-2018-89479
2026-02-09 18:10:02 [INFO] Inserted auction: SUB-JA-2018-90143
2026-02-09 18:10:08 [INFO] Inserted auction: SUB-JA-2018-97594
2026-02-09 18:10:14 [INFO] Inserted auction: SUB-JA-2018-99266
2026-02-09 18:10:20 [INFO] Inserted auction: SUB-JA-2019-120730
2026-02-09 18:10:25 [INFO] Inserted auction: SUB-JA-2019-122559
2026-02-09 18:10:31 [INFO] Inserted auction: SUB-JA-2019-123416
2026-02-09 18:10:36 [INFO] Inserted auction: SUB-JA-2019-124603
2026-02-09 18:10:41 [INFO] Inserted auction: SUB-JA-2019-127496
2026-02-09 18:10:46 [INFO] Inserted auction: SUB-JA-2019-127912
2026-02-09 18:10:52 [INFO] Inserted auction: SUB-JA-2019-128021
2026-02-09 18:10:58 [INFO] Inserted auction: SUB-JA-2019-128158
2026-02-09 18:11:05 [INFO] Inserted auction: SUB-JA-2019-129433
2026-02-09 18:11:11 [INFO] Inserted auction: SUB-JA-2019-129539
2026-02-09 18:11:18 [INFO] Inserted auction: SUB-JA-2019-129697
2026-02-09 18:11:23 [INFO] Inserted auction: SUB-JA-2019-130576
2026-02-09 18:11:28 [INFO] Inserted auction: SUB-JA-2019-131430
2026-02-09 18:11:34 [INFO] Inserted auction: SUB-JA-2019-132171
2026-02-09 18:11:40 [INFO] Inserted auction: SUB-JA-2019-132179
2026-02-09 18:11:45 [INFO] Inserted auction: SUB-JA-2019-133646
2026-02-09 18:11:51 [INFO] Inserted auction: SUB-JA-2019-133802
2026-02-09 18:11:57 [INFO] Inserted auction: SUB-JA-2019-133934
2026-02-09 18:12:02 [INFO] Inserted auction: SUB-JA-2019-134147
2026-02-09 18:12:08 [INFO] Inserted auction: SUB-JA-2019-134237
2026-02-09 18:12:13 [INFO] Inserted auction: SUB-JA-2019-134256
2026-02-09 18:12:19 [INFO] Inserted auction: SUB-JA-2019-134361
2026-02-09 18:12:25 [INFO] Inserted auction: SUB-JA-2019-134450
2026-02-09 18:12:30 [INFO] Inserted auction: SUB-JA-2019-134465
2026-02-09 18:12:36 [INFO] Inserted auction: SUB-JA-2019-134622
2026-02-09 18:12:42 [INFO] Inserted auction: SUB-JA-2019-135377
2026-02-09 18:12:48 [INFO] Inserted auction: SUB-JA-2019-136506
2026-02-09 18:12:53 [INFO] Inserted auction: SUB-JA-2019-136773
2026-02-09 18:12:59 [INFO] Inserted auction: SUB-JA-2019-137086
2026-02-09 18:13:05 [INFO] Inserted auction: SUB-JA-2019-137289
2026-02-09 18:13:11 [INFO] Inserted auction: SUB-JA-2019-137773
2026-02-09 18:13:17 [INFO] Inserted auction: SUB-JA-2019-139100
2026-02-09 18:13:22 [INFO] Inserted auction: SUB-JA-2019-139522
2026-02-09 18:13:28 [INFO] Inserted auction: SUB-JA-2019-140031
2026-02-09 18:13:33 [INFO] Inserted auction: SUB-JA-2019-140177
2026-02-09 18:13:39 [INFO] Inserted auction: SUB-JA-2019-140426
2026-02-09 18:13:45 [INFO] Inserted auction: SUB-JA-2019-140507
2026-02-09 18:13:50 [INFO] Inserted auction: SUB-JA-2019-141338
2026-02-09 18:13:57 [INFO] Inserted auction: SUB-JA-2019-141529
2026-02-09 18:14:02 [INFO] Inserted auction: SUB-JA-2019-141721
2026-02-09 18:14:08 [INFO] Inserted auction: SUB-JA-2019-141783
2026-02-09 18:14:13 [INFO] Inserted auction: SUB-JA-2019-141826
2026-02-09 18:14:19 [INFO] Inserted auction: SUB-JA-2019-141949
2026-02-09 18:14:25 [INFO] Inserted auction: SUB-JA-2020-133430
2026-02-09 18:14:30 [INFO] Inserted auction: SUB-JA-2020-133942
2026-02-09 18:14:35 [INFO] Inserted auction: SUB-JA-2020-135912
2026-02-09 18:14:42 [INFO] Inserted auction: SUB-JA-2020-140473
2026-02-09 18:14:47 [INFO] Inserted auction: SUB-JA-2020-141616
2026-02-09 18:14:52 [INFO] Inserted auction: SUB-JA-2020-141947
2026-02-09 18:14:58 [INFO] Inserted auction: SUB-JA-2020-142302
2026-02-09 18:15:05 [INFO] Inserted auction: SUB-JA-2020-142343
2026-02-09 18:15:10 [INFO] Inserted auction: SUB-JA-2020-142410
2026-02-09 18:15:16 [INFO] Inserted auction: SUB-JA-2020-142517
2026-02-09 18:15:23 [INFO] Inserted auction: SUB-JA-2020-142875
2026-02-09 18:15:29 [INFO] Inserted auction: SUB-JA-2020-142957
2026-02-09 18:15:35 [INFO] Inserted auction: SUB-JA-2020-143004
2026-02-09 18:15:41 [INFO] Inserted auction: SUB-JA-2020-143040
2026-02-09 18:15:46 [INFO] Inserted auction: SUB-JA-2020-143069
2026-02-09 18:15:52 [INFO] Inserted auction: SUB-JA-2020-143073
2026-02-09 18:15:59 [INFO] Inserted auction: SUB-JA-2020-143128
2026-02-09 18:16:04 [INFO] Inserted auction: SUB-JA-2020-143133
2026-02-09 18:16:09 [INFO] Inserted auction: SUB-JA-2020-143163
2026-02-09 18:16:16 [INFO] Inserted auction: SUB-JA-2020-143204
2026-02-09 18:16:23 [INFO] Inserted auction: SUB-JA-2020-143327
2026-02-09 18:16:29 [INFO] Inserted auction: SUB-JA-2020-143334
2026-02-09 18:16:36 [INFO] Inserted auction: SUB-JA-2020-143401
2026-02-09 18:16:42 [INFO] Inserted auction: SUB-JA-2020-143437
2026-02-09 18:16:49 [INFO] Inserted auction: SUB-JA-2020-143581
2026-02-09 18:16:55 [INFO] Inserted auction: SUB-JA-2020-143618
2026-02-09 18:17:01 [INFO] Inserted auction: SUB-JA-2020-143798
2026-02-09 18:17:07 [INFO] Inserted auction: SUB-JA-2020-143827
2026-02-09 18:17:13 [INFO] Inserted auction: SUB-JA-2020-143844
2026-02-09 18:17:18 [INFO] Inserted auction: SUB-JA-2020-143978
2026-02-09 18:17:25 [INFO] Inserted auction: SUB-JA-2020-144203
2026-02-09 18:17:31 [INFO] Inserted auction: SUB-JA-2020-144299
2026-02-09 18:17:36 [INFO] Inserted auction: SUB-JA-2020-144306
2026-02-09 18:17:42 [INFO] Inserted auction: SUB-JA-2020-144312
2026-02-09 18:17:48 [INFO] Inserted auction: SUB-JA-2020-144328
2026-02-09 18:17:54 [INFO] Inserted auction: SUB-JA-2020-144356
2026-02-09 18:18:00 [INFO] Inserted auction: SUB-JA-2020-144368
2026-02-09 18:18:05 [INFO] Inserted auction: SUB-JA-2020-144376
2026-02-09 18:18:11 [INFO] Inserted auction: SUB-JA-2020-144377
2026-02-09 18:18:17 [INFO] Inserted auction: SUB-JA-2020-144431
2026-02-09 18:18:22 [INFO] Inserted auction: SUB-JA-2020-144435
2026-02-09 18:18:28 [INFO] Inserted auction: SUB-JA-2020-144552
2026-02-09 18:18:36 [INFO] Inserted auction: SUB-JA-2020-144727
2026-02-09 18:18:41 [INFO] Inserted auction: SUB-JA-2020-144732
2026-02-09 18:18:47 [INFO] Inserted auction: SUB-JA-2020-144737
2026-02-09 18:18:53 [INFO] Inserted auction: SUB-JA-2020-144748
2026-02-09 18:18:59 [INFO] Inserted auction: SUB-JA-2020-144774
2026-02-09 18:19:05 [INFO] Inserted auction: SUB-JA-2020-144821
2026-02-09 18:19:12 [INFO] Inserted auction: SUB-JA-2020-144826
2026-02-09 18:19:17 [INFO] Inserted auction: SUB-JA-2020-144836
2026-02-09 18:19:23 [INFO] Inserted auction: SUB-JA-2020-144853
2026-02-09 18:19:28 [INFO] Inserted auction: SUB-JA-2020-144888
2026-02-09 18:19:34 [INFO] Inserted auction: SUB-JA-2020-144920
2026-02-09 18:19:40 [INFO] Inserted auction: SUB-JA-2020-144927
2026-02-09 18:19:46 [INFO] Inserted auction: SUB-JA-2020-144932
2026-02-09 18:19:52 [INFO] Inserted auction: SUB-JA-2020-144936
2026-02-09 18:19:58 [INFO] Inserted auction: SUB-JA-2020-145005
2026-02-09 18:20:04 [INFO] Inserted auction: SUB-JA-2020-145007
2026-02-09 18:20:10 [INFO] Inserted auction: SUB-JA-2020-145179
2026-02-09 18:20:16 [INFO] Inserted auction: SUB-JA-2020-145197
2026-02-09 18:20:22 [INFO] Inserted auction: SUB-JA-2020-145275
2026-02-09 18:20:27 [INFO] Inserted auction: SUB-JA-2020-145306
