2026-02-10 10:44:40 [INFO] BrowserManager initialized
2026-02-10 10:44:40 [INFO] DatabaseAdapter initialized with sqlite
2026-02-10 10:44:40 [INFO] [BOE_PARALLEL_3] [Scraper 3] Starting: 3 batches (15-day chunks)
2026-02-10 10:44:40 [INFO] [BOE_PARALLEL_3] [Scraper 3] Range: 2026-01-01 to 2026-02-10
2026-02-10 10:44:40 [INFO] [BOE_PARALLEL_3] 
[Scraper 3] Batch 1/3: 2026-01-01_to_2026-01-15
2026-02-10 10:45:07 [INFO] [BOE_PARALLEL_3] [Scraper 3] Launched dedicated browser
2026-02-10 10:45:11 [INFO] [BOE_PARALLEL_3]   Navigating to BOE search page...
2026-02-10 10:45:17 [INFO] [BOE_PARALLEL_3]   Filling dates: 2026-01-01 to 2026-01-15
2026-02-10 10:45:21 [INFO] [BOE_PARALLEL_3]   Setting 500 results per page...
2026-02-10 10:45:23 [INFO] [BOE_PARALLEL_3]   Submitting search...
2026-02-10 10:45:31 [INFO] [BOE_PARALLEL_3]   Search submitted successfully
2026-02-10 10:45:34 [INFO] [BOE_PARALLEL_3]   Page 1: 500 items
2026-02-10 10:45:34 [WARNING] [BOE_PARALLEL_3] Failed to fetch detail info for SUB-JA-2025-254644: It looks like you are using Playwright Sync API inside the asyncio loop.
Please use the Async API instead.
2026-02-10 10:45:34 [INFO] Connecting to SQLite: C:\Users\D\Desktop\dnksubastas\data\database\prod.db
2026-02-10 10:45:34 [INFO] Database connection established
2026-02-10 10:45:34 [INFO] Updated auction: SUB-JA-2025-254644
2026-02-10 10:45:35 [WARNING] [BOE_PARALLEL_3] Failed to fetch detail info for SUB-JA-2022-203982: It looks like you are using Playwright Sync API inside the asyncio loop.
Please use the Async API instead.
2026-02-10 10:45:35 [INFO] Updated auction: SUB-JA-2022-203982
2026-02-10 10:45:35 [WARNING] [BOE_PARALLEL_3] Failed to fetch detail info for SUB-JA-2025-249670: It looks like you are using Playwright Sync API inside the asyncio loop.
Please use the Async API instead.
2026-02-10 10:45:35 [INFO] Updated auction: SUB-JA-2025-249670
2026-02-10 10:45:35 [WARNING] [BOE_PARALLEL_3] Failed to fetch detail info for SUB-JA-2025-251047: It looks like you are using Playwright Sync API inside the asyncio loop.
Please use the Async API instead.
2026-02-10 10:45:35 [INFO] Updated auction: SUB-JA-2025-251047
2026-02-10 10:45:35 [WARNING] [BOE_PARALLEL_3] Failed to fetch detail info for SUB-JA-2025-251275: It looks like you are using Playwright Sync API inside the asyncio loop.
Please use the Async API instead.
2026-02-10 10:45:35 [INFO] Updated auction: SUB-JA-2025-251275
2026-02-10 10:45:35 [WARNING] [BOE_PARALLEL_3] Failed to fetch detail info for SUB-JA-2025-253371: It looks like you are using Playwright Sync API inside the asyncio loop.
Please use the Async API instead.
2026-02-10 10:45:35 [INFO] Updated auction: SUB-JA-2025-253371
2026-02-10 10:45:35 [WARNING] [BOE_PARALLEL_3] Failed to fetch detail info for SUB-JA-2025-254604: It looks like you are using Playwright Sync API inside the asyncio loop.
Please use the Async API instead.
2026-02-10 10:45:35 [INFO] Updated auction: SUB-JA-2025-254604
2026-02-10 10:45:35 [WARNING] [BOE_PARALLEL_3] Failed to fetch detail info for SUB-JA-2025-254992: It looks like you are using Playwright Sync API inside the asyncio loop.
Please use the Async API instead.
2026-02-10 10:45:35 [INFO] Updated auction: SUB-JA-2025-254992
2026-02-10 10:45:35 [WARNING] [BOE_PARALLEL_3] Failed to fetch detail info for SUB-JA-2025-255000: It looks like you are using Playwright Sync API inside the asyncio loop.
Please use the Async API instead.
2026-02-10 10:45:35 [INFO] Updated auction: SUB-JA-2025-255000
2026-02-10 10:45:35 [WARNING] [BOE_PARALLEL_3] Failed to fetch detail info for SUB-JA-2025-255420: It looks like you are using Playwright Sync API inside the asyncio loop.
Please use the Async API instead.
2026-02-10 10:45:35 [INFO] Updated auction: SUB-JA-2025-255420
2026-02-10 10:45:37 [WARNING] [BOE_PARALLEL_3] Failed to fetch detail info for SUB-JA-2025-255421: It looks like you are using Playwright Sync API inside the asyncio loop.
Please use the Async API instead.
2026-02-10 10:45:37 [INFO] Updated auction: SUB-JA-2025-255421
2026-02-10 10:45:38 [WARNING] [BOE_PARALLEL_3] Failed to fetch detail info for SUB-JA-2025-255486: It looks like you are using Playwright Sync API inside the asyncio loop.
Please use the Async API instead.
2026-02-10 10:45:38 [INFO] Updated auction: SUB-JA-2025-255486
2026-02-10 10:45:38 [WARNING] [BOE_PARALLEL_3] Failed to fetch detail info for SUB-JA-2025-255517: It looks like you are using Playwright Sync API inside the asyncio loop.
Please use the Async API instead.
2026-02-10 10:45:38 [INFO] Updated auction: SUB-JA-2025-255517
2026-02-10 10:45:38 [WARNING] [BOE_PARALLEL_3] Failed to fetch detail info for SUB-RC-2025-3400100125002: It looks like you are using Playwright Sync API inside the asyncio loop.
Please use the Async API instead.
2026-02-10 10:45:38 [INFO] Updated auction: SUB-RC-2025-3400100125002
2026-02-10 10:45:38 [WARNING] [BOE_PARALLEL_3] Failed to fetch detail info for SUB-JA-2025-250666: It looks like you are using Playwright Sync API inside the asyncio loop.
Please use the Async API instead.
2026-02-10 10:45:38 [INFO] Updated auction: SUB-JA-2025-250666
2026-02-10 10:45:38 [WARNING] [BOE_PARALLEL_3] Failed to fetch detail info for SUB-JA-2025-255483: It looks like you are using Playwright Sync API inside the asyncio loop.
Please use the Async API instead.
2026-02-10 10:45:38 [INFO] Updated auction: SUB-JA-2025-255483
2026-02-10 10:45:38 [WARNING] [BOE_PARALLEL_3] Failed to fetch detail info for SUB-JA-2025-254753: It looks like you are using Playwright Sync API inside the asyncio loop.
Please use the Async API instead.
2026-02-10 10:45:38 [INFO] Updated auction: SUB-JA-2025-254753
2026-02-10 10:45:38 [WARNING] [BOE_PARALLEL_3] Failed to fetch detail info for SUB-JA-2025-255548: It looks like you are using Playwright Sync API inside the asyncio loop.
Please use the Async API instead.
2026-02-10 10:45:38 [INFO] Updated auction: SUB-JA-2025-255548
2026-02-10 10:45:38 [WARNING] [BOE_PARALLEL_3] Failed to fetch detail info for SUB-JA-2025-255522: It looks like you are using Playwright Sync API inside the asyncio loop.
Please use the Async API instead.
2026-02-10 10:45:38 [INFO] Updated auction: SUB-JA-2025-255522
2026-02-10 10:45:38 [WARNING] [BOE_PARALLEL_3] Failed to fetch detail info for SUB-JV-2025-255679: It looks like you are using Playwright Sync API inside the asyncio loop.
Please use the Async API instead.
2026-02-10 10:45:38 [INFO] Updated auction: SUB-JV-2025-255679
2026-02-10 10:45:40 [WARNING] [BOE_PARALLEL_3] Failed to fetch detail info for SUB-JA-2025-243722: It looks like you are using Playwright Sync API inside the asyncio loop.
Please use the Async API instead.
2026-02-10 10:45:40 [INFO] Updated auction: SUB-JA-2025-243722
2026-02-10 10:45:40 [WARNING] [BOE_PARALLEL_3] Failed to fetch detail info for SUB-JC-2025-254475: It looks like you are using Playwright Sync API inside the asyncio loop.
Please use the Async API instead.
2026-02-10 10:45:40 [INFO] Updated auction: SUB-JC-2025-254475
2026-02-10 10:45:40 [WARNING] [BOE_PARALLEL_3] Failed to fetch detail info for SUB-JA-2024-237409: It looks like you are using Playwright Sync API inside the asyncio loop.
Please use the Async API instead.
2026-02-10 10:45:40 [INFO] Updated auction: SUB-JA-2024-237409
2026-02-10 10:45:40 [WARNING] [BOE_PARALLEL_3] Failed to fetch detail info for SUB-JA-2025-255195: It looks like you are using Playwright Sync API inside the asyncio loop.
Please use the Async API instead.
2026-02-10 10:45:40 [INFO] Updated auction: SUB-JA-2025-255195
2026-02-10 10:45:40 [WARNING] [BOE_PARALLEL_3] Failed to fetch detail info for SUB-JA-2025-255726: It looks like you are using Playwright Sync API inside the asyncio loop.
Please use the Async API instead.
2026-02-10 10:45:40 [INFO] Updated auction: SUB-JA-2025-255726
2026-02-10 10:45:40 [WARNING] [BOE_PARALLEL_3] Failed to fetch detail info for SUB-JA-2025-255691: It looks like you are using Playwright Sync API inside the asyncio loop.
Please use the Async API instead.
2026-02-10 10:45:40 [INFO] Updated auction: SUB-JA-2025-255691
2026-02-10 10:45:40 [WARNING] [BOE_PARALLEL_3] Failed to fetch detail info for SUB-JA-2023-218025: It looks like you are using Playwright Sync API inside the asyncio loop.
Please use the Async API instead.
2026-02-10 10:45:40 [INFO] Updated auction: SUB-JA-2023-218025
2026-02-10 10:45:40 [WARNING] [BOE_PARALLEL_3] Failed to fetch detail info for SUB-JA-2025-254198: It looks like you are using Playwright Sync API inside the asyncio loop.
Please use the Async API instead.
2026-02-10 10:45:40 [INFO] Updated auction: SUB-JA-2025-254198
2026-02-10 10:45:40 [WARNING] [BOE_PARALLEL_3] Failed to fetch detail info for SUB-AT-2025-25R3086001187: It looks like you are using Playwright Sync API inside the asyncio loop.
Please use the Async API instead.
2026-02-10 10:45:40 [INFO] Updated auction: SUB-AT-2025-25R3086001187
2026-02-10 10:45:41 [WARNING] [BOE_PARALLEL_3] Failed to fetch detail info for SUB-JA-2023-223021: It looks like you are using Playwright Sync API inside the asyncio loop.
Please use the Async API instead.
2026-02-10 10:45:41 [INFO] Updated auction: SUB-JA-2023-223021
2026-02-10 10:45:42 [WARNING] [BOE_PARALLEL_3] Failed to fetch detail info for SUB-JA-2024-228490: It looks like you are using Playwright Sync API inside the asyncio loop.
Please use the Async API instead.
2026-02-10 10:45:42 [INFO] Updated auction: SUB-JA-2024-228490
2026-02-10 10:45:42 [WARNING] [BOE_PARALLEL_3] Failed to fetch detail info for SUB-JA-2024-235208: It looks like you are using Playwright Sync API inside the asyncio loop.
Please use the Async API instead.
2026-02-10 10:45:42 [INFO] Updated auction: SUB-JA-2024-235208
2026-02-10 10:45:43 [WARNING] [BOE_PARALLEL_3] Failed to fetch detail info for SUB-JA-2025-246119: It looks like you are using Playwright Sync API inside the asyncio loop.
Please use the Async API instead.
2026-02-10 10:45:43 [INFO] Updated auction: SUB-JA-2025-246119
2026-02-10 10:45:43 [WARNING] [BOE_PARALLEL_3] Failed to fetch detail info for SUB-JA-2025-250413: It looks like you are using Playwright Sync API inside the asyncio loop.
Please use the Async API instead.
2026-02-10 10:45:43 [INFO] Updated auction: SUB-JA-2025-250413
2026-02-10 10:45:43 [WARNING] [BOE_PARALLEL_3] Failed to fetch detail info for SUB-JA-2025-250640: It looks like you are using Playwright Sync API inside the asyncio loop.
Please use the Async API instead.
2026-02-10 10:45:43 [INFO] Updated auction: SUB-JA-2025-250640
2026-02-10 10:45:43 [WARNING] [BOE_PARALLEL_3] Failed to fetch detail info for SUB-JA-2025-251274: It looks like you are using Playwright Sync API inside the asyncio loop.
Please use the Async API instead.
2026-02-10 10:45:43 [INFO] Updated auction: SUB-JA-2025-251274
2026-02-10 10:45:44 [WARNING] [BOE_PARALLEL_3] Failed to fetch detail info for SUB-JA-2025-251647: It looks like you are using Playwright Sync API inside the asyncio loop.
Please use the Async API instead.
2026-02-10 10:45:44 [INFO] Updated auction: SUB-JA-2025-251647
2026-02-10 10:45:44 [WARNING] [BOE_PARALLEL_3] Failed to fetch detail info for SUB-JA-2025-251900: It looks like you are using Playwright Sync API inside the asyncio loop.
Please use the Async API instead.
2026-02-10 10:45:44 [INFO] Updated auction: SUB-JA-2025-251900
2026-02-10 10:45:44 [WARNING] [BOE_PARALLEL_3] Failed to fetch detail info for SUB-JA-2025-252636: It looks like you are using Playwright Sync API inside the asyncio loop.
Please use the Async API instead.
2026-02-10 10:45:45 [INFO] Updated auction: SUB-JA-2025-252636
2026-02-10 10:45:45 [WARNING] [BOE_PARALLEL_3] Failed to fetch detail info for SUB-JA-2025-253196: It looks like you are using Playwright Sync API inside the asyncio loop.
Please use the Async API instead.
2026-02-10 10:45:45 [INFO] Updated auction: SUB-JA-2025-253196
2026-02-10 10:45:47 [WARNING] [BOE_PARALLEL_3] Failed to fetch detail info for SUB-JA-2025-253773: It looks like you are using Playwright Sync API inside the asyncio loop.
Please use the Async API instead.
2026-02-10 10:45:47 [INFO] Updated auction: SUB-JA-2025-253773
2026-02-10 10:45:47 [WARNING] [BOE_PARALLEL_3] Failed to fetch detail info for SUB-JA-2025-253926: It looks like you are using Playwright Sync API inside the asyncio loop.
Please use the Async API instead.
2026-02-10 10:45:48 [INFO] Updated auction: SUB-JA-2025-253926
2026-02-10 10:45:48 [WARNING] [BOE_PARALLEL_3] Failed to fetch detail info for SUB-JA-2025-254236: It looks like you are using Playwright Sync API inside the asyncio loop.
Please use the Async API instead.
2026-02-10 10:45:48 [INFO] Updated auction: SUB-JA-2025-254236
2026-02-10 10:45:48 [WARNING] [BOE_PARALLEL_3] Failed to fetch detail info for SUB-JA-2025-254265: It looks like you are using Playwright Sync API inside the asyncio loop.
Please use the Async API instead.
2026-02-10 10:45:48 [INFO] Updated auction: SUB-JA-2025-254265
2026-02-10 10:45:48 [WARNING] [BOE_PARALLEL_3] Failed to fetch detail info for SUB-JA-2025-254349: It looks like you are using Playwright Sync API inside the asyncio loop.
Please use the Async API instead.
2026-02-10 10:45:48 [INFO] Updated auction: SUB-JA-2025-254349
2026-02-10 10:45:49 [WARNING] [BOE_PARALLEL_3] Failed to fetch detail info for SUB-JA-2025-254761: It looks like you are using Playwright Sync API inside the asyncio loop.
Please use the Async API instead.
2026-02-10 10:45:49 [INFO] Updated auction: SUB-JA-2025-254761
2026-02-10 10:45:49 [WARNING] [BOE_PARALLEL_3] Failed to fetch detail info for SUB-JA-2025-254803: It looks like you are using Playwright Sync API inside the asyncio loop.
Please use the Async API instead.
2026-02-10 10:45:49 [INFO] Updated auction: SUB-JA-2025-254803
2026-02-10 10:45:49 [WARNING] [BOE_PARALLEL_3] Failed to fetch detail info for SUB-JA-2025-254942: It looks like you are using Playwright Sync API inside the asyncio loop.
Please use the Async API instead.
2026-02-10 10:45:49 [INFO] Updated auction: SUB-JA-2025-254942
2026-02-10 10:45:49 [WARNING] [BOE_PARALLEL_3] Failed to fetch detail info for SUB-JA-2025-255026: It looks like you are using Playwright Sync API inside the asyncio loop.
Please use the Async API instead.
2026-02-10 10:45:49 [INFO] Updated auction: SUB-JA-2025-255026
2026-02-10 10:45:49 [WARNING] [BOE_PARALLEL_3] Failed to fetch detail info for SUB-JA-2025-255148: It looks like you are using Playwright Sync API inside the asyncio loop.
Please use the Async API instead.
2026-02-10 10:45:49 [INFO] Updated auction: SUB-JA-2025-255148
2026-02-10 10:45:50 [WARNING] [BOE_PARALLEL_3] Failed to fetch detail info for SUB-JA-2025-255217: It looks like you are using Playwright Sync API inside the asyncio loop.
Please use the Async API instead.
2026-02-10 10:45:50 [INFO] Updated auction: SUB-JA-2025-255217
2026-02-10 10:45:50 [WARNING] [BOE_PARALLEL_3] Failed to fetch detail info for SUB-JA-2025-255238: It looks like you are using Playwright Sync API inside the asyncio loop.
Please use the Async API instead.
2026-02-10 10:45:50 [INFO] Updated auction: SUB-JA-2025-255238
2026-02-10 10:45:50 [WARNING] [BOE_PARALLEL_3] Failed to fetch detail info for SUB-JA-2025-255260: It looks like you are using Playwright Sync API inside the asyncio loop.
Please use the Async API instead.
2026-02-10 10:45:50 [INFO] Updated auction: SUB-JA-2025-255260
2026-02-10 10:45:50 [WARNING] [BOE_PARALLEL_3] Failed to fetch detail info for SUB-JA-2025-255284: It looks like you are using Playwright Sync API inside the asyncio loop.
Please use the Async API instead.
2026-02-10 10:45:51 [INFO] Updated auction: SUB-JA-2025-255284
2026-02-10 10:45:51 [WARNING] [BOE_PARALLEL_3] Failed to fetch detail info for SUB-JA-2025-255305: It looks like you are using Playwright Sync API inside the asyncio loop.
Please use the Async API instead.
2026-02-10 10:45:51 [INFO] Updated auction: SUB-JA-2025-255305
2026-02-10 10:45:51 [WARNING] [BOE_PARALLEL_3] Failed to fetch detail info for SUB-JA-2025-255339: It looks like you are using Playwright Sync API inside the asyncio loop.
Please use the Async API instead.
2026-02-10 10:45:51 [INFO] Updated auction: SUB-JA-2025-255339
2026-02-10 10:45:51 [WARNING] [BOE_PARALLEL_3] Failed to fetch detail info for SUB-JA-2025-255445: It looks like you are using Playwright Sync API inside the asyncio loop.
Please use the Async API instead.
2026-02-10 10:45:51 [INFO] Updated auction: SUB-JA-2025-255445
2026-02-10 10:45:51 [WARNING] [BOE_PARALLEL_3] Failed to fetch detail info for SUB-JA-2025-255490: It looks like you are using Playwright Sync API inside the asyncio loop.
Please use the Async API instead.
2026-02-10 10:45:51 [INFO] Updated auction: SUB-JA-2025-255490
2026-02-10 10:45:51 [WARNING] [BOE_PARALLEL_3] Failed to fetch detail info for SUB-JA-2025-255503: It looks like you are using Playwright Sync API inside the asyncio loop.
Please use the Async API instead.
2026-02-10 10:45:51 [INFO] Updated auction: SUB-JA-2025-255503
2026-02-10 10:45:51 [WARNING] [BOE_PARALLEL_3] Failed to fetch detail info for SUB-JA-2025-255621: It looks like you are using Playwright Sync API inside the asyncio loop.
Please use the Async API instead.
2026-02-10 10:45:51 [INFO] Updated auction: SUB-JA-2025-255621
2026-02-10 10:45:53 [WARNING] [BOE_PARALLEL_3] Failed to fetch detail info for SUB-JA-2025-255647: It looks like you are using Playwright Sync API inside the asyncio loop.
Please use the Async API instead.
2026-02-10 10:45:53 [INFO] Updated auction: SUB-JA-2025-255647
2026-02-10 10:45:53 [WARNING] [BOE_PARALLEL_3] Failed to fetch detail info for SUB-JA-2025-255664: It looks like you are using Playwright Sync API inside the asyncio loop.
Please use the Async API instead.
2026-02-10 10:45:53 [INFO] Updated auction: SUB-JA-2025-255664
2026-02-10 10:45:53 [WARNING] [BOE_PARALLEL_3] Failed to fetch detail info for SUB-JA-2025-255665: It looks like you are using Playwright Sync API inside the asyncio loop.
Please use the Async API instead.
2026-02-10 10:45:53 [INFO] Updated auction: SUB-JA-2025-255665
2026-02-10 10:45:53 [WARNING] [BOE_PARALLEL_3] Failed to fetch detail info for SUB-JA-2025-255678: It looks like you are using Playwright Sync API inside the asyncio loop.
Please use the Async API instead.
2026-02-10 10:45:53 [INFO] Updated auction: SUB-JA-2025-255678
2026-02-10 10:45:53 [WARNING] [BOE_PARALLEL_3] Failed to fetch detail info for SUB-JA-2025-255688: It looks like you are using Playwright Sync API inside the asyncio loop.
Please use the Async API instead.
2026-02-10 10:45:53 [INFO] Updated auction: SUB-JA-2025-255688
2026-02-10 10:45:54 [WARNING] [BOE_PARALLEL_3] Failed to fetch detail info for SUB-JA-2025-255740: It looks like you are using Playwright Sync API inside the asyncio loop.
Please use the Async API instead.
2026-02-10 10:45:54 [INFO] Updated auction: SUB-JA-2025-255740
2026-02-10 10:45:54 [WARNING] [BOE_PARALLEL_3] Failed to fetch detail info for SUB-JA-2025-255751: It looks like you are using Playwright Sync API inside the asyncio loop.
Please use the Async API instead.
2026-02-10 10:45:54 [INFO] Updated auction: SUB-JA-2025-255751
2026-02-10 10:45:54 [WARNING] [BOE_PARALLEL_3] Failed to fetch detail info for SUB-JC-2025-255506: It looks like you are using Playwright Sync API inside the asyncio loop.
Please use the Async API instead.
2026-02-10 10:45:54 [INFO] Updated auction: SUB-JC-2025-255506
2026-02-10 10:45:54 [WARNING] [BOE_PARALLEL_3] Failed to fetch detail info for SUB-JV-2025-253048: It looks like you are using Playwright Sync API inside the asyncio loop.
Please use the Async API instead.
2026-02-10 10:45:55 [INFO] Updated auction: SUB-JV-2025-253048
2026-02-10 10:45:55 [WARNING] [BOE_PARALLEL_3] Failed to fetch detail info for SUB-JV-2025-255528: It looks like you are using Playwright Sync API inside the asyncio loop.
Please use the Async API instead.
2026-02-10 10:45:55 [INFO] Updated auction: SUB-JV-2025-255528
2026-02-10 10:45:57 [WARNING] [BOE_PARALLEL_3] Failed to fetch detail info for SUB-JV-2025-255719: It looks like you are using Playwright Sync API inside the asyncio loop.
Please use the Async API instead.
2026-02-10 10:45:57 [INFO] Updated auction: SUB-JV-2025-255719
2026-02-10 10:45:57 [WARNING] [BOE_PARALLEL_3] Failed to fetch detail info for SUB-NN-2025-1586095: It looks like you are using Playwright Sync API inside the asyncio loop.
Please use the Async API instead.
2026-02-10 10:45:57 [INFO] Updated auction: SUB-NN-2025-1586095
2026-02-10 10:45:57 [WARNING] [BOE_PARALLEL_3] Failed to fetch detail info for SUB-RC-2025-2800500103924: It looks like you are using Playwright Sync API inside the asyncio loop.
Please use the Async API instead.
2026-02-10 10:45:57 [INFO] Updated auction: SUB-RC-2025-2800500103924
2026-02-10 10:45:57 [WARNING] [BOE_PARALLEL_3] Failed to fetch detail info for SUB-JA-2025-255383: It looks like you are using Playwright Sync API inside the asyncio loop.
Please use the Async API instead.
2026-02-10 10:45:57 [INFO] Updated auction: SUB-JA-2025-255383
2026-02-10 10:45:58 [WARNING] [BOE_PARALLEL_3] Failed to fetch detail info for SUB-JA-2025-255514: It looks like you are using Playwright Sync API inside the asyncio loop.
Please use the Async API instead.
2026-02-10 10:45:58 [INFO] Updated auction: SUB-JA-2025-255514
2026-02-10 10:45:58 [WARNING] [BOE_PARALLEL_3] Failed to fetch detail info for SUB-JA-2025-255622: It looks like you are using Playwright Sync API inside the asyncio loop.
Please use the Async API instead.
2026-02-10 10:45:58 [INFO] Updated auction: SUB-JA-2025-255622
2026-02-10 10:45:58 [WARNING] [BOE_PARALLEL_3] Failed to fetch detail info for SUB-JA-2025-255630: It looks like you are using Playwright Sync API inside the asyncio loop.
Please use the Async API instead.
2026-02-10 10:45:58 [INFO] Updated auction: SUB-JA-2025-255630
2026-02-10 10:45:59 [WARNING] [BOE_PARALLEL_3] Failed to fetch detail info for SUB-JA-2025-255772: It looks like you are using Playwright Sync API inside the asyncio loop.
Please use the Async API instead.
2026-02-10 10:45:59 [INFO] Updated auction: SUB-JA-2025-255772
2026-02-10 10:45:59 [WARNING] [BOE_PARALLEL_3] Failed to fetch detail info for SUB-JA-2025-254950: It looks like you are using Playwright Sync API inside the asyncio loop.
Please use the Async API instead.
2026-02-10 10:45:59 [INFO] Updated auction: SUB-JA-2025-254950
2026-02-10 10:45:59 [WARNING] [BOE_PARALLEL_3] Failed to fetch detail info for SUB-AT-2025-25R3086001177: It looks like you are using Playwright Sync API inside the asyncio loop.
Please use the Async API instead.
2026-02-10 10:45:59 [INFO] Updated auction: SUB-AT-2025-25R3086001177
2026-02-10 10:46:01 [WARNING] [BOE_PARALLEL_3] Failed to fetch detail info for SUB-JA-2025-255334: It looks like you are using Playwright Sync API inside the asyncio loop.
Please use the Async API instead.
2026-02-10 10:46:01 [INFO] Updated auction: SUB-JA-2025-255334
2026-02-10 10:46:01 [WARNING] [BOE_PARALLEL_3] Failed to fetch detail info for SUB-JA-2025-255594: It looks like you are using Playwright Sync API inside the asyncio loop.
Please use the Async API instead.
2026-02-10 10:46:01 [INFO] Updated auction: SUB-JA-2025-255594
2026-02-10 10:46:01 [WARNING] [BOE_PARALLEL_3] Failed to fetch detail info for SUB-JA-2025-255471: It looks like you are using Playwright Sync API inside the asyncio loop.
Please use the Async API instead.
2026-02-10 10:46:02 [INFO] Updated auction: SUB-JA-2025-255471
2026-02-10 10:46:02 [WARNING] [BOE_PARALLEL_3] Failed to fetch detail info for SUB-AT-2025-25R3086001175: It looks like you are using Playwright Sync API inside the asyncio loop.
Please use the Async API instead.
2026-02-10 10:46:02 [INFO] Updated auction: SUB-AT-2025-25R3086001175
2026-02-10 10:46:02 [WARNING] [BOE_PARALLEL_3] Failed to fetch detail info for SUB-JA-2025-255315: It looks like you are using Playwright Sync API inside the asyncio loop.
Please use the Async API instead.
2026-02-10 10:46:02 [INFO] Updated auction: SUB-JA-2025-255315
2026-02-10 10:46:02 [WARNING] [BOE_PARALLEL_3] Failed to fetch detail info for SUB-JA-2025-254151: It looks like you are using Playwright Sync API inside the asyncio loop.
Please use the Async API instead.
2026-02-10 10:46:02 [INFO] Updated auction: SUB-JA-2025-254151
2026-02-10 10:46:03 [WARNING] [BOE_PARALLEL_3] Failed to fetch detail info for SUB-JA-2025-255405: It looks like you are using Playwright Sync API inside the asyncio loop.
Please use the Async API instead.
2026-02-10 10:46:03 [INFO] Updated auction: SUB-JA-2025-255405
2026-02-10 10:46:03 [WARNING] [BOE_PARALLEL_3] Failed to fetch detail info for SUB-JA-2025-242639: It looks like you are using Playwright Sync API inside the asyncio loop.
Please use the Async API instead.
2026-02-10 10:46:03 [INFO] Updated auction: SUB-JA-2025-242639
2026-02-10 10:46:03 [WARNING] [BOE_PARALLEL_3] Failed to fetch detail info for SUB-JA-2025-255218: It looks like you are using Playwright Sync API inside the asyncio loop.
Please use the Async API instead.
2026-02-10 10:46:03 [INFO] Updated auction: SUB-JA-2025-255218
2026-02-10 10:46:03 [WARNING] [BOE_PARALLEL_3] Failed to fetch detail info for SUB-AT-2025-25R4686002062: It looks like you are using Playwright Sync API inside the asyncio loop.
Please use the Async API instead.
2026-02-10 10:46:04 [INFO] Updated auction: SUB-AT-2025-25R4686002062
2026-02-10 10:46:05 [WARNING] [BOE_PARALLEL_3] Failed to fetch detail info for SUB-JA-2025-255347: It looks like you are using Playwright Sync API inside the asyncio loop.
Please use the Async API instead.
2026-02-10 10:46:05 [INFO] Updated auction: SUB-JA-2025-255347
2026-02-10 10:46:05 [WARNING] [BOE_PARALLEL_3] Failed to fetch detail info for SUB-JA-2025-239355: It looks like you are using Playwright Sync API inside the asyncio loop.
Please use the Async API instead.
2026-02-10 10:46:06 [INFO] Updated auction: SUB-JA-2025-239355
2026-02-10 10:46:06 [WARNING] [BOE_PARALLEL_3] Failed to fetch detail info for SUB-JA-2025-255683: It looks like you are using Playwright Sync API inside the asyncio loop.
Please use the Async API instead.
2026-02-10 10:46:06 [INFO] Updated auction: SUB-JA-2025-255683
2026-02-10 10:46:06 [WARNING] [BOE_PARALLEL_3] Failed to fetch detail info for SUB-AT-2025-25R3086001174: It looks like you are using Playwright Sync API inside the asyncio loop.
Please use the Async API instead.
2026-02-10 10:46:06 [INFO] Updated auction: SUB-AT-2025-25R3086001174
2026-02-10 10:46:06 [WARNING] [BOE_PARALLEL_3] Failed to fetch detail info for SUB-JA-2025-255638: It looks like you are using Playwright Sync API inside the asyncio loop.
Please use the Async API instead.
2026-02-10 10:46:06 [INFO] Updated auction: SUB-JA-2025-255638
2026-02-10 10:46:07 [WARNING] [BOE_PARALLEL_3] Failed to fetch detail info for SUB-JA-2025-255713: It looks like you are using Playwright Sync API inside the asyncio loop.
Please use the Async API instead.
2026-02-10 10:46:07 [INFO] Updated auction: SUB-JA-2025-255713
2026-02-10 10:46:07 [WARNING] [BOE_PARALLEL_3] Failed to fetch detail info for SUB-AT-2025-25R3086001176: It looks like you are using Playwright Sync API inside the asyncio loop.
Please use the Async API instead.
2026-02-10 10:46:07 [INFO] Updated auction: SUB-AT-2025-25R3086001176
2026-02-10 10:46:07 [WARNING] [BOE_PARALLEL_3] Failed to fetch detail info for SUB-AT-2025-25R1586001113: It looks like you are using Playwright Sync API inside the asyncio loop.
Please use the Async API instead.
2026-02-10 10:46:07 [INFO] Updated auction: SUB-AT-2025-25R1586001113
2026-02-10 10:46:07 [WARNING] [BOE_PARALLEL_3] Failed to fetch detail info for SUB-JA-2025-255633: It looks like you are using Playwright Sync API inside the asyncio loop.
Please use the Async API instead.
2026-02-10 10:46:08 [INFO] Updated auction: SUB-JA-2025-255633
2026-02-10 10:46:08 [WARNING] [BOE_PARALLEL_3] Failed to fetch detail info for SUB-AT-2025-25R1586001119: It looks like you are using Playwright Sync API inside the asyncio loop.
Please use the Async API instead.
2026-02-10 10:46:08 [INFO] Updated auction: SUB-AT-2025-25R1586001119
2026-02-10 10:46:10 [WARNING] [BOE_PARALLEL_3] Failed to fetch detail info for SUB-AT-2025-25R1586001115: It looks like you are using Playwright Sync API inside the asyncio loop.
Please use the Async API instead.
2026-02-10 10:46:10 [INFO] Updated auction: SUB-AT-2025-25R1586001115
2026-02-10 10:46:10 [WARNING] [BOE_PARALLEL_3] Failed to fetch detail info for SUB-JA-2025-240944: It looks like you are using Playwright Sync API inside the asyncio loop.
Please use the Async API instead.
2026-02-10 10:46:11 [INFO] Updated auction: SUB-JA-2025-240944
2026-02-10 10:46:11 [WARNING] [BOE_PARALLEL_3] Failed to fetch detail info for SUB-AT-2025-25R1586001118: It looks like you are using Playwright Sync API inside the asyncio loop.
Please use the Async API instead.
2026-02-10 10:46:11 [INFO] Updated auction: SUB-AT-2025-25R1586001118
2026-02-10 10:46:11 [WARNING] [BOE_PARALLEL_3] Failed to fetch detail info for SUB-JV-2025-255323: It looks like you are using Playwright Sync API inside the asyncio loop.
Please use the Async API instead.
2026-02-10 10:46:11 [INFO] Updated auction: SUB-JV-2025-255323
2026-02-10 10:46:11 [WARNING] [BOE_PARALLEL_3] Failed to fetch detail info for SUB-JA-2023-206362: It looks like you are using Playwright Sync API inside the asyncio loop.
Please use the Async API instead.
2026-02-10 10:46:11 [INFO] Updated auction: SUB-JA-2023-206362
2026-02-10 10:46:11 [WARNING] [BOE_PARALLEL_3] Failed to fetch detail info for SUB-AT-2025-25R1586001117: It looks like you are using Playwright Sync API inside the asyncio loop.
Please use the Async API instead.
2026-02-10 10:46:11 [INFO] Updated auction: SUB-AT-2025-25R1586001117
2026-02-10 10:46:11 [WARNING] [BOE_PARALLEL_3] Failed to fetch detail info for SUB-AT-2025-25R1586001112: It looks like you are using Playwright Sync API inside the asyncio loop.
Please use the Async API instead.
2026-02-10 10:46:11 [INFO] Updated auction: SUB-AT-2025-25R1586001112
2026-02-10 10:46:13 [WARNING] [BOE_PARALLEL_3] Failed to fetch detail info for SUB-AT-2025-25R3086001172: It looks like you are using Playwright Sync API inside the asyncio loop.
Please use the Async API instead.
2026-02-10 10:46:13 [INFO] Updated auction: SUB-AT-2025-25R3086001172
2026-02-10 10:46:14 [WARNING] [BOE_PARALLEL_3] Failed to fetch detail info for SUB-AT-2025-25R3086001178: It looks like you are using Playwright Sync API inside the asyncio loop.
Please use the Async API instead.
2026-02-10 10:46:14 [INFO] Updated auction: SUB-AT-2025-25R3086001178
2026-02-10 10:46:15 [WARNING] [BOE_PARALLEL_3] Failed to fetch detail info for SUB-AT-2025-25R3086001179: It looks like you are using Playwright Sync API inside the asyncio loop.
Please use the Async API instead.
2026-02-10 10:46:15 [INFO] Updated auction: SUB-AT-2025-25R3086001179
2026-02-10 10:46:18 [WARNING] [BOE_PARALLEL_3] Failed to fetch detail info for SUB-JC-2025-253235: It looks like you are using Playwright Sync API inside the asyncio loop.
Please use the Async API instead.
2026-02-10 10:46:18 [INFO] Updated auction: SUB-JC-2025-253235
2026-02-10 10:46:20 [WARNING] [BOE_PARALLEL_3] Failed to fetch detail info for SUB-JA-2025-254958: It looks like you are using Playwright Sync API inside the asyncio loop.
Please use the Async API instead.
2026-02-10 10:46:20 [INFO] Updated auction: SUB-JA-2025-254958
2026-02-10 10:46:23 [WARNING] [BOE_PARALLEL_3] Failed to fetch detail info for SUB-AT-2025-25R1586001110: It looks like you are using Playwright Sync API inside the asyncio loop.
Please use the Async API instead.
2026-02-10 10:46:23 [INFO] Updated auction: SUB-AT-2025-25R1586001110
2026-02-10 10:46:25 [WARNING] [BOE_PARALLEL_3] Failed to fetch detail info for SUB-AT-2025-25R1586001111: It looks like you are using Playwright Sync API inside the asyncio loop.
Please use the Async API instead.
2026-02-10 10:46:25 [INFO] Updated auction: SUB-AT-2025-25R1586001111
2026-02-10 10:46:26 [WARNING] [BOE_PARALLEL_3] Failed to fetch detail info for SUB-JA-2025-255262: It looks like you are using Playwright Sync API inside the asyncio loop.
Please use the Async API instead.
2026-02-10 10:46:26 [INFO] Updated auction: SUB-JA-2025-255262
2026-02-10 10:46:28 [WARNING] [BOE_PARALLEL_3] Failed to fetch detail info for SUB-JA-2024-237595: It looks like you are using Playwright Sync API inside the asyncio loop.
Please use the Async API instead.
2026-02-10 10:46:28 [INFO] Updated auction: SUB-JA-2024-237595
2026-02-10 10:46:33 [WARNING] [BOE_PARALLEL_3] Failed to fetch detail info for SUB-JA-2025-255636: It looks like you are using Playwright Sync API inside the asyncio loop.
Please use the Async API instead.
2026-02-10 10:46:33 [INFO] Updated auction: SUB-JA-2025-255636
2026-02-10 10:46:35 [WARNING] [BOE_PARALLEL_3] Failed to fetch detail info for SUB-JA-2025-251441: It looks like you are using Playwright Sync API inside the asyncio loop.
Please use the Async API instead.
2026-02-10 10:46:35 [INFO] Updated auction: SUB-JA-2025-251441
2026-02-10 10:46:37 [WARNING] [BOE_PARALLEL_3] Failed to fetch detail info for SUB-AT-2025-25R3086001156: It looks like you are using Playwright Sync API inside the asyncio loop.
Please use the Async API instead.
2026-02-10 10:46:37 [INFO] Updated auction: SUB-AT-2025-25R3086001156
2026-02-10 10:46:38 [WARNING] [BOE_PARALLEL_3] Failed to fetch detail info for SUB-JA-2025-255472: It looks like you are using Playwright Sync API inside the asyncio loop.
Please use the Async API instead.
2026-02-10 10:46:38 [INFO] Updated auction: SUB-JA-2025-255472
2026-02-10 10:46:41 [WARNING] [BOE_PARALLEL_3] Failed to fetch detail info for SUB-JA-2025-255655: It looks like you are using Playwright Sync API inside the asyncio loop.
Please use the Async API instead.
2026-02-10 10:46:41 [INFO] Updated auction: SUB-JA-2025-255655
2026-02-10 10:46:41 [WARNING] [BOE_PARALLEL_3] Failed to fetch detail info for SUB-JA-2025-255634: It looks like you are using Playwright Sync API inside the asyncio loop.
Please use the Async API instead.
2026-02-10 10:46:41 [INFO] Updated auction: SUB-JA-2025-255634
2026-02-10 10:46:42 [WARNING] [BOE_PARALLEL_3] Failed to fetch detail info for SUB-JA-2025-255631: It looks like you are using Playwright Sync API inside the asyncio loop.
Please use the Async API instead.
2026-02-10 10:46:42 [INFO] Updated auction: SUB-JA-2025-255631
2026-02-10 10:46:42 [WARNING] [BOE_PARALLEL_3] Failed to fetch detail info for SUB-JV-2025-252362: It looks like you are using Playwright Sync API inside the asyncio loop.
Please use the Async API instead.
2026-02-10 10:46:42 [INFO] Updated auction: SUB-JV-2025-252362
2026-02-10 10:46:42 [WARNING] [BOE_PARALLEL_3] Failed to fetch detail info for SUB-AT-2025-25R1586001114: It looks like you are using Playwright Sync API inside the asyncio loop.
Please use the Async API instead.
2026-02-10 10:46:42 [INFO] Updated auction: SUB-AT-2025-25R1586001114
2026-02-10 10:46:42 [WARNING] [BOE_PARALLEL_3] Failed to fetch detail info for SUB-AT-2025-25R3086001173: It looks like you are using Playwright Sync API inside the asyncio loop.
Please use the Async API instead.
2026-02-10 10:46:42 [INFO] Updated auction: SUB-AT-2025-25R3086001173
2026-02-10 10:46:43 [WARNING] [BOE_PARALLEL_3] Failed to fetch detail info for SUB-JC-2025-254518: It looks like you are using Playwright Sync API inside the asyncio loop.
Please use the Async API instead.
2026-02-10 10:46:43 [INFO] Updated auction: SUB-JC-2025-254518
2026-02-10 10:46:43 [WARNING] [BOE_PARALLEL_3] Failed to fetch detail info for SUB-JA-2025-195932: It looks like you are using Playwright Sync API inside the asyncio loop.
Please use the Async API instead.
2026-02-10 10:46:43 [INFO] Updated auction: SUB-JA-2025-195932
2026-02-10 10:46:43 [WARNING] [BOE_PARALLEL_3] Failed to fetch detail info for SUB-JV-2025-254814: It looks like you are using Playwright Sync API inside the asyncio loop.
Please use the Async API instead.
2026-02-10 10:46:43 [INFO] Updated auction: SUB-JV-2025-254814
2026-02-10 10:46:43 [WARNING] [BOE_PARALLEL_3] Failed to fetch detail info for SUB-AT-2025-25R1586001116: It looks like you are using Playwright Sync API inside the asyncio loop.
Please use the Async API instead.
2026-02-10 10:46:43 [INFO] Updated auction: SUB-AT-2025-25R1586001116
2026-02-10 10:46:46 [WARNING] [BOE_PARALLEL_3] Failed to fetch detail info for SUB-JA-2025-255487: It looks like you are using Playwright Sync API inside the asyncio loop.
Please use the Async API instead.
2026-02-10 10:46:46 [INFO] Updated auction: SUB-JA-2025-255487
2026-02-10 10:46:51 [WARNING] [BOE_PARALLEL_3] Failed to fetch detail info for SUB-JA-2025-255243: It looks like you are using Playwright Sync API inside the asyncio loop.
Please use the Async API instead.
2026-02-10 10:46:51 [INFO] Updated auction: SUB-JA-2025-255243
2026-02-10 10:46:57 [WARNING] [BOE_PARALLEL_3] Failed to fetch detail info for SUB-AT-2025-25R3086001167: It looks like you are using Playwright Sync API inside the asyncio loop.
Please use the Async API instead.
2026-02-10 10:46:57 [INFO] Updated auction: SUB-AT-2025-25R3086001167
2026-02-10 10:47:00 [WARNING] [BOE_PARALLEL_3] Failed to fetch detail info for SUB-JA-2025-255495: It looks like you are using Playwright Sync API inside the asyncio loop.
Please use the Async API instead.
2026-02-10 10:47:00 [INFO] Updated auction: SUB-JA-2025-255495
2026-02-10 10:47:00 [WARNING] [BOE_PARALLEL_3] Failed to fetch detail info for SUB-JA-2025-255501: It looks like you are using Playwright Sync API inside the asyncio loop.
Please use the Async API instead.
2026-02-10 10:47:00 [INFO] Updated auction: SUB-JA-2025-255501
2026-02-10 10:47:01 [WARNING] [BOE_PARALLEL_3] Failed to fetch detail info for SUB-JA-2025-254178: It looks like you are using Playwright Sync API inside the asyncio loop.
Please use the Async API instead.
2026-02-10 10:47:01 [INFO] Updated auction: SUB-JA-2025-254178
2026-02-10 10:47:01 [WARNING] [BOE_PARALLEL_3] Failed to fetch detail info for SUB-RC-2025-0074000120059: It looks like you are using Playwright Sync API inside the asyncio loop.
Please use the Async API instead.
2026-02-10 10:47:01 [INFO] Updated auction: SUB-RC-2025-0074000120059
2026-02-10 10:47:02 [WARNING] [BOE_PARALLEL_3] Failed to fetch detail info for SUB-JA-2025-246904: It looks like you are using Playwright Sync API inside the asyncio loop.
Please use the Async API instead.
2026-02-10 10:47:02 [INFO] Updated auction: SUB-JA-2025-246904
2026-02-10 10:47:02 [WARNING] [BOE_PARALLEL_3] Failed to fetch detail info for SUB-AT-2025-25R1586001103: It looks like you are using Playwright Sync API inside the asyncio loop.
Please use the Async API instead.
2026-02-10 10:47:02 [INFO] Updated auction: SUB-AT-2025-25R1586001103
2026-02-10 10:47:02 [WARNING] [BOE_PARALLEL_3] Failed to fetch detail info for SUB-JA-2025-254032: It looks like you are using Playwright Sync API inside the asyncio loop.
Please use the Async API instead.
2026-02-10 10:47:02 [INFO] Updated auction: SUB-JA-2025-254032
2026-02-10 10:47:04 [WARNING] [BOE_PARALLEL_3] Failed to fetch detail info for SUB-JA-2025-255418: It looks like you are using Playwright Sync API inside the asyncio loop.
Please use the Async API instead.
2026-02-10 10:47:04 [INFO] Updated auction: SUB-JA-2025-255418
2026-02-10 10:47:04 [WARNING] [BOE_PARALLEL_3] Failed to fetch detail info for SUB-JA-2025-254139: It looks like you are using Playwright Sync API inside the asyncio loop.
Please use the Async API instead.
2026-02-10 10:47:04 [INFO] Updated auction: SUB-JA-2025-254139
2026-02-10 10:47:04 [WARNING] [BOE_PARALLEL_3] Failed to fetch detail info for SUB-JV-2025-255861: It looks like you are using Playwright Sync API inside the asyncio loop.
Please use the Async API instead.
2026-02-10 10:47:04 [INFO] Updated auction: SUB-JV-2025-255861
2026-02-10 10:47:05 [WARNING] [BOE_PARALLEL_3] Failed to fetch detail info for SUB-JA-2025-254787: It looks like you are using Playwright Sync API inside the asyncio loop.
Please use the Async API instead.
2026-02-10 10:47:05 [INFO] Updated auction: SUB-JA-2025-254787
2026-02-10 10:47:05 [WARNING] [BOE_PARALLEL_3] Failed to fetch detail info for SUB-AT-2025-25R1586001089: It looks like you are using Playwright Sync API inside the asyncio loop.
Please use the Async API instead.
2026-02-10 10:47:05 [INFO] Updated auction: SUB-AT-2025-25R1586001089
2026-02-10 10:47:05 [WARNING] [BOE_PARALLEL_3] Failed to fetch detail info for SUB-JA-2025-252226: It looks like you are using Playwright Sync API inside the asyncio loop.
Please use the Async API instead.
2026-02-10 10:47:05 [INFO] Updated auction: SUB-JA-2025-252226
2026-02-10 10:47:05 [WARNING] [BOE_PARALLEL_3] Failed to fetch detail info for SUB-JA-2025-255689: It looks like you are using Playwright Sync API inside the asyncio loop.
Please use the Async API instead.
2026-02-10 10:47:05 [INFO] Updated auction: SUB-JA-2025-255689
2026-02-10 10:47:05 [WARNING] [BOE_PARALLEL_3] Failed to fetch detail info for SUB-JA-2025-255687: It looks like you are using Playwright Sync API inside the asyncio loop.
Please use the Async API instead.
2026-02-10 10:47:05 [INFO] Updated auction: SUB-JA-2025-255687
2026-02-10 10:47:05 [WARNING] [BOE_PARALLEL_3] Failed to fetch detail info for SUB-JA-2025-252944: It looks like you are using Playwright Sync API inside the asyncio loop.
Please use the Async API instead.
2026-02-10 10:47:05 [INFO] Updated auction: SUB-JA-2025-252944
2026-02-10 10:47:06 [WARNING] [BOE_PARALLEL_3] Failed to fetch detail info for SUB-JA-2025-254995: It looks like you are using Playwright Sync API inside the asyncio loop.
Please use the Async API instead.
2026-02-10 10:47:06 [INFO] Updated auction: SUB-JA-2025-254995
2026-02-10 10:47:08 [WARNING] [BOE_PARALLEL_3] Failed to fetch detail info for SUB-RC-2025-2800500103823: It looks like you are using Playwright Sync API inside the asyncio loop.
Please use the Async API instead.
2026-02-10 10:47:08 [INFO] Updated auction: SUB-RC-2025-2800500103823
2026-02-10 10:47:09 [WARNING] [BOE_PARALLEL_3] Failed to fetch detail info for SUB-JA-2025-254574: It looks like you are using Playwright Sync API inside the asyncio loop.
Please use the Async API instead.
2026-02-10 10:47:09 [INFO] Updated auction: SUB-JA-2025-254574
2026-02-10 10:47:09 [WARNING] [BOE_PARALLEL_3] Failed to fetch detail info for SUB-JC-2025-252456: It looks like you are using Playwright Sync API inside the asyncio loop.
Please use the Async API instead.
2026-02-10 10:47:09 [INFO] Updated auction: SUB-JC-2025-252456
2026-02-10 10:47:09 [WARNING] [BOE_PARALLEL_3] Failed to fetch detail info for SUB-JA-2025-255255: It looks like you are using Playwright Sync API inside the asyncio loop.
Please use the Async API instead.
2026-02-10 10:47:09 [INFO] Updated auction: SUB-JA-2025-255255
2026-02-10 10:47:09 [WARNING] [BOE_PARALLEL_3] Failed to fetch detail info for SUB-JA-2025-255632: It looks like you are using Playwright Sync API inside the asyncio loop.
Please use the Async API instead.
2026-02-10 10:47:09 [INFO] Updated auction: SUB-JA-2025-255632
2026-02-10 10:47:10 [WARNING] [BOE_PARALLEL_3] Failed to fetch detail info for SUB-JA-2025-234773: It looks like you are using Playwright Sync API inside the asyncio loop.
Please use the Async API instead.
2026-02-10 10:47:10 [INFO] Updated auction: SUB-JA-2025-234773
2026-02-10 10:47:10 [WARNING] [BOE_PARALLEL_3] Failed to fetch detail info for SUB-JA-2025-255674: It looks like you are using Playwright Sync API inside the asyncio loop.
Please use the Async API instead.
2026-02-10 10:47:10 [INFO] Updated auction: SUB-JA-2025-255674
2026-02-10 10:47:10 [WARNING] [BOE_PARALLEL_3] Failed to fetch detail info for SUB-JA-2025-254313: It looks like you are using Playwright Sync API inside the asyncio loop.
Please use the Async API instead.
2026-02-10 10:47:10 [INFO] Updated auction: SUB-JA-2025-254313
2026-02-10 10:47:10 [WARNING] [BOE_PARALLEL_3] Failed to fetch detail info for SUB-JC-2025-254276: It looks like you are using Playwright Sync API inside the asyncio loop.
Please use the Async API instead.
2026-02-10 10:47:10 [INFO] Updated auction: SUB-JC-2025-254276
2026-02-10 10:47:10 [WARNING] [BOE_PARALLEL_3] Failed to fetch detail info for SUB-JA-2025-254691: It looks like you are using Playwright Sync API inside the asyncio loop.
Please use the Async API instead.
2026-02-10 10:47:10 [INFO] Updated auction: SUB-JA-2025-254691
2026-02-10 10:47:11 [WARNING] [BOE_PARALLEL_3] Failed to fetch detail info for SUB-JA-2025-253588: It looks like you are using Playwright Sync API inside the asyncio loop.
Please use the Async API instead.
2026-02-10 10:47:11 [INFO] Updated auction: SUB-JA-2025-253588
2026-02-10 10:47:12 [WARNING] [BOE_PARALLEL_3] Failed to fetch detail info for SUB-JV-2025-255521: It looks like you are using Playwright Sync API inside the asyncio loop.
Please use the Async API instead.
2026-02-10 10:47:12 [INFO] Updated auction: SUB-JV-2025-255521
2026-02-10 10:47:12 [WARNING] [BOE_PARALLEL_3] Failed to fetch detail info for SUB-JA-2022-199891: It looks like you are using Playwright Sync API inside the asyncio loop.
Please use the Async API instead.
2026-02-10 10:47:12 [INFO] Updated auction: SUB-JA-2022-199891
2026-02-10 10:47:12 [WARNING] [BOE_PARALLEL_3] Failed to fetch detail info for SUB-JA-2023-217034: It looks like you are using Playwright Sync API inside the asyncio loop.
Please use the Async API instead.
2026-02-10 10:47:12 [INFO] Updated auction: SUB-JA-2023-217034
2026-02-10 10:47:13 [WARNING] [BOE_PARALLEL_3] Failed to fetch detail info for SUB-JA-2024-236126: It looks like you are using Playwright Sync API inside the asyncio loop.
Please use the Async API instead.
2026-02-10 10:47:13 [INFO] Updated auction: SUB-JA-2024-236126
2026-02-10 10:47:13 [WARNING] [BOE_PARALLEL_3] Failed to fetch detail info for SUB-JA-2025-245924: It looks like you are using Playwright Sync API inside the asyncio loop.
Please use the Async API instead.
2026-02-10 10:47:13 [INFO] Updated auction: SUB-JA-2025-245924
2026-02-10 10:47:13 [WARNING] [BOE_PARALLEL_3] Failed to fetch detail info for SUB-JA-2025-249023: It looks like you are using Playwright Sync API inside the asyncio loop.
Please use the Async API instead.
2026-02-10 10:47:13 [INFO] Updated auction: SUB-JA-2025-249023
2026-02-10 10:47:14 [WARNING] [BOE_PARALLEL_3] Failed to fetch detail info for SUB-JA-2025-250096: It looks like you are using Playwright Sync API inside the asyncio loop.
Please use the Async API instead.
2026-02-10 10:47:14 [INFO] Updated auction: SUB-JA-2025-250096
2026-02-10 10:47:14 [WARNING] [BOE_PARALLEL_3] Failed to fetch detail info for SUB-JA-2025-250671: It looks like you are using Playwright Sync API inside the asyncio loop.
Please use the Async API instead.
2026-02-10 10:47:14 [INFO] Updated auction: SUB-JA-2025-250671
2026-02-10 10:47:14 [WARNING] [BOE_PARALLEL_3] Failed to fetch detail info for SUB-JA-2025-252903: It looks like you are using Playwright Sync API inside the asyncio loop.
Please use the Async API instead.
2026-02-10 10:47:14 [INFO] Updated auction: SUB-JA-2025-252903
2026-02-10 10:47:16 [WARNING] [BOE_PARALLEL_3] Failed to fetch detail info for SUB-JA-2025-253427: It looks like you are using Playwright Sync API inside the asyncio loop.
Please use the Async API instead.
2026-02-10 10:47:16 [INFO] Updated auction: SUB-JA-2025-253427
2026-02-10 10:47:17 [WARNING] [BOE_PARALLEL_3] Failed to fetch detail info for SUB-JA-2025-254195: It looks like you are using Playwright Sync API inside the asyncio loop.
Please use the Async API instead.
2026-02-10 10:47:17 [INFO] Updated auction: SUB-JA-2025-254195
2026-02-10 10:47:17 [WARNING] [BOE_PARALLEL_3] Failed to fetch detail info for SUB-JA-2025-254271: It looks like you are using Playwright Sync API inside the asyncio loop.
Please use the Async API instead.
2026-02-10 10:47:17 [INFO] Updated auction: SUB-JA-2025-254271
2026-02-10 10:47:17 [WARNING] [BOE_PARALLEL_3] Failed to fetch detail info for SUB-JA-2025-254376: It looks like you are using Playwright Sync API inside the asyncio loop.
Please use the Async API instead.
2026-02-10 10:47:17 [INFO] Updated auction: SUB-JA-2025-254376
2026-02-10 10:47:18 [WARNING] [BOE_PARALLEL_3] Failed to fetch detail info for SUB-JA-2025-254420: It looks like you are using Playwright Sync API inside the asyncio loop.
Please use the Async API instead.
2026-02-10 10:47:18 [INFO] Updated auction: SUB-JA-2025-254420
2026-02-10 10:47:19 [WARNING] [BOE_PARALLEL_3] Failed to fetch detail info for SUB-JA-2025-254536: It looks like you are using Playwright Sync API inside the asyncio loop.
Please use the Async API instead.
2026-02-10 10:47:19 [INFO] Updated auction: SUB-JA-2025-254536
2026-02-10 10:47:19 [WARNING] [BOE_PARALLEL_3] Failed to fetch detail info for SUB-JA-2025-254558: It looks like you are using Playwright Sync API inside the asyncio loop.
Please use the Async API instead.
2026-02-10 10:47:19 [INFO] Updated auction: SUB-JA-2025-254558
2026-02-10 10:47:19 [WARNING] [BOE_PARALLEL_3] Failed to fetch detail info for SUB-JA-2025-254794: It looks like you are using Playwright Sync API inside the asyncio loop.
Please use the Async API instead.
2026-02-10 10:47:19 [INFO] Updated auction: SUB-JA-2025-254794
2026-02-10 10:47:20 [WARNING] [BOE_PARALLEL_3] Failed to fetch detail info for SUB-JA-2025-254843: It looks like you are using Playwright Sync API inside the asyncio loop.
Please use the Async API instead.
2026-02-10 10:47:20 [INFO] Updated auction: SUB-JA-2025-254843
2026-02-10 10:47:20 [WARNING] [BOE_PARALLEL_3] Failed to fetch detail info for SUB-JA-2025-254954: It looks like you are using Playwright Sync API inside the asyncio loop.
Please use the Async API instead.
2026-02-10 10:47:20 [INFO] Updated auction: SUB-JA-2025-254954
2026-02-10 10:47:22 [WARNING] [BOE_PARALLEL_3] Failed to fetch detail info for SUB-JA-2025-255040: It looks like you are using Playwright Sync API inside the asyncio loop.
Please use the Async API instead.
2026-02-10 10:47:22 [INFO] Updated auction: SUB-JA-2025-255040
2026-02-10 10:47:22 [WARNING] [BOE_PARALLEL_3] Failed to fetch detail info for SUB-JA-2025-255093: It looks like you are using Playwright Sync API inside the asyncio loop.
Please use the Async API instead.
2026-02-10 10:47:22 [INFO] Updated auction: SUB-JA-2025-255093
2026-02-10 10:47:22 [WARNING] [BOE_PARALLEL_3] Failed to fetch detail info for SUB-JA-2025-255116: It looks like you are using Playwright Sync API inside the asyncio loop.
Please use the Async API instead.
2026-02-10 10:47:22 [INFO] Updated auction: SUB-JA-2025-255116
2026-02-10 10:47:23 [WARNING] [BOE_PARALLEL_3] Failed to fetch detail info for SUB-JA-2025-255187: It looks like you are using Playwright Sync API inside the asyncio loop.
Please use the Async API instead.
2026-02-10 10:47:23 [INFO] Updated auction: SUB-JA-2025-255187
2026-02-10 10:47:23 [WARNING] [BOE_PARALLEL_3] Failed to fetch detail info for SUB-JA-2025-255189: It looks like you are using Playwright Sync API inside the asyncio loop.
Please use the Async API instead.
2026-02-10 10:47:23 [INFO] Updated auction: SUB-JA-2025-255189
2026-02-10 10:47:23 [WARNING] [BOE_PARALLEL_3] Failed to fetch detail info for SUB-JA-2025-255193: It looks like you are using Playwright Sync API inside the asyncio loop.
Please use the Async API instead.
2026-02-10 10:47:23 [INFO] Updated auction: SUB-JA-2025-255193
2026-02-10 10:47:23 [WARNING] [BOE_PARALLEL_3] Failed to fetch detail info for SUB-JA-2025-255205: It looks like you are using Playwright Sync API inside the asyncio loop.
Please use the Async API instead.
2026-02-10 10:47:23 [INFO] Updated auction: SUB-JA-2025-255205
2026-02-10 10:47:23 [WARNING] [BOE_PARALLEL_3] Failed to fetch detail info for SUB-JA-2025-255342: It looks like you are using Playwright Sync API inside the asyncio loop.
Please use the Async API instead.
2026-02-10 10:47:23 [INFO] Updated auction: SUB-JA-2025-255342
2026-02-10 10:47:23 [WARNING] [BOE_PARALLEL_3] Failed to fetch detail info for SUB-JA-2025-255447: It looks like you are using Playwright Sync API inside the asyncio loop.
Please use the Async API instead.
2026-02-10 10:47:23 [INFO] Updated auction: SUB-JA-2025-255447
2026-02-10 10:47:23 [WARNING] [BOE_PARALLEL_3] Failed to fetch detail info for SUB-JA-2025-255544: It looks like you are using Playwright Sync API inside the asyncio loop.
Please use the Async API instead.
2026-02-10 10:47:23 [INFO] Updated auction: SUB-JA-2025-255544
2026-02-10 10:47:26 [WARNING] [BOE_PARALLEL_3] Failed to fetch detail info for SUB-JA-2025-255673: It looks like you are using Playwright Sync API inside the asyncio loop.
Please use the Async API instead.
2026-02-10 10:47:26 [INFO] Updated auction: SUB-JA-2025-255673
2026-02-10 10:47:26 [WARNING] [BOE_PARALLEL_3] Failed to fetch detail info for SUB-JA-2025-255761: It looks like you are using Playwright Sync API inside the asyncio loop.
Please use the Async API instead.
2026-02-10 10:47:26 [INFO] Updated auction: SUB-JA-2025-255761
2026-02-10 10:47:27 [WARNING] [BOE_PARALLEL_3] Failed to fetch detail info for SUB-JA-2025-255776: It looks like you are using Playwright Sync API inside the asyncio loop.
Please use the Async API instead.
2026-02-10 10:47:27 [INFO] Updated auction: SUB-JA-2025-255776
2026-02-10 10:47:27 [WARNING] [BOE_PARALLEL_3] Failed to fetch detail info for SUB-JA-2025-255804: It looks like you are using Playwright Sync API inside the asyncio loop.
Please use the Async API instead.
2026-02-10 10:47:27 [INFO] Updated auction: SUB-JA-2025-255804
2026-02-10 10:47:27 [WARNING] [BOE_PARALLEL_3] Failed to fetch detail info for SUB-JA-2025-255835: It looks like you are using Playwright Sync API inside the asyncio loop.
Please use the Async API instead.
2026-02-10 10:47:27 [INFO] Updated auction: SUB-JA-2025-255835
2026-02-10 10:47:27 [WARNING] [BOE_PARALLEL_3] Failed to fetch detail info for SUB-JA-2025-255837: It looks like you are using Playwright Sync API inside the asyncio loop.
Please use the Async API instead.
2026-02-10 10:47:27 [INFO] Updated auction: SUB-JA-2025-255837
2026-02-10 10:47:28 [WARNING] [BOE_PARALLEL_3] Failed to fetch detail info for SUB-JA-2025-255857: It looks like you are using Playwright Sync API inside the asyncio loop.
Please use the Async API instead.
2026-02-10 10:47:28 [INFO] Updated auction: SUB-JA-2025-255857
2026-02-10 10:47:28 [WARNING] [BOE_PARALLEL_3] Failed to fetch detail info for SUB-JA-2025-255892: It looks like you are using Playwright Sync API inside the asyncio loop.
Please use the Async API instead.
2026-02-10 10:47:28 [INFO] Updated auction: SUB-JA-2025-255892
2026-02-10 10:47:28 [WARNING] [BOE_PARALLEL_3] Failed to fetch detail info for SUB-JA-2025-255894: It looks like you are using Playwright Sync API inside the asyncio loop.
Please use the Async API instead.
2026-02-10 10:47:28 [INFO] Updated auction: SUB-JA-2025-255894
2026-02-10 10:47:28 [WARNING] [BOE_PARALLEL_3] Failed to fetch detail info for SUB-JA-2025-255906: It looks like you are using Playwright Sync API inside the asyncio loop.
Please use the Async API instead.
2026-02-10 10:47:28 [INFO] Updated auction: SUB-JA-2025-255906
2026-02-10 10:47:30 [WARNING] [BOE_PARALLEL_3] Failed to fetch detail info for SUB-JA-2025-255940: It looks like you are using Playwright Sync API inside the asyncio loop.
Please use the Async API instead.
2026-02-10 10:47:30 [INFO] Updated auction: SUB-JA-2025-255940
2026-02-10 10:47:30 [WARNING] [BOE_PARALLEL_3] Failed to fetch detail info for SUB-JC-2025-241353: It looks like you are using Playwright Sync API inside the asyncio loop.
Please use the Async API instead.
2026-02-10 10:47:30 [INFO] Updated auction: SUB-JC-2025-241353
2026-02-10 10:47:30 [WARNING] [BOE_PARALLEL_3] Failed to fetch detail info for SUB-JC-2025-249579: It looks like you are using Playwright Sync API inside the asyncio loop.
Please use the Async API instead.
2026-02-10 10:47:30 [INFO] Updated auction: SUB-JC-2025-249579
2026-02-10 10:47:31 [WARNING] [BOE_PARALLEL_3] Failed to fetch detail info for SUB-JC-2025-253527: It looks like you are using Playwright Sync API inside the asyncio loop.
Please use the Async API instead.
2026-02-10 10:47:31 [INFO] Updated auction: SUB-JC-2025-253527
2026-02-10 10:47:31 [WARNING] [BOE_PARALLEL_3] Failed to fetch detail info for SUB-JC-2025-255169: It looks like you are using Playwright Sync API inside the asyncio loop.
Please use the Async API instead.
2026-02-10 10:47:31 [INFO] Updated auction: SUB-JC-2025-255169
2026-02-10 10:47:31 [WARNING] [BOE_PARALLEL_3] Failed to fetch detail info for SUB-JC-2025-255563: It looks like you are using Playwright Sync API inside the asyncio loop.
Please use the Async API instead.
2026-02-10 10:47:31 [INFO] Updated auction: SUB-JC-2025-255563
2026-02-10 10:47:31 [WARNING] [BOE_PARALLEL_3] Failed to fetch detail info for SUB-JC-2025-255770: It looks like you are using Playwright Sync API inside the asyncio loop.
Please use the Async API instead.
2026-02-10 10:47:31 [INFO] Updated auction: SUB-JC-2025-255770
2026-02-10 10:47:32 [WARNING] [BOE_PARALLEL_3] Failed to fetch detail info for SUB-JC-2025-255782: It looks like you are using Playwright Sync API inside the asyncio loop.
Please use the Async API instead.
2026-02-10 10:47:32 [INFO] Updated auction: SUB-JC-2025-255782
2026-02-10 10:47:32 [WARNING] [BOE_PARALLEL_3] Failed to fetch detail info for SUB-JV-2025-254629: It looks like you are using Playwright Sync API inside the asyncio loop.
Please use the Async API instead.
2026-02-10 10:47:32 [INFO] Updated auction: SUB-JV-2025-254629
2026-02-10 10:47:32 [WARNING] [BOE_PARALLEL_3] Failed to fetch detail info for SUB-JV-2025-255046: It looks like you are using Playwright Sync API inside the asyncio loop.
Please use the Async API instead.
2026-02-10 10:47:32 [INFO] Updated auction: SUB-JV-2025-255046
2026-02-10 10:47:34 [WARNING] [BOE_PARALLEL_3] Failed to fetch detail info for SUB-JV-2025-255105: It looks like you are using Playwright Sync API inside the asyncio loop.
Please use the Async API instead.
2026-02-10 10:47:34 [INFO] Updated auction: SUB-JV-2025-255105
2026-02-10 10:47:34 [WARNING] [BOE_PARALLEL_3] Failed to fetch detail info for SUB-JV-2025-255190: It looks like you are using Playwright Sync API inside the asyncio loop.
Please use the Async API instead.
2026-02-10 10:47:34 [INFO] Updated auction: SUB-JV-2025-255190
2026-02-10 10:47:34 [WARNING] [BOE_PARALLEL_3] Failed to fetch detail info for SUB-JV-2025-255222: It looks like you are using Playwright Sync API inside the asyncio loop.
Please use the Async API instead.
2026-02-10 10:47:34 [INFO] Updated auction: SUB-JV-2025-255222
2026-02-10 10:47:34 [WARNING] [BOE_PARALLEL_3] Failed to fetch detail info for SUB-JV-2025-255516: It looks like you are using Playwright Sync API inside the asyncio loop.
Please use the Async API instead.
2026-02-10 10:47:34 [INFO] Updated auction: SUB-JV-2025-255516
2026-02-10 10:47:35 [WARNING] [BOE_PARALLEL_3] Failed to fetch detail info for SUB-JV-2025-255920: It looks like you are using Playwright Sync API inside the asyncio loop.
Please use the Async API instead.
2026-02-10 10:47:35 [INFO] Updated auction: SUB-JV-2025-255920
2026-02-10 10:47:35 [WARNING] [BOE_PARALLEL_3] Failed to fetch detail info for SUB-NH-2025-1586096: It looks like you are using Playwright Sync API inside the asyncio loop.
Please use the Async API instead.
2026-02-10 10:47:35 [INFO] Updated auction: SUB-NH-2025-1586096
2026-02-10 10:47:35 [WARNING] [BOE_PARALLEL_3] Failed to fetch detail info for SUB-NH-2025-1586097: It looks like you are using Playwright Sync API inside the asyncio loop.
Please use the Async API instead.
2026-02-10 10:47:35 [INFO] Updated auction: SUB-NH-2025-1586097
2026-02-10 10:47:36 [WARNING] [BOE_PARALLEL_3] Failed to fetch detail info for SUB-NH-2025-1586099: It looks like you are using Playwright Sync API inside the asyncio loop.
Please use the Async API instead.
2026-02-10 10:47:36 [INFO] Updated auction: SUB-NH-2025-1586099
2026-02-10 10:47:36 [WARNING] [BOE_PARALLEL_3] Failed to fetch detail info for SUB-NH-2025-1596089: It looks like you are using Playwright Sync API inside the asyncio loop.
Please use the Async API instead.
2026-02-10 10:47:36 [INFO] Updated auction: SUB-NH-2025-1596089
2026-02-10 10:47:36 [WARNING] [BOE_PARALLEL_3] Failed to fetch detail info for SUB-NH-2025-1596092: It looks like you are using Playwright Sync API inside the asyncio loop.
Please use the Async API instead.
2026-02-10 10:47:36 [INFO] Updated auction: SUB-NH-2025-1596092
2026-02-10 10:47:37 [WARNING] [BOE_PARALLEL_3] Failed to fetch detail info for SUB-NH-2025-1596093: It looks like you are using Playwright Sync API inside the asyncio loop.
Please use the Async API instead.
2026-02-10 10:47:37 [INFO] Updated auction: SUB-NH-2025-1596093
2026-02-10 10:47:37 [WARNING] [BOE_PARALLEL_3] Failed to fetch detail info for SUB-NH-2025-1596094: It looks like you are using Playwright Sync API inside the asyncio loop.
Please use the Async API instead.
2026-02-10 10:47:37 [INFO] Updated auction: SUB-NH-2025-1596094
2026-02-10 10:47:38 [WARNING] [BOE_PARALLEL_3] Failed to fetch detail info for SUB-NH-2025-1606095: It looks like you are using Playwright Sync API inside the asyncio loop.
Please use the Async API instead.
2026-02-10 10:47:38 [INFO] Updated auction: SUB-NH-2025-1606095
2026-02-10 10:47:38 [WARNING] [BOE_PARALLEL_3] Failed to fetch detail info for SUB-NN-2025-1586098: It looks like you are using Playwright Sync API inside the asyncio loop.
Please use the Async API instead.
2026-02-10 10:47:38 [INFO] Updated auction: SUB-NN-2025-1586098
2026-02-10 10:47:38 [WARNING] [BOE_PARALLEL_3] Failed to fetch detail info for SUB-JA-2025-255672: It looks like you are using Playwright Sync API inside the asyncio loop.
Please use the Async API instead.
2026-02-10 10:47:38 [INFO] Updated auction: SUB-JA-2025-255672
2026-02-10 10:47:39 [WARNING] [BOE_PARALLEL_3] Failed to fetch detail info for SUB-JA-2025-255203: It looks like you are using Playwright Sync API inside the asyncio loop.
Please use the Async API instead.
2026-02-10 10:47:39 [INFO] Updated auction: SUB-JA-2025-255203
2026-02-10 10:47:39 [WARNING] [BOE_PARALLEL_3] Failed to fetch detail info for SUB-JA-2025-250697: It looks like you are using Playwright Sync API inside the asyncio loop.
Please use the Async API instead.
2026-02-10 10:47:39 [INFO] Updated auction: SUB-JA-2025-250697
2026-02-10 10:47:39 [WARNING] [BOE_PARALLEL_3] Failed to fetch detail info for SUB-JA-2024-235907: It looks like you are using Playwright Sync API inside the asyncio loop.
Please use the Async API instead.
2026-02-10 10:47:39 [INFO] Updated auction: SUB-JA-2024-235907
2026-02-10 10:47:39 [WARNING] [BOE_PARALLEL_3] Failed to fetch detail info for SUB-JA-2025-255174: It looks like you are using Playwright Sync API inside the asyncio loop.
Please use the Async API instead.
2026-02-10 10:47:39 [INFO] Updated auction: SUB-JA-2025-255174
2026-02-10 10:47:39 [WARNING] [BOE_PARALLEL_3] Failed to fetch detail info for SUB-JA-2025-253817: It looks like you are using Playwright Sync API inside the asyncio loop.
Please use the Async API instead.
2026-02-10 10:47:39 [INFO] Updated auction: SUB-JA-2025-253817
2026-02-10 10:47:41 [WARNING] [BOE_PARALLEL_3] Failed to fetch detail info for SUB-JA-2025-253398: It looks like you are using Playwright Sync API inside the asyncio loop.
Please use the Async API instead.
2026-02-10 10:47:41 [INFO] Updated auction: SUB-JA-2025-253398
2026-02-10 10:47:41 [WARNING] [BOE_PARALLEL_3] Failed to fetch detail info for SUB-JA-2025-254930: It looks like you are using Playwright Sync API inside the asyncio loop.
Please use the Async API instead.
2026-02-10 10:47:41 [INFO] Updated auction: SUB-JA-2025-254930
2026-02-10 10:47:41 [WARNING] [BOE_PARALLEL_3] Failed to fetch detail info for SUB-JA-2025-255596: It looks like you are using Playwright Sync API inside the asyncio loop.
Please use the Async API instead.
2026-02-10 10:47:41 [INFO] Updated auction: SUB-JA-2025-255596
2026-02-10 10:47:42 [WARNING] [BOE_PARALLEL_3] Failed to fetch detail info for SUB-JA-2025-253205: It looks like you are using Playwright Sync API inside the asyncio loop.
Please use the Async API instead.
2026-02-10 10:47:42 [INFO] Updated auction: SUB-JA-2025-253205
2026-02-10 10:47:42 [WARNING] [BOE_PARALLEL_3] Failed to fetch detail info for SUB-JA-2025-255801: It looks like you are using Playwright Sync API inside the asyncio loop.
Please use the Async API instead.
2026-02-10 10:47:42 [INFO] Updated auction: SUB-JA-2025-255801
2026-02-10 10:47:42 [WARNING] [BOE_PARALLEL_3] Failed to fetch detail info for SUB-JA-2024-237762: It looks like you are using Playwright Sync API inside the asyncio loop.
Please use the Async API instead.
2026-02-10 10:47:42 [INFO] Updated auction: SUB-JA-2024-237762
2026-02-10 10:47:42 [WARNING] [BOE_PARALLEL_3] Failed to fetch detail info for SUB-JA-2025-255832: It looks like you are using Playwright Sync API inside the asyncio loop.
Please use the Async API instead.
2026-02-10 10:47:42 [INFO] Updated auction: SUB-JA-2025-255832
2026-02-10 10:47:42 [WARNING] [BOE_PARALLEL_3] Failed to fetch detail info for SUB-JA-2025-254232: It looks like you are using Playwright Sync API inside the asyncio loop.
Please use the Async API instead.
2026-02-10 10:47:42 [INFO] Updated auction: SUB-JA-2025-254232
2026-02-10 10:47:42 [WARNING] [BOE_PARALLEL_3] Failed to fetch detail info for SUB-JA-2025-254717: It looks like you are using Playwright Sync API inside the asyncio loop.
Please use the Async API instead.
2026-02-10 10:47:42 [INFO] Updated auction: SUB-JA-2025-254717
2026-02-10 10:47:42 [WARNING] [BOE_PARALLEL_3] Failed to fetch detail info for SUB-JA-2025-253175: It looks like you are using Playwright Sync API inside the asyncio loop.
Please use the Async API instead.
2026-02-10 10:47:42 [INFO] Updated auction: SUB-JA-2025-253175
2026-02-10 10:47:44 [WARNING] [BOE_PARALLEL_3] Failed to fetch detail info for SUB-RC-2025-3100200103181: It looks like you are using Playwright Sync API inside the asyncio loop.
Please use the Async API instead.
2026-02-10 10:47:44 [INFO] Updated auction: SUB-RC-2025-3100200103181
2026-02-10 10:47:44 [WARNING] [BOE_PARALLEL_3] Failed to fetch detail info for SUB-JA-2024-238755: It looks like you are using Playwright Sync API inside the asyncio loop.
Please use the Async API instead.
2026-02-10 10:47:44 [INFO] Updated auction: SUB-JA-2024-238755
2026-02-10 10:47:44 [WARNING] [BOE_PARALLEL_3] Failed to fetch detail info for SUB-JA-2025-254215: It looks like you are using Playwright Sync API inside the asyncio loop.
Please use the Async API instead.
2026-02-10 10:47:44 [INFO] Updated auction: SUB-JA-2025-254215
2026-02-10 10:47:45 [WARNING] [BOE_PARALLEL_3] Failed to fetch detail info for SUB-RC-2025-3100200103302: It looks like you are using Playwright Sync API inside the asyncio loop.
Please use the Async API instead.
2026-02-10 10:47:45 [INFO] Updated auction: SUB-RC-2025-3100200103302
2026-02-10 10:47:45 [WARNING] [BOE_PARALLEL_3] Failed to fetch detail info for SUB-JA-2025-255568: It looks like you are using Playwright Sync API inside the asyncio loop.
Please use the Async API instead.
2026-02-10 10:47:45 [INFO] Updated auction: SUB-JA-2025-255568
2026-02-10 10:47:45 [WARNING] [BOE_PARALLEL_3] Failed to fetch detail info for SUB-JA-2023-210547: It looks like you are using Playwright Sync API inside the asyncio loop.
Please use the Async API instead.
2026-02-10 10:47:45 [INFO] Updated auction: SUB-JA-2023-210547
2026-02-10 10:47:45 [WARNING] [BOE_PARALLEL_3] Failed to fetch detail info for SUB-JA-2024-229584: It looks like you are using Playwright Sync API inside the asyncio loop.
Please use the Async API instead.
2026-02-10 10:47:45 [INFO] Updated auction: SUB-JA-2024-229584
2026-02-10 10:47:45 [WARNING] [BOE_PARALLEL_3] Failed to fetch detail info for SUB-JA-2024-235272: It looks like you are using Playwright Sync API inside the asyncio loop.
Please use the Async API instead.
2026-02-10 10:47:45 [INFO] Updated auction: SUB-JA-2024-235272
2026-02-10 10:47:45 [WARNING] [BOE_PARALLEL_3] Failed to fetch detail info for SUB-JA-2025-245976: It looks like you are using Playwright Sync API inside the asyncio loop.
Please use the Async API instead.
2026-02-10 10:47:45 [INFO] Updated auction: SUB-JA-2025-245976
2026-02-10 10:47:45 [WARNING] [BOE_PARALLEL_3] Failed to fetch detail info for SUB-JA-2025-247518: It looks like you are using Playwright Sync API inside the asyncio loop.
Please use the Async API instead.
2026-02-10 10:47:45 [INFO] Updated auction: SUB-JA-2025-247518
2026-02-10 10:47:46 [WARNING] [BOE_PARALLEL_3] Failed to fetch detail info for SUB-JA-2025-247853: It looks like you are using Playwright Sync API inside the asyncio loop.
Please use the Async API instead.
2026-02-10 10:47:46 [INFO] Updated auction: SUB-JA-2025-247853
2026-02-10 10:47:46 [WARNING] [BOE_PARALLEL_3] Failed to fetch detail info for SUB-JA-2025-249565: It looks like you are using Playwright Sync API inside the asyncio loop.
Please use the Async API instead.
2026-02-10 10:47:46 [INFO] Updated auction: SUB-JA-2025-249565
2026-02-10 10:47:47 [WARNING] [BOE_PARALLEL_3] Failed to fetch detail info for SUB-JA-2025-250621: It looks like you are using Playwright Sync API inside the asyncio loop.
Please use the Async API instead.
2026-02-10 10:47:47 [INFO] Updated auction: SUB-JA-2025-250621
2026-02-10 10:47:47 [WARNING] [BOE_PARALLEL_3] Failed to fetch detail info for SUB-JA-2025-251094: It looks like you are using Playwright Sync API inside the asyncio loop.
Please use the Async API instead.
2026-02-10 10:47:47 [INFO] Updated auction: SUB-JA-2025-251094
2026-02-10 10:47:47 [WARNING] [BOE_PARALLEL_3] Failed to fetch detail info for SUB-JA-2025-251858: It looks like you are using Playwright Sync API inside the asyncio loop.
Please use the Async API instead.
2026-02-10 10:47:47 [INFO] Updated auction: SUB-JA-2025-251858
2026-02-10 10:47:47 [WARNING] [BOE_PARALLEL_3] Failed to fetch detail info for SUB-JA-2025-251864: It looks like you are using Playwright Sync API inside the asyncio loop.
Please use the Async API instead.
2026-02-10 10:47:47 [INFO] Updated auction: SUB-JA-2025-251864
2026-02-10 10:47:47 [WARNING] [BOE_PARALLEL_3] Failed to fetch detail info for SUB-JA-2025-252115: It looks like you are using Playwright Sync API inside the asyncio loop.
Please use the Async API instead.
2026-02-10 10:47:47 [INFO] Updated auction: SUB-JA-2025-252115
2026-02-10 10:47:47 [WARNING] [BOE_PARALLEL_3] Failed to fetch detail info for SUB-JA-2025-252814: It looks like you are using Playwright Sync API inside the asyncio loop.
Please use the Async API instead.
2026-02-10 10:47:47 [INFO] Updated auction: SUB-JA-2025-252814
2026-02-10 10:47:47 [WARNING] [BOE_PARALLEL_3] Failed to fetch detail info for SUB-JA-2025-253732: It looks like you are using Playwright Sync API inside the asyncio loop.
Please use the Async API instead.
2026-02-10 10:47:47 [INFO] Updated auction: SUB-JA-2025-253732
2026-02-10 10:47:47 [WARNING] [BOE_PARALLEL_3] Failed to fetch detail info for SUB-JA-2025-254283: It looks like you are using Playwright Sync API inside the asyncio loop.
Please use the Async API instead.
2026-02-10 10:47:47 [INFO] Updated auction: SUB-JA-2025-254283
2026-02-10 10:47:49 [WARNING] [BOE_PARALLEL_3] Failed to fetch detail info for SUB-JA-2025-254292: It looks like you are using Playwright Sync API inside the asyncio loop.
Please use the Async API instead.
2026-02-10 10:47:49 [INFO] Updated auction: SUB-JA-2025-254292
2026-02-10 10:47:49 [WARNING] [BOE_PARALLEL_3] Failed to fetch detail info for SUB-JA-2025-254732: It looks like you are using Playwright Sync API inside the asyncio loop.
Please use the Async API instead.
2026-02-10 10:47:49 [INFO] Updated auction: SUB-JA-2025-254732
2026-02-10 10:47:49 [WARNING] [BOE_PARALLEL_3] Failed to fetch detail info for SUB-JA-2025-254756: It looks like you are using Playwright Sync API inside the asyncio loop.
Please use the Async API instead.
2026-02-10 10:47:49 [INFO] Updated auction: SUB-JA-2025-254756
2026-02-10 10:47:49 [WARNING] [BOE_PARALLEL_3] Failed to fetch detail info for SUB-JA-2025-254899: It looks like you are using Playwright Sync API inside the asyncio loop.
Please use the Async API instead.
2026-02-10 10:47:49 [INFO] Updated auction: SUB-JA-2025-254899
2026-02-10 10:47:50 [WARNING] [BOE_PARALLEL_3] Failed to fetch detail info for SUB-JA-2025-255110: It looks like you are using Playwright Sync API inside the asyncio loop.
Please use the Async API instead.
2026-02-10 10:47:50 [INFO] Updated auction: SUB-JA-2025-255110
2026-02-10 10:47:50 [WARNING] [BOE_PARALLEL_3] Failed to fetch detail info for SUB-JA-2025-255119: It looks like you are using Playwright Sync API inside the asyncio loop.
Please use the Async API instead.
2026-02-10 10:47:50 [INFO] Updated auction: SUB-JA-2025-255119
2026-02-10 10:47:50 [WARNING] [BOE_PARALLEL_3] Failed to fetch detail info for SUB-JA-2025-255166: It looks like you are using Playwright Sync API inside the asyncio loop.
Please use the Async API instead.
2026-02-10 10:47:50 [INFO] Updated auction: SUB-JA-2025-255166
2026-02-10 10:47:50 [WARNING] [BOE_PARALLEL_3] Failed to fetch detail info for SUB-JA-2025-255302: It looks like you are using Playwright Sync API inside the asyncio loop.
Please use the Async API instead.
2026-02-10 10:47:50 [INFO] Updated auction: SUB-JA-2025-255302
2026-02-10 10:47:50 [WARNING] [BOE_PARALLEL_3] Failed to fetch detail info for SUB-JA-2025-255419: It looks like you are using Playwright Sync API inside the asyncio loop.
Please use the Async API instead.
2026-02-10 10:47:50 [INFO] Updated auction: SUB-JA-2025-255419
2026-02-10 10:47:50 [WARNING] [BOE_PARALLEL_3] Failed to fetch detail info for SUB-JA-2025-255590: It looks like you are using Playwright Sync API inside the asyncio loop.
Please use the Async API instead.
2026-02-10 10:47:50 [INFO] Updated auction: SUB-JA-2025-255590
2026-02-10 10:47:52 [WARNING] [BOE_PARALLEL_3] Failed to fetch detail info for SUB-JA-2025-255717: It looks like you are using Playwright Sync API inside the asyncio loop.
Please use the Async API instead.
2026-02-10 10:47:52 [INFO] Updated auction: SUB-JA-2025-255717
2026-02-10 10:47:52 [WARNING] [BOE_PARALLEL_3] Failed to fetch detail info for SUB-JA-2025-255781: It looks like you are using Playwright Sync API inside the asyncio loop.
Please use the Async API instead.
2026-02-10 10:47:52 [INFO] Updated auction: SUB-JA-2025-255781
2026-02-10 10:47:52 [WARNING] [BOE_PARALLEL_3] Failed to fetch detail info for SUB-JA-2025-255849: It looks like you are using Playwright Sync API inside the asyncio loop.
Please use the Async API instead.
2026-02-10 10:47:52 [INFO] Updated auction: SUB-JA-2025-255849
2026-02-10 10:47:52 [WARNING] [BOE_PARALLEL_3] Failed to fetch detail info for SUB-JA-2025-255856: It looks like you are using Playwright Sync API inside the asyncio loop.
Please use the Async API instead.
2026-02-10 10:47:52 [INFO] Updated auction: SUB-JA-2025-255856
2026-02-10 10:47:52 [WARNING] [BOE_PARALLEL_3] Failed to fetch detail info for SUB-JV-2025-248545: It looks like you are using Playwright Sync API inside the asyncio loop.
Please use the Async API instead.
2026-02-10 10:47:52 [INFO] Updated auction: SUB-JV-2025-248545
2026-02-10 10:47:52 [WARNING] [BOE_PARALLEL_3] Failed to fetch detail info for SUB-NH-2025-1606096: It looks like you are using Playwright Sync API inside the asyncio loop.
Please use the Async API instead.
2026-02-10 10:47:52 [INFO] Updated auction: SUB-NH-2025-1606096
2026-02-10 10:47:52 [WARNING] [BOE_PARALLEL_3] Failed to fetch detail info for SUB-JA-2025-248548: It looks like you are using Playwright Sync API inside the asyncio loop.
Please use the Async API instead.
2026-02-10 10:47:52 [INFO] Updated auction: SUB-JA-2025-248548
2026-02-10 10:47:52 [WARNING] [BOE_PARALLEL_3] Failed to fetch detail info for SUB-JA-2025-247419: It looks like you are using Playwright Sync API inside the asyncio loop.
Please use the Async API instead.
2026-02-10 10:47:52 [INFO] Updated auction: SUB-JA-2025-247419
2026-02-10 10:47:52 [WARNING] [BOE_PARALLEL_3] Failed to fetch detail info for SUB-JA-2025-251676: It looks like you are using Playwright Sync API inside the asyncio loop.
Please use the Async API instead.
2026-02-10 10:47:52 [INFO] Updated auction: SUB-JA-2025-251676
2026-02-10 10:47:53 [WARNING] [BOE_PARALLEL_3] Failed to fetch detail info for SUB-JA-2025-245488: It looks like you are using Playwright Sync API inside the asyncio loop.
Please use the Async API instead.
2026-02-10 10:47:53 [INFO] Updated auction: SUB-JA-2025-245488
2026-02-10 10:47:55 [WARNING] [BOE_PARALLEL_3] Failed to fetch detail info for SUB-JA-2025-252645: It looks like you are using Playwright Sync API inside the asyncio loop.
Please use the Async API instead.
2026-02-10 10:47:55 [INFO] Updated auction: SUB-JA-2025-252645
2026-02-10 10:47:55 [WARNING] [BOE_PARALLEL_3] Failed to fetch detail info for SUB-JA-2025-255846: It looks like you are using Playwright Sync API inside the asyncio loop.
Please use the Async API instead.
2026-02-10 10:47:55 [INFO] Updated auction: SUB-JA-2025-255846
2026-02-10 10:47:55 [WARNING] [BOE_PARALLEL_3] Failed to fetch detail info for SUB-JA-2025-249000: It looks like you are using Playwright Sync API inside the asyncio loop.
Please use the Async API instead.
2026-02-10 10:47:55 [INFO] Updated auction: SUB-JA-2025-249000
2026-02-10 10:47:55 [WARNING] [BOE_PARALLEL_3] Failed to fetch detail info for SUB-JV-2025-252608: It looks like you are using Playwright Sync API inside the asyncio loop.
Please use the Async API instead.
2026-02-10 10:47:55 [INFO] Updated auction: SUB-JV-2025-252608
2026-02-10 10:47:55 [WARNING] [BOE_PARALLEL_3] Failed to fetch detail info for SUB-JA-2025-254997: It looks like you are using Playwright Sync API inside the asyncio loop.
Please use the Async API instead.
2026-02-10 10:47:55 [INFO] Updated auction: SUB-JA-2025-254997
2026-02-10 10:47:56 [WARNING] [BOE_PARALLEL_3] Failed to fetch detail info for SUB-JA-2025-253953: It looks like you are using Playwright Sync API inside the asyncio loop.
Please use the Async API instead.
2026-02-10 10:47:56 [INFO] Updated auction: SUB-JA-2025-253953
2026-02-10 10:47:56 [WARNING] [BOE_PARALLEL_3] Failed to fetch detail info for SUB-JA-2025-252792: It looks like you are using Playwright Sync API inside the asyncio loop.
Please use the Async API instead.
2026-02-10 10:47:56 [INFO] Updated auction: SUB-JA-2025-252792
2026-02-10 10:47:57 [WARNING] [BOE_PARALLEL_3] Failed to fetch detail info for SUB-JA-2025-247928: It looks like you are using Playwright Sync API inside the asyncio loop.
Please use the Async API instead.
2026-02-10 10:47:57 [INFO] Updated auction: SUB-JA-2025-247928
2026-02-10 10:47:57 [WARNING] [BOE_PARALLEL_3] Failed to fetch detail info for SUB-JA-2025-253179: It looks like you are using Playwright Sync API inside the asyncio loop.
Please use the Async API instead.
2026-02-10 10:47:57 [INFO] Updated auction: SUB-JA-2025-253179
2026-02-10 10:47:57 [WARNING] [BOE_PARALLEL_3] Failed to fetch detail info for SUB-JA-2025-255900: It looks like you are using Playwright Sync API inside the asyncio loop.
Please use the Async API instead.
2026-02-10 10:47:57 [INFO] Updated auction: SUB-JA-2025-255900
2026-02-10 10:47:59 [WARNING] [BOE_PARALLEL_3] Failed to fetch detail info for SUB-JA-2025-254907: It looks like you are using Playwright Sync API inside the asyncio loop.
Please use the Async API instead.
2026-02-10 10:47:59 [INFO] Updated auction: SUB-JA-2025-254907
2026-02-10 10:48:00 [WARNING] [BOE_PARALLEL_3] Failed to fetch detail info for SUB-JA-2025-247389: It looks like you are using Playwright Sync API inside the asyncio loop.
Please use the Async API instead.
2026-02-10 10:48:00 [INFO] Updated auction: SUB-JA-2025-247389
2026-02-10 10:48:00 [WARNING] [BOE_PARALLEL_3] Failed to fetch detail info for SUB-JA-2025-248707: It looks like you are using Playwright Sync API inside the asyncio loop.
Please use the Async API instead.
2026-02-10 10:48:00 [INFO] Updated auction: SUB-JA-2025-248707
2026-02-10 10:48:00 [WARNING] [BOE_PARALLEL_3] Failed to fetch detail info for SUB-JA-2025-249059: It looks like you are using Playwright Sync API inside the asyncio loop.
Please use the Async API instead.
2026-02-10 10:48:00 [INFO] Updated auction: SUB-JA-2025-249059
2026-02-10 10:48:00 [WARNING] [BOE_PARALLEL_3] Failed to fetch detail info for SUB-JA-2025-255796: It looks like you are using Playwright Sync API inside the asyncio loop.
Please use the Async API instead.
2026-02-10 10:48:00 [INFO] Updated auction: SUB-JA-2025-255796
2026-02-10 10:48:01 [WARNING] [BOE_PARALLEL_3] Failed to fetch detail info for SUB-JA-2025-241660: It looks like you are using Playwright Sync API inside the asyncio loop.
Please use the Async API instead.
2026-02-10 10:48:01 [INFO] Updated auction: SUB-JA-2025-241660
2026-02-10 10:48:01 [WARNING] [BOE_PARALLEL_3] Failed to fetch detail info for SUB-JA-2025-253789: It looks like you are using Playwright Sync API inside the asyncio loop.
Please use the Async API instead.
2026-02-10 10:48:01 [INFO] Updated auction: SUB-JA-2025-253789
2026-02-10 10:48:01 [WARNING] [BOE_PARALLEL_3] Failed to fetch detail info for SUB-JA-2025-247231: It looks like you are using Playwright Sync API inside the asyncio loop.
Please use the Async API instead.
2026-02-10 10:48:01 [INFO] Updated auction: SUB-JA-2025-247231
2026-02-10 10:48:01 [WARNING] [BOE_PARALLEL_3] Failed to fetch detail info for SUB-JA-2025-254871: It looks like you are using Playwright Sync API inside the asyncio loop.
Please use the Async API instead.
2026-02-10 10:48:01 [INFO] Updated auction: SUB-JA-2025-254871
2026-02-10 10:48:01 [WARNING] [BOE_PARALLEL_3] Failed to fetch detail info for SUB-JA-2025-255821: It looks like you are using Playwright Sync API inside the asyncio loop.
Please use the Async API instead.
2026-02-10 10:48:01 [INFO] Updated auction: SUB-JA-2025-255821
2026-02-10 10:48:03 [WARNING] [BOE_PARALLEL_3] Failed to fetch detail info for SUB-JA-2025-254029: It looks like you are using Playwright Sync API inside the asyncio loop.
Please use the Async API instead.
2026-02-10 10:48:03 [INFO] Updated auction: SUB-JA-2025-254029
2026-02-10 10:48:03 [WARNING] [BOE_PARALLEL_3] Failed to fetch detail info for SUB-JA-2025-247857: It looks like you are using Playwright Sync API inside the asyncio loop.
Please use the Async API instead.
2026-02-10 10:48:03 [INFO] Updated auction: SUB-JA-2025-247857
2026-02-10 10:48:03 [WARNING] [BOE_PARALLEL_3] Failed to fetch detail info for SUB-JA-2025-255898: It looks like you are using Playwright Sync API inside the asyncio loop.
Please use the Async API instead.
2026-02-10 10:48:03 [INFO] Updated auction: SUB-JA-2025-255898
2026-02-10 10:48:03 [WARNING] [BOE_PARALLEL_3] Failed to fetch detail info for SUB-JA-2025-255895: It looks like you are using Playwright Sync API inside the asyncio loop.
Please use the Async API instead.
2026-02-10 10:48:03 [INFO] Updated auction: SUB-JA-2025-255895
2026-02-10 10:48:03 [WARNING] [BOE_PARALLEL_3] Failed to fetch detail info for SUB-JC-2025-255910: It looks like you are using Playwright Sync API inside the asyncio loop.
Please use the Async API instead.
2026-02-10 10:48:03 [INFO] Updated auction: SUB-JC-2025-255910
2026-02-10 10:48:03 [WARNING] [BOE_PARALLEL_3] Failed to fetch detail info for SUB-JA-2025-254671: It looks like you are using Playwright Sync API inside the asyncio loop.
Please use the Async API instead.
2026-02-10 10:48:03 [INFO] Updated auction: SUB-JA-2025-254671
2026-02-10 10:48:04 [WARNING] [BOE_PARALLEL_3] Failed to fetch detail info for SUB-AT-2025-24R4186001415: It looks like you are using Playwright Sync API inside the asyncio loop.
Please use the Async API instead.
2026-02-10 10:48:04 [INFO] Updated auction: SUB-AT-2025-24R4186001415
2026-02-10 10:48:04 [WARNING] [BOE_PARALLEL_3] Failed to fetch detail info for SUB-AT-2025-25R0886001359: It looks like you are using Playwright Sync API inside the asyncio loop.
Please use the Async API instead.
2026-02-10 10:48:04 [INFO] Updated auction: SUB-AT-2025-25R0886001359
2026-02-10 10:48:04 [WARNING] [BOE_PARALLEL_3] Failed to fetch detail info for SUB-AT-2025-25R0886001383: It looks like you are using Playwright Sync API inside the asyncio loop.
Please use the Async API instead.
2026-02-10 10:48:04 [INFO] Updated auction: SUB-AT-2025-25R0886001383
2026-02-10 10:48:04 [WARNING] [BOE_PARALLEL_3] Failed to fetch detail info for SUB-AT-2025-25R0886001384: It looks like you are using Playwright Sync API inside the asyncio loop.
Please use the Async API instead.
2026-02-10 10:48:04 [INFO] Updated auction: SUB-AT-2025-25R0886001384
2026-02-10 10:48:06 [WARNING] [BOE_PARALLEL_3] Failed to fetch detail info for SUB-AT-2025-25R0886001390: It looks like you are using Playwright Sync API inside the asyncio loop.
Please use the Async API instead.
2026-02-10 10:48:06 [INFO] Updated auction: SUB-AT-2025-25R0886001390
2026-02-10 10:48:06 [WARNING] [BOE_PARALLEL_3] Failed to fetch detail info for SUB-AT-2025-25R0886001462: It looks like you are using Playwright Sync API inside the asyncio loop.
Please use the Async API instead.
2026-02-10 10:48:06 [INFO] Updated auction: SUB-AT-2025-25R0886001462
2026-02-10 10:48:06 [WARNING] [BOE_PARALLEL_3] Failed to fetch detail info for SUB-AT-2025-25R0886001528: It looks like you are using Playwright Sync API inside the asyncio loop.
Please use the Async API instead.
2026-02-10 10:48:06 [INFO] Updated auction: SUB-AT-2025-25R0886001528
2026-02-10 10:48:06 [WARNING] [BOE_PARALLEL_3] Failed to fetch detail info for SUB-AT-2025-25R0886001530: It looks like you are using Playwright Sync API inside the asyncio loop.
Please use the Async API instead.
2026-02-10 10:48:06 [INFO] Updated auction: SUB-AT-2025-25R0886001530
2026-02-10 10:48:07 [WARNING] [BOE_PARALLEL_3] Failed to fetch detail info for SUB-AT-2025-25R0886001558: It looks like you are using Playwright Sync API inside the asyncio loop.
Please use the Async API instead.
2026-02-10 10:48:07 [INFO] Updated auction: SUB-AT-2025-25R0886001558
2026-02-10 10:48:07 [WARNING] [BOE_PARALLEL_3] Failed to fetch detail info for SUB-AT-2025-25R0886001593: It looks like you are using Playwright Sync API inside the asyncio loop.
Please use the Async API instead.
2026-02-10 10:48:07 [INFO] Updated auction: SUB-AT-2025-25R0886001593
2026-02-10 10:48:07 [WARNING] [BOE_PARALLEL_3] Failed to fetch detail info for SUB-AT-2025-25R0886001598: It looks like you are using Playwright Sync API inside the asyncio loop.
Please use the Async API instead.
2026-02-10 10:48:07 [INFO] Updated auction: SUB-AT-2025-25R0886001598
2026-02-10 10:48:07 [WARNING] [BOE_PARALLEL_3] Failed to fetch detail info for SUB-AT-2025-25R0886001599: It looks like you are using Playwright Sync API inside the asyncio loop.
Please use the Async API instead.
2026-02-10 10:48:07 [INFO] Updated auction: SUB-AT-2025-25R0886001599
2026-02-10 10:48:07 [WARNING] [BOE_PARALLEL_3] Failed to fetch detail info for SUB-AT-2025-25R0886001601: It looks like you are using Playwright Sync API inside the asyncio loop.
Please use the Async API instead.
2026-02-10 10:48:07 [INFO] Updated auction: SUB-AT-2025-25R0886001601
2026-02-10 10:48:07 [WARNING] [BOE_PARALLEL_3] Failed to fetch detail info for SUB-AT-2025-25R2986001204: It looks like you are using Playwright Sync API inside the asyncio loop.
Please use the Async API instead.
2026-02-10 10:48:07 [INFO] Updated auction: SUB-AT-2025-25R2986001204
2026-02-10 10:48:09 [WARNING] [BOE_PARALLEL_3] Failed to fetch detail info for SUB-AT-2025-25R2986002016: It looks like you are using Playwright Sync API inside the asyncio loop.
Please use the Async API instead.
2026-02-10 10:48:09 [INFO] Updated auction: SUB-AT-2025-25R2986002016
2026-02-10 10:48:09 [WARNING] [BOE_PARALLEL_3] Failed to fetch detail info for SUB-AT-2025-25R3086001170: It looks like you are using Playwright Sync API inside the asyncio loop.
Please use the Async API instead.
2026-02-10 10:48:09 [INFO] Updated auction: SUB-AT-2025-25R3086001170
2026-02-10 10:48:09 [WARNING] [BOE_PARALLEL_3] Failed to fetch detail info for SUB-AT-2025-25R3186001008: It looks like you are using Playwright Sync API inside the asyncio loop.
Please use the Async API instead.
2026-02-10 10:48:09 [INFO] Updated auction: SUB-AT-2025-25R3186001008
2026-02-10 10:48:09 [WARNING] [BOE_PARALLEL_3] Failed to fetch detail info for SUB-AT-2025-25R4586001176: It looks like you are using Playwright Sync API inside the asyncio loop.
Please use the Async API instead.
2026-02-10 10:48:09 [INFO] Updated auction: SUB-AT-2025-25R4586001176
2026-02-10 10:48:09 [WARNING] [BOE_PARALLEL_3] Failed to fetch detail info for SUB-AT-2025-25R4586001265: It looks like you are using Playwright Sync API inside the asyncio loop.
Please use the Async API instead.
2026-02-10 10:48:09 [INFO] Updated auction: SUB-AT-2025-25R4586001265
2026-02-10 10:48:10 [WARNING] [BOE_PARALLEL_3] Failed to fetch detail info for SUB-JA-2020-151497: It looks like you are using Playwright Sync API inside the asyncio loop.
Please use the Async API instead.
2026-02-10 10:48:10 [INFO] Updated auction: SUB-JA-2020-151497
2026-02-10 10:48:10 [WARNING] [BOE_PARALLEL_3] Failed to fetch detail info for SUB-JA-2021-170104: It looks like you are using Playwright Sync API inside the asyncio loop.
Please use the Async API instead.
2026-02-10 10:48:10 [INFO] Updated auction: SUB-JA-2021-170104
2026-02-10 10:48:10 [WARNING] [BOE_PARALLEL_3] Failed to fetch detail info for SUB-JA-2022-199819: It looks like you are using Playwright Sync API inside the asyncio loop.
Please use the Async API instead.
2026-02-10 10:48:10 [INFO] Updated auction: SUB-JA-2022-199819
2026-02-10 10:48:10 [WARNING] [BOE_PARALLEL_3] Failed to fetch detail info for SUB-JA-2024-225136: It looks like you are using Playwright Sync API inside the asyncio loop.
Please use the Async API instead.
2026-02-10 10:48:10 [INFO] Updated auction: SUB-JA-2024-225136
2026-02-10 10:48:10 [WARNING] [BOE_PARALLEL_3] Failed to fetch detail info for SUB-JA-2024-236444: It looks like you are using Playwright Sync API inside the asyncio loop.
Please use the Async API instead.
2026-02-10 10:48:10 [INFO] Updated auction: SUB-JA-2024-236444
2026-02-10 10:48:12 [WARNING] [BOE_PARALLEL_3] Failed to fetch detail info for SUB-JA-2024-237059: It looks like you are using Playwright Sync API inside the asyncio loop.
Please use the Async API instead.
2026-02-10 10:48:12 [INFO] Updated auction: SUB-JA-2024-237059
2026-02-10 10:48:12 [WARNING] [BOE_PARALLEL_3] Failed to fetch detail info for SUB-JA-2025-241890: It looks like you are using Playwright Sync API inside the asyncio loop.
Please use the Async API instead.
2026-02-10 10:48:12 [INFO] Updated auction: SUB-JA-2025-241890
2026-02-10 10:48:12 [WARNING] [BOE_PARALLEL_3] Failed to fetch detail info for SUB-JA-2025-247704: It looks like you are using Playwright Sync API inside the asyncio loop.
Please use the Async API instead.
2026-02-10 10:48:12 [INFO] Updated auction: SUB-JA-2025-247704
2026-02-10 10:48:12 [WARNING] [BOE_PARALLEL_3] Failed to fetch detail info for SUB-JA-2025-248552: It looks like you are using Playwright Sync API inside the asyncio loop.
Please use the Async API instead.
2026-02-10 10:48:12 [INFO] Updated auction: SUB-JA-2025-248552
2026-02-10 10:48:12 [WARNING] [BOE_PARALLEL_3] Failed to fetch detail info for SUB-JA-2025-248626: It looks like you are using Playwright Sync API inside the asyncio loop.
Please use the Async API instead.
2026-02-10 10:48:12 [INFO] Updated auction: SUB-JA-2025-248626
2026-02-10 10:48:12 [WARNING] [BOE_PARALLEL_3] Failed to fetch detail info for SUB-JA-2025-249439: It looks like you are using Playwright Sync API inside the asyncio loop.
Please use the Async API instead.
2026-02-10 10:48:12 [INFO] Updated auction: SUB-JA-2025-249439
2026-02-10 10:48:12 [WARNING] [BOE_PARALLEL_3] Failed to fetch detail info for SUB-JA-2025-249987: It looks like you are using Playwright Sync API inside the asyncio loop.
Please use the Async API instead.
2026-02-10 10:48:12 [INFO] Updated auction: SUB-JA-2025-249987
2026-02-10 10:48:12 [WARNING] [BOE_PARALLEL_3] Failed to fetch detail info for SUB-JA-2025-251571: It looks like you are using Playwright Sync API inside the asyncio loop.
Please use the Async API instead.
2026-02-10 10:48:12 [INFO] Updated auction: SUB-JA-2025-251571
2026-02-10 10:48:12 [WARNING] [BOE_PARALLEL_3] Failed to fetch detail info for SUB-JA-2025-252374: It looks like you are using Playwright Sync API inside the asyncio loop.
Please use the Async API instead.
2026-02-10 10:48:12 [INFO] Updated auction: SUB-JA-2025-252374
2026-02-10 10:48:13 [WARNING] [BOE_PARALLEL_3] Failed to fetch detail info for SUB-JA-2025-252412: It looks like you are using Playwright Sync API inside the asyncio loop.
Please use the Async API instead.
2026-02-10 10:48:13 [INFO] Updated auction: SUB-JA-2025-252412
2026-02-10 10:48:14 [WARNING] [BOE_PARALLEL_3] Failed to fetch detail info for SUB-JA-2025-252637: It looks like you are using Playwright Sync API inside the asyncio loop.
Please use the Async API instead.
2026-02-10 10:48:14 [INFO] Updated auction: SUB-JA-2025-252637
2026-02-10 10:48:14 [WARNING] [BOE_PARALLEL_3] Failed to fetch detail info for SUB-JA-2025-252670: It looks like you are using Playwright Sync API inside the asyncio loop.
Please use the Async API instead.
2026-02-10 10:48:14 [INFO] Updated auction: SUB-JA-2025-252670
2026-02-10 10:48:14 [WARNING] [BOE_PARALLEL_3] Failed to fetch detail info for SUB-JA-2025-252853: It looks like you are using Playwright Sync API inside the asyncio loop.
Please use the Async API instead.
2026-02-10 10:48:14 [INFO] Updated auction: SUB-JA-2025-252853
2026-02-10 10:48:15 [WARNING] [BOE_PARALLEL_3] Failed to fetch detail info for SUB-JA-2025-252998: It looks like you are using Playwright Sync API inside the asyncio loop.
Please use the Async API instead.
2026-02-10 10:48:15 [INFO] Updated auction: SUB-JA-2025-252998
2026-02-10 10:48:15 [WARNING] [BOE_PARALLEL_3] Failed to fetch detail info for SUB-JA-2025-253386: It looks like you are using Playwright Sync API inside the asyncio loop.
Please use the Async API instead.
2026-02-10 10:48:15 [INFO] Updated auction: SUB-JA-2025-253386
2026-02-10 10:48:15 [WARNING] [BOE_PARALLEL_3] Failed to fetch detail info for SUB-JA-2025-253605: It looks like you are using Playwright Sync API inside the asyncio loop.
Please use the Async API instead.
2026-02-10 10:48:15 [INFO] Updated auction: SUB-JA-2025-253605
2026-02-10 10:48:15 [WARNING] [BOE_PARALLEL_3] Failed to fetch detail info for SUB-JA-2025-253944: It looks like you are using Playwright Sync API inside the asyncio loop.
Please use the Async API instead.
2026-02-10 10:48:15 [INFO] Updated auction: SUB-JA-2025-253944
2026-02-10 10:48:15 [WARNING] [BOE_PARALLEL_3] Failed to fetch detail info for SUB-JA-2025-254239: It looks like you are using Playwright Sync API inside the asyncio loop.
Please use the Async API instead.
2026-02-10 10:48:15 [INFO] Updated auction: SUB-JA-2025-254239
2026-02-10 10:48:15 [WARNING] [BOE_PARALLEL_3] Failed to fetch detail info for SUB-JA-2025-254380: It looks like you are using Playwright Sync API inside the asyncio loop.
Please use the Async API instead.
2026-02-10 10:48:15 [INFO] Updated auction: SUB-JA-2025-254380
2026-02-10 10:48:15 [WARNING] [BOE_PARALLEL_3] Failed to fetch detail info for SUB-JA-2025-254453: It looks like you are using Playwright Sync API inside the asyncio loop.
Please use the Async API instead.
2026-02-10 10:48:15 [INFO] Updated auction: SUB-JA-2025-254453
2026-02-10 10:48:17 [WARNING] [BOE_PARALLEL_3] Failed to fetch detail info for SUB-JA-2025-254466: It looks like you are using Playwright Sync API inside the asyncio loop.
Please use the Async API instead.
2026-02-10 10:48:17 [INFO] Updated auction: SUB-JA-2025-254466
2026-02-10 10:48:17 [WARNING] [BOE_PARALLEL_3] Failed to fetch detail info for SUB-JA-2025-254643: It looks like you are using Playwright Sync API inside the asyncio loop.
Please use the Async API instead.
2026-02-10 10:48:17 [INFO] Updated auction: SUB-JA-2025-254643
2026-02-10 10:48:17 [WARNING] [BOE_PARALLEL_3] Failed to fetch detail info for SUB-JA-2025-254793: It looks like you are using Playwright Sync API inside the asyncio loop.
Please use the Async API instead.
2026-02-10 10:48:17 [INFO] Updated auction: SUB-JA-2025-254793
2026-02-10 10:48:17 [WARNING] [BOE_PARALLEL_3] Failed to fetch detail info for SUB-JA-2025-254827: It looks like you are using Playwright Sync API inside the asyncio loop.
Please use the Async API instead.
2026-02-10 10:48:17 [INFO] Updated auction: SUB-JA-2025-254827
2026-02-10 10:48:17 [WARNING] [BOE_PARALLEL_3] Failed to fetch detail info for SUB-JA-2025-255123: It looks like you are using Playwright Sync API inside the asyncio loop.
Please use the Async API instead.
2026-02-10 10:48:17 [INFO] Updated auction: SUB-JA-2025-255123
2026-02-10 10:48:17 [WARNING] [BOE_PARALLEL_3] Failed to fetch detail info for SUB-JA-2025-255184: It looks like you are using Playwright Sync API inside the asyncio loop.
Please use the Async API instead.
2026-02-10 10:48:17 [INFO] Updated auction: SUB-JA-2025-255184
2026-02-10 10:48:17 [WARNING] [BOE_PARALLEL_3] Failed to fetch detail info for SUB-JA-2025-255233: It looks like you are using Playwright Sync API inside the asyncio loop.
Please use the Async API instead.
2026-02-10 10:48:17 [INFO] Updated auction: SUB-JA-2025-255233
2026-02-10 10:48:17 [WARNING] [BOE_PARALLEL_3] Failed to fetch detail info for SUB-JA-2025-255235: It looks like you are using Playwright Sync API inside the asyncio loop.
Please use the Async API instead.
2026-02-10 10:48:17 [INFO] Updated auction: SUB-JA-2025-255235
2026-02-10 10:48:17 [WARNING] [BOE_PARALLEL_3] Failed to fetch detail info for SUB-JA-2025-255276: It looks like you are using Playwright Sync API inside the asyncio loop.
Please use the Async API instead.
2026-02-10 10:48:17 [INFO] Updated auction: SUB-JA-2025-255276
2026-02-10 10:48:17 [WARNING] [BOE_PARALLEL_3] Failed to fetch detail info for SUB-JA-2025-255306: It looks like you are using Playwright Sync API inside the asyncio loop.
Please use the Async API instead.
2026-02-10 10:48:17 [INFO] Updated auction: SUB-JA-2025-255306
2026-02-10 10:48:18 [WARNING] [BOE_PARALLEL_3] Failed to fetch detail info for SUB-JA-2025-255327: It looks like you are using Playwright Sync API inside the asyncio loop.
Please use the Async API instead.
2026-02-10 10:48:18 [INFO] Updated auction: SUB-JA-2025-255327
2026-02-10 10:48:19 [WARNING] [BOE_PARALLEL_3] Failed to fetch detail info for SUB-JA-2025-255390: It looks like you are using Playwright Sync API inside the asyncio loop.
Please use the Async API instead.
2026-02-10 10:48:19 [INFO] Updated auction: SUB-JA-2025-255390
2026-02-10 10:48:19 [WARNING] [BOE_PARALLEL_3] Failed to fetch detail info for SUB-JA-2025-255435: It looks like you are using Playwright Sync API inside the asyncio loop.
Please use the Async API instead.
2026-02-10 10:48:19 [INFO] Updated auction: SUB-JA-2025-255435
2026-02-10 10:48:19 [WARNING] [BOE_PARALLEL_3] Failed to fetch detail info for SUB-JA-2025-255443: It looks like you are using Playwright Sync API inside the asyncio loop.
Please use the Async API instead.
2026-02-10 10:48:19 [INFO] Updated auction: SUB-JA-2025-255443
2026-02-10 10:48:19 [WARNING] [BOE_PARALLEL_3] Failed to fetch detail info for SUB-JA-2025-255518: It looks like you are using Playwright Sync API inside the asyncio loop.
Please use the Async API instead.
2026-02-10 10:48:19 [INFO] Updated auction: SUB-JA-2025-255518
2026-02-10 10:48:19 [WARNING] [BOE_PARALLEL_3] Failed to fetch detail info for SUB-JA-2025-255586: It looks like you are using Playwright Sync API inside the asyncio loop.
Please use the Async API instead.
2026-02-10 10:48:19 [INFO] Updated auction: SUB-JA-2025-255586
2026-02-10 10:48:19 [WARNING] [BOE_PARALLEL_3] Failed to fetch detail info for SUB-JA-2025-255602: It looks like you are using Playwright Sync API inside the asyncio loop.
Please use the Async API instead.
2026-02-10 10:48:19 [INFO] Updated auction: SUB-JA-2025-255602
2026-02-10 10:48:19 [WARNING] [BOE_PARALLEL_3] Failed to fetch detail info for SUB-JA-2025-255662: It looks like you are using Playwright Sync API inside the asyncio loop.
Please use the Async API instead.
2026-02-10 10:48:19 [INFO] Updated auction: SUB-JA-2025-255662
2026-02-10 10:48:19 [WARNING] [BOE_PARALLEL_3] Failed to fetch detail info for SUB-JA-2025-255681: It looks like you are using Playwright Sync API inside the asyncio loop.
Please use the Async API instead.
2026-02-10 10:48:19 [INFO] Updated auction: SUB-JA-2025-255681
2026-02-10 10:48:19 [WARNING] [BOE_PARALLEL_3] Failed to fetch detail info for SUB-JA-2025-255728: It looks like you are using Playwright Sync API inside the asyncio loop.
Please use the Async API instead.
2026-02-10 10:48:19 [INFO] Updated auction: SUB-JA-2025-255728
2026-02-10 10:48:21 [WARNING] [BOE_PARALLEL_3] Failed to fetch detail info for SUB-JA-2025-255808: It looks like you are using Playwright Sync API inside the asyncio loop.
Please use the Async API instead.
2026-02-10 10:48:21 [INFO] Updated auction: SUB-JA-2025-255808
2026-02-10 10:48:21 [WARNING] [BOE_PARALLEL_3] Failed to fetch detail info for SUB-JA-2025-255814: It looks like you are using Playwright Sync API inside the asyncio loop.
Please use the Async API instead.
2026-02-10 10:48:21 [INFO] Updated auction: SUB-JA-2025-255814
2026-02-10 10:48:21 [WARNING] [BOE_PARALLEL_3] Failed to fetch detail info for SUB-JA-2025-255820: It looks like you are using Playwright Sync API inside the asyncio loop.
Please use the Async API instead.
2026-02-10 10:48:21 [INFO] Updated auction: SUB-JA-2025-255820
2026-02-10 10:48:21 [WARNING] [BOE_PARALLEL_3] Failed to fetch detail info for SUB-JA-2025-255876: It looks like you are using Playwright Sync API inside the asyncio loop.
Please use the Async API instead.
2026-02-10 10:48:21 [INFO] Updated auction: SUB-JA-2025-255876
2026-02-10 10:48:21 [WARNING] [BOE_PARALLEL_3] Failed to fetch detail info for SUB-JA-2025-255883: It looks like you are using Playwright Sync API inside the asyncio loop.
Please use the Async API instead.
2026-02-10 10:48:21 [INFO] Updated auction: SUB-JA-2025-255883
2026-02-10 10:48:21 [WARNING] [BOE_PARALLEL_3] Failed to fetch detail info for SUB-JA-2025-255885: It looks like you are using Playwright Sync API inside the asyncio loop.
Please use the Async API instead.
2026-02-10 10:48:21 [INFO] Updated auction: SUB-JA-2025-255885
2026-02-10 10:48:21 [WARNING] [BOE_PARALLEL_3] Failed to fetch detail info for SUB-JA-2025-255887: It looks like you are using Playwright Sync API inside the asyncio loop.
Please use the Async API instead.
2026-02-10 10:48:21 [INFO] Updated auction: SUB-JA-2025-255887
2026-02-10 10:48:21 [WARNING] [BOE_PARALLEL_3] Failed to fetch detail info for SUB-JA-2025-255890: It looks like you are using Playwright Sync API inside the asyncio loop.
Please use the Async API instead.
2026-02-10 10:48:21 [INFO] Updated auction: SUB-JA-2025-255890
2026-02-10 10:48:21 [WARNING] [BOE_PARALLEL_3] Failed to fetch detail info for SUB-JA-2025-255924: It looks like you are using Playwright Sync API inside the asyncio loop.
Please use the Async API instead.
2026-02-10 10:48:21 [INFO] Updated auction: SUB-JA-2025-255924
2026-02-10 10:48:21 [WARNING] [BOE_PARALLEL_3] Failed to fetch detail info for SUB-JA-2025-255942: It looks like you are using Playwright Sync API inside the asyncio loop.
Please use the Async API instead.
2026-02-10 10:48:21 [INFO] Updated auction: SUB-JA-2025-255942
2026-02-10 10:48:23 [WARNING] [BOE_PARALLEL_3] Failed to fetch detail info for SUB-JA-2025-255950: It looks like you are using Playwright Sync API inside the asyncio loop.
Please use the Async API instead.
2026-02-10 10:48:23 [INFO] Updated auction: SUB-JA-2025-255950
2026-02-10 10:48:23 [WARNING] [BOE_PARALLEL_3] Failed to fetch detail info for SUB-JA-2025-255984: It looks like you are using Playwright Sync API inside the asyncio loop.
Please use the Async API instead.
2026-02-10 10:48:23 [INFO] Updated auction: SUB-JA-2025-255984
2026-02-10 10:48:23 [WARNING] [BOE_PARALLEL_3] Failed to fetch detail info for SUB-JA-2025-255994: It looks like you are using Playwright Sync API inside the asyncio loop.
Please use the Async API instead.
2026-02-10 10:48:23 [INFO] Updated auction: SUB-JA-2025-255994
2026-02-10 10:48:23 [WARNING] [BOE_PARALLEL_3] Failed to fetch detail info for SUB-JA-2025-256074: It looks like you are using Playwright Sync API inside the asyncio loop.
Please use the Async API instead.
2026-02-10 10:48:23 [INFO] Updated auction: SUB-JA-2025-256074
2026-02-10 10:48:23 [WARNING] [BOE_PARALLEL_3] Failed to fetch detail info for SUB-JA-2025-256102: It looks like you are using Playwright Sync API inside the asyncio loop.
Please use the Async API instead.
2026-02-10 10:48:23 [INFO] Updated auction: SUB-JA-2025-256102
2026-02-10 10:48:23 [WARNING] [BOE_PARALLEL_3] Failed to fetch detail info for SUB-JV-2025-253254: It looks like you are using Playwright Sync API inside the asyncio loop.
Please use the Async API instead.
2026-02-10 10:48:23 [INFO] Updated auction: SUB-JV-2025-253254
2026-02-10 10:48:24 [WARNING] [BOE_PARALLEL_3] Failed to fetch detail info for SUB-JV-2025-256038: It looks like you are using Playwright Sync API inside the asyncio loop.
Please use the Async API instead.
2026-02-10 10:48:24 [INFO] Updated auction: SUB-JV-2025-256038
2026-02-10 10:48:24 [WARNING] [BOE_PARALLEL_3] Failed to fetch detail info for SUB-JV-2025-256128: It looks like you are using Playwright Sync API inside the asyncio loop.
Please use the Async API instead.
2026-02-10 10:48:24 [INFO] Updated auction: SUB-JV-2025-256128
2026-02-10 10:48:24 [WARNING] [BOE_PARALLEL_3] Failed to fetch detail info for SUB-NH-2025-1596095: It looks like you are using Playwright Sync API inside the asyncio loop.
Please use the Async API instead.
2026-02-10 10:48:24 [INFO] Updated auction: SUB-NH-2025-1596095
2026-02-10 10:48:24 [WARNING] [BOE_PARALLEL_3] Failed to fetch detail info for SUB-RC-2025-0380100101021: It looks like you are using Playwright Sync API inside the asyncio loop.
Please use the Async API instead.
2026-02-10 10:48:24 [INFO] Updated auction: SUB-RC-2025-0380100101021
2026-02-10 10:48:25 [WARNING] [BOE_PARALLEL_3] Failed to fetch detail info for SUB-RC-2025-0380100101023: It looks like you are using Playwright Sync API inside the asyncio loop.
Please use the Async API instead.
2026-02-10 10:48:25 [INFO] Updated auction: SUB-RC-2025-0380100101023
2026-02-10 10:48:25 [WARNING] [BOE_PARALLEL_3] Failed to fetch detail info for SUB-AT-2025-25R0886001568: It looks like you are using Playwright Sync API inside the asyncio loop.
Please use the Async API instead.
2026-02-10 10:48:25 [INFO] Updated auction: SUB-AT-2025-25R0886001568
2026-02-10 10:48:25 [WARNING] [BOE_PARALLEL_3] Failed to fetch detail info for SUB-JA-2025-249302: It looks like you are using Playwright Sync API inside the asyncio loop.
Please use the Async API instead.
2026-02-10 10:48:25 [INFO] Updated auction: SUB-JA-2025-249302
2026-02-10 10:48:25 [WARNING] [BOE_PARALLEL_3] Failed to fetch detail info for SUB-JA-2025-255644: It looks like you are using Playwright Sync API inside the asyncio loop.
Please use the Async API instead.
2026-02-10 10:48:25 [INFO] Updated auction: SUB-JA-2025-255644
2026-02-10 10:48:25 [WARNING] [BOE_PARALLEL_3] Failed to fetch detail info for SUB-JA-2025-224931: It looks like you are using Playwright Sync API inside the asyncio loop.
Please use the Async API instead.
2026-02-10 10:48:25 [INFO] Updated auction: SUB-JA-2025-224931
2026-02-10 10:48:25 [WARNING] [BOE_PARALLEL_3] Failed to fetch detail info for SUB-JA-2025-251381: It looks like you are using Playwright Sync API inside the asyncio loop.
Please use the Async API instead.
2026-02-10 10:48:25 [INFO] Updated auction: SUB-JA-2025-251381
2026-02-10 10:48:25 [WARNING] [BOE_PARALLEL_3] Failed to fetch detail info for SUB-JA-2025-251870: It looks like you are using Playwright Sync API inside the asyncio loop.
Please use the Async API instead.
2026-02-10 10:48:25 [INFO] Updated auction: SUB-JA-2025-251870
2026-02-10 10:48:26 [WARNING] [BOE_PARALLEL_3] Failed to fetch detail info for SUB-JA-2025-252041: It looks like you are using Playwright Sync API inside the asyncio loop.
Please use the Async API instead.
2026-02-10 10:48:26 [INFO] Updated auction: SUB-JA-2025-252041
2026-02-10 10:48:26 [WARNING] [BOE_PARALLEL_3] Failed to fetch detail info for SUB-JA-2025-253742: It looks like you are using Playwright Sync API inside the asyncio loop.
Please use the Async API instead.
2026-02-10 10:48:26 [INFO] Updated auction: SUB-JA-2025-253742
2026-02-10 10:48:26 [WARNING] [BOE_PARALLEL_3] Failed to fetch detail info for SUB-JA-2025-255988: It looks like you are using Playwright Sync API inside the asyncio loop.
Please use the Async API instead.
2026-02-10 10:48:26 [INFO] Updated auction: SUB-JA-2025-255988
2026-02-10 10:48:27 [WARNING] [BOE_PARALLEL_3] Failed to fetch detail info for SUB-AT-2025-25R0886001534: It looks like you are using Playwright Sync API inside the asyncio loop.
Please use the Async API instead.
2026-02-10 10:48:27 [INFO] Updated auction: SUB-AT-2025-25R0886001534
2026-02-10 10:48:28 [WARNING] [BOE_PARALLEL_3] Failed to fetch detail info for SUB-JA-2025-255045: It looks like you are using Playwright Sync API inside the asyncio loop.
Please use the Async API instead.
2026-02-10 10:48:28 [INFO] Updated auction: SUB-JA-2025-255045
2026-02-10 10:48:28 [WARNING] [BOE_PARALLEL_3] Failed to fetch detail info for SUB-AT-2025-25R4586001258: It looks like you are using Playwright Sync API inside the asyncio loop.
Please use the Async API instead.
2026-02-10 10:48:28 [INFO] Updated auction: SUB-AT-2025-25R4586001258
2026-02-10 10:48:28 [WARNING] [BOE_PARALLEL_3] Failed to fetch detail info for SUB-JA-2025-255223: It looks like you are using Playwright Sync API inside the asyncio loop.
Please use the Async API instead.
2026-02-10 10:48:28 [INFO] Updated auction: SUB-JA-2025-255223
2026-02-10 10:48:28 [WARNING] [BOE_PARALLEL_3] Failed to fetch detail info for SUB-JA-2025-255889: It looks like you are using Playwright Sync API inside the asyncio loop.
Please use the Async API instead.
2026-02-10 10:48:28 [INFO] Updated auction: SUB-JA-2025-255889
2026-02-10 10:48:29 [WARNING] [BOE_PARALLEL_3] Failed to fetch detail info for SUB-AT-2025-25R4186002095: It looks like you are using Playwright Sync API inside the asyncio loop.
Please use the Async API instead.
2026-02-10 10:48:29 [INFO] Updated auction: SUB-AT-2025-25R4186002095
2026-02-10 10:48:29 [WARNING] [BOE_PARALLEL_3] Failed to fetch detail info for SUB-JA-2025-254994: It looks like you are using Playwright Sync API inside the asyncio loop.
Please use the Async API instead.
2026-02-10 10:48:29 [INFO] Updated auction: SUB-JA-2025-254994
2026-02-10 10:48:29 [WARNING] [BOE_PARALLEL_3] Failed to fetch detail info for SUB-JA-2025-255539: It looks like you are using Playwright Sync API inside the asyncio loop.
Please use the Async API instead.
2026-02-10 10:48:29 [INFO] Updated auction: SUB-JA-2025-255539
2026-02-10 10:48:29 [WARNING] [BOE_PARALLEL_3] Failed to fetch detail info for SUB-AT-2025-25R4186002055: It looks like you are using Playwright Sync API inside the asyncio loop.
Please use the Async API instead.
2026-02-10 10:48:29 [INFO] Updated auction: SUB-AT-2025-25R4186002055
2026-02-10 10:48:29 [WARNING] [BOE_PARALLEL_3] Failed to fetch detail info for SUB-JA-2025-255834: It looks like you are using Playwright Sync API inside the asyncio loop.
Please use the Async API instead.
2026-02-10 10:48:29 [INFO] Updated auction: SUB-JA-2025-255834
2026-02-10 10:48:31 [WARNING] [BOE_PARALLEL_3] Failed to fetch detail info for SUB-JA-2025-255041: It looks like you are using Playwright Sync API inside the asyncio loop.
Please use the Async API instead.
2026-02-10 10:48:31 [INFO] Updated auction: SUB-JA-2025-255041
2026-02-10 10:48:31 [WARNING] [BOE_PARALLEL_3] Failed to fetch detail info for SUB-JA-2025-255259: It looks like you are using Playwright Sync API inside the asyncio loop.
Please use the Async API instead.
2026-02-10 10:48:31 [INFO] Updated auction: SUB-JA-2025-255259
2026-02-10 10:48:31 [WARNING] [BOE_PARALLEL_3] Failed to fetch detail info for SUB-JA-2025-255163: It looks like you are using Playwright Sync API inside the asyncio loop.
Please use the Async API instead.
2026-02-10 10:48:31 [INFO] Updated auction: SUB-JA-2025-255163
2026-02-10 10:48:31 [WARNING] [BOE_PARALLEL_3] Failed to fetch detail info for SUB-JA-2025-250611: It looks like you are using Playwright Sync API inside the asyncio loop.
Please use the Async API instead.
2026-02-10 10:48:31 [INFO] Updated auction: SUB-JA-2025-250611
2026-02-10 10:48:31 [WARNING] [BOE_PARALLEL_3] Failed to fetch detail info for SUB-AT-2025-25R4186002083: It looks like you are using Playwright Sync API inside the asyncio loop.
Please use the Async API instead.
2026-02-10 10:48:31 [INFO] Updated auction: SUB-AT-2025-25R4186002083
2026-02-10 10:48:31 [WARNING] [BOE_PARALLEL_3] Failed to fetch detail info for SUB-AT-2025-25R0886001567: It looks like you are using Playwright Sync API inside the asyncio loop.
Please use the Async API instead.
2026-02-10 10:48:31 [INFO] Updated auction: SUB-AT-2025-25R0886001567
2026-02-10 10:48:31 [WARNING] [BOE_PARALLEL_3] Failed to fetch detail info for SUB-AT-2025-25R4186002093: It looks like you are using Playwright Sync API inside the asyncio loop.
Please use the Async API instead.
2026-02-10 10:48:31 [INFO] Updated auction: SUB-AT-2025-25R4186002093
2026-02-10 10:48:32 [WARNING] [BOE_PARALLEL_3] Failed to fetch detail info for SUB-JA-2025-252415: It looks like you are using Playwright Sync API inside the asyncio loop.
Please use the Async API instead.
2026-02-10 10:48:32 [INFO] Updated auction: SUB-JA-2025-252415
2026-02-10 10:48:32 [WARNING] [BOE_PARALLEL_3] Failed to fetch detail info for SUB-JA-2025-251962: It looks like you are using Playwright Sync API inside the asyncio loop.
Please use the Async API instead.
2026-02-10 10:48:32 [INFO] Updated auction: SUB-JA-2025-251962
2026-02-10 10:48:32 [WARNING] [BOE_PARALLEL_3] Failed to fetch detail info for SUB-JA-2025-255879: It looks like you are using Playwright Sync API inside the asyncio loop.
Please use the Async API instead.
2026-02-10 10:48:32 [INFO] Updated auction: SUB-JA-2025-255879
2026-02-10 10:48:34 [WARNING] [BOE_PARALLEL_3] Failed to fetch detail info for SUB-AT-2025-25R4586001264: It looks like you are using Playwright Sync API inside the asyncio loop.
Please use the Async API instead.
2026-02-10 10:48:34 [INFO] Updated auction: SUB-AT-2025-25R4586001264
2026-02-10 10:48:34 [WARNING] [BOE_PARALLEL_3] Failed to fetch detail info for SUB-JA-2025-249028: It looks like you are using Playwright Sync API inside the asyncio loop.
Please use the Async API instead.
2026-02-10 10:48:34 [INFO] Updated auction: SUB-JA-2025-249028
2026-02-10 10:48:34 [WARNING] [BOE_PARALLEL_3] Failed to fetch detail info for SUB-JA-2025-254988: It looks like you are using Playwright Sync API inside the asyncio loop.
Please use the Async API instead.
2026-02-10 10:48:34 [INFO] Updated auction: SUB-JA-2025-254988
2026-02-10 10:48:34 [WARNING] [BOE_PARALLEL_3] Failed to fetch detail info for SUB-JC-2024-237534: It looks like you are using Playwright Sync API inside the asyncio loop.
Please use the Async API instead.
2026-02-10 10:48:34 [INFO] Updated auction: SUB-JC-2024-237534
2026-02-10 10:48:34 [WARNING] [BOE_PARALLEL_3] Failed to fetch detail info for SUB-JA-2025-246391: It looks like you are using Playwright Sync API inside the asyncio loop.
Please use the Async API instead.
2026-02-10 10:48:34 [INFO] Updated auction: SUB-JA-2025-246391
2026-02-10 10:48:34 [WARNING] [BOE_PARALLEL_3] Failed to fetch detail info for SUB-AT-2025-25R4586001272: It looks like you are using Playwright Sync API inside the asyncio loop.
Please use the Async API instead.
2026-02-10 10:48:34 [INFO] Updated auction: SUB-AT-2025-25R4586001272
2026-02-10 10:48:34 [WARNING] [BOE_PARALLEL_3] Failed to fetch detail info for SUB-AT-2025-25R3086001155: It looks like you are using Playwright Sync API inside the asyncio loop.
Please use the Async API instead.
2026-02-10 10:48:34 [INFO] Updated auction: SUB-AT-2025-25R3086001155
2026-02-10 10:48:34 [WARNING] [BOE_PARALLEL_3] Failed to fetch detail info for SUB-JA-2025-255533: It looks like you are using Playwright Sync API inside the asyncio loop.
Please use the Async API instead.
2026-02-10 10:48:34 [INFO] Updated auction: SUB-JA-2025-255533
2026-02-10 10:48:35 [WARNING] [BOE_PARALLEL_3] Failed to fetch detail info for SUB-JA-2025-251247: It looks like you are using Playwright Sync API inside the asyncio loop.
Please use the Async API instead.
2026-02-10 10:48:35 [INFO] Updated auction: SUB-JA-2025-251247
2026-02-10 10:48:35 [WARNING] [BOE_PARALLEL_3] Failed to fetch detail info for SUB-AT-2025-25R0886001463: It looks like you are using Playwright Sync API inside the asyncio loop.
Please use the Async API instead.
2026-02-10 10:48:35 [INFO] Updated auction: SUB-AT-2025-25R0886001463
2026-02-10 10:48:37 [WARNING] [BOE_PARALLEL_3] Failed to fetch detail info for SUB-JA-2025-250493: It looks like you are using Playwright Sync API inside the asyncio loop.
Please use the Async API instead.
2026-02-10 10:48:37 [INFO] Updated auction: SUB-JA-2025-250493
2026-02-10 10:48:37 [WARNING] [BOE_PARALLEL_3] Failed to fetch detail info for SUB-AT-2025-25R0886001548: It looks like you are using Playwright Sync API inside the asyncio loop.
Please use the Async API instead.
2026-02-10 10:48:37 [INFO] Updated auction: SUB-AT-2025-25R0886001548
2026-02-10 10:48:37 [WARNING] [BOE_PARALLEL_3] Failed to fetch detail info for SUB-AT-2025-25R0886001583: It looks like you are using Playwright Sync API inside the asyncio loop.
Please use the Async API instead.
2026-02-10 10:48:37 [INFO] Updated auction: SUB-AT-2025-25R0886001583
2026-02-10 10:48:37 [WARNING] [BOE_PARALLEL_3] Failed to fetch detail info for SUB-JA-2025-253191: It looks like you are using Playwright Sync API inside the asyncio loop.
Please use the Async API instead.
2026-02-10 10:48:37 [INFO] Updated auction: SUB-JA-2025-253191
2026-02-10 10:48:37 [WARNING] [BOE_PARALLEL_3] Failed to fetch detail info for SUB-JA-2025-252660: It looks like you are using Playwright Sync API inside the asyncio loop.
Please use the Async API instead.
2026-02-10 10:48:37 [INFO] Updated auction: SUB-JA-2025-252660
2026-02-10 10:48:37 [WARNING] [BOE_PARALLEL_3] Failed to fetch detail info for SUB-JA-2025-252794: It looks like you are using Playwright Sync API inside the asyncio loop.
Please use the Async API instead.
2026-02-10 10:48:37 [INFO] Updated auction: SUB-JA-2025-252794
2026-02-10 10:48:37 [WARNING] [BOE_PARALLEL_3] Failed to fetch detail info for SUB-JV-2025-256133: It looks like you are using Playwright Sync API inside the asyncio loop.
Please use the Async API instead.
2026-02-10 10:48:37 [INFO] Updated auction: SUB-JV-2025-256133
2026-02-10 10:48:37 [WARNING] [BOE_PARALLEL_3] Failed to fetch detail info for SUB-AT-2025-25R4186002089: It looks like you are using Playwright Sync API inside the asyncio loop.
Please use the Async API instead.
2026-02-10 10:48:37 [INFO] Updated auction: SUB-AT-2025-25R4186002089
2026-02-10 10:48:37 [WARNING] [BOE_PARALLEL_3] Failed to fetch detail info for SUB-AT-2025-25R3086001159: It looks like you are using Playwright Sync API inside the asyncio loop.
Please use the Async API instead.
2026-02-10 10:48:37 [INFO] Updated auction: SUB-AT-2025-25R3086001159
2026-02-10 10:48:37 [WARNING] [BOE_PARALLEL_3] Failed to fetch detail info for SUB-AT-2025-25R0886001477: It looks like you are using Playwright Sync API inside the asyncio loop.
Please use the Async API instead.
2026-02-10 10:48:37 [INFO] Updated auction: SUB-AT-2025-25R0886001477
2026-02-10 10:48:39 [WARNING] [BOE_PARALLEL_3] Failed to fetch detail info for SUB-AT-2025-25R4186002094: It looks like you are using Playwright Sync API inside the asyncio loop.
Please use the Async API instead.
2026-02-10 10:48:39 [INFO] Updated auction: SUB-AT-2025-25R4186002094
2026-02-10 10:48:39 [WARNING] [BOE_PARALLEL_3] Failed to fetch detail info for SUB-AT-2025-25R2986001159: It looks like you are using Playwright Sync API inside the asyncio loop.
Please use the Async API instead.
2026-02-10 10:48:39 [INFO] Updated auction: SUB-AT-2025-25R2986001159
2026-02-10 10:48:39 [WARNING] [BOE_PARALLEL_3] Failed to fetch detail info for SUB-JA-2024-230838: It looks like you are using Playwright Sync API inside the asyncio loop.
Please use the Async API instead.
2026-02-10 10:48:39 [INFO] Updated auction: SUB-JA-2024-230838
2026-02-10 10:48:39 [WARNING] [BOE_PARALLEL_3] Failed to fetch detail info for SUB-JA-2025-256059: It looks like you are using Playwright Sync API inside the asyncio loop.
Please use the Async API instead.
2026-02-10 10:48:39 [INFO] Updated auction: SUB-JA-2025-256059
2026-02-10 10:48:39 [WARNING] [BOE_PARALLEL_3] Failed to fetch detail info for SUB-JA-2025-255854: It looks like you are using Playwright Sync API inside the asyncio loop.
Please use the Async API instead.
2026-02-10 10:48:39 [INFO] Updated auction: SUB-JA-2025-255854
2026-02-10 10:48:39 [WARNING] [BOE_PARALLEL_3] Failed to fetch detail info for SUB-JA-2025-255509: It looks like you are using Playwright Sync API inside the asyncio loop.
Please use the Async API instead.
2026-02-10 10:48:39 [INFO] Updated auction: SUB-JA-2025-255509
2026-02-10 10:48:40 [WARNING] [BOE_PARALLEL_3] Failed to fetch detail info for SUB-AT-2025-25R0886001465: It looks like you are using Playwright Sync API inside the asyncio loop.
Please use the Async API instead.
2026-02-10 10:48:40 [INFO] Updated auction: SUB-AT-2025-25R0886001465
2026-02-10 10:48:40 [WARNING] [BOE_PARALLEL_3] Failed to fetch detail info for SUB-JA-2020-147496: It looks like you are using Playwright Sync API inside the asyncio loop.
Please use the Async API instead.
2026-02-10 10:48:40 [INFO] Updated auction: SUB-JA-2020-147496
2026-02-10 10:48:40 [WARNING] [BOE_PARALLEL_3] Failed to fetch detail info for SUB-AT-2025-25R1586001108: It looks like you are using Playwright Sync API inside the asyncio loop.
Please use the Async API instead.
2026-02-10 10:48:40 [INFO] Updated auction: SUB-AT-2025-25R1586001108
2026-02-10 10:48:40 [WARNING] [BOE_PARALLEL_3] Failed to fetch detail info for SUB-AT-2025-25R2986001148: It looks like you are using Playwright Sync API inside the asyncio loop.
Please use the Async API instead.
2026-02-10 10:48:40 [INFO] Updated auction: SUB-AT-2025-25R2986001148
2026-02-10 10:48:41 [WARNING] [BOE_PARALLEL_3] Failed to fetch detail info for SUB-AT-2025-25R4686001172: It looks like you are using Playwright Sync API inside the asyncio loop.
Please use the Async API instead.
2026-02-10 10:48:41 [INFO] Updated auction: SUB-AT-2025-25R4686001172
2026-02-10 10:48:41 [WARNING] [BOE_PARALLEL_3] Failed to fetch detail info for SUB-JA-2025-255624: It looks like you are using Playwright Sync API inside the asyncio loop.
Please use the Async API instead.
2026-02-10 10:48:41 [INFO] Updated auction: SUB-JA-2025-255624
2026-02-10 10:48:41 [WARNING] [BOE_PARALLEL_3] Failed to fetch detail info for SUB-JA-2025-255929: It looks like you are using Playwright Sync API inside the asyncio loop.
Please use the Async API instead.
2026-02-10 10:48:41 [INFO] Updated auction: SUB-JA-2025-255929
2026-02-10 10:48:42 [WARNING] [BOE_PARALLEL_3] Failed to fetch detail info for SUB-AT-2025-25R3086001144: It looks like you are using Playwright Sync API inside the asyncio loop.
Please use the Async API instead.
2026-02-10 10:48:42 [INFO] Updated auction: SUB-AT-2025-25R3086001144
2026-02-10 10:48:42 [WARNING] [BOE_PARALLEL_3] Failed to fetch detail info for SUB-RC-2025-0380100101022: It looks like you are using Playwright Sync API inside the asyncio loop.
Please use the Async API instead.
2026-02-10 10:48:42 [INFO] Updated auction: SUB-RC-2025-0380100101022
2026-02-10 10:48:42 [WARNING] [BOE_PARALLEL_3] Failed to fetch detail info for SUB-JA-2025-255599: It looks like you are using Playwright Sync API inside the asyncio loop.
Please use the Async API instead.
2026-02-10 10:48:42 [INFO] Updated auction: SUB-JA-2025-255599
2026-02-10 10:48:42 [WARNING] [BOE_PARALLEL_3] Failed to fetch detail info for SUB-JA-2025-254587: It looks like you are using Playwright Sync API inside the asyncio loop.
Please use the Async API instead.
2026-02-10 10:48:42 [INFO] Updated auction: SUB-JA-2025-254587
2026-02-10 10:48:42 [WARNING] [BOE_PARALLEL_3] Failed to fetch detail info for SUB-RC-2025-0083000080035: It looks like you are using Playwright Sync API inside the asyncio loop.
Please use the Async API instead.
2026-02-10 10:48:42 [INFO] Updated auction: SUB-RC-2025-0083000080035
2026-02-10 10:48:43 [WARNING] [BOE_PARALLEL_3] Failed to fetch detail info for SUB-AT-2025-25R0886001618: It looks like you are using Playwright Sync API inside the asyncio loop.
Please use the Async API instead.
2026-02-10 10:48:43 [INFO] Updated auction: SUB-AT-2025-25R0886001618
2026-02-10 10:48:43 [WARNING] [BOE_PARALLEL_3] Failed to fetch detail info for SUB-JA-2025-252396: It looks like you are using Playwright Sync API inside the asyncio loop.
Please use the Async API instead.
2026-02-10 10:48:43 [INFO] Updated auction: SUB-JA-2025-252396
2026-02-10 10:48:44 [WARNING] [BOE_PARALLEL_3] Failed to fetch detail info for SUB-JA-2025-254965: It looks like you are using Playwright Sync API inside the asyncio loop.
Please use the Async API instead.
2026-02-10 10:48:44 [INFO] Updated auction: SUB-JA-2025-254965
2026-02-10 10:48:44 [WARNING] [BOE_PARALLEL_3] Failed to fetch detail info for SUB-AT-2025-25R4586001193: It looks like you are using Playwright Sync API inside the asyncio loop.
Please use the Async API instead.
2026-02-10 10:48:44 [INFO] Updated auction: SUB-AT-2025-25R4586001193
2026-02-10 10:48:44 [WARNING] [BOE_PARALLEL_3] Failed to fetch detail info for SUB-AT-2025-25R4586001194: It looks like you are using Playwright Sync API inside the asyncio loop.
Please use the Async API instead.
2026-02-10 10:48:44 [INFO] Updated auction: SUB-AT-2025-25R4586001194
2026-02-10 10:48:44 [WARNING] [BOE_PARALLEL_3] Failed to fetch detail info for SUB-AT-2025-25R4586001195: It looks like you are using Playwright Sync API inside the asyncio loop.
Please use the Async API instead.
2026-02-10 10:48:44 [INFO] Updated auction: SUB-AT-2025-25R4586001195
2026-02-10 10:48:44 [WARNING] [BOE_PARALLEL_3] Failed to fetch detail info for SUB-AT-2025-25R2986001078: It looks like you are using Playwright Sync API inside the asyncio loop.
Please use the Async API instead.
2026-02-10 10:48:44 [INFO] Updated auction: SUB-AT-2025-25R2986001078
2026-02-10 10:48:45 [WARNING] [BOE_PARALLEL_3] Failed to fetch detail info for SUB-JA-2025-255817: It looks like you are using Playwright Sync API inside the asyncio loop.
Please use the Async API instead.
2026-02-10 10:48:45 [INFO] Updated auction: SUB-JA-2025-255817
2026-02-10 10:48:45 [WARNING] [BOE_PARALLEL_3] Failed to fetch detail info for SUB-AT-2025-25R0886001566: It looks like you are using Playwright Sync API inside the asyncio loop.
Please use the Async API instead.
2026-02-10 10:48:45 [INFO] Updated auction: SUB-AT-2025-25R0886001566
2026-02-10 10:48:45 [WARNING] [BOE_PARALLEL_3] Failed to fetch detail info for SUB-AT-2025-25R4586001261: It looks like you are using Playwright Sync API inside the asyncio loop.
Please use the Async API instead.
2026-02-10 10:48:45 [INFO] Updated auction: SUB-AT-2025-25R4586001261
2026-02-10 10:48:45 [WARNING] [BOE_PARALLEL_3] Failed to fetch detail info for SUB-AT-2025-25R0886001512: It looks like you are using Playwright Sync API inside the asyncio loop.
Please use the Async API instead.
2026-02-10 10:48:45 [INFO] Updated auction: SUB-AT-2025-25R0886001512
2026-02-10 10:48:45 [WARNING] [BOE_PARALLEL_3] Failed to fetch detail info for SUB-JA-2025-254677: It looks like you are using Playwright Sync API inside the asyncio loop.
Please use the Async API instead.
2026-02-10 10:48:45 [INFO] Updated auction: SUB-JA-2025-254677
2026-02-10 10:48:46 [WARNING] [BOE_PARALLEL_3] Failed to fetch detail info for SUB-AT-2025-25R2986001209: It looks like you are using Playwright Sync API inside the asyncio loop.
Please use the Async API instead.
2026-02-10 10:48:46 [INFO] Updated auction: SUB-AT-2025-25R2986001209
2026-02-10 10:48:46 [WARNING] [BOE_PARALLEL_3] Failed to fetch detail info for SUB-AT-2025-25R0886001584: It looks like you are using Playwright Sync API inside the asyncio loop.
Please use the Async API instead.
2026-02-10 10:48:46 [INFO] Updated auction: SUB-AT-2025-25R0886001584
2026-02-10 10:48:46 [WARNING] [BOE_PARALLEL_3] Failed to fetch detail info for SUB-JA-2025-250719: It looks like you are using Playwright Sync API inside the asyncio loop.
Please use the Async API instead.
2026-02-10 10:48:46 [INFO] Updated auction: SUB-JA-2025-250719
2026-02-10 10:48:46 [WARNING] [BOE_PARALLEL_3] Failed to fetch detail info for SUB-AT-2025-25R0886001502: It looks like you are using Playwright Sync API inside the asyncio loop.
Please use the Async API instead.
2026-02-10 10:48:46 [INFO] Updated auction: SUB-AT-2025-25R0886001502
2026-02-10 10:48:47 [WARNING] [BOE_PARALLEL_3] Failed to fetch detail info for SUB-AT-2025-25R0886001539: It looks like you are using Playwright Sync API inside the asyncio loop.
Please use the Async API instead.
2026-02-10 10:48:47 [INFO] Updated auction: SUB-AT-2025-25R0886001539
2026-02-10 10:48:47 [WARNING] [BOE_PARALLEL_3] Failed to fetch detail info for SUB-AT-2025-25R0886001503: It looks like you are using Playwright Sync API inside the asyncio loop.
Please use the Async API instead.
2026-02-10 10:48:47 [INFO] Updated auction: SUB-AT-2025-25R0886001503
2026-02-10 10:48:47 [WARNING] [BOE_PARALLEL_3] Failed to fetch detail info for SUB-JA-2025-254189: It looks like you are using Playwright Sync API inside the asyncio loop.
Please use the Async API instead.
2026-02-10 10:48:47 [INFO] Updated auction: SUB-JA-2025-254189
2026-02-10 10:48:47 [WARNING] [BOE_PARALLEL_3] Failed to fetch detail info for SUB-JA-2025-246332: It looks like you are using Playwright Sync API inside the asyncio loop.
Please use the Async API instead.
2026-02-10 10:48:47 [INFO] Updated auction: SUB-JA-2025-246332
2026-02-10 10:48:47 [WARNING] [BOE_PARALLEL_3] Failed to fetch detail info for SUB-JV-2025-255931: It looks like you are using Playwright Sync API inside the asyncio loop.
Please use the Async API instead.
2026-02-10 10:48:47 [INFO] Updated auction: SUB-JV-2025-255931
2026-02-10 10:48:47 [WARNING] [BOE_PARALLEL_3] Failed to fetch detail info for SUB-AT-2025-25R3086002021: It looks like you are using Playwright Sync API inside the asyncio loop.
Please use the Async API instead.
2026-02-10 10:48:47 [INFO] Updated auction: SUB-AT-2025-25R3086002021
2026-02-10 10:48:48 [WARNING] [BOE_PARALLEL_3] Failed to fetch detail info for SUB-JA-2025-255840: It looks like you are using Playwright Sync API inside the asyncio loop.
Please use the Async API instead.
2026-02-10 10:48:48 [INFO] Updated auction: SUB-JA-2025-255840
2026-02-10 10:48:48 [WARNING] [BOE_PARALLEL_3] Failed to fetch detail info for SUB-JA-2025-256131: It looks like you are using Playwright Sync API inside the asyncio loop.
Please use the Async API instead.
2026-02-10 10:48:48 [INFO] Updated auction: SUB-JA-2025-256131
2026-02-10 10:48:49 [WARNING] [BOE_PARALLEL_3] Failed to fetch detail info for SUB-JA-2025-255498: It looks like you are using Playwright Sync API inside the asyncio loop.
Please use the Async API instead.
2026-02-10 10:48:49 [INFO] Updated auction: SUB-JA-2025-255498
2026-02-10 10:48:49 [WARNING] [BOE_PARALLEL_3] Failed to fetch detail info for SUB-AT-2025-25R0886001287: It looks like you are using Playwright Sync API inside the asyncio loop.
Please use the Async API instead.
2026-02-10 10:48:49 [INFO] Updated auction: SUB-AT-2025-25R0886001287
2026-02-10 10:48:49 [WARNING] [BOE_PARALLEL_3] Failed to fetch detail info for SUB-JC-2025-255806: It looks like you are using Playwright Sync API inside the asyncio loop.
Please use the Async API instead.
2026-02-10 10:48:49 [INFO] Updated auction: SUB-JC-2025-255806
2026-02-10 10:48:49 [WARNING] [BOE_PARALLEL_3] Failed to fetch detail info for SUB-AT-2025-25R2986001140: It looks like you are using Playwright Sync API inside the asyncio loop.
Please use the Async API instead.
2026-02-10 10:48:49 [INFO] Updated auction: SUB-AT-2025-25R2986001140
2026-02-10 10:48:49 [WARNING] [BOE_PARALLEL_3] Failed to fetch detail info for SUB-AT-2025-25R0886001550: It looks like you are using Playwright Sync API inside the asyncio loop.
Please use the Async API instead.
2026-02-10 10:48:49 [INFO] Updated auction: SUB-AT-2025-25R0886001550
2026-02-10 10:48:49 [WARNING] [BOE_PARALLEL_3] Failed to fetch detail info for SUB-JV-2025-255682: It looks like you are using Playwright Sync API inside the asyncio loop.
Please use the Async API instead.
2026-02-10 10:48:49 [INFO] Updated auction: SUB-JV-2025-255682
2026-02-10 10:48:50 [WARNING] [BOE_PARALLEL_3] Failed to fetch detail info for SUB-AT-2025-25R2986001179: It looks like you are using Playwright Sync API inside the asyncio loop.
Please use the Async API instead.
2026-02-10 10:48:50 [INFO] Updated auction: SUB-AT-2025-25R2986001179
2026-02-10 10:48:50 [WARNING] [BOE_PARALLEL_3] Failed to fetch detail info for SUB-JA-2025-251782: It looks like you are using Playwright Sync API inside the asyncio loop.
Please use the Async API instead.
2026-02-10 10:48:50 [INFO] Updated auction: SUB-JA-2025-251782
2026-02-10 10:48:51 [WARNING] [BOE_PARALLEL_3] Failed to fetch detail info for SUB-AT-2025-25R0886001236: It looks like you are using Playwright Sync API inside the asyncio loop.
Please use the Async API instead.
2026-02-10 10:48:51 [INFO] Updated auction: SUB-AT-2025-25R0886001236
2026-02-10 10:48:52 [WARNING] [BOE_PARALLEL_3] Failed to fetch detail info for SUB-JA-2025-255053: It looks like you are using Playwright Sync API inside the asyncio loop.
Please use the Async API instead.
2026-02-10 10:48:52 [INFO] Updated auction: SUB-JA-2025-255053
2026-02-10 10:48:52 [WARNING] [BOE_PARALLEL_3] Failed to fetch detail info for SUB-JA-2025-247411: It looks like you are using Playwright Sync API inside the asyncio loop.
Please use the Async API instead.
2026-02-10 10:48:52 [INFO] Updated auction: SUB-JA-2025-247411
2026-02-10 10:48:52 [WARNING] [BOE_PARALLEL_3] Failed to fetch detail info for SUB-JA-2020-152117: It looks like you are using Playwright Sync API inside the asyncio loop.
Please use the Async API instead.
2026-02-10 10:48:52 [INFO] Updated auction: SUB-JA-2020-152117
2026-02-10 10:48:52 [WARNING] [BOE_PARALLEL_3] Failed to fetch detail info for SUB-JA-2023-209509: It looks like you are using Playwright Sync API inside the asyncio loop.
Please use the Async API instead.
2026-02-10 10:48:52 [INFO] Updated auction: SUB-JA-2023-209509
2026-02-10 10:48:52 [WARNING] [BOE_PARALLEL_3] Failed to fetch detail info for SUB-JA-2024-233014: It looks like you are using Playwright Sync API inside the asyncio loop.
Please use the Async API instead.
2026-02-10 10:48:52 [INFO] Updated auction: SUB-JA-2024-233014
2026-02-10 10:48:52 [WARNING] [BOE_PARALLEL_3] Failed to fetch detail info for SUB-JA-2024-235251: It looks like you are using Playwright Sync API inside the asyncio loop.
Please use the Async API instead.
2026-02-10 10:48:52 [INFO] Updated auction: SUB-JA-2024-235251
2026-02-10 10:48:52 [WARNING] [BOE_PARALLEL_3] Failed to fetch detail info for SUB-JA-2025-248475: It looks like you are using Playwright Sync API inside the asyncio loop.
Please use the Async API instead.
2026-02-10 10:48:52 [INFO] Updated auction: SUB-JA-2025-248475
2026-02-10 10:48:52 [WARNING] [BOE_PARALLEL_3] Failed to fetch detail info for SUB-JA-2025-250229: It looks like you are using Playwright Sync API inside the asyncio loop.
Please use the Async API instead.
2026-02-10 10:48:52 [INFO] Updated auction: SUB-JA-2025-250229
2026-02-10 10:48:52 [WARNING] [BOE_PARALLEL_3] Failed to fetch detail info for SUB-JA-2025-252179: It looks like you are using Playwright Sync API inside the asyncio loop.
Please use the Async API instead.
2026-02-10 10:48:52 [INFO] Updated auction: SUB-JA-2025-252179
2026-02-10 10:49:06 [INFO] [BOE_PARALLEL_3]   Page 2: 103 items
2026-02-10 10:49:07 [WARNING] [BOE_PARALLEL_3] Failed to fetch detail info for SUB-JA-2025-253021: It looks like you are using Playwright Sync API inside the asyncio loop.
Please use the Async API instead.
2026-02-10 10:49:07 [INFO] Updated auction: SUB-JA-2025-253021
2026-02-10 10:49:07 [WARNING] [BOE_PARALLEL_3] Failed to fetch detail info for SUB-JA-2025-253128: It looks like you are using Playwright Sync API inside the asyncio loop.
Please use the Async API instead.
2026-02-10 10:49:07 [INFO] Updated auction: SUB-JA-2025-253128
2026-02-10 10:49:07 [WARNING] [BOE_PARALLEL_3] Failed to fetch detail info for SUB-JA-2025-253521: It looks like you are using Playwright Sync API inside the asyncio loop.
Please use the Async API instead.
2026-02-10 10:49:07 [INFO] Updated auction: SUB-JA-2025-253521
2026-02-10 10:49:07 [WARNING] [BOE_PARALLEL_3] Failed to fetch detail info for SUB-JA-2025-253916: It looks like you are using Playwright Sync API inside the asyncio loop.
Please use the Async API instead.
2026-02-10 10:49:07 [INFO] Updated auction: SUB-JA-2025-253916
2026-02-10 10:49:07 [WARNING] [BOE_PARALLEL_3] Failed to fetch detail info for SUB-JA-2025-254361: It looks like you are using Playwright Sync API inside the asyncio loop.
Please use the Async API instead.
2026-02-10 10:49:07 [INFO] Updated auction: SUB-JA-2025-254361
2026-02-10 10:49:07 [WARNING] [BOE_PARALLEL_3] Failed to fetch detail info for SUB-JA-2025-254432: It looks like you are using Playwright Sync API inside the asyncio loop.
Please use the Async API instead.
2026-02-10 10:49:07 [INFO] Updated auction: SUB-JA-2025-254432
2026-02-10 10:49:07 [WARNING] [BOE_PARALLEL_3] Failed to fetch detail info for SUB-JA-2025-254505: It looks like you are using Playwright Sync API inside the asyncio loop.
Please use the Async API instead.
2026-02-10 10:49:07 [INFO] Updated auction: SUB-JA-2025-254505
2026-02-10 10:49:07 [WARNING] [BOE_PARALLEL_3] Failed to fetch detail info for SUB-JA-2025-254588: It looks like you are using Playwright Sync API inside the asyncio loop.
Please use the Async API instead.
2026-02-10 10:49:07 [INFO] Updated auction: SUB-JA-2025-254588
2026-02-10 10:49:07 [WARNING] [BOE_PARALLEL_3] Failed to fetch detail info for SUB-JA-2025-254699: It looks like you are using Playwright Sync API inside the asyncio loop.
Please use the Async API instead.
2026-02-10 10:49:07 [INFO] Updated auction: SUB-JA-2025-254699
2026-02-10 10:49:07 [WARNING] [BOE_PARALLEL_3] Failed to fetch detail info for SUB-JA-2025-255137: It looks like you are using Playwright Sync API inside the asyncio loop.
Please use the Async API instead.
2026-02-10 10:49:07 [INFO] Updated auction: SUB-JA-2025-255137
2026-02-10 10:49:09 [WARNING] [BOE_PARALLEL_3] Failed to fetch detail info for SUB-JA-2025-255404: It looks like you are using Playwright Sync API inside the asyncio loop.
Please use the Async API instead.
2026-02-10 10:49:09 [INFO] Updated auction: SUB-JA-2025-255404
2026-02-10 10:49:09 [WARNING] [BOE_PARALLEL_3] Failed to fetch detail info for SUB-JA-2025-255455: It looks like you are using Playwright Sync API inside the asyncio loop.
Please use the Async API instead.
2026-02-10 10:49:09 [INFO] Updated auction: SUB-JA-2025-255455
2026-02-10 10:49:09 [WARNING] [BOE_PARALLEL_3] Failed to fetch detail info for SUB-JA-2025-255456: It looks like you are using Playwright Sync API inside the asyncio loop.
Please use the Async API instead.
2026-02-10 10:49:09 [INFO] Updated auction: SUB-JA-2025-255456
2026-02-10 10:49:09 [WARNING] [BOE_PARALLEL_3] Failed to fetch detail info for SUB-JA-2025-255724: It looks like you are using Playwright Sync API inside the asyncio loop.
Please use the Async API instead.
2026-02-10 10:49:09 [INFO] Updated auction: SUB-JA-2025-255724
2026-02-10 10:49:09 [WARNING] [BOE_PARALLEL_3] Failed to fetch detail info for SUB-JA-2025-255756: It looks like you are using Playwright Sync API inside the asyncio loop.
Please use the Async API instead.
2026-02-10 10:49:09 [INFO] Updated auction: SUB-JA-2025-255756
2026-02-10 10:49:09 [WARNING] [BOE_PARALLEL_3] Failed to fetch detail info for SUB-JA-2025-255828: It looks like you are using Playwright Sync API inside the asyncio loop.
Please use the Async API instead.
2026-02-10 10:49:09 [INFO] Updated auction: SUB-JA-2025-255828
2026-02-10 10:49:09 [WARNING] [BOE_PARALLEL_3] Failed to fetch detail info for SUB-JA-2025-255847: It looks like you are using Playwright Sync API inside the asyncio loop.
Please use the Async API instead.
2026-02-10 10:49:09 [INFO] Updated auction: SUB-JA-2025-255847
2026-02-10 10:49:09 [WARNING] [BOE_PARALLEL_3] Failed to fetch detail info for SUB-JA-2025-255905: It looks like you are using Playwright Sync API inside the asyncio loop.
Please use the Async API instead.
2026-02-10 10:49:09 [INFO] Updated auction: SUB-JA-2025-255905
2026-02-10 10:49:09 [WARNING] [BOE_PARALLEL_3] Failed to fetch detail info for SUB-JA-2025-255919: It looks like you are using Playwright Sync API inside the asyncio loop.
Please use the Async API instead.
2026-02-10 10:49:09 [INFO] Updated auction: SUB-JA-2025-255919
2026-02-10 10:49:10 [WARNING] [BOE_PARALLEL_3] Failed to fetch detail info for SUB-JA-2025-255949: It looks like you are using Playwright Sync API inside the asyncio loop.
Please use the Async API instead.
2026-02-10 10:49:10 [INFO] Updated auction: SUB-JA-2025-255949
2026-02-10 10:49:12 [WARNING] [BOE_PARALLEL_3] Failed to fetch detail info for SUB-JA-2025-255960: It looks like you are using Playwright Sync API inside the asyncio loop.
Please use the Async API instead.
2026-02-10 10:49:12 [INFO] Updated auction: SUB-JA-2025-255960
2026-02-10 10:49:12 [WARNING] [BOE_PARALLEL_3] Failed to fetch detail info for SUB-JA-2025-256010: It looks like you are using Playwright Sync API inside the asyncio loop.
Please use the Async API instead.
2026-02-10 10:49:12 [INFO] Updated auction: SUB-JA-2025-256010
2026-02-10 10:49:12 [WARNING] [BOE_PARALLEL_3] Failed to fetch detail info for SUB-JA-2025-256034: It looks like you are using Playwright Sync API inside the asyncio loop.
Please use the Async API instead.
2026-02-10 10:49:12 [INFO] Updated auction: SUB-JA-2025-256034
2026-02-10 10:49:22 [WARNING] [BOE_PARALLEL_3] Failed to fetch detail info for SUB-JA-2025-256161: It looks like you are using Playwright Sync API inside the asyncio loop.
Please use the Async API instead.
2026-02-10 10:49:22 [INFO] Updated auction: SUB-JA-2025-256161
2026-02-10 10:49:22 [WARNING] [BOE_PARALLEL_3] Failed to fetch detail info for SUB-JC-2025-255084: It looks like you are using Playwright Sync API inside the asyncio loop.
Please use the Async API instead.
2026-02-10 10:49:22 [INFO] Updated auction: SUB-JC-2025-255084
2026-02-10 10:49:23 [WARNING] [BOE_PARALLEL_3] Failed to fetch detail info for SUB-RC-2025-0025I20250029: It looks like you are using Playwright Sync API inside the asyncio loop.
Please use the Async API instead.
2026-02-10 10:49:23 [INFO] Updated auction: SUB-RC-2025-0025I20250029
2026-02-10 10:49:23 [WARNING] [BOE_PARALLEL_3] Failed to fetch detail info for SUB-JA-2025-242450: It looks like you are using Playwright Sync API inside the asyncio loop.
Please use the Async API instead.
2026-02-10 10:49:23 [INFO] Updated auction: SUB-JA-2025-242450
2026-02-10 10:49:23 [WARNING] [BOE_PARALLEL_3] Failed to fetch detail info for SUB-JA-2025-256117: It looks like you are using Playwright Sync API inside the asyncio loop.
Please use the Async API instead.
2026-02-10 10:49:23 [INFO] Updated auction: SUB-JA-2025-256117
2026-02-10 10:49:24 [WARNING] [BOE_PARALLEL_3] Failed to fetch detail info for SUB-JA-2025-255546: It looks like you are using Playwright Sync API inside the asyncio loop.
Please use the Async API instead.
2026-02-10 10:49:24 [INFO] Updated auction: SUB-JA-2025-255546
2026-02-10 10:49:24 [WARNING] [BOE_PARALLEL_3] Failed to fetch detail info for SUB-JA-2025-253774: It looks like you are using Playwright Sync API inside the asyncio loop.
Please use the Async API instead.
2026-02-10 10:49:24 [INFO] Updated auction: SUB-JA-2025-253774
2026-02-10 10:49:25 [WARNING] [BOE_PARALLEL_3] Failed to fetch detail info for SUB-JA-2025-255845: It looks like you are using Playwright Sync API inside the asyncio loop.
Please use the Async API instead.
2026-02-10 10:49:25 [INFO] Updated auction: SUB-JA-2025-255845
2026-02-10 10:49:25 [WARNING] [BOE_PARALLEL_3] Failed to fetch detail info for SUB-JA-2025-255933: It looks like you are using Playwright Sync API inside the asyncio loop.
Please use the Async API instead.
2026-02-10 10:49:25 [INFO] Updated auction: SUB-JA-2025-255933
2026-02-10 10:49:25 [WARNING] [BOE_PARALLEL_3] Failed to fetch detail info for SUB-JA-2025-252385: It looks like you are using Playwright Sync API inside the asyncio loop.
Please use the Async API instead.
2026-02-10 10:49:25 [INFO] Updated auction: SUB-JA-2025-252385
2026-02-10 10:49:25 [WARNING] [BOE_PARALLEL_3] Failed to fetch detail info for SUB-JA-2025-250124: It looks like you are using Playwright Sync API inside the asyncio loop.
Please use the Async API instead.
2026-02-10 10:49:25 [INFO] Updated auction: SUB-JA-2025-250124
2026-02-10 10:49:26 [WARNING] [BOE_PARALLEL_3] Failed to fetch detail info for SUB-JA-2025-250073: It looks like you are using Playwright Sync API inside the asyncio loop.
Please use the Async API instead.
2026-02-10 10:49:26 [INFO] Updated auction: SUB-JA-2025-250073
2026-02-10 10:49:26 [WARNING] [BOE_PARALLEL_3] Failed to fetch detail info for SUB-JA-2025-255186: It looks like you are using Playwright Sync API inside the asyncio loop.
Please use the Async API instead.
2026-02-10 10:49:26 [INFO] Updated auction: SUB-JA-2025-255186
2026-02-10 10:49:26 [WARNING] [BOE_PARALLEL_3] Failed to fetch detail info for SUB-JA-2025-245682: It looks like you are using Playwright Sync API inside the asyncio loop.
Please use the Async API instead.
2026-02-10 10:49:26 [INFO] Updated auction: SUB-JA-2025-245682
2026-02-10 10:49:26 [WARNING] [BOE_PARALLEL_3] Failed to fetch detail info for SUB-JA-2025-256054: It looks like you are using Playwright Sync API inside the asyncio loop.
Please use the Async API instead.
2026-02-10 10:49:26 [INFO] Updated auction: SUB-JA-2025-256054
2026-02-10 10:49:26 [WARNING] [BOE_PARALLEL_3] Failed to fetch detail info for SUB-JA-2025-255882: It looks like you are using Playwright Sync API inside the asyncio loop.
Please use the Async API instead.
2026-02-10 10:49:26 [INFO] Updated auction: SUB-JA-2025-255882
2026-02-10 10:49:26 [WARNING] [BOE_PARALLEL_3] Failed to fetch detail info for SUB-JV-2025-256199: It looks like you are using Playwright Sync API inside the asyncio loop.
Please use the Async API instead.
2026-02-10 10:49:26 [INFO] Updated auction: SUB-JV-2025-256199
2026-02-10 10:49:27 [WARNING] [BOE_PARALLEL_3] Failed to fetch detail info for SUB-JA-2025-253174: It looks like you are using Playwright Sync API inside the asyncio loop.
Please use the Async API instead.
2026-02-10 10:49:27 [INFO] Updated auction: SUB-JA-2025-253174
2026-02-10 10:49:33 [WARNING] [BOE_PARALLEL_3] Failed to fetch detail info for SUB-JA-2025-256139: It looks like you are using Playwright Sync API inside the asyncio loop.
Please use the Async API instead.
2026-02-10 10:49:33 [INFO] Updated auction: SUB-JA-2025-256139
2026-02-10 10:49:34 [WARNING] [BOE_PARALLEL_3] Failed to fetch detail info for SUB-JA-2025-250522: It looks like you are using Playwright Sync API inside the asyncio loop.
Please use the Async API instead.
2026-02-10 10:49:34 [INFO] Updated auction: SUB-JA-2025-250522
2026-02-10 10:49:34 [WARNING] [BOE_PARALLEL_3] Failed to fetch detail info for SUB-JA-2025-254659: It looks like you are using Playwright Sync API inside the asyncio loop.
Please use the Async API instead.
2026-02-10 10:49:34 [INFO] Updated auction: SUB-JA-2025-254659
2026-02-10 10:49:34 [WARNING] [BOE_PARALLEL_3] Failed to fetch detail info for SUB-JA-2025-249477: It looks like you are using Playwright Sync API inside the asyncio loop.
Please use the Async API instead.
2026-02-10 10:49:34 [INFO] Updated auction: SUB-JA-2025-249477
2026-02-10 10:49:34 [WARNING] [BOE_PARALLEL_3] Failed to fetch detail info for SUB-JA-2025-255859: It looks like you are using Playwright Sync API inside the asyncio loop.
Please use the Async API instead.
2026-02-10 10:49:34 [INFO] Updated auction: SUB-JA-2025-255859
2026-02-10 10:49:34 [WARNING] [BOE_PARALLEL_3] Failed to fetch detail info for SUB-JA-2025-249071: It looks like you are using Playwright Sync API inside the asyncio loop.
Please use the Async API instead.
2026-02-10 10:49:34 [INFO] Updated auction: SUB-JA-2025-249071
2026-02-10 10:49:35 [WARNING] [BOE_PARALLEL_3] Failed to fetch detail info for SUB-JA-2025-255852: It looks like you are using Playwright Sync API inside the asyncio loop.
Please use the Async API instead.
2026-02-10 10:49:35 [INFO] Updated auction: SUB-JA-2025-255852
2026-02-10 10:49:35 [WARNING] [BOE_PARALLEL_3] Failed to fetch detail info for SUB-JV-2025-255991: It looks like you are using Playwright Sync API inside the asyncio loop.
Please use the Async API instead.
2026-02-10 10:49:35 [INFO] Updated auction: SUB-JV-2025-255991
2026-02-10 10:49:35 [WARNING] [BOE_PARALLEL_3] Failed to fetch detail info for SUB-JA-2025-255564: It looks like you are using Playwright Sync API inside the asyncio loop.
Please use the Async API instead.
2026-02-10 10:49:35 [INFO] Updated auction: SUB-JA-2025-255564
2026-02-10 10:49:36 [WARNING] [BOE_PARALLEL_3] Failed to fetch detail info for SUB-JA-2025-256184: It looks like you are using Playwright Sync API inside the asyncio loop.
Please use the Async API instead.
2026-02-10 10:49:36 [INFO] Updated auction: SUB-JA-2025-256184
2026-02-10 10:49:37 [WARNING] [BOE_PARALLEL_3] Failed to fetch detail info for SUB-JA-2025-255140: It looks like you are using Playwright Sync API inside the asyncio loop.
Please use the Async API instead.
2026-02-10 10:49:37 [INFO] Updated auction: SUB-JA-2025-255140
2026-02-10 10:49:37 [WARNING] [BOE_PARALLEL_3] Failed to fetch detail info for SUB-JA-2025-255966: It looks like you are using Playwright Sync API inside the asyncio loop.
Please use the Async API instead.
2026-02-10 10:49:37 [INFO] Updated auction: SUB-JA-2025-255966
2026-02-10 10:49:37 [WARNING] [BOE_PARALLEL_3] Failed to fetch detail info for SUB-JA-2025-255070: It looks like you are using Playwright Sync API inside the asyncio loop.
Please use the Async API instead.
2026-02-10 10:49:37 [INFO] Updated auction: SUB-JA-2025-255070
2026-02-10 10:49:37 [WARNING] [BOE_PARALLEL_3] Failed to fetch detail info for SUB-JA-2025-251309: It looks like you are using Playwright Sync API inside the asyncio loop.
Please use the Async API instead.
2026-02-10 10:49:37 [INFO] Updated auction: SUB-JA-2025-251309
2026-02-10 10:49:37 [WARNING] [BOE_PARALLEL_3] Failed to fetch detail info for SUB-JV-2025-256187: It looks like you are using Playwright Sync API inside the asyncio loop.
Please use the Async API instead.
2026-02-10 10:49:37 [INFO] Updated auction: SUB-JV-2025-256187
2026-02-10 10:49:37 [WARNING] [BOE_PARALLEL_3] Failed to fetch detail info for SUB-JA-2025-256082: It looks like you are using Playwright Sync API inside the asyncio loop.
Please use the Async API instead.
2026-02-10 10:49:37 [INFO] Updated auction: SUB-JA-2025-256082
2026-02-10 10:49:37 [WARNING] [BOE_PARALLEL_3] Failed to fetch detail info for SUB-JA-2025-251584: It looks like you are using Playwright Sync API inside the asyncio loop.
Please use the Async API instead.
2026-02-10 10:49:37 [INFO] Updated auction: SUB-JA-2025-251584
2026-02-10 10:49:37 [WARNING] [BOE_PARALLEL_3] Failed to fetch detail info for SUB-JA-2025-256027: It looks like you are using Playwright Sync API inside the asyncio loop.
Please use the Async API instead.
2026-02-10 10:49:37 [INFO] Updated auction: SUB-JA-2025-256027
2026-02-10 10:49:38 [WARNING] [BOE_PARALLEL_3] Failed to fetch detail info for SUB-JA-2025-255224: It looks like you are using Playwright Sync API inside the asyncio loop.
Please use the Async API instead.
2026-02-10 10:49:38 [INFO] Updated auction: SUB-JA-2025-255224
2026-02-10 10:49:39 [WARNING] [BOE_PARALLEL_3] Failed to fetch detail info for SUB-JA-2024-236179: It looks like you are using Playwright Sync API inside the asyncio loop.
Please use the Async API instead.
2026-02-10 10:49:39 [INFO] Updated auction: SUB-JA-2024-236179
2026-02-10 10:49:40 [WARNING] [BOE_PARALLEL_3] Failed to fetch detail info for SUB-JA-2025-242390: It looks like you are using Playwright Sync API inside the asyncio loop.
Please use the Async API instead.
2026-02-10 10:49:40 [INFO] Updated auction: SUB-JA-2025-242390
2026-02-10 10:49:40 [WARNING] [BOE_PARALLEL_3] Failed to fetch detail info for SUB-JA-2025-243765: It looks like you are using Playwright Sync API inside the asyncio loop.
Please use the Async API instead.
2026-02-10 10:49:40 [INFO] Updated auction: SUB-JA-2025-243765
2026-02-10 10:49:40 [WARNING] [BOE_PARALLEL_3] Failed to fetch detail info for SUB-JA-2025-244334: It looks like you are using Playwright Sync API inside the asyncio loop.
Please use the Async API instead.
2026-02-10 10:49:40 [INFO] Updated auction: SUB-JA-2025-244334
2026-02-10 10:49:40 [WARNING] [BOE_PARALLEL_3] Failed to fetch detail info for SUB-JA-2025-246218: It looks like you are using Playwright Sync API inside the asyncio loop.
Please use the Async API instead.
2026-02-10 10:49:40 [INFO] Updated auction: SUB-JA-2025-246218
2026-02-10 10:49:40 [WARNING] [BOE_PARALLEL_3] Failed to fetch detail info for SUB-JA-2025-247023: It looks like you are using Playwright Sync API inside the asyncio loop.
Please use the Async API instead.
2026-02-10 10:49:40 [INFO] Updated auction: SUB-JA-2025-247023
2026-02-10 10:49:40 [WARNING] [BOE_PARALLEL_3] Failed to fetch detail info for SUB-JA-2025-247650: It looks like you are using Playwright Sync API inside the asyncio loop.
Please use the Async API instead.
2026-02-10 10:49:40 [INFO] Updated auction: SUB-JA-2025-247650
2026-02-10 10:49:40 [WARNING] [BOE_PARALLEL_3] Failed to fetch detail info for SUB-JA-2025-253477: It looks like you are using Playwright Sync API inside the asyncio loop.
Please use the Async API instead.
2026-02-10 10:49:40 [INFO] Updated auction: SUB-JA-2025-253477
2026-02-10 10:49:40 [WARNING] [BOE_PARALLEL_3] Failed to fetch detail info for SUB-JA-2025-254460: It looks like you are using Playwright Sync API inside the asyncio loop.
Please use the Async API instead.
2026-02-10 10:49:40 [INFO] Updated auction: SUB-JA-2025-254460
2026-02-10 10:49:41 [WARNING] [BOE_PARALLEL_3] Failed to fetch detail info for SUB-JA-2025-254597: It looks like you are using Playwright Sync API inside the asyncio loop.
Please use the Async API instead.
2026-02-10 10:49:41 [INFO] Updated auction: SUB-JA-2025-254597
2026-02-10 10:49:43 [WARNING] [BOE_PARALLEL_3] Failed to fetch detail info for SUB-JA-2025-254802: It looks like you are using Playwright Sync API inside the asyncio loop.
Please use the Async API instead.
2026-02-10 10:49:43 [INFO] Updated auction: SUB-JA-2025-254802
2026-02-10 10:49:43 [WARNING] [BOE_PARALLEL_3] Failed to fetch detail info for SUB-JA-2025-254892: It looks like you are using Playwright Sync API inside the asyncio loop.
Please use the Async API instead.
2026-02-10 10:49:43 [INFO] Updated auction: SUB-JA-2025-254892
2026-02-10 10:49:44 [WARNING] [BOE_PARALLEL_3] Failed to fetch detail info for SUB-JA-2025-255280: It looks like you are using Playwright Sync API inside the asyncio loop.
Please use the Async API instead.
2026-02-10 10:49:44 [INFO] Updated auction: SUB-JA-2025-255280
2026-02-10 10:49:45 [WARNING] [BOE_PARALLEL_3] Failed to fetch detail info for SUB-JA-2025-255329: It looks like you are using Playwright Sync API inside the asyncio loop.
Please use the Async API instead.
2026-02-10 10:49:45 [INFO] Updated auction: SUB-JA-2025-255329
2026-02-10 10:49:45 [WARNING] [BOE_PARALLEL_3] Failed to fetch detail info for SUB-JA-2025-255566: It looks like you are using Playwright Sync API inside the asyncio loop.
Please use the Async API instead.
2026-02-10 10:49:45 [INFO] Updated auction: SUB-JA-2025-255566
2026-02-10 10:49:46 [WARNING] [BOE_PARALLEL_3] Failed to fetch detail info for SUB-JA-2025-255646: It looks like you are using Playwright Sync API inside the asyncio loop.
Please use the Async API instead.
2026-02-10 10:49:46 [INFO] Updated auction: SUB-JA-2025-255646
2026-02-10 10:49:46 [WARNING] [BOE_PARALLEL_3] Failed to fetch detail info for SUB-JA-2025-255923: It looks like you are using Playwright Sync API inside the asyncio loop.
Please use the Async API instead.
2026-02-10 10:49:46 [INFO] Updated auction: SUB-JA-2025-255923
2026-02-10 10:49:46 [WARNING] [BOE_PARALLEL_3] Failed to fetch detail info for SUB-JA-2025-256007: It looks like you are using Playwright Sync API inside the asyncio loop.
Please use the Async API instead.
2026-02-10 10:49:46 [INFO] Updated auction: SUB-JA-2025-256007
2026-02-10 10:49:46 [WARNING] [BOE_PARALLEL_3] Failed to fetch detail info for SUB-JA-2025-256144: It looks like you are using Playwright Sync API inside the asyncio loop.
Please use the Async API instead.
2026-02-10 10:49:46 [INFO] Updated auction: SUB-JA-2025-256144
2026-02-10 10:49:46 [WARNING] [BOE_PARALLEL_3] Failed to fetch detail info for SUB-JA-2025-256211: It looks like you are using Playwright Sync API inside the asyncio loop.
Please use the Async API instead.
2026-02-10 10:49:46 [INFO] Updated auction: SUB-JA-2025-256211
2026-02-10 10:49:47 [WARNING] [BOE_PARALLEL_3] Failed to fetch detail info for SUB-JA-2025-256255: It looks like you are using Playwright Sync API inside the asyncio loop.
Please use the Async API instead.
2026-02-10 10:49:47 [INFO] Updated auction: SUB-JA-2025-256255
2026-02-10 10:49:47 [WARNING] [BOE_PARALLEL_3] Failed to fetch detail info for SUB-JC-2025-254112: It looks like you are using Playwright Sync API inside the asyncio loop.
Please use the Async API instead.
2026-02-10 10:49:47 [INFO] Updated auction: SUB-JC-2025-254112
2026-02-10 10:49:47 [WARNING] [BOE_PARALLEL_3] Failed to fetch detail info for SUB-JV-2025-256247: It looks like you are using Playwright Sync API inside the asyncio loop.
Please use the Async API instead.
2026-02-10 10:49:47 [INFO] Updated auction: SUB-JV-2025-256247
2026-02-10 10:49:47 [WARNING] [BOE_PARALLEL_3] Failed to fetch detail info for SUB-NH-2025-1606097: It looks like you are using Playwright Sync API inside the asyncio loop.
Please use the Async API instead.
2026-02-10 10:49:47 [INFO] Updated auction: SUB-NH-2025-1606097
2026-02-10 10:49:47 [WARNING] [BOE_PARALLEL_3] Failed to fetch detail info for SUB-JA-2025-246116: It looks like you are using Playwright Sync API inside the asyncio loop.
Please use the Async API instead.
2026-02-10 10:49:47 [INFO] Updated auction: SUB-JA-2025-246116
2026-02-10 10:49:47 [WARNING] [BOE_PARALLEL_3] Failed to fetch detail info for SUB-JA-2025-255768: It looks like you are using Playwright Sync API inside the asyncio loop.
Please use the Async API instead.
2026-02-10 10:49:47 [INFO] Updated auction: SUB-JA-2025-255768
2026-02-10 10:49:48 [WARNING] [BOE_PARALLEL_3] Failed to fetch detail info for SUB-JV-2025-256259: It looks like you are using Playwright Sync API inside the asyncio loop.
Please use the Async API instead.
2026-02-10 10:49:48 [INFO] Updated auction: SUB-JV-2025-256259
2026-02-10 10:49:48 [WARNING] [BOE_PARALLEL_3] Failed to fetch detail info for SUB-JA-2025-255980: It looks like you are using Playwright Sync API inside the asyncio loop.
Please use the Async API instead.
2026-02-10 10:49:48 [INFO] Updated auction: SUB-JA-2025-255980
2026-02-10 10:49:48 [WARNING] [BOE_PARALLEL_3] Failed to fetch detail info for SUB-JA-2025-252447: It looks like you are using Playwright Sync API inside the asyncio loop.
Please use the Async API instead.
2026-02-10 10:49:48 [INFO] Updated auction: SUB-JA-2025-252447
2026-02-10 10:49:49 [WARNING] [BOE_PARALLEL_3] Failed to fetch detail info for SUB-JA-2025-253495: It looks like you are using Playwright Sync API inside the asyncio loop.
Please use the Async API instead.
2026-02-10 10:49:49 [INFO] Updated auction: SUB-JA-2025-253495
2026-02-10 10:49:50 [WARNING] [BOE_PARALLEL_3] Failed to fetch detail info for SUB-JA-2024-238430: It looks like you are using Playwright Sync API inside the asyncio loop.
Please use the Async API instead.
2026-02-10 10:49:50 [INFO] Updated auction: SUB-JA-2024-238430
2026-02-10 10:49:50 [WARNING] [BOE_PARALLEL_3] Failed to fetch detail info for SUB-JA-2025-252978: It looks like you are using Playwright Sync API inside the asyncio loop.
Please use the Async API instead.
2026-02-10 10:49:50 [INFO] Updated auction: SUB-JA-2025-252978
2026-02-10 10:49:50 [WARNING] [BOE_PARALLEL_3] Failed to fetch detail info for SUB-JA-2025-255177: It looks like you are using Playwright Sync API inside the asyncio loop.
Please use the Async API instead.
2026-02-10 10:49:50 [INFO] Updated auction: SUB-JA-2025-255177
2026-02-10 10:49:50 [WARNING] [BOE_PARALLEL_3] Failed to fetch detail info for SUB-JA-2025-251866: It looks like you are using Playwright Sync API inside the asyncio loop.
Please use the Async API instead.
2026-02-10 10:49:50 [INFO] Updated auction: SUB-JA-2025-251866
2026-02-10 10:49:50 [WARNING] [BOE_PARALLEL_3] Failed to fetch detail info for SUB-JA-2025-254579: It looks like you are using Playwright Sync API inside the asyncio loop.
Please use the Async API instead.
2026-02-10 10:49:50 [INFO] Updated auction: SUB-JA-2025-254579
2026-02-10 10:49:50 [WARNING] [BOE_PARALLEL_3] Failed to fetch detail info for SUB-JA-2025-254063: It looks like you are using Playwright Sync API inside the asyncio loop.
Please use the Async API instead.
2026-02-10 10:49:50 [INFO] Updated auction: SUB-JA-2025-254063
2026-02-10 10:49:50 [WARNING] [BOE_PARALLEL_3] Failed to fetch detail info for SUB-JA-2025-256157: It looks like you are using Playwright Sync API inside the asyncio loop.
Please use the Async API instead.
2026-02-10 10:49:50 [INFO] Updated auction: SUB-JA-2025-256157
2026-02-10 10:49:50 [WARNING] [BOE_PARALLEL_3] Failed to fetch detail info for SUB-JA-2025-256036: It looks like you are using Playwright Sync API inside the asyncio loop.
Please use the Async API instead.
2026-02-10 10:49:50 [INFO] Updated auction: SUB-JA-2025-256036
2026-02-10 10:49:51 [WARNING] [BOE_PARALLEL_3] Failed to fetch detail info for SUB-JA-2025-254610: It looks like you are using Playwright Sync API inside the asyncio loop.
Please use the Async API instead.
2026-02-10 10:49:51 [INFO] Updated auction: SUB-JA-2025-254610
2026-02-10 10:49:51 [WARNING] [BOE_PARALLEL_3] Failed to fetch detail info for SUB-JA-2025-255799: It looks like you are using Playwright Sync API inside the asyncio loop.
Please use the Async API instead.
2026-02-10 10:49:51 [INFO] Updated auction: SUB-JA-2025-255799
2026-02-10 10:49:52 [WARNING] [BOE_PARALLEL_3] Failed to fetch detail info for SUB-JA-2025-251897: It looks like you are using Playwright Sync API inside the asyncio loop.
Please use the Async API instead.
2026-02-10 10:49:52 [INFO] Updated auction: SUB-JA-2025-251897
2026-02-10 10:49:52 [WARNING] [BOE_PARALLEL_3] Failed to fetch detail info for SUB-JA-2025-256079: It looks like you are using Playwright Sync API inside the asyncio loop.
Please use the Async API instead.
2026-02-10 10:49:52 [INFO] Updated auction: SUB-JA-2025-256079
2026-02-10 10:49:52 [WARNING] [BOE_PARALLEL_3] Failed to fetch detail info for SUB-JA-2025-255941: It looks like you are using Playwright Sync API inside the asyncio loop.
Please use the Async API instead.
2026-02-10 10:49:52 [INFO] Updated auction: SUB-JA-2025-255941
2026-02-10 10:50:08 [INFO] [BOE_PARALLEL_3] [Scraper 3] ✓ Batch complete: Found 603, Fetched 603
2026-02-10 10:50:25 [INFO] [BOE_PARALLEL_3] 
[Scraper 3] Batch 2/3: 2026-01-16_to_2026-01-30
2026-02-10 10:50:34 [INFO] [BOE_PARALLEL_3]   Navigating to BOE search page...
2026-02-10 10:50:40 [INFO] [BOE_PARALLEL_3]   Filling dates: 2026-01-16 to 2026-01-30
2026-02-10 10:50:43 [INFO] [BOE_PARALLEL_3]   Setting 500 results per page...
2026-02-10 10:50:45 [INFO] [BOE_PARALLEL_3]   Submitting search...
2026-02-10 10:50:54 [INFO] [BOE_PARALLEL_3]   Search submitted successfully
2026-02-10 10:50:58 [INFO] [BOE_PARALLEL_3]   Page 1: 352 items
2026-02-10 10:50:58 [WARNING] [BOE_PARALLEL_3] Failed to fetch detail info for SUB-RC-2025-3100200103438: It looks like you are using Playwright Sync API inside the asyncio loop.
Please use the Async API instead.
2026-02-10 10:50:58 [INFO] Updated auction: SUB-RC-2025-3100200103438
2026-02-10 10:50:58 [WARNING] [BOE_PARALLEL_3] Failed to fetch detail info for SUB-JA-2025-246713: It looks like you are using Playwright Sync API inside the asyncio loop.
Please use the Async API instead.
2026-02-10 10:50:58 [INFO] Updated auction: SUB-JA-2025-246713
2026-02-10 10:50:58 [WARNING] [BOE_PARALLEL_3] Failed to fetch detail info for SUB-JA-2025-254693: It looks like you are using Playwright Sync API inside the asyncio loop.
Please use the Async API instead.
2026-02-10 10:50:58 [INFO] Updated auction: SUB-JA-2025-254693
2026-02-10 10:50:59 [WARNING] [BOE_PARALLEL_3] Failed to fetch detail info for SUB-RC-2025-3100200104071: It looks like you are using Playwright Sync API inside the asyncio loop.
Please use the Async API instead.
2026-02-10 10:50:59 [INFO] Updated auction: SUB-RC-2025-3100200104071
2026-02-10 10:50:59 [WARNING] [BOE_PARALLEL_3] Failed to fetch detail info for SUB-JA-2025-246146: It looks like you are using Playwright Sync API inside the asyncio loop.
Please use the Async API instead.
2026-02-10 10:50:59 [INFO] Updated auction: SUB-JA-2025-246146
2026-02-10 10:50:59 [WARNING] [BOE_PARALLEL_3] Failed to fetch detail info for SUB-AT-2025-25R3586001070: It looks like you are using Playwright Sync API inside the asyncio loop.
Please use the Async API instead.
2026-02-10 10:50:59 [INFO] Updated auction: SUB-AT-2025-25R3586001070
2026-02-10 10:50:59 [WARNING] [BOE_PARALLEL_3] Failed to fetch detail info for SUB-JA-2025-254855: It looks like you are using Playwright Sync API inside the asyncio loop.
Please use the Async API instead.
2026-02-10 10:50:59 [INFO] Updated auction: SUB-JA-2025-254855
2026-02-10 10:50:59 [WARNING] [BOE_PARALLEL_3] Failed to fetch detail info for SUB-JA-2025-243750: It looks like you are using Playwright Sync API inside the asyncio loop.
Please use the Async API instead.
2026-02-10 10:50:59 [INFO] Updated auction: SUB-JA-2025-243750
2026-02-10 10:50:59 [WARNING] [BOE_PARALLEL_3] Failed to fetch detail info for SUB-JA-2025-252976: It looks like you are using Playwright Sync API inside the asyncio loop.
Please use the Async API instead.
2026-02-10 10:50:59 [INFO] Updated auction: SUB-JA-2025-252976
2026-02-10 10:51:00 [WARNING] [BOE_PARALLEL_3] Failed to fetch detail info for SUB-JA-2025-249581: It looks like you are using Playwright Sync API inside the asyncio loop.
Please use the Async API instead.
2026-02-10 10:51:00 [INFO] Updated auction: SUB-JA-2025-249581
2026-02-10 10:51:02 [WARNING] [BOE_PARALLEL_3] Failed to fetch detail info for SUB-JA-2025-247763: It looks like you are using Playwright Sync API inside the asyncio loop.
Please use the Async API instead.
2026-02-10 10:51:02 [INFO] Updated auction: SUB-JA-2025-247763
2026-02-10 10:51:02 [WARNING] [BOE_PARALLEL_3] Failed to fetch detail info for SUB-AT-2025-25R0686001066: It looks like you are using Playwright Sync API inside the asyncio loop.
Please use the Async API instead.
2026-02-10 10:51:02 [INFO] Updated auction: SUB-AT-2025-25R0686001066
2026-02-10 10:51:02 [WARNING] [BOE_PARALLEL_3] Failed to fetch detail info for SUB-AT-2025-25R0686001072: It looks like you are using Playwright Sync API inside the asyncio loop.
Please use the Async API instead.
2026-02-10 10:51:02 [INFO] Updated auction: SUB-AT-2025-25R0686001072
2026-02-10 10:51:02 [WARNING] [BOE_PARALLEL_3] Failed to fetch detail info for SUB-AT-2025-25R0786002004: It looks like you are using Playwright Sync API inside the asyncio loop.
Please use the Async API instead.
2026-02-10 10:51:02 [INFO] Updated auction: SUB-AT-2025-25R0786002004
2026-02-10 10:51:02 [WARNING] [BOE_PARALLEL_3] Failed to fetch detail info for SUB-AT-2025-25R0786002005: It looks like you are using Playwright Sync API inside the asyncio loop.
Please use the Async API instead.
2026-02-10 10:51:02 [INFO] Updated auction: SUB-AT-2025-25R0786002005
2026-02-10 10:51:02 [WARNING] [BOE_PARALLEL_3] Failed to fetch detail info for SUB-AT-2025-25R0886001597: It looks like you are using Playwright Sync API inside the asyncio loop.
Please use the Async API instead.
2026-02-10 10:51:02 [INFO] Updated auction: SUB-AT-2025-25R0886001597
2026-02-10 10:51:02 [WARNING] [BOE_PARALLEL_3] Failed to fetch detail info for SUB-AT-2025-25R0886001600: It looks like you are using Playwright Sync API inside the asyncio loop.
Please use the Async API instead.
2026-02-10 10:51:02 [INFO] Updated auction: SUB-AT-2025-25R0886001600
2026-02-10 10:51:02 [WARNING] [BOE_PARALLEL_3] Failed to fetch detail info for SUB-AT-2025-25R0886001603: It looks like you are using Playwright Sync API inside the asyncio loop.
Please use the Async API instead.
2026-02-10 10:51:02 [INFO] Updated auction: SUB-AT-2025-25R0886001603
2026-02-10 10:51:02 [WARNING] [BOE_PARALLEL_3] Failed to fetch detail info for SUB-AT-2025-25R0886001604: It looks like you are using Playwright Sync API inside the asyncio loop.
Please use the Async API instead.
2026-02-10 10:51:02 [INFO] Updated auction: SUB-AT-2025-25R0886001604
2026-02-10 10:51:03 [WARNING] [BOE_PARALLEL_3] Failed to fetch detail info for SUB-AT-2025-25R0886001605: It looks like you are using Playwright Sync API inside the asyncio loop.
Please use the Async API instead.
2026-02-10 10:51:03 [INFO] Updated auction: SUB-AT-2025-25R0886001605
2026-02-10 10:51:04 [WARNING] [BOE_PARALLEL_3] Failed to fetch detail info for SUB-AT-2025-25R0886001606: It looks like you are using Playwright Sync API inside the asyncio loop.
Please use the Async API instead.
2026-02-10 10:51:04 [INFO] Updated auction: SUB-AT-2025-25R0886001606
2026-02-10 10:51:04 [WARNING] [BOE_PARALLEL_3] Failed to fetch detail info for SUB-AT-2025-25R0886001607: It looks like you are using Playwright Sync API inside the asyncio loop.
Please use the Async API instead.
2026-02-10 10:51:04 [INFO] Updated auction: SUB-AT-2025-25R0886001607
2026-02-10 10:51:04 [WARNING] [BOE_PARALLEL_3] Failed to fetch detail info for SUB-AT-2025-25R0886001608: It looks like you are using Playwright Sync API inside the asyncio loop.
Please use the Async API instead.
2026-02-10 10:51:04 [INFO] Updated auction: SUB-AT-2025-25R0886001608
2026-02-10 10:51:04 [WARNING] [BOE_PARALLEL_3] Failed to fetch detail info for SUB-AT-2025-25R0886001609: It looks like you are using Playwright Sync API inside the asyncio loop.
Please use the Async API instead.
2026-02-10 10:51:04 [INFO] Updated auction: SUB-AT-2025-25R0886001609
2026-02-10 10:51:05 [WARNING] [BOE_PARALLEL_3] Failed to fetch detail info for SUB-AT-2025-25R0886001610: It looks like you are using Playwright Sync API inside the asyncio loop.
Please use the Async API instead.
2026-02-10 10:51:05 [INFO] Updated auction: SUB-AT-2025-25R0886001610
2026-02-10 10:51:05 [WARNING] [BOE_PARALLEL_3] Failed to fetch detail info for SUB-AT-2025-25R0886001611: It looks like you are using Playwright Sync API inside the asyncio loop.
Please use the Async API instead.
2026-02-10 10:51:05 [INFO] Updated auction: SUB-AT-2025-25R0886001611
2026-02-10 10:51:05 [WARNING] [BOE_PARALLEL_3] Failed to fetch detail info for SUB-AT-2025-25R0886001612: It looks like you are using Playwright Sync API inside the asyncio loop.
Please use the Async API instead.
2026-02-10 10:51:05 [INFO] Updated auction: SUB-AT-2025-25R0886001612
2026-02-10 10:51:05 [WARNING] [BOE_PARALLEL_3] Failed to fetch detail info for SUB-AT-2025-25R3086001139: It looks like you are using Playwright Sync API inside the asyncio loop.
Please use the Async API instead.
2026-02-10 10:51:05 [INFO] Updated auction: SUB-AT-2025-25R3086001139
2026-02-10 10:51:05 [WARNING] [BOE_PARALLEL_3] Failed to fetch detail info for SUB-AT-2025-25R3086001149: It looks like you are using Playwright Sync API inside the asyncio loop.
Please use the Async API instead.
2026-02-10 10:51:05 [INFO] Updated auction: SUB-AT-2025-25R3086001149
2026-02-10 10:51:05 [WARNING] [BOE_PARALLEL_3] Failed to fetch detail info for SUB-GA-2025-2802000100125: It looks like you are using Playwright Sync API inside the asyncio loop.
Please use the Async API instead.
2026-02-10 10:51:05 [INFO] Updated auction: SUB-GA-2025-2802000100125
2026-02-10 10:51:06 [WARNING] [BOE_PARALLEL_3] Failed to fetch detail info for SUB-JA-2022-193458: It looks like you are using Playwright Sync API inside the asyncio loop.
Please use the Async API instead.
2026-02-10 10:51:06 [INFO] Updated auction: SUB-JA-2022-193458
2026-02-10 10:51:07 [WARNING] [BOE_PARALLEL_3] Failed to fetch detail info for SUB-JA-2023-214458: It looks like you are using Playwright Sync API inside the asyncio loop.
Please use the Async API instead.
2026-02-10 10:51:07 [INFO] Updated auction: SUB-JA-2023-214458
2026-02-10 10:51:07 [WARNING] [BOE_PARALLEL_3] Failed to fetch detail info for SUB-JA-2024-203910: It looks like you are using Playwright Sync API inside the asyncio loop.
Please use the Async API instead.
2026-02-10 10:51:07 [INFO] Updated auction: SUB-JA-2024-203910
2026-02-10 10:51:07 [WARNING] [BOE_PARALLEL_3] Failed to fetch detail info for SUB-JA-2024-225588: It looks like you are using Playwright Sync API inside the asyncio loop.
Please use the Async API instead.
2026-02-10 10:51:07 [INFO] Updated auction: SUB-JA-2024-225588
2026-02-10 10:51:07 [WARNING] [BOE_PARALLEL_3] Failed to fetch detail info for SUB-JA-2024-236128: It looks like you are using Playwright Sync API inside the asyncio loop.
Please use the Async API instead.
2026-02-10 10:51:07 [INFO] Updated auction: SUB-JA-2024-236128
2026-02-10 10:51:07 [WARNING] [BOE_PARALLEL_3] Failed to fetch detail info for SUB-JA-2025-242793: It looks like you are using Playwright Sync API inside the asyncio loop.
Please use the Async API instead.
2026-02-10 10:51:07 [INFO] Updated auction: SUB-JA-2025-242793
2026-02-10 10:51:07 [WARNING] [BOE_PARALLEL_3] Failed to fetch detail info for SUB-JA-2025-244299: It looks like you are using Playwright Sync API inside the asyncio loop.
Please use the Async API instead.
2026-02-10 10:51:07 [INFO] Updated auction: SUB-JA-2025-244299
2026-02-10 10:51:07 [WARNING] [BOE_PARALLEL_3] Failed to fetch detail info for SUB-JA-2025-247927: It looks like you are using Playwright Sync API inside the asyncio loop.
Please use the Async API instead.
2026-02-10 10:51:07 [INFO] Updated auction: SUB-JA-2025-247927
2026-02-10 10:51:07 [WARNING] [BOE_PARALLEL_3] Failed to fetch detail info for SUB-JA-2025-248689: It looks like you are using Playwright Sync API inside the asyncio loop.
Please use the Async API instead.
2026-02-10 10:51:07 [INFO] Updated auction: SUB-JA-2025-248689
2026-02-10 10:51:07 [WARNING] [BOE_PARALLEL_3] Failed to fetch detail info for SUB-JA-2025-250692: It looks like you are using Playwright Sync API inside the asyncio loop.
Please use the Async API instead.
2026-02-10 10:51:07 [INFO] Updated auction: SUB-JA-2025-250692
2026-02-10 10:51:09 [WARNING] [BOE_PARALLEL_3] Failed to fetch detail info for SUB-JA-2025-251554: It looks like you are using Playwright Sync API inside the asyncio loop.
Please use the Async API instead.
2026-02-10 10:51:09 [INFO] Updated auction: SUB-JA-2025-251554
2026-02-10 10:51:10 [WARNING] [BOE_PARALLEL_3] Failed to fetch detail info for SUB-JA-2025-252350: It looks like you are using Playwright Sync API inside the asyncio loop.
Please use the Async API instead.
2026-02-10 10:51:10 [INFO] Updated auction: SUB-JA-2025-252350
2026-02-10 10:51:10 [WARNING] [BOE_PARALLEL_3] Failed to fetch detail info for SUB-JA-2025-252557: It looks like you are using Playwright Sync API inside the asyncio loop.
Please use the Async API instead.
2026-02-10 10:51:10 [INFO] Updated auction: SUB-JA-2025-252557
2026-02-10 10:51:10 [WARNING] [BOE_PARALLEL_3] Failed to fetch detail info for SUB-JA-2025-252577: It looks like you are using Playwright Sync API inside the asyncio loop.
Please use the Async API instead.
2026-02-10 10:51:10 [INFO] Updated auction: SUB-JA-2025-252577
2026-02-10 10:51:10 [WARNING] [BOE_PARALLEL_3] Failed to fetch detail info for SUB-JA-2025-252901: It looks like you are using Playwright Sync API inside the asyncio loop.
Please use the Async API instead.
2026-02-10 10:51:10 [INFO] Updated auction: SUB-JA-2025-252901
2026-02-10 10:51:10 [WARNING] [BOE_PARALLEL_3] Failed to fetch detail info for SUB-JA-2025-254448: It looks like you are using Playwright Sync API inside the asyncio loop.
Please use the Async API instead.
2026-02-10 10:51:10 [INFO] Updated auction: SUB-JA-2025-254448
2026-02-10 10:51:10 [WARNING] [BOE_PARALLEL_3] Failed to fetch detail info for SUB-JA-2025-254581: It looks like you are using Playwright Sync API inside the asyncio loop.
Please use the Async API instead.
2026-02-10 10:51:10 [INFO] Updated auction: SUB-JA-2025-254581
2026-02-10 10:51:10 [WARNING] [BOE_PARALLEL_3] Failed to fetch detail info for SUB-JA-2025-254589: It looks like you are using Playwright Sync API inside the asyncio loop.
Please use the Async API instead.
2026-02-10 10:51:10 [INFO] Updated auction: SUB-JA-2025-254589
2026-02-10 10:51:11 [WARNING] [BOE_PARALLEL_3] Failed to fetch detail info for SUB-JA-2025-254593: It looks like you are using Playwright Sync API inside the asyncio loop.
Please use the Async API instead.
2026-02-10 10:51:11 [INFO] Updated auction: SUB-JA-2025-254593
2026-02-10 10:51:11 [WARNING] [BOE_PARALLEL_3] Failed to fetch detail info for SUB-JA-2025-254615: It looks like you are using Playwright Sync API inside the asyncio loop.
Please use the Async API instead.
2026-02-10 10:51:11 [INFO] Updated auction: SUB-JA-2025-254615
2026-02-10 10:51:12 [WARNING] [BOE_PARALLEL_3] Failed to fetch detail info for SUB-JA-2025-254833: It looks like you are using Playwright Sync API inside the asyncio loop.
Please use the Async API instead.
2026-02-10 10:51:12 [INFO] Updated auction: SUB-JA-2025-254833
2026-02-10 10:51:12 [WARNING] [BOE_PARALLEL_3] Failed to fetch detail info for SUB-JA-2025-255078: It looks like you are using Playwright Sync API inside the asyncio loop.
Please use the Async API instead.
2026-02-10 10:51:12 [INFO] Updated auction: SUB-JA-2025-255078
2026-02-10 10:51:12 [WARNING] [BOE_PARALLEL_3] Failed to fetch detail info for SUB-JA-2025-255145: It looks like you are using Playwright Sync API inside the asyncio loop.
Please use the Async API instead.
2026-02-10 10:51:12 [INFO] Updated auction: SUB-JA-2025-255145
2026-02-10 10:51:12 [WARNING] [BOE_PARALLEL_3] Failed to fetch detail info for SUB-JA-2025-255181: It looks like you are using Playwright Sync API inside the asyncio loop.
Please use the Async API instead.
2026-02-10 10:51:12 [INFO] Updated auction: SUB-JA-2025-255181
2026-02-10 10:51:12 [WARNING] [BOE_PARALLEL_3] Failed to fetch detail info for SUB-JA-2025-255197: It looks like you are using Playwright Sync API inside the asyncio loop.
Please use the Async API instead.
2026-02-10 10:51:12 [INFO] Updated auction: SUB-JA-2025-255197
2026-02-10 10:51:12 [WARNING] [BOE_PARALLEL_3] Failed to fetch detail info for SUB-JA-2025-255248: It looks like you are using Playwright Sync API inside the asyncio loop.
Please use the Async API instead.
2026-02-10 10:51:13 [INFO] Updated auction: SUB-JA-2025-255248
2026-02-10 10:51:13 [WARNING] [BOE_PARALLEL_3] Failed to fetch detail info for SUB-JA-2025-255297: It looks like you are using Playwright Sync API inside the asyncio loop.
Please use the Async API instead.
2026-02-10 10:51:13 [INFO] Updated auction: SUB-JA-2025-255297
2026-02-10 10:51:14 [WARNING] [BOE_PARALLEL_3] Failed to fetch detail info for SUB-JA-2025-255349: It looks like you are using Playwright Sync API inside the asyncio loop.
Please use the Async API instead.
2026-02-10 10:51:14 [INFO] Updated auction: SUB-JA-2025-255349
2026-02-10 10:51:14 [WARNING] [BOE_PARALLEL_3] Failed to fetch detail info for SUB-JA-2025-255500: It looks like you are using Playwright Sync API inside the asyncio loop.
Please use the Async API instead.
2026-02-10 10:51:14 [INFO] Updated auction: SUB-JA-2025-255500
2026-02-10 10:51:14 [WARNING] [BOE_PARALLEL_3] Failed to fetch detail info for SUB-JA-2025-255515: It looks like you are using Playwright Sync API inside the asyncio loop.
Please use the Async API instead.
2026-02-10 10:51:14 [INFO] Updated auction: SUB-JA-2025-255515
2026-02-10 10:51:16 [WARNING] [BOE_PARALLEL_3] Failed to fetch detail info for SUB-JA-2025-255540: It looks like you are using Playwright Sync API inside the asyncio loop.
Please use the Async API instead.
2026-02-10 10:51:16 [INFO] Updated auction: SUB-JA-2025-255540
2026-02-10 10:51:16 [WARNING] [BOE_PARALLEL_3] Failed to fetch detail info for SUB-JA-2025-255545: It looks like you are using Playwright Sync API inside the asyncio loop.
Please use the Async API instead.
2026-02-10 10:51:16 [INFO] Updated auction: SUB-JA-2025-255545
2026-02-10 10:51:16 [WARNING] [BOE_PARALLEL_3] Failed to fetch detail info for SUB-JA-2025-255572: It looks like you are using Playwright Sync API inside the asyncio loop.
Please use the Async API instead.
2026-02-10 10:51:16 [INFO] Updated auction: SUB-JA-2025-255572
2026-02-10 10:51:16 [WARNING] [BOE_PARALLEL_3] Failed to fetch detail info for SUB-JA-2025-255598: It looks like you are using Playwright Sync API inside the asyncio loop.
Please use the Async API instead.
2026-02-10 10:51:16 [INFO] Updated auction: SUB-JA-2025-255598
2026-02-10 10:51:16 [WARNING] [BOE_PARALLEL_3] Failed to fetch detail info for SUB-JA-2025-255791: It looks like you are using Playwright Sync API inside the asyncio loop.
Please use the Async API instead.
2026-02-10 10:51:16 [INFO] Updated auction: SUB-JA-2025-255791
2026-02-10 10:51:16 [WARNING] [BOE_PARALLEL_3] Failed to fetch detail info for SUB-JA-2025-255803: It looks like you are using Playwright Sync API inside the asyncio loop.
Please use the Async API instead.
2026-02-10 10:51:16 [INFO] Updated auction: SUB-JA-2025-255803
2026-02-10 10:51:16 [WARNING] [BOE_PARALLEL_3] Failed to fetch detail info for SUB-JA-2025-255928: It looks like you are using Playwright Sync API inside the asyncio loop.
Please use the Async API instead.
2026-02-10 10:51:16 [INFO] Updated auction: SUB-JA-2025-255928
2026-02-10 10:51:16 [WARNING] [BOE_PARALLEL_3] Failed to fetch detail info for SUB-JA-2025-255992: It looks like you are using Playwright Sync API inside the asyncio loop.
Please use the Async API instead.
2026-02-10 10:51:16 [INFO] Updated auction: SUB-JA-2025-255992
2026-02-10 10:51:17 [WARNING] [BOE_PARALLEL_3] Failed to fetch detail info for SUB-JA-2025-255995: It looks like you are using Playwright Sync API inside the asyncio loop.
Please use the Async API instead.
2026-02-10 10:51:17 [INFO] Updated auction: SUB-JA-2025-255995
2026-02-10 10:51:17 [WARNING] [BOE_PARALLEL_3] Failed to fetch detail info for SUB-JA-2025-256000: It looks like you are using Playwright Sync API inside the asyncio loop.
Please use the Async API instead.
2026-02-10 10:51:17 [INFO] Updated auction: SUB-JA-2025-256000
2026-02-10 10:51:18 [WARNING] [BOE_PARALLEL_3] Failed to fetch detail info for SUB-JA-2025-256015: It looks like you are using Playwright Sync API inside the asyncio loop.
Please use the Async API instead.
2026-02-10 10:51:18 [INFO] Updated auction: SUB-JA-2025-256015
2026-02-10 10:51:18 [WARNING] [BOE_PARALLEL_3] Failed to fetch detail info for SUB-JA-2025-256021: It looks like you are using Playwright Sync API inside the asyncio loop.
Please use the Async API instead.
2026-02-10 10:51:18 [INFO] Updated auction: SUB-JA-2025-256021
2026-02-10 10:51:18 [WARNING] [BOE_PARALLEL_3] Failed to fetch detail info for SUB-JA-2025-256109: It looks like you are using Playwright Sync API inside the asyncio loop.
Please use the Async API instead.
2026-02-10 10:51:19 [INFO] Updated auction: SUB-JA-2025-256109
2026-02-10 10:51:19 [WARNING] [BOE_PARALLEL_3] Failed to fetch detail info for SUB-JA-2025-256125: It looks like you are using Playwright Sync API inside the asyncio loop.
Please use the Async API instead.
2026-02-10 10:51:19 [INFO] Updated auction: SUB-JA-2025-256125
2026-02-10 10:51:19 [WARNING] [BOE_PARALLEL_3] Failed to fetch detail info for SUB-JA-2025-256130: It looks like you are using Playwright Sync API inside the asyncio loop.
Please use the Async API instead.
2026-02-10 10:51:19 [INFO] Updated auction: SUB-JA-2025-256130
2026-02-10 10:51:19 [WARNING] [BOE_PARALLEL_3] Failed to fetch detail info for SUB-JA-2025-256189: It looks like you are using Playwright Sync API inside the asyncio loop.
Please use the Async API instead.
2026-02-10 10:51:19 [INFO] Updated auction: SUB-JA-2025-256189
2026-02-10 10:51:19 [WARNING] [BOE_PARALLEL_3] Failed to fetch detail info for SUB-JA-2025-256253: It looks like you are using Playwright Sync API inside the asyncio loop.
Please use the Async API instead.
2026-02-10 10:51:19 [INFO] Updated auction: SUB-JA-2025-256253
2026-02-10 10:51:19 [WARNING] [BOE_PARALLEL_3] Failed to fetch detail info for SUB-JA-2025-256280: It looks like you are using Playwright Sync API inside the asyncio loop.
Please use the Async API instead.
2026-02-10 10:51:19 [INFO] Updated auction: SUB-JA-2025-256280
2026-02-10 10:51:19 [WARNING] [BOE_PARALLEL_3] Failed to fetch detail info for SUB-JV-2025-255788: It looks like you are using Playwright Sync API inside the asyncio loop.
Please use the Async API instead.
2026-02-10 10:51:19 [INFO] Updated auction: SUB-JV-2025-255788
2026-02-10 10:51:19 [WARNING] [BOE_PARALLEL_3] Failed to fetch detail info for SUB-JV-2025-256281: It looks like you are using Playwright Sync API inside the asyncio loop.
Please use the Async API instead.
2026-02-10 10:51:19 [INFO] Updated auction: SUB-JV-2025-256281
2026-02-10 10:51:21 [WARNING] [BOE_PARALLEL_3] Failed to fetch detail info for SUB-NH-2025-1596096: It looks like you are using Playwright Sync API inside the asyncio loop.
Please use the Async API instead.
2026-02-10 10:51:21 [INFO] Updated auction: SUB-NH-2025-1596096
2026-02-10 10:51:21 [WARNING] [BOE_PARALLEL_3] Failed to fetch detail info for SUB-NH-2025-1606098: It looks like you are using Playwright Sync API inside the asyncio loop.
Please use the Async API instead.
2026-02-10 10:51:21 [INFO] Updated auction: SUB-NH-2025-1606098
2026-02-10 10:51:21 [WARNING] [BOE_PARALLEL_3] Failed to fetch detail info for SUB-JA-2025-256235: It looks like you are using Playwright Sync API inside the asyncio loop.
Please use the Async API instead.
2026-02-10 10:51:21 [INFO] Updated auction: SUB-JA-2025-256235
2026-02-10 10:51:21 [WARNING] [BOE_PARALLEL_3] Failed to fetch detail info for SUB-JA-2025-256075: It looks like you are using Playwright Sync API inside the asyncio loop.
Please use the Async API instead.
2026-02-10 10:51:21 [INFO] Updated auction: SUB-JA-2025-256075
2026-02-10 10:51:21 [WARNING] [BOE_PARALLEL_3] Failed to fetch detail info for SUB-JA-2025-249356: It looks like you are using Playwright Sync API inside the asyncio loop.
Please use the Async API instead.
2026-02-10 10:51:21 [INFO] Updated auction: SUB-JA-2025-249356
2026-02-10 10:51:21 [WARNING] [BOE_PARALLEL_3] Failed to fetch detail info for SUB-JA-2025-256105: It looks like you are using Playwright Sync API inside the asyncio loop.
Please use the Async API instead.
2026-02-10 10:51:21 [INFO] Updated auction: SUB-JA-2025-256105
2026-02-10 10:51:22 [WARNING] [BOE_PARALLEL_3] Failed to fetch detail info for SUB-JA-2025-245255: It looks like you are using Playwright Sync API inside the asyncio loop.
Please use the Async API instead.
2026-02-10 10:51:22 [INFO] Updated auction: SUB-JA-2025-245255
2026-02-10 10:51:22 [WARNING] [BOE_PARALLEL_3] Failed to fetch detail info for SUB-JA-2025-255422: It looks like you are using Playwright Sync API inside the asyncio loop.
Please use the Async API instead.
2026-02-10 10:51:22 [INFO] Updated auction: SUB-JA-2025-255422
2026-02-10 10:51:22 [WARNING] [BOE_PARALLEL_3] Failed to fetch detail info for SUB-JA-2025-255037: It looks like you are using Playwright Sync API inside the asyncio loop.
Please use the Async API instead.
2026-02-10 10:51:22 [INFO] Updated auction: SUB-JA-2025-255037
2026-02-10 10:51:22 [WARNING] [BOE_PARALLEL_3] Failed to fetch detail info for SUB-JA-2025-253595: It looks like you are using Playwright Sync API inside the asyncio loop.
Please use the Async API instead.
2026-02-10 10:51:22 [INFO] Updated auction: SUB-JA-2025-253595
2026-02-10 10:51:23 [WARNING] [BOE_PARALLEL_3] Failed to fetch detail info for SUB-JA-2022-191469: It looks like you are using Playwright Sync API inside the asyncio loop.
Please use the Async API instead.
2026-02-10 10:51:23 [INFO] Updated auction: SUB-JA-2022-191469
2026-02-10 10:51:23 [WARNING] [BOE_PARALLEL_3] Failed to fetch detail info for SUB-JA-2025-251541: It looks like you are using Playwright Sync API inside the asyncio loop.
Please use the Async API instead.
2026-02-10 10:51:23 [INFO] Updated auction: SUB-JA-2025-251541
2026-02-10 10:51:23 [WARNING] [BOE_PARALLEL_3] Failed to fetch detail info for SUB-JA-2025-247947: It looks like you are using Playwright Sync API inside the asyncio loop.
Please use the Async API instead.
2026-02-10 10:51:23 [INFO] Updated auction: SUB-JA-2025-247947
2026-02-10 10:51:24 [WARNING] [BOE_PARALLEL_3] Failed to fetch detail info for SUB-JA-2025-254188: It looks like you are using Playwright Sync API inside the asyncio loop.
Please use the Async API instead.
2026-02-10 10:51:24 [INFO] Updated auction: SUB-JA-2025-254188
2026-02-10 10:51:24 [WARNING] [BOE_PARALLEL_3] Failed to fetch detail info for SUB-JA-2025-255842: It looks like you are using Playwright Sync API inside the asyncio loop.
Please use the Async API instead.
2026-02-10 10:51:24 [INFO] Updated auction: SUB-JA-2025-255842
2026-02-10 10:51:24 [WARNING] [BOE_PARALLEL_3] Failed to fetch detail info for SUB-JA-2025-256248: It looks like you are using Playwright Sync API inside the asyncio loop.
Please use the Async API instead.
2026-02-10 10:51:24 [INFO] Updated auction: SUB-JA-2025-256248
2026-02-10 10:51:24 [WARNING] [BOE_PARALLEL_3] Failed to fetch detail info for SUB-JA-2025-244613: It looks like you are using Playwright Sync API inside the asyncio loop.
Please use the Async API instead.
2026-02-10 10:51:24 [INFO] Updated auction: SUB-JA-2025-244613
2026-02-10 10:51:24 [WARNING] [BOE_PARALLEL_3] Failed to fetch detail info for SUB-JA-2025-255529: It looks like you are using Playwright Sync API inside the asyncio loop.
Please use the Async API instead.
2026-02-10 10:51:24 [INFO] Updated auction: SUB-JA-2025-255529
2026-02-10 10:51:24 [WARNING] [BOE_PARALLEL_3] Failed to fetch detail info for SUB-JA-2025-252740: It looks like you are using Playwright Sync API inside the asyncio loop.
Please use the Async API instead.
2026-02-10 10:51:24 [INFO] Updated auction: SUB-JA-2025-252740
2026-02-10 10:51:24 [WARNING] [BOE_PARALLEL_3] Failed to fetch detail info for SUB-JA-2025-254959: It looks like you are using Playwright Sync API inside the asyncio loop.
Please use the Async API instead.
2026-02-10 10:51:24 [INFO] Updated auction: SUB-JA-2025-254959
2026-02-10 10:51:25 [WARNING] [BOE_PARALLEL_3] Failed to fetch detail info for SUB-JA-2025-251195: It looks like you are using Playwright Sync API inside the asyncio loop.
Please use the Async API instead.
2026-02-10 10:51:25 [INFO] Updated auction: SUB-JA-2025-251195
2026-02-10 10:51:26 [WARNING] [BOE_PARALLEL_3] Failed to fetch detail info for SUB-JA-2025-256215: It looks like you are using Playwright Sync API inside the asyncio loop.
Please use the Async API instead.
2026-02-10 10:51:26 [INFO] Updated auction: SUB-JA-2025-256215
2026-02-10 10:51:26 [WARNING] [BOE_PARALLEL_3] Failed to fetch detail info for SUB-JA-2025-255277: It looks like you are using Playwright Sync API inside the asyncio loop.
Please use the Async API instead.
2026-02-10 10:51:26 [INFO] Updated auction: SUB-JA-2025-255277
2026-02-10 10:51:26 [WARNING] [BOE_PARALLEL_3] Failed to fetch detail info for SUB-JA-2025-253666: It looks like you are using Playwright Sync API inside the asyncio loop.
Please use the Async API instead.
2026-02-10 10:51:26 [INFO] Updated auction: SUB-JA-2025-253666
2026-02-10 10:51:26 [WARNING] [BOE_PARALLEL_3] Failed to fetch detail info for SUB-JA-2025-255839: It looks like you are using Playwright Sync API inside the asyncio loop.
Please use the Async API instead.
2026-02-10 10:51:26 [INFO] Updated auction: SUB-JA-2025-255839
2026-02-10 10:51:26 [WARNING] [BOE_PARALLEL_3] Failed to fetch detail info for SUB-JA-2025-255993: It looks like you are using Playwright Sync API inside the asyncio loop.
Please use the Async API instead.
2026-02-10 10:51:26 [INFO] Updated auction: SUB-JA-2025-255993
2026-02-10 10:51:26 [WARNING] [BOE_PARALLEL_3] Failed to fetch detail info for SUB-JA-2025-254527: It looks like you are using Playwright Sync API inside the asyncio loop.
Please use the Async API instead.
2026-02-10 10:51:26 [INFO] Updated auction: SUB-JA-2025-254527
2026-02-10 10:51:26 [WARNING] [BOE_PARALLEL_3] Failed to fetch detail info for SUB-JA-2025-256207: It looks like you are using Playwright Sync API inside the asyncio loop.
Please use the Async API instead.
2026-02-10 10:51:26 [INFO] Updated auction: SUB-JA-2025-256207
2026-02-10 10:51:26 [WARNING] [BOE_PARALLEL_3] Failed to fetch detail info for SUB-JA-2025-256173: It looks like you are using Playwright Sync API inside the asyncio loop.
Please use the Async API instead.
2026-02-10 10:51:26 [INFO] Updated auction: SUB-JA-2025-256173
2026-02-10 10:51:27 [WARNING] [BOE_PARALLEL_3] Failed to fetch detail info for SUB-JA-2025-256243: It looks like you are using Playwright Sync API inside the asyncio loop.
Please use the Async API instead.
2026-02-10 10:51:27 [INFO] Updated auction: SUB-JA-2025-256243
2026-02-10 10:51:28 [WARNING] [BOE_PARALLEL_3] Failed to fetch detail info for SUB-AT-2025-25R0886001466: It looks like you are using Playwright Sync API inside the asyncio loop.
Please use the Async API instead.
2026-02-10 10:51:28 [INFO] Updated auction: SUB-AT-2025-25R0886001466
2026-02-10 10:51:28 [WARNING] [BOE_PARALLEL_3] Failed to fetch detail info for SUB-JA-2025-255584: It looks like you are using Playwright Sync API inside the asyncio loop.
Please use the Async API instead.
2026-02-10 10:51:28 [INFO] Updated auction: SUB-JA-2025-255584
2026-02-10 10:51:28 [WARNING] [BOE_PARALLEL_3] Failed to fetch detail info for SUB-JA-2025-256292: It looks like you are using Playwright Sync API inside the asyncio loop.
Please use the Async API instead.
2026-02-10 10:51:28 [INFO] Updated auction: SUB-JA-2025-256292
2026-02-10 10:51:28 [WARNING] [BOE_PARALLEL_3] Failed to fetch detail info for SUB-JA-2025-254564: It looks like you are using Playwright Sync API inside the asyncio loop.
Please use the Async API instead.
2026-02-10 10:51:28 [INFO] Updated auction: SUB-JA-2025-254564
2026-02-10 10:51:29 [WARNING] [BOE_PARALLEL_3] Failed to fetch detail info for SUB-JA-2024-240066: It looks like you are using Playwright Sync API inside the asyncio loop.
Please use the Async API instead.
2026-02-10 10:51:29 [INFO] Updated auction: SUB-JA-2024-240066
2026-02-10 10:51:29 [WARNING] [BOE_PARALLEL_3] Failed to fetch detail info for SUB-AT-2025-25R2986001208: It looks like you are using Playwright Sync API inside the asyncio loop.
Please use the Async API instead.
2026-02-10 10:51:29 [INFO] Updated auction: SUB-AT-2025-25R2986001208
2026-02-10 10:51:29 [WARNING] [BOE_PARALLEL_3] Failed to fetch detail info for SUB-AT-2025-24R2986001368: It looks like you are using Playwright Sync API inside the asyncio loop.
Please use the Async API instead.
2026-02-10 10:51:29 [INFO] Updated auction: SUB-AT-2025-24R2986001368
2026-02-10 10:51:29 [WARNING] [BOE_PARALLEL_3] Failed to fetch detail info for SUB-AT-2025-24R2986001367: It looks like you are using Playwright Sync API inside the asyncio loop.
Please use the Async API instead.
2026-02-10 10:51:29 [INFO] Updated auction: SUB-AT-2025-24R2986001367
2026-02-10 10:51:29 [WARNING] [BOE_PARALLEL_3] Failed to fetch detail info for SUB-JA-2025-255081: It looks like you are using Playwright Sync API inside the asyncio loop.
Please use the Async API instead.
2026-02-10 10:51:29 [INFO] Updated auction: SUB-JA-2025-255081
2026-02-10 10:51:29 [WARNING] [BOE_PARALLEL_3] Failed to fetch detail info for SUB-JA-2025-256246: It looks like you are using Playwright Sync API inside the asyncio loop.
Please use the Async API instead.
2026-02-10 10:51:29 [INFO] Updated auction: SUB-JA-2025-256246
2026-02-10 10:51:31 [WARNING] [BOE_PARALLEL_3] Failed to fetch detail info for SUB-JV-2025-256095: It looks like you are using Playwright Sync API inside the asyncio loop.
Please use the Async API instead.
2026-02-10 10:51:31 [INFO] Updated auction: SUB-JV-2025-256095
2026-02-10 10:51:32 [WARNING] [BOE_PARALLEL_3] Failed to fetch detail info for SUB-AT-2025-24R2986001369: It looks like you are using Playwright Sync API inside the asyncio loop.
Please use the Async API instead.
2026-02-10 10:51:32 [INFO] Updated auction: SUB-AT-2025-24R2986001369
2026-02-10 10:51:32 [WARNING] [BOE_PARALLEL_3] Failed to fetch detail info for SUB-AT-2025-24R2986001364: It looks like you are using Playwright Sync API inside the asyncio loop.
Please use the Async API instead.
2026-02-10 10:51:32 [INFO] Updated auction: SUB-AT-2025-24R2986001364
2026-02-10 10:51:32 [WARNING] [BOE_PARALLEL_3] Failed to fetch detail info for SUB-JA-2025-251072: It looks like you are using Playwright Sync API inside the asyncio loop.
Please use the Async API instead.
2026-02-10 10:51:32 [INFO] Updated auction: SUB-JA-2025-251072
2026-02-10 10:51:33 [WARNING] [BOE_PARALLEL_3] Failed to fetch detail info for SUB-JV-2025-254724: It looks like you are using Playwright Sync API inside the asyncio loop.
Please use the Async API instead.
2026-02-10 10:51:33 [INFO] Updated auction: SUB-JV-2025-254724
2026-02-10 10:51:33 [WARNING] [BOE_PARALLEL_3] Failed to fetch detail info for SUB-AT-2025-24R2986001362: It looks like you are using Playwright Sync API inside the asyncio loop.
Please use the Async API instead.
2026-02-10 10:51:33 [INFO] Updated auction: SUB-AT-2025-24R2986001362
2026-02-10 10:51:34 [WARNING] [BOE_PARALLEL_3] Failed to fetch detail info for SUB-JA-2025-256033: It looks like you are using Playwright Sync API inside the asyncio loop.
Please use the Async API instead.
2026-02-10 10:51:34 [INFO] Updated auction: SUB-JA-2025-256033
2026-02-10 10:51:34 [WARNING] [BOE_PARALLEL_3] Failed to fetch detail info for SUB-JA-2025-242400: It looks like you are using Playwright Sync API inside the asyncio loop.
Please use the Async API instead.
2026-02-10 10:51:34 [INFO] Updated auction: SUB-JA-2025-242400
2026-02-10 10:51:34 [WARNING] [BOE_PARALLEL_3] Failed to fetch detail info for SUB-JA-2025-256303: It looks like you are using Playwright Sync API inside the asyncio loop.
Please use the Async API instead.
2026-02-10 10:51:34 [INFO] Updated auction: SUB-JA-2025-256303
2026-02-10 10:51:35 [WARNING] [BOE_PARALLEL_3] Failed to fetch detail info for SUB-JA-2025-245339: It looks like you are using Playwright Sync API inside the asyncio loop.
Please use the Async API instead.
2026-02-10 10:51:35 [INFO] Updated auction: SUB-JA-2025-245339
2026-02-10 10:51:36 [WARNING] [BOE_PARALLEL_3] Failed to fetch detail info for SUB-AT-2025-24R2986001366: It looks like you are using Playwright Sync API inside the asyncio loop.
Please use the Async API instead.
2026-02-10 10:51:36 [INFO] Updated auction: SUB-AT-2025-24R2986001366
2026-02-10 10:51:36 [WARNING] [BOE_PARALLEL_3] Failed to fetch detail info for SUB-AT-2025-24R2986001363: It looks like you are using Playwright Sync API inside the asyncio loop.
Please use the Async API instead.
2026-02-10 10:51:36 [INFO] Updated auction: SUB-AT-2025-24R2986001363
2026-02-10 10:51:36 [WARNING] [BOE_PARALLEL_3] Failed to fetch detail info for SUB-AT-2025-25R3086001182: It looks like you are using Playwright Sync API inside the asyncio loop.
Please use the Async API instead.
2026-02-10 10:51:36 [INFO] Updated auction: SUB-AT-2025-25R3086001182
2026-02-10 10:51:36 [WARNING] [BOE_PARALLEL_3] Failed to fetch detail info for SUB-AT-2025-25R0686001067: It looks like you are using Playwright Sync API inside the asyncio loop.
Please use the Async API instead.
2026-02-10 10:51:36 [INFO] Updated auction: SUB-AT-2025-25R0686001067
2026-02-10 10:51:36 [WARNING] [BOE_PARALLEL_3] Failed to fetch detail info for SUB-AT-2025-25R0786001061: It looks like you are using Playwright Sync API inside the asyncio loop.
Please use the Async API instead.
2026-02-10 10:51:36 [INFO] Updated auction: SUB-AT-2025-25R0786001061
2026-02-10 10:51:36 [WARNING] [BOE_PARALLEL_3] Failed to fetch detail info for SUB-JA-2025-256240: It looks like you are using Playwright Sync API inside the asyncio loop.
Please use the Async API instead.
2026-02-10 10:51:36 [INFO] Updated auction: SUB-JA-2025-256240
2026-02-10 10:51:37 [WARNING] [BOE_PARALLEL_3] Failed to fetch detail info for SUB-AT-2025-24R2986001365: It looks like you are using Playwright Sync API inside the asyncio loop.
Please use the Async API instead.
2026-02-10 10:51:37 [INFO] Updated auction: SUB-AT-2025-24R2986001365
2026-02-10 10:51:37 [WARNING] [BOE_PARALLEL_3] Failed to fetch detail info for SUB-JA-2025-253632: It looks like you are using Playwright Sync API inside the asyncio loop.
Please use the Async API instead.
2026-02-10 10:51:37 [INFO] Updated auction: SUB-JA-2025-253632
2026-02-10 10:51:37 [WARNING] [BOE_PARALLEL_3] Failed to fetch detail info for SUB-JA-2025-254364: It looks like you are using Playwright Sync API inside the asyncio loop.
Please use the Async API instead.
2026-02-10 10:51:37 [INFO] Updated auction: SUB-JA-2025-254364
2026-02-10 10:51:37 [WARNING] [BOE_PARALLEL_3] Failed to fetch detail info for SUB-JA-2025-253888: It looks like you are using Playwright Sync API inside the asyncio loop.
Please use the Async API instead.
2026-02-10 10:51:37 [INFO] Updated auction: SUB-JA-2025-253888
2026-02-10 10:51:39 [WARNING] [BOE_PARALLEL_3] Failed to fetch detail info for SUB-JA-2025-255815: It looks like you are using Playwright Sync API inside the asyncio loop.
Please use the Async API instead.
2026-02-10 10:51:39 [INFO] Updated auction: SUB-JA-2025-255815
2026-02-10 10:51:39 [WARNING] [BOE_PARALLEL_3] Failed to fetch detail info for SUB-JA-2025-238520: It looks like you are using Playwright Sync API inside the asyncio loop.
Please use the Async API instead.
2026-02-10 10:51:39 [INFO] Updated auction: SUB-JA-2025-238520
2026-02-10 10:51:39 [WARNING] [BOE_PARALLEL_3] Failed to fetch detail info for SUB-JA-2025-254738: It looks like you are using Playwright Sync API inside the asyncio loop.
Please use the Async API instead.
2026-02-10 10:51:39 [INFO] Updated auction: SUB-JA-2025-254738
2026-02-10 10:51:39 [WARNING] [BOE_PARALLEL_3] Failed to fetch detail info for SUB-JA-2025-255712: It looks like you are using Playwright Sync API inside the asyncio loop.
Please use the Async API instead.
2026-02-10 10:51:39 [INFO] Updated auction: SUB-JA-2025-255712
2026-02-10 10:51:39 [WARNING] [BOE_PARALLEL_3] Failed to fetch detail info for SUB-JA-2025-251556: It looks like you are using Playwright Sync API inside the asyncio loop.
Please use the Async API instead.
2026-02-10 10:51:39 [INFO] Updated auction: SUB-JA-2025-251556
2026-02-10 10:51:39 [WARNING] [BOE_PARALLEL_3] Failed to fetch detail info for SUB-AT-2025-25R3086001166: It looks like you are using Playwright Sync API inside the asyncio loop.
Please use the Async API instead.
2026-02-10 10:51:39 [INFO] Updated auction: SUB-AT-2025-25R3086001166
2026-02-10 10:51:40 [WARNING] [BOE_PARALLEL_3] Failed to fetch detail info for SUB-JA-2025-255893: It looks like you are using Playwright Sync API inside the asyncio loop.
Please use the Async API instead.
2026-02-10 10:51:40 [INFO] Updated auction: SUB-JA-2025-255893
2026-02-10 10:51:40 [WARNING] [BOE_PARALLEL_3] Failed to fetch detail info for SUB-JA-2025-254396: It looks like you are using Playwright Sync API inside the asyncio loop.
Please use the Async API instead.
2026-02-10 10:51:40 [INFO] Updated auction: SUB-JA-2025-254396
2026-02-10 10:51:40 [WARNING] [BOE_PARALLEL_3] Failed to fetch detail info for SUB-JA-2025-255971: It looks like you are using Playwright Sync API inside the asyncio loop.
Please use the Async API instead.
2026-02-10 10:51:40 [INFO] Updated auction: SUB-JA-2025-255971
2026-02-10 10:51:40 [WARNING] [BOE_PARALLEL_3] Failed to fetch detail info for SUB-JA-2025-255214: It looks like you are using Playwright Sync API inside the asyncio loop.
Please use the Async API instead.
2026-02-10 10:51:40 [INFO] Updated auction: SUB-JA-2025-255214
2026-02-10 10:51:41 [WARNING] [BOE_PARALLEL_3] Failed to fetch detail info for SUB-JA-2025-255985: It looks like you are using Playwright Sync API inside the asyncio loop.
Please use the Async API instead.
2026-02-10 10:51:41 [INFO] Updated auction: SUB-JA-2025-255985
2026-02-10 10:51:41 [WARNING] [BOE_PARALLEL_3] Failed to fetch detail info for SUB-JA-2025-256150: It looks like you are using Playwright Sync API inside the asyncio loop.
Please use the Async API instead.
2026-02-10 10:51:41 [INFO] Updated auction: SUB-JA-2025-256150
2026-02-10 10:51:42 [WARNING] [BOE_PARALLEL_3] Failed to fetch detail info for SUB-JA-2025-245347: It looks like you are using Playwright Sync API inside the asyncio loop.
Please use the Async API instead.
2026-02-10 10:51:42 [INFO] Updated auction: SUB-JA-2025-245347
2026-02-10 10:51:42 [WARNING] [BOE_PARALLEL_3] Failed to fetch detail info for SUB-JA-2025-256190: It looks like you are using Playwright Sync API inside the asyncio loop.
Please use the Async API instead.
2026-02-10 10:51:42 [INFO] Updated auction: SUB-JA-2025-256190
2026-02-10 10:51:42 [WARNING] [BOE_PARALLEL_3] Failed to fetch detail info for SUB-JV-2025-255775: It looks like you are using Playwright Sync API inside the asyncio loop.
Please use the Async API instead.
2026-02-10 10:51:42 [INFO] Updated auction: SUB-JV-2025-255775
2026-02-10 10:51:42 [WARNING] [BOE_PARALLEL_3] Failed to fetch detail info for SUB-JA-2025-256197: It looks like you are using Playwright Sync API inside the asyncio loop.
Please use the Async API instead.
2026-02-10 10:51:42 [INFO] Updated auction: SUB-JA-2025-256197
2026-02-10 10:51:42 [WARNING] [BOE_PARALLEL_3] Failed to fetch detail info for SUB-JA-2025-254315: It looks like you are using Playwright Sync API inside the asyncio loop.
Please use the Async API instead.
2026-02-10 10:51:42 [INFO] Updated auction: SUB-JA-2025-254315
2026-02-10 10:51:43 [WARNING] [BOE_PARALLEL_3] Failed to fetch detail info for SUB-AT-2025-25R3386001075: It looks like you are using Playwright Sync API inside the asyncio loop.
Please use the Async API instead.
2026-02-10 10:51:43 [INFO] Updated auction: SUB-AT-2025-25R3386001075
2026-02-10 10:51:43 [WARNING] [BOE_PARALLEL_3] Failed to fetch detail info for SUB-JA-2025-254991: It looks like you are using Playwright Sync API inside the asyncio loop.
Please use the Async API instead.
2026-02-10 10:51:43 [INFO] Updated auction: SUB-JA-2025-254991
2026-02-10 10:51:43 [WARNING] [BOE_PARALLEL_3] Failed to fetch detail info for SUB-JA-2022-187667: It looks like you are using Playwright Sync API inside the asyncio loop.
Please use the Async API instead.
2026-02-10 10:51:43 [INFO] Updated auction: SUB-JA-2022-187667
2026-02-10 10:51:45 [WARNING] [BOE_PARALLEL_3] Failed to fetch detail info for SUB-JA-2024-229373: It looks like you are using Playwright Sync API inside the asyncio loop.
Please use the Async API instead.
2026-02-10 10:51:45 [INFO] Updated auction: SUB-JA-2024-229373
2026-02-10 10:51:45 [WARNING] [BOE_PARALLEL_3] Failed to fetch detail info for SUB-JA-2024-231182: It looks like you are using Playwright Sync API inside the asyncio loop.
Please use the Async API instead.
2026-02-10 10:51:45 [INFO] Updated auction: SUB-JA-2024-231182
2026-02-10 10:51:45 [WARNING] [BOE_PARALLEL_3] Failed to fetch detail info for SUB-JA-2024-234947: It looks like you are using Playwright Sync API inside the asyncio loop.
Please use the Async API instead.
2026-02-10 10:51:45 [INFO] Updated auction: SUB-JA-2024-234947
2026-02-10 10:51:45 [WARNING] [BOE_PARALLEL_3] Failed to fetch detail info for SUB-JA-2025-247541: It looks like you are using Playwright Sync API inside the asyncio loop.
Please use the Async API instead.
2026-02-10 10:51:45 [INFO] Updated auction: SUB-JA-2025-247541
2026-02-10 10:51:45 [WARNING] [BOE_PARALLEL_3] Failed to fetch detail info for SUB-JA-2025-247822: It looks like you are using Playwright Sync API inside the asyncio loop.
Please use the Async API instead.
2026-02-10 10:51:45 [INFO] Updated auction: SUB-JA-2025-247822
2026-02-10 10:51:46 [WARNING] [BOE_PARALLEL_3] Failed to fetch detail info for SUB-JA-2025-252076: It looks like you are using Playwright Sync API inside the asyncio loop.
Please use the Async API instead.
2026-02-10 10:51:46 [INFO] Updated auction: SUB-JA-2025-252076
2026-02-10 10:51:46 [WARNING] [BOE_PARALLEL_3] Failed to fetch detail info for SUB-JA-2025-252630: It looks like you are using Playwright Sync API inside the asyncio loop.
Please use the Async API instead.
2026-02-10 10:51:46 [INFO] Updated auction: SUB-JA-2025-252630
2026-02-10 10:51:46 [WARNING] [BOE_PARALLEL_3] Failed to fetch detail info for SUB-JA-2025-252800: It looks like you are using Playwright Sync API inside the asyncio loop.
Please use the Async API instead.
2026-02-10 10:51:46 [INFO] Updated auction: SUB-JA-2025-252800
2026-02-10 10:51:46 [WARNING] [BOE_PARALLEL_3] Failed to fetch detail info for SUB-JA-2025-252866: It looks like you are using Playwright Sync API inside the asyncio loop.
Please use the Async API instead.
2026-02-10 10:51:46 [INFO] Updated auction: SUB-JA-2025-252866
2026-02-10 10:51:46 [WARNING] [BOE_PARALLEL_3] Failed to fetch detail info for SUB-JA-2025-253269: It looks like you are using Playwright Sync API inside the asyncio loop.
Please use the Async API instead.
2026-02-10 10:51:46 [INFO] Updated auction: SUB-JA-2025-253269
2026-02-10 10:51:48 [WARNING] [BOE_PARALLEL_3] Failed to fetch detail info for SUB-JA-2025-254080: It looks like you are using Playwright Sync API inside the asyncio loop.
Please use the Async API instead.
2026-02-10 10:51:48 [INFO] Updated auction: SUB-JA-2025-254080
2026-02-10 10:51:48 [WARNING] [BOE_PARALLEL_3] Failed to fetch detail info for SUB-JA-2025-254196: It looks like you are using Playwright Sync API inside the asyncio loop.
Please use the Async API instead.
2026-02-10 10:51:48 [INFO] Updated auction: SUB-JA-2025-254196
2026-02-10 10:51:48 [WARNING] [BOE_PARALLEL_3] Failed to fetch detail info for SUB-JA-2025-254324: It looks like you are using Playwright Sync API inside the asyncio loop.
Please use the Async API instead.
2026-02-10 10:51:48 [INFO] Updated auction: SUB-JA-2025-254324
2026-02-10 10:51:48 [WARNING] [BOE_PARALLEL_3] Failed to fetch detail info for SUB-JA-2025-254370: It looks like you are using Playwright Sync API inside the asyncio loop.
Please use the Async API instead.
2026-02-10 10:51:48 [INFO] Updated auction: SUB-JA-2025-254370
2026-02-10 10:51:48 [WARNING] [BOE_PARALLEL_3] Failed to fetch detail info for SUB-JA-2025-254818: It looks like you are using Playwright Sync API inside the asyncio loop.
Please use the Async API instead.
2026-02-10 10:51:48 [INFO] Updated auction: SUB-JA-2025-254818
2026-02-10 10:51:48 [WARNING] [BOE_PARALLEL_3] Failed to fetch detail info for SUB-JA-2025-255065: It looks like you are using Playwright Sync API inside the asyncio loop.
Please use the Async API instead.
2026-02-10 10:51:48 [INFO] Updated auction: SUB-JA-2025-255065
2026-02-10 10:51:49 [WARNING] [BOE_PARALLEL_3] Failed to fetch detail info for SUB-JA-2025-255348: It looks like you are using Playwright Sync API inside the asyncio loop.
Please use the Async API instead.
2026-02-10 10:51:49 [INFO] Updated auction: SUB-JA-2025-255348
2026-02-10 10:51:49 [WARNING] [BOE_PARALLEL_3] Failed to fetch detail info for SUB-JA-2025-255411: It looks like you are using Playwright Sync API inside the asyncio loop.
Please use the Async API instead.
2026-02-10 10:51:49 [INFO] Updated auction: SUB-JA-2025-255411
2026-02-10 10:51:49 [WARNING] [BOE_PARALLEL_3] Failed to fetch detail info for SUB-JA-2025-255757: It looks like you are using Playwright Sync API inside the asyncio loop.
Please use the Async API instead.
2026-02-10 10:51:49 [INFO] Updated auction: SUB-JA-2025-255757
2026-02-10 10:51:49 [WARNING] [BOE_PARALLEL_3] Failed to fetch detail info for SUB-JA-2025-255811: It looks like you are using Playwright Sync API inside the asyncio loop.
Please use the Async API instead.
2026-02-10 10:51:49 [INFO] Updated auction: SUB-JA-2025-255811
2026-02-10 10:51:51 [WARNING] [BOE_PARALLEL_3] Failed to fetch detail info for SUB-JA-2025-255873: It looks like you are using Playwright Sync API inside the asyncio loop.
Please use the Async API instead.
2026-02-10 10:51:51 [INFO] Updated auction: SUB-JA-2025-255873
2026-02-10 10:51:51 [WARNING] [BOE_PARALLEL_3] Failed to fetch detail info for SUB-JA-2025-256045: It looks like you are using Playwright Sync API inside the asyncio loop.
Please use the Async API instead.
2026-02-10 10:51:51 [INFO] Updated auction: SUB-JA-2025-256045
2026-02-10 10:51:51 [WARNING] [BOE_PARALLEL_3] Failed to fetch detail info for SUB-JA-2025-256158: It looks like you are using Playwright Sync API inside the asyncio loop.
Please use the Async API instead.
2026-02-10 10:51:51 [INFO] Updated auction: SUB-JA-2025-256158
2026-02-10 10:51:51 [WARNING] [BOE_PARALLEL_3] Failed to fetch detail info for SUB-JA-2025-256220: It looks like you are using Playwright Sync API inside the asyncio loop.
Please use the Async API instead.
2026-02-10 10:51:51 [INFO] Updated auction: SUB-JA-2025-256220
2026-02-10 10:51:51 [WARNING] [BOE_PARALLEL_3] Failed to fetch detail info for SUB-JA-2025-256241: It looks like you are using Playwright Sync API inside the asyncio loop.
Please use the Async API instead.
2026-02-10 10:51:51 [INFO] Updated auction: SUB-JA-2025-256241
2026-02-10 10:51:52 [WARNING] [BOE_PARALLEL_3] Failed to fetch detail info for SUB-JA-2025-256279: It looks like you are using Playwright Sync API inside the asyncio loop.
Please use the Async API instead.
2026-02-10 10:51:52 [INFO] Updated auction: SUB-JA-2025-256279
2026-02-10 10:51:52 [WARNING] [BOE_PARALLEL_3] Failed to fetch detail info for SUB-JA-2025-256297: It looks like you are using Playwright Sync API inside the asyncio loop.
Please use the Async API instead.
2026-02-10 10:51:52 [INFO] Updated auction: SUB-JA-2025-256297
2026-02-10 10:51:52 [WARNING] [BOE_PARALLEL_3] Failed to fetch detail info for SUB-JA-2025-256344: It looks like you are using Playwright Sync API inside the asyncio loop.
Please use the Async API instead.
2026-02-10 10:51:52 [INFO] Updated auction: SUB-JA-2025-256344
2026-02-10 10:51:52 [WARNING] [BOE_PARALLEL_3] Failed to fetch detail info for SUB-JC-2025-256167: It looks like you are using Playwright Sync API inside the asyncio loop.
Please use the Async API instead.
2026-02-10 10:51:52 [INFO] Updated auction: SUB-JC-2025-256167
2026-02-10 10:51:53 [WARNING] [BOE_PARALLEL_3] Failed to fetch detail info for SUB-NH-2025-1606099: It looks like you are using Playwright Sync API inside the asyncio loop.
Please use the Async API instead.
2026-02-10 10:51:53 [INFO] Updated auction: SUB-NH-2025-1606099
2026-02-10 10:51:54 [WARNING] [BOE_PARALLEL_3] Failed to fetch detail info for SUB-NN-2025-1586100: It looks like you are using Playwright Sync API inside the asyncio loop.
Please use the Async API instead.
2026-02-10 10:51:54 [INFO] Updated auction: SUB-NN-2025-1586100
2026-02-10 10:51:54 [WARNING] [BOE_PARALLEL_3] Failed to fetch detail info for SUB-JA-2025-256159: It looks like you are using Playwright Sync API inside the asyncio loop.
Please use the Async API instead.
2026-02-10 10:51:54 [INFO] Updated auction: SUB-JA-2025-256159
2026-02-10 10:51:54 [WARNING] [BOE_PARALLEL_3] Failed to fetch detail info for SUB-JA-2025-256186: It looks like you are using Playwright Sync API inside the asyncio loop.
Please use the Async API instead.
2026-02-10 10:51:54 [INFO] Updated auction: SUB-JA-2025-256186
2026-02-10 10:51:54 [WARNING] [BOE_PARALLEL_3] Failed to fetch detail info for SUB-JA-2025-256328: It looks like you are using Playwright Sync API inside the asyncio loop.
Please use the Async API instead.
2026-02-10 10:51:54 [INFO] Updated auction: SUB-JA-2025-256328
2026-02-10 10:51:54 [WARNING] [BOE_PARALLEL_3] Failed to fetch detail info for SUB-JA-2025-253901: It looks like you are using Playwright Sync API inside the asyncio loop.
Please use the Async API instead.
2026-02-10 10:51:54 [INFO] Updated auction: SUB-JA-2025-253901
2026-02-10 10:51:54 [WARNING] [BOE_PARALLEL_3] Failed to fetch detail info for SUB-JA-2025-255685: It looks like you are using Playwright Sync API inside the asyncio loop.
Please use the Async API instead.
2026-02-10 10:51:54 [INFO] Updated auction: SUB-JA-2025-255685
2026-02-10 10:51:54 [WARNING] [BOE_PARALLEL_3] Failed to fetch detail info for SUB-JA-2025-254606: It looks like you are using Playwright Sync API inside the asyncio loop.
Please use the Async API instead.
2026-02-10 10:51:54 [INFO] Updated auction: SUB-JA-2025-254606
2026-02-10 10:51:54 [WARNING] [BOE_PARALLEL_3] Failed to fetch detail info for SUB-JA-2025-256085: It looks like you are using Playwright Sync API inside the asyncio loop.
Please use the Async API instead.
2026-02-10 10:51:54 [INFO] Updated auction: SUB-JA-2025-256085
2026-02-10 10:51:54 [WARNING] [BOE_PARALLEL_3] Failed to fetch detail info for SUB-JA-2025-242134: It looks like you are using Playwright Sync API inside the asyncio loop.
Please use the Async API instead.
2026-02-10 10:51:54 [INFO] Updated auction: SUB-JA-2025-242134
2026-02-10 10:51:54 [WARNING] [BOE_PARALLEL_3] Failed to fetch detail info for SUB-JA-2025-250766: It looks like you are using Playwright Sync API inside the asyncio loop.
Please use the Async API instead.
2026-02-10 10:51:54 [INFO] Updated auction: SUB-JA-2025-250766
2026-02-10 10:51:56 [WARNING] [BOE_PARALLEL_3] Failed to fetch detail info for SUB-JA-2025-244007: It looks like you are using Playwright Sync API inside the asyncio loop.
Please use the Async API instead.
2026-02-10 10:51:56 [INFO] Updated auction: SUB-JA-2025-244007
2026-02-10 10:51:56 [WARNING] [BOE_PARALLEL_3] Failed to fetch detail info for SUB-JA-2025-251348: It looks like you are using Playwright Sync API inside the asyncio loop.
Please use the Async API instead.
2026-02-10 10:51:56 [INFO] Updated auction: SUB-JA-2025-251348
2026-02-10 10:51:56 [WARNING] [BOE_PARALLEL_3] Failed to fetch detail info for SUB-JA-2025-255666: It looks like you are using Playwright Sync API inside the asyncio loop.
Please use the Async API instead.
2026-02-10 10:51:56 [INFO] Updated auction: SUB-JA-2025-255666
2026-02-10 10:51:56 [WARNING] [BOE_PARALLEL_3] Failed to fetch detail info for SUB-JA-2025-254499: It looks like you are using Playwright Sync API inside the asyncio loop.
Please use the Async API instead.
2026-02-10 10:51:56 [INFO] Updated auction: SUB-JA-2025-254499
2026-02-10 10:51:56 [WARNING] [BOE_PARALLEL_3] Failed to fetch detail info for SUB-JA-2023-207621: It looks like you are using Playwright Sync API inside the asyncio loop.
Please use the Async API instead.
2026-02-10 10:51:56 [INFO] Updated auction: SUB-JA-2023-207621
2026-02-10 10:51:56 [WARNING] [BOE_PARALLEL_3] Failed to fetch detail info for SUB-JA-2024-233900: It looks like you are using Playwright Sync API inside the asyncio loop.
Please use the Async API instead.
2026-02-10 10:51:56 [INFO] Updated auction: SUB-JA-2024-233900
2026-02-10 10:51:56 [WARNING] [BOE_PARALLEL_3] Failed to fetch detail info for SUB-JA-2025-255657: It looks like you are using Playwright Sync API inside the asyncio loop.
Please use the Async API instead.
2026-02-10 10:51:56 [INFO] Updated auction: SUB-JA-2025-255657
2026-02-10 10:51:56 [WARNING] [BOE_PARALLEL_3] Failed to fetch detail info for SUB-JV-2025-256362: It looks like you are using Playwright Sync API inside the asyncio loop.
Please use the Async API instead.
2026-02-10 10:51:56 [INFO] Updated auction: SUB-JV-2025-256362
2026-02-10 10:51:57 [WARNING] [BOE_PARALLEL_3] Failed to fetch detail info for SUB-JV-2025-254377: It looks like you are using Playwright Sync API inside the asyncio loop.
Please use the Async API instead.
2026-02-10 10:51:57 [INFO] Updated auction: SUB-JV-2025-254377
2026-02-10 10:51:57 [WARNING] [BOE_PARALLEL_3] Failed to fetch detail info for SUB-JV-2025-255149: It looks like you are using Playwright Sync API inside the asyncio loop.
Please use the Async API instead.
2026-02-10 10:51:57 [INFO] Updated auction: SUB-JV-2025-255149
2026-02-10 10:51:59 [WARNING] [BOE_PARALLEL_3] Failed to fetch detail info for SUB-JA-2025-254689: It looks like you are using Playwright Sync API inside the asyncio loop.
Please use the Async API instead.
2026-02-10 10:51:59 [INFO] Updated auction: SUB-JA-2025-254689
2026-02-10 10:51:59 [WARNING] [BOE_PARALLEL_3] Failed to fetch detail info for SUB-JA-2025-256265: It looks like you are using Playwright Sync API inside the asyncio loop.
Please use the Async API instead.
2026-02-10 10:51:59 [INFO] Updated auction: SUB-JA-2025-256265
2026-02-10 10:51:59 [WARNING] [BOE_PARALLEL_3] Failed to fetch detail info for SUB-JA-2025-255152: It looks like you are using Playwright Sync API inside the asyncio loop.
Please use the Async API instead.
2026-02-10 10:51:59 [INFO] Updated auction: SUB-JA-2025-255152
2026-02-10 10:51:59 [WARNING] [BOE_PARALLEL_3] Failed to fetch detail info for SUB-JV-2025-255917: It looks like you are using Playwright Sync API inside the asyncio loop.
Please use the Async API instead.
2026-02-10 10:51:59 [INFO] Updated auction: SUB-JV-2025-255917
2026-02-10 10:51:59 [WARNING] [BOE_PARALLEL_3] Failed to fetch detail info for SUB-JA-2025-256301: It looks like you are using Playwright Sync API inside the asyncio loop.
Please use the Async API instead.
2026-02-10 10:51:59 [INFO] Updated auction: SUB-JA-2025-256301
2026-02-10 10:51:59 [WARNING] [BOE_PARALLEL_3] Failed to fetch detail info for SUB-JA-2025-256121: It looks like you are using Playwright Sync API inside the asyncio loop.
Please use the Async API instead.
2026-02-10 10:51:59 [INFO] Updated auction: SUB-JA-2025-256121
2026-02-10 10:51:59 [WARNING] [BOE_PARALLEL_3] Failed to fetch detail info for SUB-JA-2025-252649: It looks like you are using Playwright Sync API inside the asyncio loop.
Please use the Async API instead.
2026-02-10 10:51:59 [INFO] Updated auction: SUB-JA-2025-252649
2026-02-10 10:51:59 [WARNING] [BOE_PARALLEL_3] Failed to fetch detail info for SUB-JA-2025-254622: It looks like you are using Playwright Sync API inside the asyncio loop.
Please use the Async API instead.
2026-02-10 10:51:59 [INFO] Updated auction: SUB-JA-2025-254622
2026-02-10 10:51:59 [WARNING] [BOE_PARALLEL_3] Failed to fetch detail info for SUB-JV-2025-256367: It looks like you are using Playwright Sync API inside the asyncio loop.
Please use the Async API instead.
2026-02-10 10:51:59 [INFO] Updated auction: SUB-JV-2025-256367
2026-02-10 10:51:59 [WARNING] [BOE_PARALLEL_3] Failed to fetch detail info for SUB-JA-2025-255192: It looks like you are using Playwright Sync API inside the asyncio loop.
Please use the Async API instead.
2026-02-10 10:51:59 [INFO] Updated auction: SUB-JA-2025-255192
2026-02-10 10:52:01 [WARNING] [BOE_PARALLEL_3] Failed to fetch detail info for SUB-JA-2025-256244: It looks like you are using Playwright Sync API inside the asyncio loop.
Please use the Async API instead.
2026-02-10 10:52:01 [INFO] Updated auction: SUB-JA-2025-256244
2026-02-10 10:52:01 [WARNING] [BOE_PARALLEL_3] Failed to fetch detail info for SUB-JA-2025-255686: It looks like you are using Playwright Sync API inside the asyncio loop.
Please use the Async API instead.
2026-02-10 10:52:01 [INFO] Updated auction: SUB-JA-2025-255686
2026-02-10 10:52:02 [WARNING] [BOE_PARALLEL_3] Failed to fetch detail info for SUB-JA-2025-256233: It looks like you are using Playwright Sync API inside the asyncio loop.
Please use the Async API instead.
2026-02-10 10:52:02 [INFO] Updated auction: SUB-JA-2025-256233
2026-02-10 10:52:02 [WARNING] [BOE_PARALLEL_3] Failed to fetch detail info for SUB-JA-2025-256348: It looks like you are using Playwright Sync API inside the asyncio loop.
Please use the Async API instead.
2026-02-10 10:52:02 [INFO] Updated auction: SUB-JA-2025-256348
2026-02-10 10:52:02 [WARNING] [BOE_PARALLEL_3] Failed to fetch detail info for SUB-JA-2025-244980: It looks like you are using Playwright Sync API inside the asyncio loop.
Please use the Async API instead.
2026-02-10 10:52:02 [INFO] Updated auction: SUB-JA-2025-244980
2026-02-10 10:52:02 [WARNING] [BOE_PARALLEL_3] Failed to fetch detail info for SUB-RC-2025-0155000290073: It looks like you are using Playwright Sync API inside the asyncio loop.
Please use the Async API instead.
2026-02-10 10:52:02 [INFO] Updated auction: SUB-RC-2025-0155000290073
2026-02-10 10:52:02 [WARNING] [BOE_PARALLEL_3] Failed to fetch detail info for SUB-JA-2025-254590: It looks like you are using Playwright Sync API inside the asyncio loop.
Please use the Async API instead.
2026-02-10 10:52:02 [INFO] Updated auction: SUB-JA-2025-254590
2026-02-10 10:52:02 [WARNING] [BOE_PARALLEL_3] Failed to fetch detail info for SUB-RC-2025-3800100125021: It looks like you are using Playwright Sync API inside the asyncio loop.
Please use the Async API instead.
2026-02-10 10:52:02 [INFO] Updated auction: SUB-RC-2025-3800100125021
2026-02-10 10:52:02 [WARNING] [BOE_PARALLEL_3] Failed to fetch detail info for SUB-JA-2025-253635: It looks like you are using Playwright Sync API inside the asyncio loop.
Please use the Async API instead.
2026-02-10 10:52:02 [INFO] Updated auction: SUB-JA-2025-253635
2026-02-10 10:52:02 [WARNING] [BOE_PARALLEL_3] Failed to fetch detail info for SUB-RC-2025-070030016981: It looks like you are using Playwright Sync API inside the asyncio loop.
Please use the Async API instead.
2026-02-10 10:52:02 [INFO] Updated auction: SUB-RC-2025-070030016981
2026-02-10 10:52:04 [WARNING] [BOE_PARALLEL_3] Failed to fetch detail info for SUB-RC-2025-07003001752: It looks like you are using Playwright Sync API inside the asyncio loop.
Please use the Async API instead.
2026-02-10 10:52:04 [INFO] Updated auction: SUB-RC-2025-07003001752
2026-02-10 10:52:04 [WARNING] [BOE_PARALLEL_3] Failed to fetch detail info for SUB-RC-2025-172570015: It looks like you are using Playwright Sync API inside the asyncio loop.
Please use the Async API instead.
2026-02-10 10:52:04 [INFO] Updated auction: SUB-RC-2025-172570015
2026-02-10 10:52:04 [WARNING] [BOE_PARALLEL_3] Failed to fetch detail info for SUB-RC-2025-07003001742: It looks like you are using Playwright Sync API inside the asyncio loop.
Please use the Async API instead.
2026-02-10 10:52:04 [INFO] Updated auction: SUB-RC-2025-07003001742
2026-02-10 10:52:04 [WARNING] [BOE_PARALLEL_3] Failed to fetch detail info for SUB-RC-2025-07003001739: It looks like you are using Playwright Sync API inside the asyncio loop.
Please use the Async API instead.
2026-02-10 10:52:04 [INFO] Updated auction: SUB-RC-2025-07003001739
2026-02-10 10:52:04 [WARNING] [BOE_PARALLEL_3] Failed to fetch detail info for SUB-AT-2025-24R4786001166: It looks like you are using Playwright Sync API inside the asyncio loop.
Please use the Async API instead.
2026-02-10 10:52:04 [INFO] Updated auction: SUB-AT-2025-24R4786001166
2026-02-10 10:52:04 [WARNING] [BOE_PARALLEL_3] Failed to fetch detail info for SUB-AT-2025-25R4186001045: It looks like you are using Playwright Sync API inside the asyncio loop.
Please use the Async API instead.
2026-02-10 10:52:04 [INFO] Updated auction: SUB-AT-2025-25R4186001045
2026-02-10 10:52:04 [WARNING] [BOE_PARALLEL_3] Failed to fetch detail info for SUB-AT-2025-25R4186001046: It looks like you are using Playwright Sync API inside the asyncio loop.
Please use the Async API instead.
2026-02-10 10:52:04 [INFO] Updated auction: SUB-AT-2025-25R4186001046
2026-02-10 10:52:04 [WARNING] [BOE_PARALLEL_3] Failed to fetch detail info for SUB-AT-2025-25R4186001496: It looks like you are using Playwright Sync API inside the asyncio loop.
Please use the Async API instead.
2026-02-10 10:52:04 [INFO] Updated auction: SUB-AT-2025-25R4186001496
2026-02-10 10:52:04 [WARNING] [BOE_PARALLEL_3] Failed to fetch detail info for SUB-AT-2025-25R4186001497: It looks like you are using Playwright Sync API inside the asyncio loop.
Please use the Async API instead.
2026-02-10 10:52:04 [INFO] Updated auction: SUB-AT-2025-25R4186001497
2026-02-10 10:52:04 [WARNING] [BOE_PARALLEL_3] Failed to fetch detail info for SUB-AT-2025-25R4186001498: It looks like you are using Playwright Sync API inside the asyncio loop.
Please use the Async API instead.
2026-02-10 10:52:04 [INFO] Updated auction: SUB-AT-2025-25R4186001498
2026-02-10 10:52:06 [WARNING] [BOE_PARALLEL_3] Failed to fetch detail info for SUB-AT-2025-25R4186001652: It looks like you are using Playwright Sync API inside the asyncio loop.
Please use the Async API instead.
2026-02-10 10:52:06 [INFO] Updated auction: SUB-AT-2025-25R4186001652
2026-02-10 10:52:06 [WARNING] [BOE_PARALLEL_3] Failed to fetch detail info for SUB-JA-2024-240734: It looks like you are using Playwright Sync API inside the asyncio loop.
Please use the Async API instead.
2026-02-10 10:52:06 [INFO] Updated auction: SUB-JA-2024-240734
2026-02-10 10:52:06 [WARNING] [BOE_PARALLEL_3] Failed to fetch detail info for SUB-JA-2025-250748: It looks like you are using Playwright Sync API inside the asyncio loop.
Please use the Async API instead.
2026-02-10 10:52:06 [INFO] Updated auction: SUB-JA-2025-250748
2026-02-10 10:52:06 [WARNING] [BOE_PARALLEL_3] Failed to fetch detail info for SUB-JA-2025-253070: It looks like you are using Playwright Sync API inside the asyncio loop.
Please use the Async API instead.
2026-02-10 10:52:06 [INFO] Updated auction: SUB-JA-2025-253070
2026-02-10 10:52:06 [WARNING] [BOE_PARALLEL_3] Failed to fetch detail info for SUB-JA-2025-253958: It looks like you are using Playwright Sync API inside the asyncio loop.
Please use the Async API instead.
2026-02-10 10:52:06 [INFO] Updated auction: SUB-JA-2025-253958
2026-02-10 10:52:06 [WARNING] [BOE_PARALLEL_3] Failed to fetch detail info for SUB-JA-2025-254922: It looks like you are using Playwright Sync API inside the asyncio loop.
Please use the Async API instead.
2026-02-10 10:52:06 [INFO] Updated auction: SUB-JA-2025-254922
2026-02-10 10:52:06 [WARNING] [BOE_PARALLEL_3] Failed to fetch detail info for SUB-JA-2025-255268: It looks like you are using Playwright Sync API inside the asyncio loop.
Please use the Async API instead.
2026-02-10 10:52:06 [INFO] Updated auction: SUB-JA-2025-255268
2026-02-10 10:52:06 [WARNING] [BOE_PARALLEL_3] Failed to fetch detail info for SUB-JA-2025-255270: It looks like you are using Playwright Sync API inside the asyncio loop.
Please use the Async API instead.
2026-02-10 10:52:06 [INFO] Updated auction: SUB-JA-2025-255270
2026-02-10 10:52:06 [WARNING] [BOE_PARALLEL_3] Failed to fetch detail info for SUB-JA-2025-255493: It looks like you are using Playwright Sync API inside the asyncio loop.
Please use the Async API instead.
2026-02-10 10:52:06 [INFO] Updated auction: SUB-JA-2025-255493
2026-02-10 10:52:06 [WARNING] [BOE_PARALLEL_3] Failed to fetch detail info for SUB-JA-2025-255690: It looks like you are using Playwright Sync API inside the asyncio loop.
Please use the Async API instead.
2026-02-10 10:52:06 [INFO] Updated auction: SUB-JA-2025-255690
2026-02-10 10:52:08 [WARNING] [BOE_PARALLEL_3] Failed to fetch detail info for SUB-JA-2025-255732: It looks like you are using Playwright Sync API inside the asyncio loop.
Please use the Async API instead.
2026-02-10 10:52:08 [INFO] Updated auction: SUB-JA-2025-255732
2026-02-10 10:52:09 [WARNING] [BOE_PARALLEL_3] Failed to fetch detail info for SUB-JA-2025-255745: It looks like you are using Playwright Sync API inside the asyncio loop.
Please use the Async API instead.
2026-02-10 10:52:09 [INFO] Updated auction: SUB-JA-2025-255745
2026-02-10 10:52:09 [WARNING] [BOE_PARALLEL_3] Failed to fetch detail info for SUB-JA-2025-255764: It looks like you are using Playwright Sync API inside the asyncio loop.
Please use the Async API instead.
2026-02-10 10:52:09 [INFO] Updated auction: SUB-JA-2025-255764
2026-02-10 10:52:09 [WARNING] [BOE_PARALLEL_3] Failed to fetch detail info for SUB-JA-2025-255907: It looks like you are using Playwright Sync API inside the asyncio loop.
Please use the Async API instead.
2026-02-10 10:52:09 [INFO] Updated auction: SUB-JA-2025-255907
2026-02-10 10:52:09 [WARNING] [BOE_PARALLEL_3] Failed to fetch detail info for SUB-JA-2025-255978: It looks like you are using Playwright Sync API inside the asyncio loop.
Please use the Async API instead.
2026-02-10 10:52:09 [INFO] Updated auction: SUB-JA-2025-255978
2026-02-10 10:52:09 [WARNING] [BOE_PARALLEL_3] Failed to fetch detail info for SUB-JA-2025-256042: It looks like you are using Playwright Sync API inside the asyncio loop.
Please use the Async API instead.
2026-02-10 10:52:09 [INFO] Updated auction: SUB-JA-2025-256042
2026-02-10 10:52:10 [WARNING] [BOE_PARALLEL_3] Failed to fetch detail info for SUB-JA-2025-256080: It looks like you are using Playwright Sync API inside the asyncio loop.
Please use the Async API instead.
2026-02-10 10:52:10 [INFO] Updated auction: SUB-JA-2025-256080
2026-02-10 10:52:10 [WARNING] [BOE_PARALLEL_3] Failed to fetch detail info for SUB-JA-2025-256118: It looks like you are using Playwright Sync API inside the asyncio loop.
Please use the Async API instead.
2026-02-10 10:52:10 [INFO] Updated auction: SUB-JA-2025-256118
2026-02-10 10:52:10 [WARNING] [BOE_PARALLEL_3] Failed to fetch detail info for SUB-JA-2025-256124: It looks like you are using Playwright Sync API inside the asyncio loop.
Please use the Async API instead.
2026-02-10 10:52:10 [INFO] Updated auction: SUB-JA-2025-256124
2026-02-10 10:52:10 [WARNING] [BOE_PARALLEL_3] Failed to fetch detail info for SUB-JA-2025-256175: It looks like you are using Playwright Sync API inside the asyncio loop.
Please use the Async API instead.
2026-02-10 10:52:10 [INFO] Updated auction: SUB-JA-2025-256175
2026-02-10 10:52:12 [WARNING] [BOE_PARALLEL_3] Failed to fetch detail info for SUB-JA-2025-256250: It looks like you are using Playwright Sync API inside the asyncio loop.
Please use the Async API instead.
2026-02-10 10:52:12 [INFO] Updated auction: SUB-JA-2025-256250
2026-02-10 10:52:12 [WARNING] [BOE_PARALLEL_3] Failed to fetch detail info for SUB-JC-2025-255029: It looks like you are using Playwright Sync API inside the asyncio loop.
Please use the Async API instead.
2026-02-10 10:52:12 [INFO] Updated auction: SUB-JC-2025-255029
2026-02-10 10:52:12 [WARNING] [BOE_PARALLEL_3] Failed to fetch detail info for SUB-JV-2025-256339: It looks like you are using Playwright Sync API inside the asyncio loop.
Please use the Async API instead.
2026-02-10 10:52:12 [INFO] Updated auction: SUB-JV-2025-256339
2026-02-10 10:52:12 [WARNING] [BOE_PARALLEL_3] Failed to fetch detail info for SUB-NH-2025-1586102: It looks like you are using Playwright Sync API inside the asyncio loop.
Please use the Async API instead.
2026-02-10 10:52:12 [INFO] Updated auction: SUB-NH-2025-1586102
2026-02-10 10:52:12 [WARNING] [BOE_PARALLEL_3] Failed to fetch detail info for SUB-NH-2025-1596098: It looks like you are using Playwright Sync API inside the asyncio loop.
Please use the Async API instead.
2026-02-10 10:52:12 [INFO] Updated auction: SUB-NH-2025-1596098
2026-02-10 10:52:12 [WARNING] [BOE_PARALLEL_3] Failed to fetch detail info for SUB-RC-2025-3900400118028: It looks like you are using Playwright Sync API inside the asyncio loop.
Please use the Async API instead.
2026-02-10 10:52:12 [INFO] Updated auction: SUB-RC-2025-3900400118028
2026-02-10 10:52:12 [WARNING] [BOE_PARALLEL_3] Failed to fetch detail info for SUB-JA-2025-256142: It looks like you are using Playwright Sync API inside the asyncio loop.
Please use the Async API instead.
2026-02-10 10:52:12 [INFO] Updated auction: SUB-JA-2025-256142
2026-02-10 10:52:13 [WARNING] [BOE_PARALLEL_3] Failed to fetch detail info for SUB-RC-2025-3900400120005: It looks like you are using Playwright Sync API inside the asyncio loop.
Please use the Async API instead.
2026-02-10 10:52:13 [INFO] Updated auction: SUB-RC-2025-3900400120005
2026-02-10 10:52:13 [WARNING] [BOE_PARALLEL_3] Failed to fetch detail info for SUB-JA-2025-254835: It looks like you are using Playwright Sync API inside the asyncio loop.
Please use the Async API instead.
2026-02-10 10:52:13 [INFO] Updated auction: SUB-JA-2025-254835
2026-02-10 10:52:13 [WARNING] [BOE_PARALLEL_3] Failed to fetch detail info for SUB-JA-2025-255146: It looks like you are using Playwright Sync API inside the asyncio loop.
Please use the Async API instead.
2026-02-10 10:52:13 [INFO] Updated auction: SUB-JA-2025-255146
2026-02-10 10:52:14 [WARNING] [BOE_PARALLEL_3] Failed to fetch detail info for SUB-JA-2024-235931: It looks like you are using Playwright Sync API inside the asyncio loop.
Please use the Async API instead.
2026-02-10 10:52:14 [INFO] Updated auction: SUB-JA-2024-235931
2026-02-10 10:52:14 [WARNING] [BOE_PARALLEL_3] Failed to fetch detail info for SUB-JA-2025-256094: It looks like you are using Playwright Sync API inside the asyncio loop.
Please use the Async API instead.
2026-02-10 10:52:14 [INFO] Updated auction: SUB-JA-2025-256094
2026-02-10 10:52:15 [WARNING] [BOE_PARALLEL_3] Failed to fetch detail info for SUB-AT-2025-25R4186001448: It looks like you are using Playwright Sync API inside the asyncio loop.
Please use the Async API instead.
2026-02-10 10:52:15 [INFO] Updated auction: SUB-AT-2025-25R4186001448
2026-02-10 10:52:15 [WARNING] [BOE_PARALLEL_3] Failed to fetch detail info for SUB-JA-2025-256238: It looks like you are using Playwright Sync API inside the asyncio loop.
Please use the Async API instead.
2026-02-10 10:52:15 [INFO] Updated auction: SUB-JA-2025-256238
2026-02-10 10:52:15 [WARNING] [BOE_PARALLEL_3] Failed to fetch detail info for SUB-RC-2025-0025I20250030: It looks like you are using Playwright Sync API inside the asyncio loop.
Please use the Async API instead.
2026-02-10 10:52:15 [INFO] Updated auction: SUB-RC-2025-0025I20250030
2026-02-10 10:52:15 [WARNING] [BOE_PARALLEL_3] Failed to fetch detail info for SUB-JA-2025-254490: It looks like you are using Playwright Sync API inside the asyncio loop.
Please use the Async API instead.
2026-02-10 10:52:15 [INFO] Updated auction: SUB-JA-2025-254490
2026-02-10 10:52:15 [WARNING] [BOE_PARALLEL_3] Failed to fetch detail info for SUB-RC-2025-3900400124001: It looks like you are using Playwright Sync API inside the asyncio loop.
Please use the Async API instead.
2026-02-10 10:52:15 [INFO] Updated auction: SUB-RC-2025-3900400124001
2026-02-10 10:52:15 [WARNING] [BOE_PARALLEL_3] Failed to fetch detail info for SUB-RC-2025-2607100100010: It looks like you are using Playwright Sync API inside the asyncio loop.
Please use the Async API instead.
2026-02-10 10:52:15 [INFO] Updated auction: SUB-RC-2025-2607100100010
2026-02-10 10:52:15 [WARNING] [BOE_PARALLEL_3] Failed to fetch detail info for SUB-AT-2025-25R4586001262: It looks like you are using Playwright Sync API inside the asyncio loop.
Please use the Async API instead.
2026-02-10 10:52:15 [INFO] Updated auction: SUB-AT-2025-25R4586001262
2026-02-10 10:52:16 [WARNING] [BOE_PARALLEL_3] Failed to fetch detail info for SUB-RC-2025-29003001IB625: It looks like you are using Playwright Sync API inside the asyncio loop.
Please use the Async API instead.
2026-02-10 10:52:16 [INFO] Updated auction: SUB-RC-2025-29003001IB625
2026-02-10 10:52:18 [WARNING] [BOE_PARALLEL_3] Failed to fetch detail info for SUB-JA-2025-252693: It looks like you are using Playwright Sync API inside the asyncio loop.
Please use the Async API instead.
2026-02-10 10:52:18 [INFO] Updated auction: SUB-JA-2025-252693
2026-02-10 10:52:18 [WARNING] [BOE_PARALLEL_3] Failed to fetch detail info for SUB-JA-2025-254181: It looks like you are using Playwright Sync API inside the asyncio loop.
Please use the Async API instead.
2026-02-10 10:52:18 [INFO] Updated auction: SUB-JA-2025-254181
2026-02-10 10:52:18 [WARNING] [BOE_PARALLEL_3] Failed to fetch detail info for SUB-JA-2025-256073: It looks like you are using Playwright Sync API inside the asyncio loop.
Please use the Async API instead.
2026-02-10 10:52:18 [INFO] Updated auction: SUB-JA-2025-256073
2026-02-10 10:52:18 [WARNING] [BOE_PARALLEL_3] Failed to fetch detail info for SUB-JA-2025-256329: It looks like you are using Playwright Sync API inside the asyncio loop.
Please use the Async API instead.
2026-02-10 10:52:18 [INFO] Updated auction: SUB-JA-2025-256329
2026-02-10 10:52:18 [WARNING] [BOE_PARALLEL_3] Failed to fetch detail info for SUB-AT-2025-25R4186001578: It looks like you are using Playwright Sync API inside the asyncio loop.
Please use the Async API instead.
2026-02-10 10:52:18 [INFO] Updated auction: SUB-AT-2025-25R4186001578
2026-02-10 10:52:18 [WARNING] [BOE_PARALLEL_3] Failed to fetch detail info for SUB-JA-2025-255482: It looks like you are using Playwright Sync API inside the asyncio loop.
Please use the Async API instead.
2026-02-10 10:52:18 [INFO] Updated auction: SUB-JA-2025-255482
2026-02-10 10:52:18 [WARNING] [BOE_PARALLEL_3] Failed to fetch detail info for SUB-AT-2025-25R4186001594: It looks like you are using Playwright Sync API inside the asyncio loop.
Please use the Async API instead.
2026-02-10 10:52:18 [INFO] Updated auction: SUB-AT-2025-25R4186001594
2026-02-10 10:52:19 [WARNING] [BOE_PARALLEL_3] Failed to fetch detail info for SUB-JA-2025-255930: It looks like you are using Playwright Sync API inside the asyncio loop.
Please use the Async API instead.
2026-02-10 10:52:19 [INFO] Updated auction: SUB-JA-2025-255930
2026-02-10 10:52:19 [WARNING] [BOE_PARALLEL_3] Failed to fetch detail info for SUB-JA-2025-255779: It looks like you are using Playwright Sync API inside the asyncio loop.
Please use the Async API instead.
2026-02-10 10:52:19 [INFO] Updated auction: SUB-JA-2025-255779
2026-02-10 10:52:19 [WARNING] [BOE_PARALLEL_3] Failed to fetch detail info for SUB-JA-2025-253130: It looks like you are using Playwright Sync API inside the asyncio loop.
Please use the Async API instead.
2026-02-10 10:52:19 [INFO] Updated auction: SUB-JA-2025-253130
2026-02-10 10:52:21 [WARNING] [BOE_PARALLEL_3] Failed to fetch detail info for SUB-JA-2025-255947: It looks like you are using Playwright Sync API inside the asyncio loop.
Please use the Async API instead.
2026-02-10 10:52:21 [INFO] Updated auction: SUB-JA-2025-255947
2026-02-10 10:52:21 [WARNING] [BOE_PARALLEL_3] Failed to fetch detail info for SUB-AT-2025-25R4186001620: It looks like you are using Playwright Sync API inside the asyncio loop.
Please use the Async API instead.
2026-02-10 10:52:21 [INFO] Updated auction: SUB-AT-2025-25R4186001620
2026-02-10 10:52:21 [WARNING] [BOE_PARALLEL_3] Failed to fetch detail info for SUB-AT-2025-25R4186001631: It looks like you are using Playwright Sync API inside the asyncio loop.
Please use the Async API instead.
2026-02-10 10:52:21 [INFO] Updated auction: SUB-AT-2025-25R4186001631
2026-02-10 10:52:21 [WARNING] [BOE_PARALLEL_3] Failed to fetch detail info for SUB-JA-2025-256162: It looks like you are using Playwright Sync API inside the asyncio loop.
Please use the Async API instead.
2026-02-10 10:52:21 [INFO] Updated auction: SUB-JA-2025-256162
2026-02-10 10:52:21 [WARNING] [BOE_PARALLEL_3] Failed to fetch detail info for SUB-AT-2025-25R4186001618: It looks like you are using Playwright Sync API inside the asyncio loop.
Please use the Async API instead.
2026-02-10 10:52:21 [INFO] Updated auction: SUB-AT-2025-25R4186001618
2026-02-10 10:52:22 [WARNING] [BOE_PARALLEL_3] Failed to fetch detail info for SUB-RC-2025-3900400118014: It looks like you are using Playwright Sync API inside the asyncio loop.
Please use the Async API instead.
2026-02-10 10:52:22 [INFO] Updated auction: SUB-RC-2025-3900400118014
2026-02-10 10:52:22 [WARNING] [BOE_PARALLEL_3] Failed to fetch detail info for SUB-AT-2025-25R4186001619: It looks like you are using Playwright Sync API inside the asyncio loop.
Please use the Async API instead.
2026-02-10 10:52:22 [INFO] Updated auction: SUB-AT-2025-25R4186001619
2026-02-10 10:52:22 [WARNING] [BOE_PARALLEL_3] Failed to fetch detail info for SUB-AT-2025-25R4186001553: It looks like you are using Playwright Sync API inside the asyncio loop.
Please use the Async API instead.
2026-02-10 10:52:22 [INFO] Updated auction: SUB-AT-2025-25R4186001553
2026-02-10 10:52:22 [WARNING] [BOE_PARALLEL_3] Failed to fetch detail info for SUB-RC-2025-3900400117014: It looks like you are using Playwright Sync API inside the asyncio loop.
Please use the Async API instead.
2026-02-10 10:52:22 [INFO] Updated auction: SUB-RC-2025-3900400117014
2026-02-10 10:52:22 [WARNING] [BOE_PARALLEL_3] Failed to fetch detail info for SUB-JA-2025-255623: It looks like you are using Playwright Sync API inside the asyncio loop.
Please use the Async API instead.
2026-02-10 10:52:22 [INFO] Updated auction: SUB-JA-2025-255623
2026-02-10 10:52:24 [WARNING] [BOE_PARALLEL_3] Failed to fetch detail info for SUB-RC-2025-1400100125013: It looks like you are using Playwright Sync API inside the asyncio loop.
Please use the Async API instead.
2026-02-10 10:52:24 [INFO] Updated auction: SUB-RC-2025-1400100125013
2026-02-10 10:52:24 [WARNING] [BOE_PARALLEL_3] Failed to fetch detail info for SUB-JA-2025-255715: It looks like you are using Playwright Sync API inside the asyncio loop.
Please use the Async API instead.
2026-02-10 10:52:24 [INFO] Updated auction: SUB-JA-2025-255715
2026-02-10 10:52:24 [WARNING] [BOE_PARALLEL_3] Failed to fetch detail info for SUB-JA-2025-256129: It looks like you are using Playwright Sync API inside the asyncio loop.
Please use the Async API instead.
2026-02-10 10:52:24 [INFO] Updated auction: SUB-JA-2025-256129
2026-02-10 10:52:24 [WARNING] [BOE_PARALLEL_3] Failed to fetch detail info for SUB-RC-2025-29003001IB725: It looks like you are using Playwright Sync API inside the asyncio loop.
Please use the Async API instead.
2026-02-10 10:52:24 [INFO] Updated auction: SUB-RC-2025-29003001IB725
2026-02-10 10:52:24 [WARNING] [BOE_PARALLEL_3] Failed to fetch detail info for SUB-JA-2025-254336: It looks like you are using Playwright Sync API inside the asyncio loop.
Please use the Async API instead.
2026-02-10 10:52:24 [INFO] Updated auction: SUB-JA-2025-254336
2026-02-10 10:52:24 [WARNING] [BOE_PARALLEL_3] Failed to fetch detail info for SUB-JA-2023-211858: It looks like you are using Playwright Sync API inside the asyncio loop.
Please use the Async API instead.
2026-02-10 10:52:24 [INFO] Updated auction: SUB-JA-2023-211858
2026-02-10 10:52:24 [WARNING] [BOE_PARALLEL_3] Failed to fetch detail info for SUB-JA-2023-213401: It looks like you are using Playwright Sync API inside the asyncio loop.
Please use the Async API instead.
2026-02-10 10:52:24 [INFO] Updated auction: SUB-JA-2023-213401
2026-02-10 10:52:24 [WARNING] [BOE_PARALLEL_3] Failed to fetch detail info for SUB-JA-2024-229616: It looks like you are using Playwright Sync API inside the asyncio loop.
Please use the Async API instead.
2026-02-10 10:52:24 [INFO] Updated auction: SUB-JA-2024-229616
2026-02-10 10:52:24 [WARNING] [BOE_PARALLEL_3] Failed to fetch detail info for SUB-JA-2024-235430: It looks like you are using Playwright Sync API inside the asyncio loop.
Please use the Async API instead.
2026-02-10 10:52:24 [INFO] Updated auction: SUB-JA-2024-235430
2026-02-10 10:52:24 [WARNING] [BOE_PARALLEL_3] Failed to fetch detail info for SUB-JA-2025-243277: It looks like you are using Playwright Sync API inside the asyncio loop.
Please use the Async API instead.
2026-02-10 10:52:24 [INFO] Updated auction: SUB-JA-2025-243277
2026-02-10 10:52:26 [WARNING] [BOE_PARALLEL_3] Failed to fetch detail info for SUB-JA-2025-245832: It looks like you are using Playwright Sync API inside the asyncio loop.
Please use the Async API instead.
2026-02-10 10:52:26 [INFO] Updated auction: SUB-JA-2025-245832
2026-02-10 10:52:26 [WARNING] [BOE_PARALLEL_3] Failed to fetch detail info for SUB-JA-2025-248419: It looks like you are using Playwright Sync API inside the asyncio loop.
Please use the Async API instead.
2026-02-10 10:52:26 [INFO] Updated auction: SUB-JA-2025-248419
2026-02-10 10:52:26 [WARNING] [BOE_PARALLEL_3] Failed to fetch detail info for SUB-JA-2025-251690: It looks like you are using Playwright Sync API inside the asyncio loop.
Please use the Async API instead.
2026-02-10 10:52:26 [INFO] Updated auction: SUB-JA-2025-251690
2026-02-10 10:52:26 [WARNING] [BOE_PARALLEL_3] Failed to fetch detail info for SUB-JA-2025-251916: It looks like you are using Playwright Sync API inside the asyncio loop.
Please use the Async API instead.
2026-02-10 10:52:26 [INFO] Updated auction: SUB-JA-2025-251916
2026-02-10 10:52:26 [WARNING] [BOE_PARALLEL_3] Failed to fetch detail info for SUB-JA-2025-253306: It looks like you are using Playwright Sync API inside the asyncio loop.
Please use the Async API instead.
2026-02-10 10:52:26 [INFO] Updated auction: SUB-JA-2025-253306
2026-02-10 10:52:26 [WARNING] [BOE_PARALLEL_3] Failed to fetch detail info for SUB-JA-2025-253776: It looks like you are using Playwright Sync API inside the asyncio loop.
Please use the Async API instead.
2026-02-10 10:52:26 [INFO] Updated auction: SUB-JA-2025-253776
2026-02-10 10:52:26 [WARNING] [BOE_PARALLEL_3] Failed to fetch detail info for SUB-JA-2025-253863: It looks like you are using Playwright Sync API inside the asyncio loop.
Please use the Async API instead.
2026-02-10 10:52:26 [INFO] Updated auction: SUB-JA-2025-253863
2026-02-10 10:52:26 [WARNING] [BOE_PARALLEL_3] Failed to fetch detail info for SUB-JA-2025-254079: It looks like you are using Playwright Sync API inside the asyncio loop.
Please use the Async API instead.
2026-02-10 10:52:26 [INFO] Updated auction: SUB-JA-2025-254079
2026-02-10 10:52:26 [WARNING] [BOE_PARALLEL_3] Failed to fetch detail info for SUB-JA-2025-254766: It looks like you are using Playwright Sync API inside the asyncio loop.
Please use the Async API instead.
2026-02-10 10:52:26 [INFO] Updated auction: SUB-JA-2025-254766
2026-02-10 10:52:26 [WARNING] [BOE_PARALLEL_3] Failed to fetch detail info for SUB-JA-2025-255484: It looks like you are using Playwright Sync API inside the asyncio loop.
Please use the Async API instead.
2026-02-10 10:52:26 [INFO] Updated auction: SUB-JA-2025-255484
2026-02-10 10:52:28 [WARNING] [BOE_PARALLEL_3] Failed to fetch detail info for SUB-JA-2025-255637: It looks like you are using Playwright Sync API inside the asyncio loop.
Please use the Async API instead.
2026-02-10 10:52:28 [INFO] Updated auction: SUB-JA-2025-255637
2026-02-10 10:52:28 [WARNING] [BOE_PARALLEL_3] Failed to fetch detail info for SUB-NH-2025-1606100: It looks like you are using Playwright Sync API inside the asyncio loop.
Please use the Async API instead.
2026-02-10 10:52:28 [INFO] Updated auction: SUB-NH-2025-1606100
2026-02-10 10:52:28 [WARNING] [BOE_PARALLEL_3] Failed to fetch detail info for SUB-NH-2025-1606101: It looks like you are using Playwright Sync API inside the asyncio loop.
Please use the Async API instead.
2026-02-10 10:52:28 [INFO] Updated auction: SUB-NH-2025-1606101
2026-02-10 10:52:28 [WARNING] [BOE_PARALLEL_3] Failed to fetch detail info for SUB-NN-2025-1586103: It looks like you are using Playwright Sync API inside the asyncio loop.
Please use the Async API instead.
2026-02-10 10:52:28 [INFO] Updated auction: SUB-NN-2025-1586103
2026-02-10 10:52:28 [WARNING] [BOE_PARALLEL_3] Failed to fetch detail info for SUB-RC-2025-0026I20230270: It looks like you are using Playwright Sync API inside the asyncio loop.
Please use the Async API instead.
2026-02-10 10:52:28 [INFO] Updated auction: SUB-RC-2025-0026I20230270
2026-02-10 10:52:28 [WARNING] [BOE_PARALLEL_3] Failed to fetch detail info for SUB-RC-2025-0026I20240215: It looks like you are using Playwright Sync API inside the asyncio loop.
Please use the Async API instead.
2026-02-10 10:52:28 [INFO] Updated auction: SUB-RC-2025-0026I20240215
2026-02-10 10:52:28 [WARNING] [BOE_PARALLEL_3] Failed to fetch detail info for SUB-RC-2025-0026I20240289: It looks like you are using Playwright Sync API inside the asyncio loop.
Please use the Async API instead.
2026-02-10 10:52:28 [INFO] Updated auction: SUB-RC-2025-0026I20240289
2026-02-10 10:52:29 [WARNING] [BOE_PARALLEL_3] Failed to fetch detail info for SUB-RC-2025-0026I20240328: It looks like you are using Playwright Sync API inside the asyncio loop.
Please use the Async API instead.
2026-02-10 10:52:29 [INFO] Updated auction: SUB-RC-2025-0026I20240328
2026-02-10 10:52:29 [WARNING] [BOE_PARALLEL_3] Failed to fetch detail info for SUB-RC-2025-0026I20250120: It looks like you are using Playwright Sync API inside the asyncio loop.
Please use the Async API instead.
2026-02-10 10:52:29 [INFO] Updated auction: SUB-RC-2025-0026I20250120
2026-02-10 10:52:29 [WARNING] [BOE_PARALLEL_3] Failed to fetch detail info for SUB-RC-2025-0026I20250164: It looks like you are using Playwright Sync API inside the asyncio loop.
Please use the Async API instead.
2026-02-10 10:52:29 [INFO] Updated auction: SUB-RC-2025-0026I20250164
2026-02-10 10:52:31 [WARNING] [BOE_PARALLEL_3] Failed to fetch detail info for SUB-RC-2025-0026I20250204: It looks like you are using Playwright Sync API inside the asyncio loop.
Please use the Async API instead.
2026-02-10 10:52:31 [INFO] Updated auction: SUB-RC-2025-0026I20250204
2026-02-10 10:52:31 [WARNING] [BOE_PARALLEL_3] Failed to fetch detail info for SUB-RC-2025-0026I20250206: It looks like you are using Playwright Sync API inside the asyncio loop.
Please use the Async API instead.
2026-02-10 10:52:31 [INFO] Updated auction: SUB-RC-2025-0026I20250206
2026-02-10 10:52:31 [WARNING] [BOE_PARALLEL_3] Failed to fetch detail info for SUB-RC-2025-0026I20250214: It looks like you are using Playwright Sync API inside the asyncio loop.
Please use the Async API instead.
2026-02-10 10:52:31 [INFO] Updated auction: SUB-RC-2025-0026I20250214
2026-02-10 10:52:31 [WARNING] [BOE_PARALLEL_3] Failed to fetch detail info for SUB-RC-2025-0026I20250202: It looks like you are using Playwright Sync API inside the asyncio loop.
Please use the Async API instead.
2026-02-10 10:52:31 [INFO] Updated auction: SUB-RC-2025-0026I20250202
2026-02-10 10:52:31 [WARNING] [BOE_PARALLEL_3] Failed to fetch detail info for SUB-RC-2025-0026I20240207: It looks like you are using Playwright Sync API inside the asyncio loop.
Please use the Async API instead.
2026-02-10 10:52:31 [INFO] Updated auction: SUB-RC-2025-0026I20240207
2026-02-10 10:52:31 [WARNING] [BOE_PARALLEL_3] Failed to fetch detail info for SUB-JC-2025-254985: It looks like you are using Playwright Sync API inside the asyncio loop.
Please use the Async API instead.
2026-02-10 10:52:31 [INFO] Updated auction: SUB-JC-2025-254985
2026-02-10 10:52:31 [WARNING] [BOE_PARALLEL_3] Failed to fetch detail info for SUB-JA-2025-246914: It looks like you are using Playwright Sync API inside the asyncio loop.
Please use the Async API instead.
2026-02-10 10:52:31 [INFO] Updated auction: SUB-JA-2025-246914
2026-02-10 10:52:31 [WARNING] [BOE_PARALLEL_3] Failed to fetch detail info for SUB-RC-2025-0026I20250211: It looks like you are using Playwright Sync API inside the asyncio loop.
Please use the Async API instead.
2026-02-10 10:52:31 [INFO] Updated auction: SUB-RC-2025-0026I20250211
2026-02-10 10:52:31 [WARNING] [BOE_PARALLEL_3] Failed to fetch detail info for SUB-JA-2025-255532: It looks like you are using Playwright Sync API inside the asyncio loop.
Please use the Async API instead.
2026-02-10 10:52:31 [INFO] Updated auction: SUB-JA-2025-255532
2026-02-10 10:52:31 [WARNING] [BOE_PARALLEL_3] Failed to fetch detail info for SUB-JA-2025-247580: It looks like you are using Playwright Sync API inside the asyncio loop.
Please use the Async API instead.
2026-02-10 10:52:31 [INFO] Updated auction: SUB-JA-2025-247580
2026-02-10 10:52:33 [WARNING] [BOE_PARALLEL_3] Failed to fetch detail info for SUB-JA-2025-248263: It looks like you are using Playwright Sync API inside the asyncio loop.
Please use the Async API instead.
2026-02-10 10:52:33 [INFO] Updated auction: SUB-JA-2025-248263
2026-02-10 10:52:33 [WARNING] [BOE_PARALLEL_3] Failed to fetch detail info for SUB-RC-2025-0026I20250005: It looks like you are using Playwright Sync API inside the asyncio loop.
Please use the Async API instead.
2026-02-10 10:52:33 [INFO] Updated auction: SUB-RC-2025-0026I20250005
2026-02-10 10:52:33 [WARNING] [BOE_PARALLEL_3] Failed to fetch detail info for SUB-JA-2025-254776: It looks like you are using Playwright Sync API inside the asyncio loop.
Please use the Async API instead.
2026-02-10 10:52:33 [INFO] Updated auction: SUB-JA-2025-254776
2026-02-10 10:52:33 [WARNING] [BOE_PARALLEL_3] Failed to fetch detail info for SUB-JA-2025-252945: It looks like you are using Playwright Sync API inside the asyncio loop.
Please use the Async API instead.
2026-02-10 10:52:33 [INFO] Updated auction: SUB-JA-2025-252945
2026-02-10 10:52:34 [WARNING] [BOE_PARALLEL_3] Failed to fetch detail info for SUB-JA-2025-254226: It looks like you are using Playwright Sync API inside the asyncio loop.
Please use the Async API instead.
2026-02-10 10:52:34 [INFO] Updated auction: SUB-JA-2025-254226
2026-02-10 10:52:34 [WARNING] [BOE_PARALLEL_3] Failed to fetch detail info for SUB-JA-2024-239208: It looks like you are using Playwright Sync API inside the asyncio loop.
Please use the Async API instead.
2026-02-10 10:52:34 [INFO] Updated auction: SUB-JA-2024-239208
2026-02-10 10:52:34 [WARNING] [BOE_PARALLEL_3] Failed to fetch detail info for SUB-JV-2025-252206: It looks like you are using Playwright Sync API inside the asyncio loop.
Please use the Async API instead.
2026-02-10 10:52:34 [INFO] Updated auction: SUB-JV-2025-252206
2026-02-10 10:52:34 [WARNING] [BOE_PARALLEL_3] Failed to fetch detail info for SUB-JA-2025-255244: It looks like you are using Playwright Sync API inside the asyncio loop.
Please use the Async API instead.
2026-02-10 10:52:34 [INFO] Updated auction: SUB-JA-2025-255244
2026-02-10 10:52:34 [WARNING] [BOE_PARALLEL_3] Failed to fetch detail info for SUB-JA-2025-248070: It looks like you are using Playwright Sync API inside the asyncio loop.
Please use the Async API instead.
2026-02-10 10:52:34 [INFO] Updated auction: SUB-JA-2025-248070
2026-02-10 10:52:34 [WARNING] [BOE_PARALLEL_3] Failed to fetch detail info for SUB-JA-2025-254113: It looks like you are using Playwright Sync API inside the asyncio loop.
Please use the Async API instead.
2026-02-10 10:52:34 [INFO] Updated auction: SUB-JA-2025-254113
2026-02-10 10:52:36 [WARNING] [BOE_PARALLEL_3] Failed to fetch detail info for SUB-AT-2025-25R0686001042: It looks like you are using Playwright Sync API inside the asyncio loop.
Please use the Async API instead.
2026-02-10 10:52:36 [INFO] Updated auction: SUB-AT-2025-25R0686001042
2026-02-10 10:52:36 [WARNING] [BOE_PARALLEL_3] Failed to fetch detail info for SUB-JA-2025-252031: It looks like you are using Playwright Sync API inside the asyncio loop.
Please use the Async API instead.
2026-02-10 10:52:36 [INFO] Updated auction: SUB-JA-2025-252031
2026-02-10 10:52:45 [INFO] [BOE_PARALLEL_3] [Scraper 3] ✓ Batch complete: Found 352, Fetched 352
2026-02-10 10:53:05 [INFO] [BOE_PARALLEL_3] 
[Scraper 3] Batch 3/3: 2026-01-31_to_2026-02-10
2026-02-10 10:53:08 [INFO] [BOE_PARALLEL_3]   Navigating to BOE search page...
2026-02-10 10:53:13 [INFO] [BOE_PARALLEL_3]   Filling dates: 2026-01-31 to 2026-02-10
2026-02-10 10:53:16 [INFO] [BOE_PARALLEL_3]   Setting 500 results per page...
2026-02-10 10:53:18 [INFO] [BOE_PARALLEL_3]   Submitting search...
2026-02-10 10:53:26 [INFO] [BOE_PARALLEL_3]   Search submitted successfully
2026-02-10 10:53:29 [INFO] [BOE_PARALLEL_3]   Page 1: 415 items
2026-02-10 10:53:29 [WARNING] [BOE_PARALLEL_3] Failed to fetch detail info for SUB-JA-2025-251705: It looks like you are using Playwright Sync API inside the asyncio loop.
Please use the Async API instead.
2026-02-10 10:53:29 [INFO] Updated auction: SUB-JA-2025-251705
2026-02-10 10:53:29 [WARNING] [BOE_PARALLEL_3] Failed to fetch detail info for SUB-JA-2022-196670: It looks like you are using Playwright Sync API inside the asyncio loop.
Please use the Async API instead.
2026-02-10 10:53:29 [INFO] Updated auction: SUB-JA-2022-196670
2026-02-10 10:53:29 [WARNING] [BOE_PARALLEL_3] Failed to fetch detail info for SUB-AT-2025-25R3586001079: It looks like you are using Playwright Sync API inside the asyncio loop.
Please use the Async API instead.
2026-02-10 10:53:29 [INFO] Updated auction: SUB-AT-2025-25R3586001079
2026-02-10 10:53:29 [WARNING] [BOE_PARALLEL_3] Failed to fetch detail info for SUB-JA-2025-253824: It looks like you are using Playwright Sync API inside the asyncio loop.
Please use the Async API instead.
2026-02-10 10:53:29 [INFO] Updated auction: SUB-JA-2025-253824
2026-02-10 10:53:29 [WARNING] [BOE_PARALLEL_3] Failed to fetch detail info for SUB-RC-2025-280050010525: It looks like you are using Playwright Sync API inside the asyncio loop.
Please use the Async API instead.
2026-02-10 10:53:29 [INFO] Updated auction: SUB-RC-2025-280050010525
2026-02-10 10:53:30 [WARNING] [BOE_PARALLEL_3] Failed to fetch detail info for SUB-JA-2025-254281: It looks like you are using Playwright Sync API inside the asyncio loop.
Please use the Async API instead.
2026-02-10 10:53:30 [INFO] Updated auction: SUB-JA-2025-254281
2026-02-10 10:53:30 [WARNING] [BOE_PARALLEL_3] Failed to fetch detail info for SUB-JV-2025-255428: It looks like you are using Playwright Sync API inside the asyncio loop.
Please use the Async API instead.
2026-02-10 10:53:30 [INFO] Updated auction: SUB-JV-2025-255428
2026-02-10 10:53:30 [WARNING] [BOE_PARALLEL_3] Failed to fetch detail info for SUB-AT-2025-25R4586001105: It looks like you are using Playwright Sync API inside the asyncio loop.
Please use the Async API instead.
2026-02-10 10:53:30 [INFO] Updated auction: SUB-AT-2025-25R4586001105
2026-02-10 10:53:30 [WARNING] [BOE_PARALLEL_3] Failed to fetch detail info for SUB-JA-2025-248899: It looks like you are using Playwright Sync API inside the asyncio loop.
Please use the Async API instead.
2026-02-10 10:53:30 [INFO] Updated auction: SUB-JA-2025-248899
2026-02-10 10:53:30 [WARNING] [BOE_PARALLEL_3] Failed to fetch detail info for SUB-JV-2022-195454: It looks like you are using Playwright Sync API inside the asyncio loop.
Please use the Async API instead.
2026-02-10 10:53:30 [INFO] Updated auction: SUB-JV-2022-195454
2026-02-10 10:53:41 [WARNING] [BOE_PARALLEL_3] Failed to fetch detail info for SUB-AT-2026-25R0886001640: It looks like you are using Playwright Sync API inside the asyncio loop.
Please use the Async API instead.
2026-02-10 10:53:41 [INFO] Updated auction: SUB-AT-2026-25R0886001640
2026-02-10 11:33:56 [INFO] BrowserManager initialized
2026-02-10 11:33:56 [INFO] DatabaseAdapter initialized with sqlite
2026-02-10 11:33:56 [INFO] [BOE_PARALLEL_3] [Scraper 3] Starting: 3 batches (15-day chunks)
2026-02-10 11:33:56 [INFO] [BOE_PARALLEL_3] [Scraper 3] Range: 2026-01-01 to 2026-02-10
2026-02-10 11:33:56 [INFO] [BOE_PARALLEL_3] [Scraper 3] Skipping 2026-01-01_to_2026-01-15 (completed)
2026-02-10 11:33:56 [INFO] [BOE_PARALLEL_3] [Scraper 3] Skipping 2026-01-16_to_2026-01-30 (completed)
2026-02-10 11:33:56 [INFO] [BOE_PARALLEL_3] 
[Scraper 3] Batch 3/3: 2026-01-31_to_2026-02-10
2026-02-10 11:34:06 [INFO] [BOE_PARALLEL_3] [Scraper 3] Launched dedicated browser
2026-02-10 11:34:08 [INFO] [BOE_PARALLEL_3]   Navigating to BOE search page...
2026-02-10 11:34:17 [INFO] [BOE_PARALLEL_3]   Filling dates: 2026-01-31 to 2026-02-10
2026-02-10 11:34:21 [INFO] [BOE_PARALLEL_3]   Setting 500 results per page...
2026-02-10 11:34:23 [INFO] [BOE_PARALLEL_3]   Submitting search...
2026-02-10 11:34:32 [INFO] [BOE_PARALLEL_3]   Search submitted successfully
2026-02-10 11:34:35 [INFO] [BOE_PARALLEL_3]   Page 1: 415 items
2026-02-10 11:34:35 [WARNING] [BOE_PARALLEL_3] Failed to fetch detail info for SUB-JA-2025-251705: It looks like you are using Playwright Sync API inside the asyncio loop.
Please use the Async API instead.
2026-02-10 11:34:35 [INFO] Connecting to SQLite: C:\Users\D\Desktop\dnksubastas\data\database\prod.db
2026-02-10 11:34:35 [INFO] Database connection established
2026-02-10 11:34:35 [INFO] Updated auction: SUB-JA-2025-251705
2026-02-10 11:34:35 [WARNING] [BOE_PARALLEL_3] Failed to fetch detail info for SUB-JA-2022-196670: It looks like you are using Playwright Sync API inside the asyncio loop.
Please use the Async API instead.
2026-02-10 11:34:35 [INFO] Updated auction: SUB-JA-2022-196670
2026-02-10 11:34:35 [WARNING] [BOE_PARALLEL_3] Failed to fetch detail info for SUB-AT-2025-25R3586001079: It looks like you are using Playwright Sync API inside the asyncio loop.
Please use the Async API instead.
2026-02-10 11:34:35 [INFO] Updated auction: SUB-AT-2025-25R3586001079
2026-02-10 11:34:35 [WARNING] [BOE_PARALLEL_3] Failed to fetch detail info for SUB-JA-2025-253824: It looks like you are using Playwright Sync API inside the asyncio loop.
Please use the Async API instead.
2026-02-10 11:34:35 [INFO] Updated auction: SUB-JA-2025-253824
2026-02-10 11:34:36 [WARNING] [BOE_PARALLEL_3] Failed to fetch detail info for SUB-RC-2025-280050010525: It looks like you are using Playwright Sync API inside the asyncio loop.
Please use the Async API instead.
2026-02-10 11:34:36 [INFO] Updated auction: SUB-RC-2025-280050010525
2026-02-10 11:34:36 [WARNING] [BOE_PARALLEL_3] Failed to fetch detail info for SUB-JA-2025-254281: It looks like you are using Playwright Sync API inside the asyncio loop.
Please use the Async API instead.
2026-02-10 11:34:36 [INFO] Updated auction: SUB-JA-2025-254281
2026-02-10 11:34:36 [WARNING] [BOE_PARALLEL_3] Failed to fetch detail info for SUB-JV-2025-255428: It looks like you are using Playwright Sync API inside the asyncio loop.
Please use the Async API instead.
2026-02-10 11:34:36 [INFO] Updated auction: SUB-JV-2025-255428
2026-02-10 11:34:36 [WARNING] [BOE_PARALLEL_3] Failed to fetch detail info for SUB-AT-2025-25R4586001105: It looks like you are using Playwright Sync API inside the asyncio loop.
Please use the Async API instead.
2026-02-10 11:34:36 [INFO] Updated auction: SUB-AT-2025-25R4586001105
2026-02-10 11:34:36 [WARNING] [BOE_PARALLEL_3] Failed to fetch detail info for SUB-JA-2025-248899: It looks like you are using Playwright Sync API inside the asyncio loop.
Please use the Async API instead.
2026-02-10 11:34:36 [INFO] Updated auction: SUB-JA-2025-248899
2026-02-10 11:34:36 [WARNING] [BOE_PARALLEL_3] Failed to fetch detail info for SUB-JV-2022-195454: It looks like you are using Playwright Sync API inside the asyncio loop.
Please use the Async API instead.
2026-02-10 11:34:36 [INFO] Updated auction: SUB-JV-2022-195454
2026-02-10 11:34:37 [WARNING] [BOE_PARALLEL_3] Failed to fetch detail info for SUB-AT-2026-25R0886001640: It looks like you are using Playwright Sync API inside the asyncio loop.
Please use the Async API instead.
2026-02-10 11:34:37 [INFO] Updated auction: SUB-AT-2026-25R0886001640
2026-02-10 11:34:37 [WARNING] [BOE_PARALLEL_3] Failed to fetch detail info for SUB-AT-2026-25R2986001096: It looks like you are using Playwright Sync API inside the asyncio loop.
Please use the Async API instead.
2026-02-10 11:34:37 [INFO] Updated auction: SUB-AT-2026-25R2986001096
2026-02-10 11:34:37 [WARNING] [BOE_PARALLEL_3] Failed to fetch detail info for SUB-AT-2026-25R2986001237: It looks like you are using Playwright Sync API inside the asyncio loop.
Please use the Async API instead.
2026-02-10 11:34:37 [INFO] Updated auction: SUB-AT-2026-25R2986001237
2026-02-10 11:34:37 [WARNING] [BOE_PARALLEL_3] Failed to fetch detail info for SUB-AT-2026-25R3886001008: It looks like you are using Playwright Sync API inside the asyncio loop.
Please use the Async API instead.
2026-02-10 11:34:37 [INFO] Updated auction: SUB-AT-2026-25R3886001008
2026-02-10 11:34:37 [WARNING] [BOE_PARALLEL_3] Failed to fetch detail info for SUB-AT-2026-25R3886001009: It looks like you are using Playwright Sync API inside the asyncio loop.
Please use the Async API instead.
2026-02-10 11:34:37 [INFO] Updated auction: SUB-AT-2026-25R3886001009
2026-02-10 11:34:37 [WARNING] [BOE_PARALLEL_3] Failed to fetch detail info for SUB-AT-2026-25R3886001010: It looks like you are using Playwright Sync API inside the asyncio loop.
Please use the Async API instead.
2026-02-10 11:34:37 [INFO] Updated auction: SUB-AT-2026-25R3886001010
2026-02-10 11:34:38 [WARNING] [BOE_PARALLEL_3] Failed to fetch detail info for SUB-AT-2026-25R3886001048: It looks like you are using Playwright Sync API inside the asyncio loop.
Please use the Async API instead.
2026-02-10 11:34:38 [INFO] Updated auction: SUB-AT-2026-25R3886001048
2026-02-10 11:34:38 [WARNING] [BOE_PARALLEL_3] Failed to fetch detail info for SUB-AT-2026-25R4786001288: It looks like you are using Playwright Sync API inside the asyncio loop.
Please use the Async API instead.
2026-02-10 11:34:38 [INFO] Updated auction: SUB-AT-2026-25R4786001288
2026-02-10 11:34:38 [WARNING] [BOE_PARALLEL_3] Failed to fetch detail info for SUB-AT-2026-25R4786001316: It looks like you are using Playwright Sync API inside the asyncio loop.
Please use the Async API instead.
2026-02-10 11:34:38 [INFO] Updated auction: SUB-AT-2026-25R4786001316
2026-02-10 11:34:38 [WARNING] [BOE_PARALLEL_3] Failed to fetch detail info for SUB-AT-2026-25R4786002011: It looks like you are using Playwright Sync API inside the asyncio loop.
Please use the Async API instead.
2026-02-10 11:34:38 [INFO] Updated auction: SUB-AT-2026-25R4786002011
2026-02-10 11:34:39 [WARNING] [BOE_PARALLEL_3] Failed to fetch detail info for SUB-AT-2026-25R4786002028: It looks like you are using Playwright Sync API inside the asyncio loop.
Please use the Async API instead.
2026-02-10 11:34:39 [INFO] Updated auction: SUB-AT-2026-25R4786002028
2026-02-10 11:34:39 [WARNING] [BOE_PARALLEL_3] Failed to fetch detail info for SUB-JA-2025-253340: It looks like you are using Playwright Sync API inside the asyncio loop.
Please use the Async API instead.
2026-02-10 11:34:39 [INFO] Updated auction: SUB-JA-2025-253340
2026-02-10 11:34:39 [WARNING] [BOE_PARALLEL_3] Failed to fetch detail info for SUB-JA-2025-254058: It looks like you are using Playwright Sync API inside the asyncio loop.
Please use the Async API instead.
2026-02-10 11:34:39 [INFO] Updated auction: SUB-JA-2025-254058
2026-02-10 11:34:39 [WARNING] [BOE_PARALLEL_3] Failed to fetch detail info for SUB-JA-2025-254197: It looks like you are using Playwright Sync API inside the asyncio loop.
Please use the Async API instead.
2026-02-10 11:34:39 [INFO] Updated auction: SUB-JA-2025-254197
2026-02-10 11:34:39 [WARNING] [BOE_PARALLEL_3] Failed to fetch detail info for SUB-JA-2025-255204: It looks like you are using Playwright Sync API inside the asyncio loop.
Please use the Async API instead.
2026-02-10 11:34:39 [INFO] Updated auction: SUB-JA-2025-255204
2026-02-10 11:34:39 [WARNING] [BOE_PARALLEL_3] Failed to fetch detail info for SUB-JA-2025-255378: It looks like you are using Playwright Sync API inside the asyncio loop.
Please use the Async API instead.
2026-02-10 11:34:39 [INFO] Updated auction: SUB-JA-2025-255378
2026-02-10 11:34:40 [WARNING] [BOE_PARALLEL_3] Failed to fetch detail info for SUB-JA-2025-255716: It looks like you are using Playwright Sync API inside the asyncio loop.
Please use the Async API instead.
2026-02-10 11:34:40 [INFO] Updated auction: SUB-JA-2025-255716
2026-02-10 11:34:40 [WARNING] [BOE_PARALLEL_3] Failed to fetch detail info for SUB-JA-2025-255785: It looks like you are using Playwright Sync API inside the asyncio loop.
Please use the Async API instead.
2026-02-10 11:34:40 [INFO] Updated auction: SUB-JA-2025-255785
2026-02-10 11:34:40 [WARNING] [BOE_PARALLEL_3] Failed to fetch detail info for SUB-JA-2025-255833: It looks like you are using Playwright Sync API inside the asyncio loop.
Please use the Async API instead.
2026-02-10 11:34:40 [INFO] Updated auction: SUB-JA-2025-255833
2026-02-10 11:34:40 [WARNING] [BOE_PARALLEL_3] Failed to fetch detail info for SUB-JA-2025-256039: It looks like you are using Playwright Sync API inside the asyncio loop.
Please use the Async API instead.
2026-02-10 11:34:40 [INFO] Updated auction: SUB-JA-2025-256039
2026-02-10 11:34:42 [WARNING] [BOE_PARALLEL_3] Failed to fetch detail info for SUB-JA-2025-256183: It looks like you are using Playwright Sync API inside the asyncio loop.
Please use the Async API instead.
2026-02-10 11:34:42 [INFO] Updated auction: SUB-JA-2025-256183
2026-02-10 11:34:42 [WARNING] [BOE_PARALLEL_3] Failed to fetch detail info for SUB-JA-2025-256218: It looks like you are using Playwright Sync API inside the asyncio loop.
Please use the Async API instead.
2026-02-10 11:34:42 [INFO] Updated auction: SUB-JA-2025-256218
2026-02-10 11:34:42 [WARNING] [BOE_PARALLEL_3] Failed to fetch detail info for SUB-JA-2025-256289: It looks like you are using Playwright Sync API inside the asyncio loop.
Please use the Async API instead.
2026-02-10 11:34:42 [INFO] Updated auction: SUB-JA-2025-256289
2026-02-10 11:34:42 [WARNING] [BOE_PARALLEL_3] Failed to fetch detail info for SUB-JA-2025-256319: It looks like you are using Playwright Sync API inside the asyncio loop.
Please use the Async API instead.
2026-02-10 11:34:42 [INFO] Updated auction: SUB-JA-2025-256319
2026-02-10 11:34:42 [WARNING] [BOE_PARALLEL_3] Failed to fetch detail info for SUB-JA-2026-254360: It looks like you are using Playwright Sync API inside the asyncio loop.
Please use the Async API instead.
2026-02-10 11:34:42 [INFO] Updated auction: SUB-JA-2026-254360
2026-02-10 11:34:42 [WARNING] [BOE_PARALLEL_3] Failed to fetch detail info for SUB-AT-2026-25R4786001248: It looks like you are using Playwright Sync API inside the asyncio loop.
Please use the Async API instead.
2026-02-10 11:34:42 [INFO] Updated auction: SUB-AT-2026-25R4786001248
2026-02-10 11:34:42 [WARNING] [BOE_PARALLEL_3] Failed to fetch detail info for SUB-AT-2026-25R3886001055: It looks like you are using Playwright Sync API inside the asyncio loop.
Please use the Async API instead.
2026-02-10 11:34:42 [INFO] Updated auction: SUB-AT-2026-25R3886001055
2026-02-10 11:34:42 [WARNING] [BOE_PARALLEL_3] Failed to fetch detail info for SUB-AT-2026-25R3886001054: It looks like you are using Playwright Sync API inside the asyncio loop.
Please use the Async API instead.
2026-02-10 11:34:42 [INFO] Updated auction: SUB-AT-2026-25R3886001054
2026-02-10 11:34:42 [WARNING] [BOE_PARALLEL_3] Failed to fetch detail info for SUB-AT-2026-25R3886001056: It looks like you are using Playwright Sync API inside the asyncio loop.
Please use the Async API instead.
2026-02-10 11:34:42 [INFO] Updated auction: SUB-AT-2026-25R3886001056
2026-02-10 11:34:42 [WARNING] [BOE_PARALLEL_3] Failed to fetch detail info for SUB-RC-2025-280050010825: It looks like you are using Playwright Sync API inside the asyncio loop.
Please use the Async API instead.
2026-02-10 11:34:42 [INFO] Updated auction: SUB-RC-2025-280050010825
2026-02-10 11:34:44 [WARNING] [BOE_PARALLEL_3] Failed to fetch detail info for SUB-JA-2025-255844: It looks like you are using Playwright Sync API inside the asyncio loop.
Please use the Async API instead.
2026-02-10 11:34:44 [INFO] Updated auction: SUB-JA-2025-255844
2026-02-10 11:34:44 [WARNING] [BOE_PARALLEL_3] Failed to fetch detail info for SUB-AT-2026-25R4786001249: It looks like you are using Playwright Sync API inside the asyncio loop.
Please use the Async API instead.
2026-02-10 11:34:44 [INFO] Updated auction: SUB-AT-2026-25R4786001249
2026-02-10 11:34:44 [WARNING] [BOE_PARALLEL_3] Failed to fetch detail info for SUB-GA-2025-2802000121225: It looks like you are using Playwright Sync API inside the asyncio loop.
Please use the Async API instead.
2026-02-10 11:34:44 [INFO] Updated auction: SUB-GA-2025-2802000121225
2026-02-10 11:34:45 [WARNING] [BOE_PARALLEL_3] Failed to fetch detail info for SUB-JA-2025-255819: It looks like you are using Playwright Sync API inside the asyncio loop.
Please use the Async API instead.
2026-02-10 11:34:45 [INFO] Updated auction: SUB-JA-2025-255819
2026-02-10 11:34:45 [WARNING] [BOE_PARALLEL_3] Failed to fetch detail info for SUB-AT-2026-25R0886001655: It looks like you are using Playwright Sync API inside the asyncio loop.
Please use the Async API instead.
2026-02-10 11:34:45 [INFO] Updated auction: SUB-AT-2026-25R0886001655
2026-02-10 11:34:45 [WARNING] [BOE_PARALLEL_3] Failed to fetch detail info for SUB-JA-2025-254562: It looks like you are using Playwright Sync API inside the asyncio loop.
Please use the Async API instead.
2026-02-10 11:34:45 [INFO] Updated auction: SUB-JA-2025-254562
2026-02-10 11:34:45 [WARNING] [BOE_PARALLEL_3] Failed to fetch detail info for SUB-RC-2025-280050010925: It looks like you are using Playwright Sync API inside the asyncio loop.
Please use the Async API instead.
2026-02-10 11:34:45 [INFO] Updated auction: SUB-RC-2025-280050010925
2026-02-10 11:34:45 [WARNING] [BOE_PARALLEL_3] Failed to fetch detail info for SUB-AT-2026-25R4786001208: It looks like you are using Playwright Sync API inside the asyncio loop.
Please use the Async API instead.
2026-02-10 11:34:45 [INFO] Updated auction: SUB-AT-2026-25R4786001208
2026-02-10 11:34:45 [WARNING] [BOE_PARALLEL_3] Failed to fetch detail info for SUB-JA-2025-244722: It looks like you are using Playwright Sync API inside the asyncio loop.
Please use the Async API instead.
2026-02-10 11:34:45 [INFO] Updated auction: SUB-JA-2025-244722
2026-02-10 11:34:45 [WARNING] [BOE_PARALLEL_3] Failed to fetch detail info for SUB-AT-2026-25R3886001062: It looks like you are using Playwright Sync API inside the asyncio loop.
Please use the Async API instead.
2026-02-10 11:34:45 [INFO] Updated auction: SUB-AT-2026-25R3886001062
2026-02-10 11:34:47 [WARNING] [BOE_PARALLEL_3] Failed to fetch detail info for SUB-AT-2026-25R0886001468: It looks like you are using Playwright Sync API inside the asyncio loop.
Please use the Async API instead.
2026-02-10 11:34:47 [INFO] Updated auction: SUB-AT-2026-25R0886001468
2026-02-10 11:34:47 [WARNING] [BOE_PARALLEL_3] Failed to fetch detail info for SUB-AT-2026-25R0886001470: It looks like you are using Playwright Sync API inside the asyncio loop.
Please use the Async API instead.
2026-02-10 11:34:47 [INFO] Updated auction: SUB-AT-2026-25R0886001470
2026-02-10 11:34:47 [WARNING] [BOE_PARALLEL_3] Failed to fetch detail info for SUB-AT-2026-25R2986001220: It looks like you are using Playwright Sync API inside the asyncio loop.
Please use the Async API instead.
2026-02-10 11:34:47 [INFO] Updated auction: SUB-AT-2026-25R2986001220
2026-02-10 11:34:47 [WARNING] [BOE_PARALLEL_3] Failed to fetch detail info for SUB-AT-2026-25R0886001589: It looks like you are using Playwright Sync API inside the asyncio loop.
Please use the Async API instead.
2026-02-10 11:34:47 [INFO] Updated auction: SUB-AT-2026-25R0886001589
2026-02-10 11:34:47 [WARNING] [BOE_PARALLEL_3] Failed to fetch detail info for SUB-AT-2026-25R0886001662: It looks like you are using Playwright Sync API inside the asyncio loop.
Please use the Async API instead.
2026-02-10 11:34:47 [INFO] Updated auction: SUB-AT-2026-25R0886001662
2026-02-10 11:34:47 [WARNING] [BOE_PARALLEL_3] Failed to fetch detail info for SUB-AT-2026-25R2986002017: It looks like you are using Playwright Sync API inside the asyncio loop.
Please use the Async API instead.
2026-02-10 11:34:47 [INFO] Updated auction: SUB-AT-2026-25R2986002017
2026-02-10 11:34:47 [WARNING] [BOE_PARALLEL_3] Failed to fetch detail info for SUB-AT-2026-25R0886001664: It looks like you are using Playwright Sync API inside the asyncio loop.
Please use the Async API instead.
2026-02-10 11:34:47 [INFO] Updated auction: SUB-AT-2026-25R0886001664
2026-02-10 11:34:47 [WARNING] [BOE_PARALLEL_3] Failed to fetch detail info for SUB-AT-2026-25R3886001042: It looks like you are using Playwright Sync API inside the asyncio loop.
Please use the Async API instead.
2026-02-10 11:34:47 [INFO] Updated auction: SUB-AT-2026-25R3886001042
2026-02-10 11:34:47 [WARNING] [BOE_PARALLEL_3] Failed to fetch detail info for SUB-JA-2023-214472: It looks like you are using Playwright Sync API inside the asyncio loop.
Please use the Async API instead.
2026-02-10 11:34:47 [INFO] Updated auction: SUB-JA-2023-214472
2026-02-10 11:34:47 [WARNING] [BOE_PARALLEL_3] Failed to fetch detail info for SUB-AT-2026-25R0886001473: It looks like you are using Playwright Sync API inside the asyncio loop.
Please use the Async API instead.
2026-02-10 11:34:47 [INFO] Updated auction: SUB-AT-2026-25R0886001473
2026-02-10 11:34:49 [WARNING] [BOE_PARALLEL_3] Failed to fetch detail info for SUB-AT-2026-25R4786001287: It looks like you are using Playwright Sync API inside the asyncio loop.
Please use the Async API instead.
2026-02-10 11:34:49 [INFO] Updated auction: SUB-AT-2026-25R4786001287
2026-02-10 11:34:49 [WARNING] [BOE_PARALLEL_3] Failed to fetch detail info for SUB-AT-2026-25R0886001472: It looks like you are using Playwright Sync API inside the asyncio loop.
Please use the Async API instead.
2026-02-10 11:34:49 [INFO] Updated auction: SUB-AT-2026-25R0886001472
2026-02-10 11:34:49 [WARNING] [BOE_PARALLEL_3] Failed to fetch detail info for SUB-JA-2025-253487: It looks like you are using Playwright Sync API inside the asyncio loop.
Please use the Async API instead.
2026-02-10 11:34:49 [INFO] Updated auction: SUB-JA-2025-253487
2026-02-10 11:34:49 [WARNING] [BOE_PARALLEL_3] Failed to fetch detail info for SUB-AT-2026-25R4786001137: It looks like you are using Playwright Sync API inside the asyncio loop.
Please use the Async API instead.
2026-02-10 11:34:49 [INFO] Updated auction: SUB-AT-2026-25R4786001137
2026-02-10 11:34:49 [WARNING] [BOE_PARALLEL_3] Failed to fetch detail info for SUB-AT-2026-25R0886001563: It looks like you are using Playwright Sync API inside the asyncio loop.
Please use the Async API instead.
2026-02-10 11:34:49 [INFO] Updated auction: SUB-AT-2026-25R0886001563
2026-02-10 11:34:49 [WARNING] [BOE_PARALLEL_3] Failed to fetch detail info for SUB-AT-2026-25R0886001469: It looks like you are using Playwright Sync API inside the asyncio loop.
Please use the Async API instead.
2026-02-10 11:34:50 [INFO] Updated auction: SUB-AT-2026-25R0886001469
2026-02-10 11:34:50 [WARNING] [BOE_PARALLEL_3] Failed to fetch detail info for SUB-AT-2026-25R3886002016: It looks like you are using Playwright Sync API inside the asyncio loop.
Please use the Async API instead.
2026-02-10 11:34:50 [INFO] Updated auction: SUB-AT-2026-25R3886002016
2026-02-10 11:34:50 [WARNING] [BOE_PARALLEL_3] Failed to fetch detail info for SUB-JA-2025-255102: It looks like you are using Playwright Sync API inside the asyncio loop.
Please use the Async API instead.
2026-02-10 11:34:50 [INFO] Updated auction: SUB-JA-2025-255102
2026-02-10 11:34:50 [WARNING] [BOE_PARALLEL_3] Failed to fetch detail info for SUB-JV-2026-253641: It looks like you are using Playwright Sync API inside the asyncio loop.
Please use the Async API instead.
2026-02-10 11:34:50 [INFO] Updated auction: SUB-JV-2026-253641
2026-02-10 11:34:50 [WARNING] [BOE_PARALLEL_3] Failed to fetch detail info for SUB-RC-2025-2800500101725: It looks like you are using Playwright Sync API inside the asyncio loop.
Please use the Async API instead.
2026-02-10 11:34:50 [INFO] Updated auction: SUB-RC-2025-2800500101725
2026-02-10 11:34:51 [WARNING] [BOE_PARALLEL_3] Failed to fetch detail info for SUB-JA-2025-245025: It looks like you are using Playwright Sync API inside the asyncio loop.
Please use the Async API instead.
2026-02-10 11:34:51 [INFO] Updated auction: SUB-JA-2025-245025
2026-02-10 11:34:51 [WARNING] [BOE_PARALLEL_3] Failed to fetch detail info for SUB-AT-2026-25R4786001317: It looks like you are using Playwright Sync API inside the asyncio loop.
Please use the Async API instead.
2026-02-10 11:34:51 [INFO] Updated auction: SUB-AT-2026-25R4786001317
2026-02-10 11:34:51 [WARNING] [BOE_PARALLEL_3] Failed to fetch detail info for SUB-RC-2025-280050010725: It looks like you are using Playwright Sync API inside the asyncio loop.
Please use the Async API instead.
2026-02-10 11:34:51 [INFO] Updated auction: SUB-RC-2025-280050010725
2026-02-10 11:34:51 [WARNING] [BOE_PARALLEL_3] Failed to fetch detail info for SUB-AT-2026-25R4786001221: It looks like you are using Playwright Sync API inside the asyncio loop.
Please use the Async API instead.
2026-02-10 11:34:51 [INFO] Updated auction: SUB-AT-2026-25R4786001221
2026-02-10 11:34:51 [WARNING] [BOE_PARALLEL_3] Failed to fetch detail info for SUB-AT-2026-25R3886002018: It looks like you are using Playwright Sync API inside the asyncio loop.
Please use the Async API instead.
2026-02-10 11:34:51 [INFO] Updated auction: SUB-AT-2026-25R3886002018
2026-02-10 11:34:51 [WARNING] [BOE_PARALLEL_3] Failed to fetch detail info for SUB-RC-2025-2800500101625: It looks like you are using Playwright Sync API inside the asyncio loop.
Please use the Async API instead.
2026-02-10 11:34:51 [INFO] Updated auction: SUB-RC-2025-2800500101625
2026-02-10 11:34:51 [WARNING] [BOE_PARALLEL_3] Failed to fetch detail info for SUB-RC-2025-280050010625: It looks like you are using Playwright Sync API inside the asyncio loop.
Please use the Async API instead.
2026-02-10 11:34:51 [INFO] Updated auction: SUB-RC-2025-280050010625
2026-02-10 11:34:51 [WARNING] [BOE_PARALLEL_3] Failed to fetch detail info for SUB-AT-2026-25R4786001264: It looks like you are using Playwright Sync API inside the asyncio loop.
Please use the Async API instead.
2026-02-10 11:34:51 [INFO] Updated auction: SUB-AT-2026-25R4786001264
2026-02-10 11:34:51 [WARNING] [BOE_PARALLEL_3] Failed to fetch detail info for SUB-RC-2025-2800500101025: It looks like you are using Playwright Sync API inside the asyncio loop.
Please use the Async API instead.
2026-02-10 11:34:51 [INFO] Updated auction: SUB-RC-2025-2800500101025
2026-02-10 11:34:51 [WARNING] [BOE_PARALLEL_3] Failed to fetch detail info for SUB-AT-2026-25R4786002027: It looks like you are using Playwright Sync API inside the asyncio loop.
Please use the Async API instead.
2026-02-10 11:34:51 [INFO] Updated auction: SUB-AT-2026-25R4786002027
2026-02-10 11:34:53 [WARNING] [BOE_PARALLEL_3] Failed to fetch detail info for SUB-AT-2026-25R0886001467: It looks like you are using Playwright Sync API inside the asyncio loop.
Please use the Async API instead.
2026-02-10 11:34:53 [INFO] Updated auction: SUB-AT-2026-25R0886001467
2026-02-10 11:34:53 [WARNING] [BOE_PARALLEL_3] Failed to fetch detail info for SUB-AT-2026-25R3886001050: It looks like you are using Playwright Sync API inside the asyncio loop.
Please use the Async API instead.
2026-02-10 11:34:53 [INFO] Updated auction: SUB-AT-2026-25R3886001050
2026-02-10 11:34:53 [WARNING] [BOE_PARALLEL_3] Failed to fetch detail info for SUB-AT-2026-25R0886001108: It looks like you are using Playwright Sync API inside the asyncio loop.
Please use the Async API instead.
2026-02-10 11:34:53 [INFO] Updated auction: SUB-AT-2026-25R0886001108
2026-02-10 11:34:53 [WARNING] [BOE_PARALLEL_3] Failed to fetch detail info for SUB-AT-2026-25R3886001049: It looks like you are using Playwright Sync API inside the asyncio loop.
Please use the Async API instead.
2026-02-10 11:34:53 [INFO] Updated auction: SUB-AT-2026-25R3886001049
2026-02-10 11:34:53 [WARNING] [BOE_PARALLEL_3] Failed to fetch detail info for SUB-JA-2025-255208: It looks like you are using Playwright Sync API inside the asyncio loop.
Please use the Async API instead.
2026-02-10 11:34:53 [INFO] Updated auction: SUB-JA-2025-255208
2026-02-10 11:34:53 [WARNING] [BOE_PARALLEL_3] Failed to fetch detail info for SUB-AT-2026-25R4786001328: It looks like you are using Playwright Sync API inside the asyncio loop.
Please use the Async API instead.
2026-02-10 11:34:53 [INFO] Updated auction: SUB-AT-2026-25R4786001328
2026-02-10 11:34:53 [WARNING] [BOE_PARALLEL_3] Failed to fetch detail info for SUB-JV-2025-255880: It looks like you are using Playwright Sync API inside the asyncio loop.
Please use the Async API instead.
2026-02-10 11:34:53 [INFO] Updated auction: SUB-JV-2025-255880
2026-02-10 11:34:53 [WARNING] [BOE_PARALLEL_3] Failed to fetch detail info for SUB-AT-2026-25R4786001263: It looks like you are using Playwright Sync API inside the asyncio loop.
Please use the Async API instead.
2026-02-10 11:34:53 [INFO] Updated auction: SUB-AT-2026-25R4786001263
2026-02-10 11:34:53 [WARNING] [BOE_PARALLEL_3] Failed to fetch detail info for SUB-RC-2025-2800500101325: It looks like you are using Playwright Sync API inside the asyncio loop.
Please use the Async API instead.
2026-02-10 11:34:53 [INFO] Updated auction: SUB-RC-2025-2800500101325
2026-02-10 11:34:53 [WARNING] [BOE_PARALLEL_3] Failed to fetch detail info for SUB-AT-2026-25R3886001051: It looks like you are using Playwright Sync API inside the asyncio loop.
Please use the Async API instead.
2026-02-10 11:34:53 [INFO] Updated auction: SUB-AT-2026-25R3886001051
2026-02-10 11:34:55 [WARNING] [BOE_PARALLEL_3] Failed to fetch detail info for SUB-AT-2026-25R3886001064: It looks like you are using Playwright Sync API inside the asyncio loop.
Please use the Async API instead.
2026-02-10 11:34:55 [INFO] Updated auction: SUB-AT-2026-25R3886001064
2026-02-10 11:34:55 [WARNING] [BOE_PARALLEL_3] Failed to fetch detail info for SUB-AT-2026-25R0886001622: It looks like you are using Playwright Sync API inside the asyncio loop.
Please use the Async API instead.
2026-02-10 11:34:55 [INFO] Updated auction: SUB-AT-2026-25R0886001622
2026-02-10 11:34:55 [WARNING] [BOE_PARALLEL_3] Failed to fetch detail info for SUB-AT-2026-25R3886001060: It looks like you are using Playwright Sync API inside the asyncio loop.
Please use the Async API instead.
2026-02-10 11:34:55 [INFO] Updated auction: SUB-AT-2026-25R3886001060
2026-02-10 11:34:55 [WARNING] [BOE_PARALLEL_3] Failed to fetch detail info for SUB-JA-2022-206742: It looks like you are using Playwright Sync API inside the asyncio loop.
Please use the Async API instead.
2026-02-10 11:34:55 [INFO] Updated auction: SUB-JA-2022-206742
2026-02-10 11:34:55 [WARNING] [BOE_PARALLEL_3] Failed to fetch detail info for SUB-AT-2026-25R4786001312: It looks like you are using Playwright Sync API inside the asyncio loop.
Please use the Async API instead.
2026-02-10 11:34:55 [INFO] Updated auction: SUB-AT-2026-25R4786001312
2026-02-10 11:34:55 [WARNING] [BOE_PARALLEL_3] Failed to fetch detail info for SUB-JA-2025-255656: It looks like you are using Playwright Sync API inside the asyncio loop.
Please use the Async API instead.
2026-02-10 11:34:55 [INFO] Updated auction: SUB-JA-2025-255656
2026-02-10 11:34:55 [WARNING] [BOE_PARALLEL_3] Failed to fetch detail info for SUB-AT-2026-25R0886001538: It looks like you are using Playwright Sync API inside the asyncio loop.
Please use the Async API instead.
2026-02-10 11:34:56 [INFO] Updated auction: SUB-AT-2026-25R0886001538
2026-02-10 11:34:56 [WARNING] [BOE_PARALLEL_3] Failed to fetch detail info for SUB-AT-2025-25R0886001293: It looks like you are using Playwright Sync API inside the asyncio loop.
Please use the Async API instead.
2026-02-10 11:34:56 [INFO] Updated auction: SUB-AT-2025-25R0886001293
2026-02-10 11:34:56 [WARNING] [BOE_PARALLEL_3] Failed to fetch detail info for SUB-JA-2025-255415: It looks like you are using Playwright Sync API inside the asyncio loop.
Please use the Async API instead.
2026-02-10 11:34:56 [INFO] Updated auction: SUB-JA-2025-255415
2026-02-10 11:34:56 [WARNING] [BOE_PARALLEL_3] Failed to fetch detail info for SUB-JA-2024-230065: It looks like you are using Playwright Sync API inside the asyncio loop.
Please use the Async API instead.
2026-02-10 11:34:56 [INFO] Updated auction: SUB-JA-2024-230065
2026-02-10 11:34:57 [WARNING] [BOE_PARALLEL_3] Failed to fetch detail info for SUB-JA-2024-231633: It looks like you are using Playwright Sync API inside the asyncio loop.
Please use the Async API instead.
2026-02-10 11:34:57 [INFO] Updated auction: SUB-JA-2024-231633
2026-02-10 11:34:57 [WARNING] [BOE_PARALLEL_3] Failed to fetch detail info for SUB-JA-2024-237259: It looks like you are using Playwright Sync API inside the asyncio loop.
Please use the Async API instead.
2026-02-10 11:34:57 [INFO] Updated auction: SUB-JA-2024-237259
2026-02-10 11:34:57 [WARNING] [BOE_PARALLEL_3] Failed to fetch detail info for SUB-JA-2024-237842: It looks like you are using Playwright Sync API inside the asyncio loop.
Please use the Async API instead.
2026-02-10 11:34:57 [INFO] Updated auction: SUB-JA-2024-237842
2026-02-10 11:34:57 [WARNING] [BOE_PARALLEL_3] Failed to fetch detail info for SUB-JA-2025-236178: It looks like you are using Playwright Sync API inside the asyncio loop.
Please use the Async API instead.
2026-02-10 11:34:57 [INFO] Updated auction: SUB-JA-2025-236178
2026-02-10 11:34:57 [WARNING] [BOE_PARALLEL_3] Failed to fetch detail info for SUB-JA-2025-248022: It looks like you are using Playwright Sync API inside the asyncio loop.
Please use the Async API instead.
2026-02-10 11:34:57 [INFO] Updated auction: SUB-JA-2025-248022
2026-02-10 11:34:57 [WARNING] [BOE_PARALLEL_3] Failed to fetch detail info for SUB-JA-2025-248485: It looks like you are using Playwright Sync API inside the asyncio loop.
Please use the Async API instead.
2026-02-10 11:34:57 [INFO] Updated auction: SUB-JA-2025-248485
2026-02-10 11:34:57 [WARNING] [BOE_PARALLEL_3] Failed to fetch detail info for SUB-JA-2025-250094: It looks like you are using Playwright Sync API inside the asyncio loop.
Please use the Async API instead.
2026-02-10 11:34:57 [INFO] Updated auction: SUB-JA-2025-250094
2026-02-10 11:34:58 [WARNING] [BOE_PARALLEL_3] Failed to fetch detail info for SUB-JA-2025-250963: It looks like you are using Playwright Sync API inside the asyncio loop.
Please use the Async API instead.
2026-02-10 11:34:58 [INFO] Updated auction: SUB-JA-2025-250963
2026-02-10 11:34:58 [WARNING] [BOE_PARALLEL_3] Failed to fetch detail info for SUB-JA-2025-252442: It looks like you are using Playwright Sync API inside the asyncio loop.
Please use the Async API instead.
2026-02-10 11:34:58 [INFO] Updated auction: SUB-JA-2025-252442
2026-02-10 11:34:58 [WARNING] [BOE_PARALLEL_3] Failed to fetch detail info for SUB-JA-2025-252977: It looks like you are using Playwright Sync API inside the asyncio loop.
Please use the Async API instead.
2026-02-10 11:34:58 [INFO] Updated auction: SUB-JA-2025-252977
2026-02-10 11:34:59 [WARNING] [BOE_PARALLEL_3] Failed to fetch detail info for SUB-JA-2025-253077: It looks like you are using Playwright Sync API inside the asyncio loop.
Please use the Async API instead.
2026-02-10 11:34:59 [INFO] Updated auction: SUB-JA-2025-253077
2026-02-10 11:34:59 [WARNING] [BOE_PARALLEL_3] Failed to fetch detail info for SUB-JA-2025-253523: It looks like you are using Playwright Sync API inside the asyncio loop.
Please use the Async API instead.
2026-02-10 11:34:59 [INFO] Updated auction: SUB-JA-2025-253523
2026-02-10 11:34:59 [WARNING] [BOE_PARALLEL_3] Failed to fetch detail info for SUB-JA-2025-254982: It looks like you are using Playwright Sync API inside the asyncio loop.
Please use the Async API instead.
2026-02-10 11:34:59 [INFO] Updated auction: SUB-JA-2025-254982
2026-02-10 11:34:59 [WARNING] [BOE_PARALLEL_3] Failed to fetch detail info for SUB-JA-2025-255055: It looks like you are using Playwright Sync API inside the asyncio loop.
Please use the Async API instead.
2026-02-10 11:34:59 [INFO] Updated auction: SUB-JA-2025-255055
2026-02-10 11:34:59 [WARNING] [BOE_PARALLEL_3] Failed to fetch detail info for SUB-JA-2025-255278: It looks like you are using Playwright Sync API inside the asyncio loop.
Please use the Async API instead.
2026-02-10 11:34:59 [INFO] Updated auction: SUB-JA-2025-255278
2026-02-10 11:34:59 [WARNING] [BOE_PARALLEL_3] Failed to fetch detail info for SUB-JA-2025-255409: It looks like you are using Playwright Sync API inside the asyncio loop.
Please use the Async API instead.
2026-02-10 11:34:59 [INFO] Updated auction: SUB-JA-2025-255409
2026-02-10 11:34:59 [WARNING] [BOE_PARALLEL_3] Failed to fetch detail info for SUB-JA-2025-255462: It looks like you are using Playwright Sync API inside the asyncio loop.
Please use the Async API instead.
2026-02-10 11:34:59 [INFO] Updated auction: SUB-JA-2025-255462
2026-02-10 11:34:59 [WARNING] [BOE_PARALLEL_3] Failed to fetch detail info for SUB-JA-2025-255527: It looks like you are using Playwright Sync API inside the asyncio loop.
Please use the Async API instead.
2026-02-10 11:34:59 [INFO] Updated auction: SUB-JA-2025-255527
2026-02-10 11:34:59 [WARNING] [BOE_PARALLEL_3] Failed to fetch detail info for SUB-JA-2025-255556: It looks like you are using Playwright Sync API inside the asyncio loop.
Please use the Async API instead.
2026-02-10 11:34:59 [INFO] Updated auction: SUB-JA-2025-255556
2026-02-10 11:34:59 [WARNING] [BOE_PARALLEL_3] Failed to fetch detail info for SUB-JA-2025-255559: It looks like you are using Playwright Sync API inside the asyncio loop.
Please use the Async API instead.
2026-02-10 11:34:59 [INFO] Updated auction: SUB-JA-2025-255559
2026-02-10 11:35:00 [WARNING] [BOE_PARALLEL_3] Failed to fetch detail info for SUB-JA-2025-255573: It looks like you are using Playwright Sync API inside the asyncio loop.
Please use the Async API instead.
2026-02-10 11:35:00 [INFO] Updated auction: SUB-JA-2025-255573
2026-02-10 11:35:00 [WARNING] [BOE_PARALLEL_3] Failed to fetch detail info for SUB-JA-2025-255698: It looks like you are using Playwright Sync API inside the asyncio loop.
Please use the Async API instead.
2026-02-10 11:35:00 [INFO] Updated auction: SUB-JA-2025-255698
2026-02-10 11:35:01 [WARNING] [BOE_PARALLEL_3] Failed to fetch detail info for SUB-JA-2025-255864: It looks like you are using Playwright Sync API inside the asyncio loop.
Please use the Async API instead.
2026-02-10 11:35:01 [INFO] Updated auction: SUB-JA-2025-255864
2026-02-10 11:35:01 [WARNING] [BOE_PARALLEL_3] Failed to fetch detail info for SUB-JA-2025-255963: It looks like you are using Playwright Sync API inside the asyncio loop.
Please use the Async API instead.
2026-02-10 11:35:01 [INFO] Updated auction: SUB-JA-2025-255963
2026-02-10 11:35:01 [WARNING] [BOE_PARALLEL_3] Failed to fetch detail info for SUB-JA-2025-256140: It looks like you are using Playwright Sync API inside the asyncio loop.
Please use the Async API instead.
2026-02-10 11:35:01 [INFO] Updated auction: SUB-JA-2025-256140
2026-02-10 11:35:01 [WARNING] [BOE_PARALLEL_3] Failed to fetch detail info for SUB-JA-2025-256283: It looks like you are using Playwright Sync API inside the asyncio loop.
Please use the Async API instead.
2026-02-10 11:35:01 [INFO] Updated auction: SUB-JA-2025-256283
2026-02-10 11:35:01 [WARNING] [BOE_PARALLEL_3] Failed to fetch detail info for SUB-JC-2025-253640: It looks like you are using Playwright Sync API inside the asyncio loop.
Please use the Async API instead.
2026-02-10 11:35:01 [INFO] Updated auction: SUB-JC-2025-253640
2026-02-10 11:35:01 [WARNING] [BOE_PARALLEL_3] Failed to fetch detail info for SUB-JV-2025-252673: It looks like you are using Playwright Sync API inside the asyncio loop.
Please use the Async API instead.
2026-02-10 11:35:01 [INFO] Updated auction: SUB-JV-2025-252673
2026-02-10 11:35:01 [WARNING] [BOE_PARALLEL_3] Failed to fetch detail info for SUB-RC-2026-0025V20250081: It looks like you are using Playwright Sync API inside the asyncio loop.
Please use the Async API instead.
2026-02-10 11:35:01 [INFO] Updated auction: SUB-RC-2026-0025V20250081
2026-02-10 11:35:01 [WARNING] [BOE_PARALLEL_3] Failed to fetch detail info for SUB-JA-2025-255749: It looks like you are using Playwright Sync API inside the asyncio loop.
Please use the Async API instead.
2026-02-10 11:35:01 [INFO] Updated auction: SUB-JA-2025-255749
2026-02-10 11:35:02 [WARNING] [BOE_PARALLEL_3] Failed to fetch detail info for SUB-JA-2025-256363: It looks like you are using Playwright Sync API inside the asyncio loop.
Please use the Async API instead.
2026-02-10 11:35:02 [INFO] Updated auction: SUB-JA-2025-256363
2026-02-10 11:35:02 [WARNING] [BOE_PARALLEL_3] Failed to fetch detail info for SUB-JA-2025-249113: It looks like you are using Playwright Sync API inside the asyncio loop.
Please use the Async API instead.
2026-02-10 11:35:02 [INFO] Updated auction: SUB-JA-2025-249113
2026-02-10 11:35:03 [WARNING] [BOE_PARALLEL_3] Failed to fetch detail info for SUB-JA-2025-255736: It looks like you are using Playwright Sync API inside the asyncio loop.
Please use the Async API instead.
2026-02-10 11:35:03 [INFO] Updated auction: SUB-JA-2025-255736
2026-02-10 11:35:03 [WARNING] [BOE_PARALLEL_3] Failed to fetch detail info for SUB-JA-2025-255393: It looks like you are using Playwright Sync API inside the asyncio loop.
Please use the Async API instead.
2026-02-10 11:35:03 [INFO] Updated auction: SUB-JA-2025-255393
2026-02-10 11:35:03 [WARNING] [BOE_PARALLEL_3] Failed to fetch detail info for SUB-JA-2025-250378: It looks like you are using Playwright Sync API inside the asyncio loop.
Please use the Async API instead.
2026-02-10 11:35:03 [INFO] Updated auction: SUB-JA-2025-250378
2026-02-10 11:35:03 [WARNING] [BOE_PARALLEL_3] Failed to fetch detail info for SUB-JA-2025-255838: It looks like you are using Playwright Sync API inside the asyncio loop.
Please use the Async API instead.
2026-02-10 11:35:03 [INFO] Updated auction: SUB-JA-2025-255838
2026-02-10 11:35:03 [WARNING] [BOE_PARALLEL_3] Failed to fetch detail info for SUB-JA-2025-251236: It looks like you are using Playwright Sync API inside the asyncio loop.
Please use the Async API instead.
2026-02-10 11:35:03 [INFO] Updated auction: SUB-JA-2025-251236
2026-02-10 11:35:03 [WARNING] [BOE_PARALLEL_3] Failed to fetch detail info for SUB-JA-2025-255793: It looks like you are using Playwright Sync API inside the asyncio loop.
Please use the Async API instead.
2026-02-10 11:35:03 [INFO] Updated auction: SUB-JA-2025-255793
2026-02-10 11:35:03 [WARNING] [BOE_PARALLEL_3] Failed to fetch detail info for SUB-JA-2025-246849: It looks like you are using Playwright Sync API inside the asyncio loop.
Please use the Async API instead.
2026-02-10 11:35:03 [INFO] Updated auction: SUB-JA-2025-246849
2026-02-10 11:35:03 [WARNING] [BOE_PARALLEL_3] Failed to fetch detail info for SUB-JA-2025-256070: It looks like you are using Playwright Sync API inside the asyncio loop.
Please use the Async API instead.
2026-02-10 11:35:03 [INFO] Updated auction: SUB-JA-2025-256070
2026-02-10 11:35:04 [WARNING] [BOE_PARALLEL_3] Failed to fetch detail info for SUB-RC-2025-305600010001: It looks like you are using Playwright Sync API inside the asyncio loop.
Please use the Async API instead.
2026-02-10 11:35:04 [INFO] Updated auction: SUB-RC-2025-305600010001
2026-02-10 11:35:04 [WARNING] [BOE_PARALLEL_3] Failed to fetch detail info for SUB-JA-2025-255424: It looks like you are using Playwright Sync API inside the asyncio loop.
Please use the Async API instead.
2026-02-10 11:35:04 [INFO] Updated auction: SUB-JA-2025-255424
2026-02-10 11:35:04 [WARNING] [BOE_PARALLEL_3] Failed to fetch detail info for SUB-AT-2025-24R0886001746: It looks like you are using Playwright Sync API inside the asyncio loop.
Please use the Async API instead.
2026-02-10 11:35:04 [INFO] Updated auction: SUB-AT-2025-24R0886001746
2026-02-10 11:35:04 [WARNING] [BOE_PARALLEL_3] Failed to fetch detail info for SUB-JA-2023-220039: It looks like you are using Playwright Sync API inside the asyncio loop.
Please use the Async API instead.
2026-02-10 11:35:04 [INFO] Updated auction: SUB-JA-2023-220039
2026-02-10 11:35:05 [WARNING] [BOE_PARALLEL_3] Failed to fetch detail info for SUB-JA-2023-224088: It looks like you are using Playwright Sync API inside the asyncio loop.
Please use the Async API instead.
2026-02-10 11:35:05 [INFO] Updated auction: SUB-JA-2023-224088
2026-02-10 11:35:05 [WARNING] [BOE_PARALLEL_3] Failed to fetch detail info for SUB-JA-2024-226155: It looks like you are using Playwright Sync API inside the asyncio loop.
Please use the Async API instead.
2026-02-10 11:35:05 [INFO] Updated auction: SUB-JA-2024-226155
2026-02-10 11:35:05 [WARNING] [BOE_PARALLEL_3] Failed to fetch detail info for SUB-JA-2024-234250: It looks like you are using Playwright Sync API inside the asyncio loop.
Please use the Async API instead.
2026-02-10 11:35:05 [INFO] Updated auction: SUB-JA-2024-234250
2026-02-10 11:35:05 [WARNING] [BOE_PARALLEL_3] Failed to fetch detail info for SUB-JA-2025-234249: It looks like you are using Playwright Sync API inside the asyncio loop.
Please use the Async API instead.
2026-02-10 11:35:05 [INFO] Updated auction: SUB-JA-2025-234249
2026-02-10 11:35:05 [WARNING] [BOE_PARALLEL_3] Failed to fetch detail info for SUB-JA-2025-244619: It looks like you are using Playwright Sync API inside the asyncio loop.
Please use the Async API instead.
2026-02-10 11:35:05 [INFO] Updated auction: SUB-JA-2025-244619
2026-02-10 11:35:05 [WARNING] [BOE_PARALLEL_3] Failed to fetch detail info for SUB-JA-2025-246778: It looks like you are using Playwright Sync API inside the asyncio loop.
Please use the Async API instead.
2026-02-10 11:35:05 [INFO] Updated auction: SUB-JA-2025-246778
2026-02-10 11:35:06 [WARNING] [BOE_PARALLEL_3] Failed to fetch detail info for SUB-JA-2025-249590: It looks like you are using Playwright Sync API inside the asyncio loop.
Please use the Async API instead.
2026-02-10 11:35:06 [INFO] Updated auction: SUB-JA-2025-249590
2026-02-10 11:35:07 [WARNING] [BOE_PARALLEL_3] Failed to fetch detail info for SUB-JA-2025-250122: It looks like you are using Playwright Sync API inside the asyncio loop.
Please use the Async API instead.
2026-02-10 11:35:07 [INFO] Updated auction: SUB-JA-2025-250122
2026-02-10 11:35:07 [WARNING] [BOE_PARALLEL_3] Failed to fetch detail info for SUB-JA-2025-250146: It looks like you are using Playwright Sync API inside the asyncio loop.
Please use the Async API instead.
2026-02-10 11:35:07 [INFO] Updated auction: SUB-JA-2025-250146
2026-02-10 11:35:07 [WARNING] [BOE_PARALLEL_3] Failed to fetch detail info for SUB-JA-2025-252622: It looks like you are using Playwright Sync API inside the asyncio loop.
Please use the Async API instead.
2026-02-10 11:35:07 [INFO] Updated auction: SUB-JA-2025-252622
2026-02-10 11:35:07 [WARNING] [BOE_PARALLEL_3] Failed to fetch detail info for SUB-JA-2025-253815: It looks like you are using Playwright Sync API inside the asyncio loop.
Please use the Async API instead.
2026-02-10 11:35:07 [INFO] Updated auction: SUB-JA-2025-253815
2026-02-10 11:35:07 [WARNING] [BOE_PARALLEL_3] Failed to fetch detail info for SUB-JA-2025-254094: It looks like you are using Playwright Sync API inside the asyncio loop.
Please use the Async API instead.
2026-02-10 11:35:07 [INFO] Updated auction: SUB-JA-2025-254094
2026-02-10 11:35:07 [WARNING] [BOE_PARALLEL_3] Failed to fetch detail info for SUB-JA-2025-254095: It looks like you are using Playwright Sync API inside the asyncio loop.
Please use the Async API instead.
2026-02-10 11:35:07 [INFO] Updated auction: SUB-JA-2025-254095
2026-02-10 11:35:07 [WARNING] [BOE_PARALLEL_3] Failed to fetch detail info for SUB-JA-2025-255391: It looks like you are using Playwright Sync API inside the asyncio loop.
Please use the Async API instead.
2026-02-10 11:35:07 [INFO] Updated auction: SUB-JA-2025-255391
2026-02-10 11:35:07 [WARNING] [BOE_PARALLEL_3] Failed to fetch detail info for SUB-JA-2025-255708: It looks like you are using Playwright Sync API inside the asyncio loop.
Please use the Async API instead.
2026-02-10 11:35:07 [INFO] Updated auction: SUB-JA-2025-255708
2026-02-10 11:35:07 [WARNING] [BOE_PARALLEL_3] Failed to fetch detail info for SUB-JA-2025-255725: It looks like you are using Playwright Sync API inside the asyncio loop.
Please use the Async API instead.
2026-02-10 11:35:07 [INFO] Updated auction: SUB-JA-2025-255725
2026-02-10 11:35:08 [WARNING] [BOE_PARALLEL_3] Failed to fetch detail info for SUB-JA-2025-255912: It looks like you are using Playwright Sync API inside the asyncio loop.
Please use the Async API instead.
2026-02-10 11:35:08 [INFO] Updated auction: SUB-JA-2025-255912
2026-02-10 11:35:08 [WARNING] [BOE_PARALLEL_3] Failed to fetch detail info for SUB-JA-2025-255948: It looks like you are using Playwright Sync API inside the asyncio loop.
Please use the Async API instead.
2026-02-10 11:35:08 [INFO] Updated auction: SUB-JA-2025-255948
2026-02-10 11:35:08 [WARNING] [BOE_PARALLEL_3] Failed to fetch detail info for SUB-JA-2025-256006: It looks like you are using Playwright Sync API inside the asyncio loop.
Please use the Async API instead.
2026-02-10 11:35:08 [INFO] Updated auction: SUB-JA-2025-256006
2026-02-10 11:35:08 [WARNING] [BOE_PARALLEL_3] Failed to fetch detail info for SUB-JA-2025-256306: It looks like you are using Playwright Sync API inside the asyncio loop.
Please use the Async API instead.
2026-02-10 11:35:08 [INFO] Updated auction: SUB-JA-2025-256306
2026-02-10 11:35:08 [WARNING] [BOE_PARALLEL_3] Failed to fetch detail info for SUB-JA-2025-256325: It looks like you are using Playwright Sync API inside the asyncio loop.
Please use the Async API instead.
2026-02-10 11:35:08 [INFO] Updated auction: SUB-JA-2025-256325
2026-02-10 11:35:09 [WARNING] [BOE_PARALLEL_3] Failed to fetch detail info for SUB-JA-2025-256338: It looks like you are using Playwright Sync API inside the asyncio loop.
Please use the Async API instead.
2026-02-10 11:35:09 [INFO] Updated auction: SUB-JA-2025-256338
2026-02-10 11:35:09 [WARNING] [BOE_PARALLEL_3] Failed to fetch detail info for SUB-JA-2025-256355: It looks like you are using Playwright Sync API inside the asyncio loop.
Please use the Async API instead.
2026-02-10 11:35:09 [INFO] Updated auction: SUB-JA-2025-256355
2026-02-10 11:35:09 [WARNING] [BOE_PARALLEL_3] Failed to fetch detail info for SUB-JA-2026-256433: It looks like you are using Playwright Sync API inside the asyncio loop.
Please use the Async API instead.
2026-02-10 11:35:09 [INFO] Updated auction: SUB-JA-2026-256433
2026-02-10 11:35:09 [WARNING] [BOE_PARALLEL_3] Failed to fetch detail info for SUB-JA-2026-256508: It looks like you are using Playwright Sync API inside the asyncio loop.
Please use the Async API instead.
2026-02-10 11:35:09 [INFO] Updated auction: SUB-JA-2026-256508
2026-02-10 11:35:09 [WARNING] [BOE_PARALLEL_3] Failed to fetch detail info for SUB-JC-2025-254134: It looks like you are using Playwright Sync API inside the asyncio loop.
Please use the Async API instead.
2026-02-10 11:35:09 [INFO] Updated auction: SUB-JC-2025-254134
2026-02-10 11:35:10 [WARNING] [BOE_PARALLEL_3] Failed to fetch detail info for SUB-JC-2025-254359: It looks like you are using Playwright Sync API inside the asyncio loop.
Please use the Async API instead.
2026-02-10 11:35:10 [INFO] Updated auction: SUB-JC-2025-254359
2026-02-10 11:35:10 [WARNING] [BOE_PARALLEL_3] Failed to fetch detail info for SUB-JA-2026-256333: It looks like you are using Playwright Sync API inside the asyncio loop.
Please use the Async API instead.
2026-02-10 11:35:10 [INFO] Updated auction: SUB-JA-2026-256333
2026-02-10 11:35:10 [WARNING] [BOE_PARALLEL_3] Failed to fetch detail info for SUB-JC-2025-254948: It looks like you are using Playwright Sync API inside the asyncio loop.
Please use the Async API instead.
2026-02-10 11:35:10 [INFO] Updated auction: SUB-JC-2025-254948
2026-02-10 11:35:10 [WARNING] [BOE_PARALLEL_3] Failed to fetch detail info for SUB-JA-2025-254695: It looks like you are using Playwright Sync API inside the asyncio loop.
Please use the Async API instead.
2026-02-10 11:35:10 [INFO] Updated auction: SUB-JA-2025-254695
2026-02-10 11:35:10 [WARNING] [BOE_PARALLEL_3] Failed to fetch detail info for SUB-JA-2026-256504: It looks like you are using Playwright Sync API inside the asyncio loop.
Please use the Async API instead.
2026-02-10 11:35:10 [INFO] Updated auction: SUB-JA-2026-256504
2026-02-10 11:35:10 [WARNING] [BOE_PARALLEL_3] Failed to fetch detail info for SUB-JA-2025-251859: It looks like you are using Playwright Sync API inside the asyncio loop.
Please use the Async API instead.
2026-02-10 11:35:10 [INFO] Updated auction: SUB-JA-2025-251859
2026-02-10 11:35:10 [WARNING] [BOE_PARALLEL_3] Failed to fetch detail info for SUB-JA-2025-255640: It looks like you are using Playwright Sync API inside the asyncio loop.
Please use the Async API instead.
2026-02-10 11:35:10 [INFO] Updated auction: SUB-JA-2025-255640
2026-02-10 11:35:10 [WARNING] [BOE_PARALLEL_3] Failed to fetch detail info for SUB-JA-2025-247478: It looks like you are using Playwright Sync API inside the asyncio loop.
Please use the Async API instead.
2026-02-10 11:35:10 [INFO] Updated auction: SUB-JA-2025-247478
2026-02-10 11:35:10 [WARNING] [BOE_PARALLEL_3] Failed to fetch detail info for SUB-JA-2026-256420: It looks like you are using Playwright Sync API inside the asyncio loop.
Please use the Async API instead.
2026-02-10 11:35:10 [INFO] Updated auction: SUB-JA-2026-256420
2026-02-10 11:35:10 [WARNING] [BOE_PARALLEL_3] Failed to fetch detail info for SUB-JA-2025-253525: It looks like you are using Playwright Sync API inside the asyncio loop.
Please use the Async API instead.
2026-02-10 11:35:10 [INFO] Updated auction: SUB-JA-2025-253525
2026-02-10 11:35:12 [WARNING] [BOE_PARALLEL_3] Failed to fetch detail info for SUB-JA-2025-254844: It looks like you are using Playwright Sync API inside the asyncio loop.
Please use the Async API instead.
2026-02-10 11:35:12 [INFO] Updated auction: SUB-JA-2025-254844
2026-02-10 11:35:12 [WARNING] [BOE_PARALLEL_3] Failed to fetch detail info for SUB-JA-2025-252051: It looks like you are using Playwright Sync API inside the asyncio loop.
Please use the Async API instead.
2026-02-10 11:35:12 [INFO] Updated auction: SUB-JA-2025-252051
2026-02-10 11:35:12 [WARNING] [BOE_PARALLEL_3] Failed to fetch detail info for SUB-JA-2025-256185: It looks like you are using Playwright Sync API inside the asyncio loop.
Please use the Async API instead.
2026-02-10 11:35:12 [INFO] Updated auction: SUB-JA-2025-256185
2026-02-10 11:35:12 [WARNING] [BOE_PARALLEL_3] Failed to fetch detail info for SUB-JA-2025-252917: It looks like you are using Playwright Sync API inside the asyncio loop.
Please use the Async API instead.
2026-02-10 11:35:12 [INFO] Updated auction: SUB-JA-2025-252917
2026-02-10 11:35:12 [WARNING] [BOE_PARALLEL_3] Failed to fetch detail info for SUB-JA-2025-255659: It looks like you are using Playwright Sync API inside the asyncio loop.
Please use the Async API instead.
2026-02-10 11:35:12 [INFO] Updated auction: SUB-JA-2025-255659
2026-02-10 11:35:12 [WARNING] [BOE_PARALLEL_3] Failed to fetch detail info for SUB-JA-2025-251885: It looks like you are using Playwright Sync API inside the asyncio loop.
Please use the Async API instead.
2026-02-10 11:35:12 [INFO] Updated auction: SUB-JA-2025-251885
2026-02-10 11:35:13 [WARNING] [BOE_PARALLEL_3] Failed to fetch detail info for SUB-JA-2025-255667: It looks like you are using Playwright Sync API inside the asyncio loop.
Please use the Async API instead.
2026-02-10 11:35:13 [INFO] Updated auction: SUB-JA-2025-255667
2026-02-10 11:35:13 [WARNING] [BOE_PARALLEL_3] Failed to fetch detail info for SUB-JA-2025-256061: It looks like you are using Playwright Sync API inside the asyncio loop.
Please use the Async API instead.
2026-02-10 11:35:13 [INFO] Updated auction: SUB-JA-2025-256061
2026-02-10 11:35:13 [WARNING] [BOE_PARALLEL_3] Failed to fetch detail info for SUB-JA-2024-225938: It looks like you are using Playwright Sync API inside the asyncio loop.
Please use the Async API instead.
2026-02-10 11:35:13 [INFO] Updated auction: SUB-JA-2024-225938
2026-02-10 11:35:13 [WARNING] [BOE_PARALLEL_3] Failed to fetch detail info for SUB-JA-2025-254850: It looks like you are using Playwright Sync API inside the asyncio loop.
Please use the Async API instead.
2026-02-10 11:35:13 [INFO] Updated auction: SUB-JA-2025-254850
2026-02-10 11:35:14 [WARNING] [BOE_PARALLEL_3] Failed to fetch detail info for SUB-JA-2025-256011: It looks like you are using Playwright Sync API inside the asyncio loop.
Please use the Async API instead.
2026-02-10 11:35:14 [INFO] Updated auction: SUB-JA-2025-256011
2026-02-10 11:35:14 [WARNING] [BOE_PARALLEL_3] Failed to fetch detail info for SUB-AT-2024-24R2986001001: It looks like you are using Playwright Sync API inside the asyncio loop.
Please use the Async API instead.
2026-02-10 11:35:14 [INFO] Updated auction: SUB-AT-2024-24R2986001001
2026-02-10 11:35:14 [WARNING] [BOE_PARALLEL_3] Failed to fetch detail info for SUB-JA-2026-256389: It looks like you are using Playwright Sync API inside the asyncio loop.
Please use the Async API instead.
2026-02-10 11:35:14 [INFO] Updated auction: SUB-JA-2026-256389
2026-02-10 11:35:14 [WARNING] [BOE_PARALLEL_3] Failed to fetch detail info for SUB-JA-2025-255816: It looks like you are using Playwright Sync API inside the asyncio loop.
Please use the Async API instead.
2026-02-10 11:35:14 [INFO] Updated auction: SUB-JA-2025-255816
2026-02-10 11:35:14 [WARNING] [BOE_PARALLEL_3] Failed to fetch detail info for SUB-JA-2025-245566: It looks like you are using Playwright Sync API inside the asyncio loop.
Please use the Async API instead.
2026-02-10 11:35:14 [INFO] Updated auction: SUB-JA-2025-245566
2026-02-10 11:35:15 [WARNING] [BOE_PARALLEL_3] Failed to fetch detail info for SUB-JA-2025-254975: It looks like you are using Playwright Sync API inside the asyncio loop.
Please use the Async API instead.
2026-02-10 11:35:15 [INFO] Updated auction: SUB-JA-2025-254975
2026-02-10 11:35:15 [WARNING] [BOE_PARALLEL_3] Failed to fetch detail info for SUB-JA-2025-253891: It looks like you are using Playwright Sync API inside the asyncio loop.
Please use the Async API instead.
2026-02-10 11:35:15 [INFO] Updated auction: SUB-JA-2025-253891
2026-02-10 11:35:15 [WARNING] [BOE_PARALLEL_3] Failed to fetch detail info for SUB-JA-2025-253826: It looks like you are using Playwright Sync API inside the asyncio loop.
Please use the Async API instead.
2026-02-10 11:35:15 [INFO] Updated auction: SUB-JA-2025-253826
2026-02-10 11:35:15 [WARNING] [BOE_PARALLEL_3] Failed to fetch detail info for SUB-JA-2025-256178: It looks like you are using Playwright Sync API inside the asyncio loop.
Please use the Async API instead.
2026-02-10 11:35:15 [INFO] Updated auction: SUB-JA-2025-256178
2026-02-10 11:35:15 [WARNING] [BOE_PARALLEL_3] Failed to fetch detail info for SUB-JA-2025-252710: It looks like you are using Playwright Sync API inside the asyncio loop.
Please use the Async API instead.
2026-02-10 11:35:15 [INFO] Updated auction: SUB-JA-2025-252710
2026-02-10 11:35:16 [WARNING] [BOE_PARALLEL_3] Failed to fetch detail info for SUB-AT-2024-23R4586001244: It looks like you are using Playwright Sync API inside the asyncio loop.
Please use the Async API instead.
2026-02-10 11:35:16 [INFO] Updated auction: SUB-AT-2024-23R4586001244
2026-02-10 11:35:16 [WARNING] [BOE_PARALLEL_3] Failed to fetch detail info for SUB-AT-2024-24R0886001015: It looks like you are using Playwright Sync API inside the asyncio loop.
Please use the Async API instead.
2026-02-10 11:35:16 [INFO] Updated auction: SUB-AT-2024-24R0886001015
2026-02-10 11:35:16 [WARNING] [BOE_PARALLEL_3] Failed to fetch detail info for SUB-AT-2026-25R0886001576: It looks like you are using Playwright Sync API inside the asyncio loop.
Please use the Async API instead.
2026-02-10 11:35:16 [INFO] Updated auction: SUB-AT-2026-25R0886001576
2026-02-10 11:35:16 [WARNING] [BOE_PARALLEL_3] Failed to fetch detail info for SUB-AT-2026-25R0886001577: It looks like you are using Playwright Sync API inside the asyncio loop.
Please use the Async API instead.
2026-02-10 11:35:16 [INFO] Updated auction: SUB-AT-2026-25R0886001577
2026-02-10 11:35:16 [WARNING] [BOE_PARALLEL_3] Failed to fetch detail info for SUB-AT-2026-25R0886001615: It looks like you are using Playwright Sync API inside the asyncio loop.
Please use the Async API instead.
2026-02-10 11:35:16 [INFO] Updated auction: SUB-AT-2026-25R0886001615
2026-02-10 11:35:16 [WARNING] [BOE_PARALLEL_3] Failed to fetch detail info for SUB-AT-2026-25R1586002044: It looks like you are using Playwright Sync API inside the asyncio loop.
Please use the Async API instead.
2026-02-10 11:35:16 [INFO] Updated auction: SUB-AT-2026-25R1586002044
2026-02-10 11:35:16 [WARNING] [BOE_PARALLEL_3] Failed to fetch detail info for SUB-AT-2026-25R3086001160: It looks like you are using Playwright Sync API inside the asyncio loop.
Please use the Async API instead.
2026-02-10 11:35:16 [INFO] Updated auction: SUB-AT-2026-25R3086001160
2026-02-10 11:35:16 [WARNING] [BOE_PARALLEL_3] Failed to fetch detail info for SUB-AT-2026-25R3086001165: It looks like you are using Playwright Sync API inside the asyncio loop.
Please use the Async API instead.
2026-02-10 11:35:16 [INFO] Updated auction: SUB-AT-2026-25R3086001165
2026-02-10 11:35:16 [WARNING] [BOE_PARALLEL_3] Failed to fetch detail info for SUB-AT-2026-25R3086002022: It looks like you are using Playwright Sync API inside the asyncio loop.
Please use the Async API instead.
2026-02-10 11:35:16 [INFO] Updated auction: SUB-AT-2026-25R3086002022
2026-02-10 11:35:16 [WARNING] [BOE_PARALLEL_3] Failed to fetch detail info for SUB-AT-2026-25R3386001081: It looks like you are using Playwright Sync API inside the asyncio loop.
Please use the Async API instead.
2026-02-10 11:35:16 [INFO] Updated auction: SUB-AT-2026-25R3386001081
2026-02-10 11:35:18 [WARNING] [BOE_PARALLEL_3] Failed to fetch detail info for SUB-AT-2026-25R3386001083: It looks like you are using Playwright Sync API inside the asyncio loop.
Please use the Async API instead.
2026-02-10 11:35:18 [INFO] Updated auction: SUB-AT-2026-25R3386001083
2026-02-10 11:35:18 [WARNING] [BOE_PARALLEL_3] Failed to fetch detail info for SUB-AT-2026-25R4686001355: It looks like you are using Playwright Sync API inside the asyncio loop.
Please use the Async API instead.
2026-02-10 11:35:18 [INFO] Updated auction: SUB-AT-2026-25R4686001355
2026-02-10 11:35:18 [WARNING] [BOE_PARALLEL_3] Failed to fetch detail info for SUB-AT-2026-25R4686001406: It looks like you are using Playwright Sync API inside the asyncio loop.
Please use the Async API instead.
2026-02-10 11:35:18 [INFO] Updated auction: SUB-AT-2026-25R4686001406
2026-02-10 11:35:18 [WARNING] [BOE_PARALLEL_3] Failed to fetch detail info for SUB-AT-2026-25R4686001417: It looks like you are using Playwright Sync API inside the asyncio loop.
Please use the Async API instead.
2026-02-10 11:35:18 [INFO] Updated auction: SUB-AT-2026-25R4686001417
2026-02-10 11:35:18 [WARNING] [BOE_PARALLEL_3] Failed to fetch detail info for SUB-AT-2026-25R4686001437: It looks like you are using Playwright Sync API inside the asyncio loop.
Please use the Async API instead.
2026-02-10 11:35:18 [INFO] Updated auction: SUB-AT-2026-25R4686001437
2026-02-10 11:35:18 [WARNING] [BOE_PARALLEL_3] Failed to fetch detail info for SUB-AT-2026-25R4686001503: It looks like you are using Playwright Sync API inside the asyncio loop.
Please use the Async API instead.
2026-02-10 11:35:18 [INFO] Updated auction: SUB-AT-2026-25R4686001503
2026-02-10 11:35:18 [WARNING] [BOE_PARALLEL_3] Failed to fetch detail info for SUB-AT-2026-25R4686001521: It looks like you are using Playwright Sync API inside the asyncio loop.
Please use the Async API instead.
2026-02-10 11:35:18 [INFO] Updated auction: SUB-AT-2026-25R4686001521
2026-02-10 11:35:18 [WARNING] [BOE_PARALLEL_3] Failed to fetch detail info for SUB-AT-2026-25R4686002066: It looks like you are using Playwright Sync API inside the asyncio loop.
Please use the Async API instead.
2026-02-10 11:35:18 [INFO] Updated auction: SUB-AT-2026-25R4686002066
2026-02-10 11:35:18 [WARNING] [BOE_PARALLEL_3] Failed to fetch detail info for SUB-AT-2026-25R4686002068: It looks like you are using Playwright Sync API inside the asyncio loop.
Please use the Async API instead.
2026-02-10 11:35:18 [INFO] Updated auction: SUB-AT-2026-25R4686002068
2026-02-10 11:35:18 [WARNING] [BOE_PARALLEL_3] Failed to fetch detail info for SUB-AT-2026-25R4786001289: It looks like you are using Playwright Sync API inside the asyncio loop.
Please use the Async API instead.
2026-02-10 11:35:18 [INFO] Updated auction: SUB-AT-2026-25R4786001289
2026-02-10 11:35:20 [WARNING] [BOE_PARALLEL_3] Failed to fetch detail info for SUB-AT-2026-25R4786001291: It looks like you are using Playwright Sync API inside the asyncio loop.
Please use the Async API instead.
2026-02-10 11:35:20 [INFO] Updated auction: SUB-AT-2026-25R4786001291
2026-02-10 11:35:20 [WARNING] [BOE_PARALLEL_3] Failed to fetch detail info for SUB-AT-2026-25R4786001308: It looks like you are using Playwright Sync API inside the asyncio loop.
Please use the Async API instead.
2026-02-10 11:35:20 [INFO] Updated auction: SUB-AT-2026-25R4786001308
2026-02-10 11:35:20 [WARNING] [BOE_PARALLEL_3] Failed to fetch detail info for SUB-AT-2026-25R4786001322: It looks like you are using Playwright Sync API inside the asyncio loop.
Please use the Async API instead.
2026-02-10 11:35:20 [INFO] Updated auction: SUB-AT-2026-25R4786001322
2026-02-10 11:35:20 [WARNING] [BOE_PARALLEL_3] Failed to fetch detail info for SUB-AT-2026-25R4886001008: It looks like you are using Playwright Sync API inside the asyncio loop.
Please use the Async API instead.
2026-02-10 11:35:20 [INFO] Updated auction: SUB-AT-2026-25R4886001008
2026-02-10 11:35:21 [WARNING] [BOE_PARALLEL_3] Failed to fetch detail info for SUB-AT-2026-25R5086001058: It looks like you are using Playwright Sync API inside the asyncio loop.
Please use the Async API instead.
2026-02-10 11:35:21 [INFO] Updated auction: SUB-AT-2026-25R5086001058
2026-02-10 11:35:21 [WARNING] [BOE_PARALLEL_3] Failed to fetch detail info for SUB-AT-2026-25R5086001076: It looks like you are using Playwright Sync API inside the asyncio loop.
Please use the Async API instead.
2026-02-10 11:35:21 [INFO] Updated auction: SUB-AT-2026-25R5086001076
2026-02-10 11:35:21 [WARNING] [BOE_PARALLEL_3] Failed to fetch detail info for SUB-JA-2019-129007: It looks like you are using Playwright Sync API inside the asyncio loop.
Please use the Async API instead.
2026-02-10 11:35:21 [INFO] Updated auction: SUB-JA-2019-129007
2026-02-10 11:35:21 [WARNING] [BOE_PARALLEL_3] Failed to fetch detail info for SUB-JA-2024-236295: It looks like you are using Playwright Sync API inside the asyncio loop.
Please use the Async API instead.
2026-02-10 11:35:21 [INFO] Updated auction: SUB-JA-2024-236295
2026-02-10 11:35:21 [WARNING] [BOE_PARALLEL_3] Failed to fetch detail info for SUB-JA-2024-237705: It looks like you are using Playwright Sync API inside the asyncio loop.
Please use the Async API instead.
2026-02-10 11:35:21 [INFO] Updated auction: SUB-JA-2024-237705
2026-02-10 11:35:21 [WARNING] [BOE_PARALLEL_3] Failed to fetch detail info for SUB-JA-2025-243818: It looks like you are using Playwright Sync API inside the asyncio loop.
Please use the Async API instead.
2026-02-10 11:35:21 [INFO] Updated auction: SUB-JA-2025-243818
2026-02-10 11:35:22 [WARNING] [BOE_PARALLEL_3] Failed to fetch detail info for SUB-JA-2025-247454: It looks like you are using Playwright Sync API inside the asyncio loop.
Please use the Async API instead.
2026-02-10 11:35:22 [INFO] Updated auction: SUB-JA-2025-247454
2026-02-10 11:35:22 [WARNING] [BOE_PARALLEL_3] Failed to fetch detail info for SUB-JA-2025-248259: It looks like you are using Playwright Sync API inside the asyncio loop.
Please use the Async API instead.
2026-02-10 11:35:22 [INFO] Updated auction: SUB-JA-2025-248259
2026-02-10 11:35:22 [WARNING] [BOE_PARALLEL_3] Failed to fetch detail info for SUB-JA-2025-248758: It looks like you are using Playwright Sync API inside the asyncio loop.
Please use the Async API instead.
2026-02-10 11:35:22 [INFO] Updated auction: SUB-JA-2025-248758
2026-02-10 11:35:22 [WARNING] [BOE_PARALLEL_3] Failed to fetch detail info for SUB-JA-2025-250447: It looks like you are using Playwright Sync API inside the asyncio loop.
Please use the Async API instead.
2026-02-10 11:35:22 [INFO] Updated auction: SUB-JA-2025-250447
2026-02-10 11:35:22 [WARNING] [BOE_PARALLEL_3] Failed to fetch detail info for SUB-JA-2025-252340: It looks like you are using Playwright Sync API inside the asyncio loop.
Please use the Async API instead.
2026-02-10 11:35:22 [INFO] Updated auction: SUB-JA-2025-252340
2026-02-10 11:35:23 [WARNING] [BOE_PARALLEL_3] Failed to fetch detail info for SUB-JA-2025-252403: It looks like you are using Playwright Sync API inside the asyncio loop.
Please use the Async API instead.
2026-02-10 11:35:23 [INFO] Updated auction: SUB-JA-2025-252403
2026-02-10 11:35:23 [WARNING] [BOE_PARALLEL_3] Failed to fetch detail info for SUB-JA-2025-252888: It looks like you are using Playwright Sync API inside the asyncio loop.
Please use the Async API instead.
2026-02-10 11:35:23 [INFO] Updated auction: SUB-JA-2025-252888
2026-02-10 11:35:23 [WARNING] [BOE_PARALLEL_3] Failed to fetch detail info for SUB-JA-2025-252965: It looks like you are using Playwright Sync API inside the asyncio loop.
Please use the Async API instead.
2026-02-10 11:35:23 [INFO] Updated auction: SUB-JA-2025-252965
2026-02-10 11:35:23 [WARNING] [BOE_PARALLEL_3] Failed to fetch detail info for SUB-JA-2025-253016: It looks like you are using Playwright Sync API inside the asyncio loop.
Please use the Async API instead.
2026-02-10 11:35:23 [INFO] Updated auction: SUB-JA-2025-253016
2026-02-10 11:35:23 [WARNING] [BOE_PARALLEL_3] Failed to fetch detail info for SUB-JA-2025-253480: It looks like you are using Playwright Sync API inside the asyncio loop.
Please use the Async API instead.
2026-02-10 11:35:23 [INFO] Updated auction: SUB-JA-2025-253480
2026-02-10 11:35:24 [WARNING] [BOE_PARALLEL_3] Failed to fetch detail info for SUB-JA-2025-253504: It looks like you are using Playwright Sync API inside the asyncio loop.
Please use the Async API instead.
2026-02-10 11:35:24 [INFO] Updated auction: SUB-JA-2025-253504
2026-02-10 11:35:25 [WARNING] [BOE_PARALLEL_3] Failed to fetch detail info for SUB-JA-2025-253715: It looks like you are using Playwright Sync API inside the asyncio loop.
Please use the Async API instead.
2026-02-10 11:35:25 [INFO] Updated auction: SUB-JA-2025-253715
2026-02-10 11:35:25 [WARNING] [BOE_PARALLEL_3] Failed to fetch detail info for SUB-JA-2025-253816: It looks like you are using Playwright Sync API inside the asyncio loop.
Please use the Async API instead.
2026-02-10 11:35:25 [INFO] Updated auction: SUB-JA-2025-253816
2026-02-10 11:35:25 [WARNING] [BOE_PARALLEL_3] Failed to fetch detail info for SUB-JA-2025-254051: It looks like you are using Playwright Sync API inside the asyncio loop.
Please use the Async API instead.
2026-02-10 11:35:25 [INFO] Updated auction: SUB-JA-2025-254051
2026-02-10 11:35:25 [WARNING] [BOE_PARALLEL_3] Failed to fetch detail info for SUB-JA-2025-254130: It looks like you are using Playwright Sync API inside the asyncio loop.
Please use the Async API instead.
2026-02-10 11:35:25 [INFO] Updated auction: SUB-JA-2025-254130
2026-02-10 11:35:25 [WARNING] [BOE_PARALLEL_3] Failed to fetch detail info for SUB-JA-2025-254261: It looks like you are using Playwright Sync API inside the asyncio loop.
Please use the Async API instead.
2026-02-10 11:35:25 [INFO] Updated auction: SUB-JA-2025-254261
2026-02-10 11:35:25 [WARNING] [BOE_PARALLEL_3] Failed to fetch detail info for SUB-JA-2025-254363: It looks like you are using Playwright Sync API inside the asyncio loop.
Please use the Async API instead.
2026-02-10 11:35:25 [INFO] Updated auction: SUB-JA-2025-254363
2026-02-10 11:35:25 [WARNING] [BOE_PARALLEL_3] Failed to fetch detail info for SUB-JA-2025-254567: It looks like you are using Playwright Sync API inside the asyncio loop.
Please use the Async API instead.
2026-02-10 11:35:25 [INFO] Updated auction: SUB-JA-2025-254567
2026-02-10 11:35:25 [WARNING] [BOE_PARALLEL_3] Failed to fetch detail info for SUB-JA-2025-254584: It looks like you are using Playwright Sync API inside the asyncio loop.
Please use the Async API instead.
2026-02-10 11:35:25 [INFO] Updated auction: SUB-JA-2025-254584
2026-02-10 11:35:25 [WARNING] [BOE_PARALLEL_3] Failed to fetch detail info for SUB-JA-2025-254687: It looks like you are using Playwright Sync API inside the asyncio loop.
Please use the Async API instead.
2026-02-10 11:35:25 [INFO] Updated auction: SUB-JA-2025-254687
2026-02-10 11:35:26 [WARNING] [BOE_PARALLEL_3] Failed to fetch detail info for SUB-JA-2025-254791: It looks like you are using Playwright Sync API inside the asyncio loop.
Please use the Async API instead.
2026-02-10 11:35:26 [INFO] Updated auction: SUB-JA-2025-254791
2026-02-10 11:35:26 [WARNING] [BOE_PARALLEL_3] Failed to fetch detail info for SUB-JA-2025-254797: It looks like you are using Playwright Sync API inside the asyncio loop.
Please use the Async API instead.
2026-02-10 11:35:26 [INFO] Updated auction: SUB-JA-2025-254797
2026-02-10 11:35:26 [WARNING] [BOE_PARALLEL_3] Failed to fetch detail info for SUB-JA-2025-254815: It looks like you are using Playwright Sync API inside the asyncio loop.
Please use the Async API instead.
2026-02-10 11:35:26 [INFO] Updated auction: SUB-JA-2025-254815
2026-02-10 11:35:26 [WARNING] [BOE_PARALLEL_3] Failed to fetch detail info for SUB-JA-2025-255060: It looks like you are using Playwright Sync API inside the asyncio loop.
Please use the Async API instead.
2026-02-10 11:35:26 [INFO] Updated auction: SUB-JA-2025-255060
2026-02-10 11:35:27 [WARNING] [BOE_PARALLEL_3] Failed to fetch detail info for SUB-JA-2025-255108: It looks like you are using Playwright Sync API inside the asyncio loop.
Please use the Async API instead.
2026-02-10 11:35:27 [INFO] Updated auction: SUB-JA-2025-255108
2026-02-10 11:35:27 [WARNING] [BOE_PARALLEL_3] Failed to fetch detail info for SUB-JA-2025-255188: It looks like you are using Playwright Sync API inside the asyncio loop.
Please use the Async API instead.
2026-02-10 11:35:27 [INFO] Updated auction: SUB-JA-2025-255188
2026-02-10 11:35:27 [WARNING] [BOE_PARALLEL_3] Failed to fetch detail info for SUB-JA-2025-255343: It looks like you are using Playwright Sync API inside the asyncio loop.
Please use the Async API instead.
2026-02-10 11:35:27 [INFO] Updated auction: SUB-JA-2025-255343
2026-02-10 11:35:27 [WARNING] [BOE_PARALLEL_3] Failed to fetch detail info for SUB-JA-2025-255432: It looks like you are using Playwright Sync API inside the asyncio loop.
Please use the Async API instead.
2026-02-10 11:35:27 [INFO] Updated auction: SUB-JA-2025-255432
2026-02-10 11:35:27 [WARNING] [BOE_PARALLEL_3] Failed to fetch detail info for SUB-JA-2025-255464: It looks like you are using Playwright Sync API inside the asyncio loop.
Please use the Async API instead.
2026-02-10 11:35:27 [INFO] Updated auction: SUB-JA-2025-255464
2026-02-10 11:35:27 [WARNING] [BOE_PARALLEL_3] Failed to fetch detail info for SUB-JA-2025-255485: It looks like you are using Playwright Sync API inside the asyncio loop.
Please use the Async API instead.
2026-02-10 11:35:27 [INFO] Updated auction: SUB-JA-2025-255485
2026-02-10 11:35:28 [WARNING] [BOE_PARALLEL_3] Failed to fetch detail info for SUB-JA-2025-255537: It looks like you are using Playwright Sync API inside the asyncio loop.
Please use the Async API instead.
2026-02-10 11:35:28 [INFO] Updated auction: SUB-JA-2025-255537
2026-02-10 11:35:28 [WARNING] [BOE_PARALLEL_3] Failed to fetch detail info for SUB-JA-2025-255570: It looks like you are using Playwright Sync API inside the asyncio loop.
Please use the Async API instead.
2026-02-10 11:35:28 [INFO] Updated auction: SUB-JA-2025-255570
2026-02-10 11:35:29 [WARNING] [BOE_PARALLEL_3] Failed to fetch detail info for SUB-JA-2025-255607: It looks like you are using Playwright Sync API inside the asyncio loop.
Please use the Async API instead.
2026-02-10 11:35:29 [INFO] Updated auction: SUB-JA-2025-255607
2026-02-10 11:35:29 [WARNING] [BOE_PARALLEL_3] Failed to fetch detail info for SUB-JA-2025-255649: It looks like you are using Playwright Sync API inside the asyncio loop.
Please use the Async API instead.
2026-02-10 11:35:29 [INFO] Updated auction: SUB-JA-2025-255649
2026-02-10 11:35:29 [WARNING] [BOE_PARALLEL_3] Failed to fetch detail info for SUB-JA-2025-255741: It looks like you are using Playwright Sync API inside the asyncio loop.
Please use the Async API instead.
2026-02-10 11:35:29 [INFO] Updated auction: SUB-JA-2025-255741
2026-02-10 11:35:29 [WARNING] [BOE_PARALLEL_3] Failed to fetch detail info for SUB-JA-2025-255946: It looks like you are using Playwright Sync API inside the asyncio loop.
Please use the Async API instead.
2026-02-10 11:35:29 [INFO] Updated auction: SUB-JA-2025-255946
2026-02-10 11:35:29 [WARNING] [BOE_PARALLEL_3] Failed to fetch detail info for SUB-JA-2025-256068: It looks like you are using Playwright Sync API inside the asyncio loop.
Please use the Async API instead.
2026-02-10 11:35:29 [INFO] Updated auction: SUB-JA-2025-256068
2026-02-10 11:35:29 [WARNING] [BOE_PARALLEL_3] Failed to fetch detail info for SUB-JA-2025-256163: It looks like you are using Playwright Sync API inside the asyncio loop.
Please use the Async API instead.
2026-02-10 11:35:29 [INFO] Updated auction: SUB-JA-2025-256163
2026-02-10 11:35:29 [WARNING] [BOE_PARALLEL_3] Failed to fetch detail info for SUB-JA-2025-256171: It looks like you are using Playwright Sync API inside the asyncio loop.
Please use the Async API instead.
2026-02-10 11:35:29 [INFO] Updated auction: SUB-JA-2025-256171
2026-02-10 11:35:29 [WARNING] [BOE_PARALLEL_3] Failed to fetch detail info for SUB-JA-2025-256193: It looks like you are using Playwright Sync API inside the asyncio loop.
Please use the Async API instead.
2026-02-10 11:35:29 [INFO] Updated auction: SUB-JA-2025-256193
2026-02-10 11:35:30 [WARNING] [BOE_PARALLEL_3] Failed to fetch detail info for SUB-JA-2025-256216: It looks like you are using Playwright Sync API inside the asyncio loop.
Please use the Async API instead.
2026-02-10 11:35:30 [INFO] Updated auction: SUB-JA-2025-256216
2026-02-10 11:35:30 [WARNING] [BOE_PARALLEL_3] Failed to fetch detail info for SUB-JA-2025-256222: It looks like you are using Playwright Sync API inside the asyncio loop.
Please use the Async API instead.
2026-02-10 11:35:30 [INFO] Updated auction: SUB-JA-2025-256222
2026-02-10 11:35:30 [WARNING] [BOE_PARALLEL_3] Failed to fetch detail info for SUB-JA-2025-256366: It looks like you are using Playwright Sync API inside the asyncio loop.
Please use the Async API instead.
2026-02-10 11:35:30 [INFO] Updated auction: SUB-JA-2025-256366
2026-02-10 11:35:30 [WARNING] [BOE_PARALLEL_3] Failed to fetch detail info for SUB-JA-2025-256391: It looks like you are using Playwright Sync API inside the asyncio loop.
Please use the Async API instead.
2026-02-10 11:35:30 [INFO] Updated auction: SUB-JA-2025-256391
2026-02-10 11:35:30 [WARNING] [BOE_PARALLEL_3] Failed to fetch detail info for SUB-JA-2026-255368: It looks like you are using Playwright Sync API inside the asyncio loop.
Please use the Async API instead.
2026-02-10 11:35:30 [INFO] Updated auction: SUB-JA-2026-255368
2026-02-10 11:35:31 [WARNING] [BOE_PARALLEL_3] Failed to fetch detail info for SUB-JA-2026-256417: It looks like you are using Playwright Sync API inside the asyncio loop.
Please use the Async API instead.
2026-02-10 11:35:31 [INFO] Updated auction: SUB-JA-2026-256417
2026-02-10 11:35:31 [WARNING] [BOE_PARALLEL_3] Failed to fetch detail info for SUB-JA-2026-256475: It looks like you are using Playwright Sync API inside the asyncio loop.
Please use the Async API instead.
2026-02-10 11:35:31 [INFO] Updated auction: SUB-JA-2026-256475
2026-02-10 11:35:31 [WARNING] [BOE_PARALLEL_3] Failed to fetch detail info for SUB-JA-2026-256503: It looks like you are using Playwright Sync API inside the asyncio loop.
Please use the Async API instead.
2026-02-10 11:35:31 [INFO] Updated auction: SUB-JA-2026-256503
2026-02-10 11:35:31 [WARNING] [BOE_PARALLEL_3] Failed to fetch detail info for SUB-JA-2026-256521: It looks like you are using Playwright Sync API inside the asyncio loop.
Please use the Async API instead.
2026-02-10 11:35:31 [INFO] Updated auction: SUB-JA-2026-256521
2026-02-10 11:35:31 [WARNING] [BOE_PARALLEL_3] Failed to fetch detail info for SUB-JA-2026-256527: It looks like you are using Playwright Sync API inside the asyncio loop.
Please use the Async API instead.
2026-02-10 11:35:31 [INFO] Updated auction: SUB-JA-2026-256527
2026-02-10 11:35:32 [WARNING] [BOE_PARALLEL_3] Failed to fetch detail info for SUB-JA-2026-256533: It looks like you are using Playwright Sync API inside the asyncio loop.
Please use the Async API instead.
2026-02-10 11:35:32 [INFO] Updated auction: SUB-JA-2026-256533
2026-02-10 11:35:32 [WARNING] [BOE_PARALLEL_3] Failed to fetch detail info for SUB-JA-2026-256623: It looks like you are using Playwright Sync API inside the asyncio loop.
Please use the Async API instead.
2026-02-10 11:35:32 [INFO] Updated auction: SUB-JA-2026-256623
2026-02-10 11:35:32 [WARNING] [BOE_PARALLEL_3] Failed to fetch detail info for SUB-JV-2025-254980: It looks like you are using Playwright Sync API inside the asyncio loop.
Please use the Async API instead.
2026-02-10 11:35:32 [INFO] Updated auction: SUB-JV-2025-254980
2026-02-10 11:35:32 [WARNING] [BOE_PARALLEL_3] Failed to fetch detail info for SUB-JV-2025-255909: It looks like you are using Playwright Sync API inside the asyncio loop.
Please use the Async API instead.
2026-02-10 11:35:32 [INFO] Updated auction: SUB-JV-2025-255909
2026-02-10 11:35:32 [WARNING] [BOE_PARALLEL_3] Failed to fetch detail info for SUB-JV-2026-256539: It looks like you are using Playwright Sync API inside the asyncio loop.
Please use the Async API instead.
2026-02-10 11:35:32 [INFO] Updated auction: SUB-JV-2026-256539
2026-02-10 11:35:32 [WARNING] [BOE_PARALLEL_3] Failed to fetch detail info for SUB-NN-2026-1596099: It looks like you are using Playwright Sync API inside the asyncio loop.
Please use the Async API instead.
2026-02-10 11:35:32 [INFO] Updated auction: SUB-NN-2026-1596099
2026-02-10 11:35:32 [WARNING] [BOE_PARALLEL_3] Failed to fetch detail info for SUB-RC-2025-0025I20200033: It looks like you are using Playwright Sync API inside the asyncio loop.
Please use the Async API instead.
2026-02-10 11:35:32 [INFO] Updated auction: SUB-RC-2025-0025I20200033
2026-02-10 11:35:32 [WARNING] [BOE_PARALLEL_3] Failed to fetch detail info for SUB-RC-2026-1743000101014: It looks like you are using Playwright Sync API inside the asyncio loop.
Please use the Async API instead.
2026-02-10 11:35:32 [INFO] Updated auction: SUB-RC-2026-1743000101014
2026-02-10 11:35:32 [WARNING] [BOE_PARALLEL_3] Failed to fetch detail info for SUB-RC-2026-3100200100810: It looks like you are using Playwright Sync API inside the asyncio loop.
Please use the Async API instead.
2026-02-10 11:35:32 [INFO] Updated auction: SUB-RC-2026-3100200100810
2026-02-10 11:35:32 [WARNING] [BOE_PARALLEL_3] Failed to fetch detail info for SUB-JA-2025-255871: It looks like you are using Playwright Sync API inside the asyncio loop.
Please use the Async API instead.
2026-02-10 11:35:32 [INFO] Updated auction: SUB-JA-2025-255871
2026-02-10 11:35:34 [WARNING] [BOE_PARALLEL_3] Failed to fetch detail info for SUB-AT-2026-25R4686001470: It looks like you are using Playwright Sync API inside the asyncio loop.
Please use the Async API instead.
2026-02-10 11:35:34 [INFO] Updated auction: SUB-AT-2026-25R4686001470
2026-02-10 11:35:34 [WARNING] [BOE_PARALLEL_3] Failed to fetch detail info for SUB-JA-2025-250197: It looks like you are using Playwright Sync API inside the asyncio loop.
Please use the Async API instead.
2026-02-10 11:35:34 [INFO] Updated auction: SUB-JA-2025-250197
2026-02-10 11:35:34 [WARNING] [BOE_PARALLEL_3] Failed to fetch detail info for SUB-AT-2026-25R0886001547: It looks like you are using Playwright Sync API inside the asyncio loop.
Please use the Async API instead.
2026-02-10 11:35:34 [INFO] Updated auction: SUB-AT-2026-25R0886001547
2026-02-10 11:35:34 [WARNING] [BOE_PARALLEL_3] Failed to fetch detail info for SUB-JA-2025-253961: It looks like you are using Playwright Sync API inside the asyncio loop.
Please use the Async API instead.
2026-02-10 11:35:34 [INFO] Updated auction: SUB-JA-2025-253961
2026-02-10 11:35:35 [WARNING] [BOE_PARALLEL_3] Failed to fetch detail info for SUB-JA-2025-255388: It looks like you are using Playwright Sync API inside the asyncio loop.
Please use the Async API instead.
2026-02-10 11:35:35 [INFO] Updated auction: SUB-JA-2025-255388
2026-02-10 11:35:35 [WARNING] [BOE_PARALLEL_3] Failed to fetch detail info for SUB-AT-2026-25R4686001519: It looks like you are using Playwright Sync API inside the asyncio loop.
Please use the Async API instead.
2026-02-10 11:35:35 [INFO] Updated auction: SUB-AT-2026-25R4686001519
2026-02-10 11:35:35 [WARNING] [BOE_PARALLEL_3] Failed to fetch detail info for SUB-AT-2026-25R4686001518: It looks like you are using Playwright Sync API inside the asyncio loop.
Please use the Async API instead.
2026-02-10 11:35:35 [INFO] Updated auction: SUB-AT-2026-25R4686001518
2026-02-10 11:35:35 [WARNING] [BOE_PARALLEL_3] Failed to fetch detail info for SUB-AT-2026-25R4786001223: It looks like you are using Playwright Sync API inside the asyncio loop.
Please use the Async API instead.
2026-02-10 11:35:35 [INFO] Updated auction: SUB-AT-2026-25R4786001223
2026-02-10 11:35:35 [WARNING] [BOE_PARALLEL_3] Failed to fetch detail info for SUB-JA-2025-252399: It looks like you are using Playwright Sync API inside the asyncio loop.
Please use the Async API instead.
2026-02-10 11:35:35 [INFO] Updated auction: SUB-JA-2025-252399
2026-02-10 11:35:35 [WARNING] [BOE_PARALLEL_3] Failed to fetch detail info for SUB-AT-2026-25R5086001067: It looks like you are using Playwright Sync API inside the asyncio loop.
Please use the Async API instead.
2026-02-10 11:35:35 [INFO] Updated auction: SUB-AT-2026-25R5086001067
2026-02-10 11:35:37 [WARNING] [BOE_PARALLEL_3] Failed to fetch detail info for SUB-JA-2025-244895: It looks like you are using Playwright Sync API inside the asyncio loop.
Please use the Async API instead.
2026-02-10 11:35:37 [INFO] Updated auction: SUB-JA-2025-244895
2026-02-10 11:35:37 [WARNING] [BOE_PARALLEL_3] Failed to fetch detail info for SUB-JA-2025-254782: It looks like you are using Playwright Sync API inside the asyncio loop.
Please use the Async API instead.
2026-02-10 11:35:37 [INFO] Updated auction: SUB-JA-2025-254782
2026-02-10 11:35:37 [WARNING] [BOE_PARALLEL_3] Failed to fetch detail info for SUB-AT-2026-25R0886001702: It looks like you are using Playwright Sync API inside the asyncio loop.
Please use the Async API instead.
2026-02-10 11:35:37 [INFO] Updated auction: SUB-AT-2026-25R0886001702
2026-02-10 11:35:37 [WARNING] [BOE_PARALLEL_3] Failed to fetch detail info for SUB-JA-2025-255944: It looks like you are using Playwright Sync API inside the asyncio loop.
Please use the Async API instead.
2026-02-10 11:35:37 [INFO] Updated auction: SUB-JA-2025-255944
2026-02-10 11:35:37 [WARNING] [BOE_PARALLEL_3] Failed to fetch detail info for SUB-AT-2026-25R3386001078: It looks like you are using Playwright Sync API inside the asyncio loop.
Please use the Async API instead.
2026-02-10 11:35:37 [INFO] Updated auction: SUB-AT-2026-25R3386001078
2026-02-10 11:35:37 [WARNING] [BOE_PARALLEL_3] Failed to fetch detail info for SUB-JA-2025-256200: It looks like you are using Playwright Sync API inside the asyncio loop.
Please use the Async API instead.
2026-02-10 11:35:37 [INFO] Updated auction: SUB-JA-2025-256200
2026-02-10 11:35:37 [WARNING] [BOE_PARALLEL_3] Failed to fetch detail info for SUB-JA-2025-249933: It looks like you are using Playwright Sync API inside the asyncio loop.
Please use the Async API instead.
2026-02-10 11:35:37 [INFO] Updated auction: SUB-JA-2025-249933
2026-02-10 11:35:37 [WARNING] [BOE_PARALLEL_3] Failed to fetch detail info for SUB-AT-2026-25R3086001183: It looks like you are using Playwright Sync API inside the asyncio loop.
Please use the Async API instead.
2026-02-10 11:35:37 [INFO] Updated auction: SUB-AT-2026-25R3086001183
2026-02-10 11:35:37 [WARNING] [BOE_PARALLEL_3] Failed to fetch detail info for SUB-JA-2025-255557: It looks like you are using Playwright Sync API inside the asyncio loop.
Please use the Async API instead.
2026-02-10 11:35:37 [INFO] Updated auction: SUB-JA-2025-255557
2026-02-10 11:35:37 [WARNING] [BOE_PARALLEL_3] Failed to fetch detail info for SUB-AT-2026-25R4686001469: It looks like you are using Playwright Sync API inside the asyncio loop.
Please use the Async API instead.
2026-02-10 11:35:37 [INFO] Updated auction: SUB-AT-2026-25R4686001469
2026-02-10 11:35:38 [WARNING] [BOE_PARALLEL_3] Failed to fetch detail info for SUB-AT-2026-25R3086002023: It looks like you are using Playwright Sync API inside the asyncio loop.
Please use the Async API instead.
2026-02-10 11:35:38 [INFO] Updated auction: SUB-AT-2026-25R3086002023
2026-02-10 11:35:38 [WARNING] [BOE_PARALLEL_3] Failed to fetch detail info for SUB-JA-2025-251793: It looks like you are using Playwright Sync API inside the asyncio loop.
Please use the Async API instead.
2026-02-10 11:35:38 [INFO] Updated auction: SUB-JA-2025-251793
2026-02-10 11:35:38 [WARNING] [BOE_PARALLEL_3] Failed to fetch detail info for SUB-JA-2025-255075: It looks like you are using Playwright Sync API inside the asyncio loop.
Please use the Async API instead.
2026-02-10 11:35:38 [INFO] Updated auction: SUB-JA-2025-255075
2026-02-10 11:35:38 [WARNING] [BOE_PARALLEL_3] Failed to fetch detail info for SUB-JA-2025-254867: It looks like you are using Playwright Sync API inside the asyncio loop.
Please use the Async API instead.
2026-02-10 11:35:38 [INFO] Updated auction: SUB-JA-2025-254867
2026-02-10 11:35:38 [WARNING] [BOE_PARALLEL_3] Failed to fetch detail info for SUB-AT-2026-25R1586001102: It looks like you are using Playwright Sync API inside the asyncio loop.
Please use the Async API instead.
2026-02-10 11:35:38 [INFO] Updated auction: SUB-AT-2026-25R1586001102
2026-02-10 11:35:38 [WARNING] [BOE_PARALLEL_3] Failed to fetch detail info for SUB-JA-2023-214477: It looks like you are using Playwright Sync API inside the asyncio loop.
Please use the Async API instead.
2026-02-10 11:35:38 [INFO] Updated auction: SUB-JA-2023-214477
2026-02-10 11:35:39 [WARNING] [BOE_PARALLEL_3] Failed to fetch detail info for SUB-JA-2026-256496: It looks like you are using Playwright Sync API inside the asyncio loop.
Please use the Async API instead.
2026-02-10 11:35:39 [INFO] Updated auction: SUB-JA-2026-256496
2026-02-10 11:35:39 [WARNING] [BOE_PARALLEL_3] Failed to fetch detail info for SUB-JV-2025-254306: It looks like you are using Playwright Sync API inside the asyncio loop.
Please use the Async API instead.
2026-02-10 11:35:39 [INFO] Updated auction: SUB-JV-2025-254306
2026-02-10 11:35:39 [WARNING] [BOE_PARALLEL_3] Failed to fetch detail info for SUB-AT-2026-25R4686001383: It looks like you are using Playwright Sync API inside the asyncio loop.
Please use the Async API instead.
2026-02-10 11:35:39 [INFO] Updated auction: SUB-AT-2026-25R4686001383
2026-02-10 11:35:39 [WARNING] [BOE_PARALLEL_3] Failed to fetch detail info for SUB-JA-2025-253563: It looks like you are using Playwright Sync API inside the asyncio loop.
Please use the Async API instead.
2026-02-10 11:35:39 [INFO] Updated auction: SUB-JA-2025-253563
2026-02-10 11:35:40 [WARNING] [BOE_PARALLEL_3] Failed to fetch detail info for SUB-AT-2026-25R5086001086: It looks like you are using Playwright Sync API inside the asyncio loop.
Please use the Async API instead.
2026-02-10 11:35:40 [INFO] Updated auction: SUB-AT-2026-25R5086001086
2026-02-10 11:35:41 [WARNING] [BOE_PARALLEL_3] Failed to fetch detail info for SUB-AT-2026-25R0886001661: It looks like you are using Playwright Sync API inside the asyncio loop.
Please use the Async API instead.
2026-02-10 11:35:41 [INFO] Updated auction: SUB-AT-2026-25R0886001661
2026-02-10 11:35:41 [WARNING] [BOE_PARALLEL_3] Failed to fetch detail info for SUB-AT-2026-25R4686001533: It looks like you are using Playwright Sync API inside the asyncio loop.
Please use the Async API instead.
2026-02-10 11:35:41 [INFO] Updated auction: SUB-AT-2026-25R4686001533
2026-02-10 11:35:41 [WARNING] [BOE_PARALLEL_3] Failed to fetch detail info for SUB-JA-2025-208566: It looks like you are using Playwright Sync API inside the asyncio loop.
Please use the Async API instead.
2026-02-10 11:35:41 [INFO] Updated auction: SUB-JA-2025-208566
2026-02-10 11:35:41 [WARNING] [BOE_PARALLEL_3] Failed to fetch detail info for SUB-AT-2026-25R4686001443: It looks like you are using Playwright Sync API inside the asyncio loop.
Please use the Async API instead.
2026-02-10 11:35:41 [INFO] Updated auction: SUB-AT-2026-25R4686001443
2026-02-10 11:35:41 [WARNING] [BOE_PARALLEL_3] Failed to fetch detail info for SUB-AT-2026-25R4686001446: It looks like you are using Playwright Sync API inside the asyncio loop.
Please use the Async API instead.
2026-02-10 11:35:41 [INFO] Updated auction: SUB-AT-2026-25R4686001446
2026-02-10 11:35:41 [WARNING] [BOE_PARALLEL_3] Failed to fetch detail info for SUB-AT-2026-25R3086001191: It looks like you are using Playwright Sync API inside the asyncio loop.
Please use the Async API instead.
2026-02-10 11:35:41 [INFO] Updated auction: SUB-AT-2026-25R3086001191
2026-02-10 11:35:41 [WARNING] [BOE_PARALLEL_3] Failed to fetch detail info for SUB-AT-2026-25R4786001224: It looks like you are using Playwright Sync API inside the asyncio loop.
Please use the Async API instead.
2026-02-10 11:35:41 [INFO] Updated auction: SUB-AT-2026-25R4786001224
2026-02-10 11:35:41 [WARNING] [BOE_PARALLEL_3] Failed to fetch detail info for SUB-AT-2026-25R1586001136: It looks like you are using Playwright Sync API inside the asyncio loop.
Please use the Async API instead.
2026-02-10 11:35:41 [INFO] Updated auction: SUB-AT-2026-25R1586001136
2026-02-10 11:35:41 [WARNING] [BOE_PARALLEL_3] Failed to fetch detail info for SUB-AT-2026-25R1586001138: It looks like you are using Playwright Sync API inside the asyncio loop.
Please use the Async API instead.
2026-02-10 11:35:41 [INFO] Updated auction: SUB-AT-2026-25R1586001138
2026-02-10 11:35:42 [WARNING] [BOE_PARALLEL_3] Failed to fetch detail info for SUB-AT-2026-25R3386001077: It looks like you are using Playwright Sync API inside the asyncio loop.
Please use the Async API instead.
2026-02-10 11:35:42 [INFO] Updated auction: SUB-AT-2026-25R3386001077
2026-02-10 11:35:43 [WARNING] [BOE_PARALLEL_3] Failed to fetch detail info for SUB-JV-2025-256224: It looks like you are using Playwright Sync API inside the asyncio loop.
Please use the Async API instead.
2026-02-10 11:35:43 [INFO] Updated auction: SUB-JV-2025-256224
2026-02-10 11:35:43 [WARNING] [BOE_PARALLEL_3] Failed to fetch detail info for SUB-JA-2025-256078: It looks like you are using Playwright Sync API inside the asyncio loop.
Please use the Async API instead.
2026-02-10 11:35:43 [INFO] Updated auction: SUB-JA-2025-256078
2026-02-10 11:35:43 [WARNING] [BOE_PARALLEL_3] Failed to fetch detail info for SUB-AT-2026-25R4686001409: It looks like you are using Playwright Sync API inside the asyncio loop.
Please use the Async API instead.
2026-02-10 11:35:43 [INFO] Updated auction: SUB-AT-2026-25R4686001409
2026-02-10 11:35:43 [WARNING] [BOE_PARALLEL_3] Failed to fetch detail info for SUB-AT-2026-25R1586001133: It looks like you are using Playwright Sync API inside the asyncio loop.
Please use the Async API instead.
2026-02-10 11:35:43 [INFO] Updated auction: SUB-AT-2026-25R1586001133
2026-02-10 11:35:43 [WARNING] [BOE_PARALLEL_3] Failed to fetch detail info for SUB-AT-2026-25R4686001431: It looks like you are using Playwright Sync API inside the asyncio loop.
Please use the Async API instead.
2026-02-10 11:35:43 [INFO] Updated auction: SUB-AT-2026-25R4686001431
2026-02-10 11:35:43 [WARNING] [BOE_PARALLEL_3] Failed to fetch detail info for SUB-AT-2026-25R4686001340: It looks like you are using Playwright Sync API inside the asyncio loop.
Please use the Async API instead.
2026-02-10 11:35:43 [INFO] Updated auction: SUB-AT-2026-25R4686001340
2026-02-10 11:35:43 [WARNING] [BOE_PARALLEL_3] Failed to fetch detail info for SUB-JA-2025-250880: It looks like you are using Playwright Sync API inside the asyncio loop.
Please use the Async API instead.
2026-02-10 11:35:43 [INFO] Updated auction: SUB-JA-2025-250880
2026-02-10 11:35:43 [WARNING] [BOE_PARALLEL_3] Failed to fetch detail info for SUB-JA-2025-249608: It looks like you are using Playwright Sync API inside the asyncio loop.
Please use the Async API instead.
2026-02-10 11:35:43 [INFO] Updated auction: SUB-JA-2025-249608
2026-02-10 11:35:43 [WARNING] [BOE_PARALLEL_3] Failed to fetch detail info for SUB-JA-2025-255875: It looks like you are using Playwright Sync API inside the asyncio loop.
Please use the Async API instead.
2026-02-10 11:35:43 [INFO] Updated auction: SUB-JA-2025-255875
2026-02-10 11:35:45 [WARNING] [BOE_PARALLEL_3] Failed to fetch detail info for SUB-AT-2026-25R4686001401: It looks like you are using Playwright Sync API inside the asyncio loop.
Please use the Async API instead.
2026-02-10 11:35:45 [INFO] Updated auction: SUB-AT-2026-25R4686001401
2026-02-10 11:35:45 [WARNING] [BOE_PARALLEL_3] Failed to fetch detail info for SUB-AT-2026-25R1586001140: It looks like you are using Playwright Sync API inside the asyncio loop.
Please use the Async API instead.
2026-02-10 11:35:45 [INFO] Updated auction: SUB-AT-2026-25R1586001140
2026-02-10 11:35:45 [WARNING] [BOE_PARALLEL_3] Failed to fetch detail info for SUB-JV-2025-255711: It looks like you are using Playwright Sync API inside the asyncio loop.
Please use the Async API instead.
2026-02-10 11:35:45 [INFO] Updated auction: SUB-JV-2025-255711
2026-02-10 11:35:45 [WARNING] [BOE_PARALLEL_3] Failed to fetch detail info for SUB-AT-2026-25R1586001137: It looks like you are using Playwright Sync API inside the asyncio loop.
Please use the Async API instead.
2026-02-10 11:35:45 [INFO] Updated auction: SUB-AT-2026-25R1586001137
2026-02-10 11:35:45 [WARNING] [BOE_PARALLEL_3] Failed to fetch detail info for SUB-AT-2026-25R1586002047: It looks like you are using Playwright Sync API inside the asyncio loop.
Please use the Async API instead.
2026-02-10 11:35:45 [INFO] Updated auction: SUB-AT-2026-25R1586002047
2026-02-10 11:35:45 [WARNING] [BOE_PARALLEL_3] Failed to fetch detail info for SUB-JA-2025-255450: It looks like you are using Playwright Sync API inside the asyncio loop.
Please use the Async API instead.
2026-02-10 11:35:45 [INFO] Updated auction: SUB-JA-2025-255450
2026-02-10 11:35:45 [WARNING] [BOE_PARALLEL_3] Failed to fetch detail info for SUB-AT-2026-25R0886001554: It looks like you are using Playwright Sync API inside the asyncio loop.
Please use the Async API instead.
2026-02-10 11:35:45 [INFO] Updated auction: SUB-AT-2026-25R0886001554
2026-02-10 11:35:45 [WARNING] [BOE_PARALLEL_3] Failed to fetch detail info for SUB-AT-2026-24R2986002008: It looks like you are using Playwright Sync API inside the asyncio loop.
Please use the Async API instead.
2026-02-10 11:35:45 [INFO] Updated auction: SUB-AT-2026-24R2986002008
2026-02-10 11:35:45 [WARNING] [BOE_PARALLEL_3] Failed to fetch detail info for SUB-JA-2025-256107: It looks like you are using Playwright Sync API inside the asyncio loop.
Please use the Async API instead.
2026-02-10 11:35:45 [INFO] Updated auction: SUB-JA-2025-256107
2026-02-10 11:35:45 [WARNING] [BOE_PARALLEL_3] Failed to fetch detail info for SUB-AT-2026-25R4786001283: It looks like you are using Playwright Sync API inside the asyncio loop.
Please use the Async API instead.
2026-02-10 11:35:45 [INFO] Updated auction: SUB-AT-2026-25R4786001283
2026-02-10 11:35:47 [WARNING] [BOE_PARALLEL_3] Failed to fetch detail info for SUB-JV-2025-256212: It looks like you are using Playwright Sync API inside the asyncio loop.
Please use the Async API instead.
2026-02-10 11:35:47 [INFO] Updated auction: SUB-JV-2025-256212
2026-02-10 11:35:47 [WARNING] [BOE_PARALLEL_3] Failed to fetch detail info for SUB-AT-2026-25R4786001325: It looks like you are using Playwright Sync API inside the asyncio loop.
Please use the Async API instead.
2026-02-10 11:35:47 [INFO] Updated auction: SUB-AT-2026-25R4786001325
2026-02-10 11:35:47 [WARNING] [BOE_PARALLEL_3] Failed to fetch detail info for SUB-AT-2026-25R4686001467: It looks like you are using Playwright Sync API inside the asyncio loop.
Please use the Async API instead.
2026-02-10 11:35:47 [INFO] Updated auction: SUB-AT-2026-25R4686001467
2026-02-10 11:35:47 [WARNING] [BOE_PARALLEL_3] Failed to fetch detail info for SUB-JA-2025-255239: It looks like you are using Playwright Sync API inside the asyncio loop.
Please use the Async API instead.
2026-02-10 11:35:47 [INFO] Updated auction: SUB-JA-2025-255239
2026-02-10 11:35:47 [WARNING] [BOE_PARALLEL_3] Failed to fetch detail info for SUB-AT-2026-25R0886001579: It looks like you are using Playwright Sync API inside the asyncio loop.
Please use the Async API instead.
2026-02-10 11:35:47 [INFO] Updated auction: SUB-AT-2026-25R0886001579
2026-02-10 11:35:47 [WARNING] [BOE_PARALLEL_3] Failed to fetch detail info for SUB-JA-2025-256331: It looks like you are using Playwright Sync API inside the asyncio loop.
Please use the Async API instead.
2026-02-10 11:35:47 [INFO] Updated auction: SUB-JA-2025-256331
2026-02-10 11:35:47 [WARNING] [BOE_PARALLEL_3] Failed to fetch detail info for SUB-JA-2025-255654: It looks like you are using Playwright Sync API inside the asyncio loop.
Please use the Async API instead.
2026-02-10 11:35:47 [INFO] Updated auction: SUB-JA-2025-255654
2026-02-10 11:35:47 [WARNING] [BOE_PARALLEL_3] Failed to fetch detail info for SUB-JV-2026-256478: It looks like you are using Playwright Sync API inside the asyncio loop.
Please use the Async API instead.
2026-02-10 11:35:47 [INFO] Updated auction: SUB-JV-2026-256478
2026-02-10 11:35:47 [WARNING] [BOE_PARALLEL_3] Failed to fetch detail info for SUB-JA-2025-256001: It looks like you are using Playwright Sync API inside the asyncio loop.
Please use the Async API instead.
2026-02-10 11:35:47 [INFO] Updated auction: SUB-JA-2025-256001
2026-02-10 11:35:47 [WARNING] [BOE_PARALLEL_3] Failed to fetch detail info for SUB-JA-2025-255372: It looks like you are using Playwright Sync API inside the asyncio loop.
Please use the Async API instead.
2026-02-10 11:35:47 [INFO] Updated auction: SUB-JA-2025-255372
2026-02-10 11:35:49 [WARNING] [BOE_PARALLEL_3] Failed to fetch detail info for SUB-AT-2026-25R1586001135: It looks like you are using Playwright Sync API inside the asyncio loop.
Please use the Async API instead.
2026-02-10 11:35:49 [INFO] Updated auction: SUB-AT-2026-25R1586001135
2026-02-10 11:35:49 [WARNING] [BOE_PARALLEL_3] Failed to fetch detail info for SUB-JA-2025-256412: It looks like you are using Playwright Sync API inside the asyncio loop.
Please use the Async API instead.
2026-02-10 11:35:49 [INFO] Updated auction: SUB-JA-2025-256412
2026-02-10 11:35:49 [WARNING] [BOE_PARALLEL_3] Failed to fetch detail info for SUB-AT-2026-25R4686001504: It looks like you are using Playwright Sync API inside the asyncio loop.
Please use the Async API instead.
2026-02-10 11:35:49 [INFO] Updated auction: SUB-AT-2026-25R4686001504
2026-02-10 11:35:49 [WARNING] [BOE_PARALLEL_3] Failed to fetch detail info for SUB-AT-2026-25R0686001071: It looks like you are using Playwright Sync API inside the asyncio loop.
Please use the Async API instead.
2026-02-10 11:35:49 [INFO] Updated auction: SUB-AT-2026-25R0686001071
2026-02-10 11:35:49 [WARNING] [BOE_PARALLEL_3] Failed to fetch detail info for SUB-JA-2025-256230: It looks like you are using Playwright Sync API inside the asyncio loop.
Please use the Async API instead.
2026-02-10 11:35:49 [INFO] Updated auction: SUB-JA-2025-256230
2026-02-10 11:35:49 [WARNING] [BOE_PARALLEL_3] Failed to fetch detail info for SUB-AT-2026-25R1586001132: It looks like you are using Playwright Sync API inside the asyncio loop.
Please use the Async API instead.
2026-02-10 11:35:49 [INFO] Updated auction: SUB-AT-2026-25R1586001132
2026-02-10 11:35:49 [WARNING] [BOE_PARALLEL_3] Failed to fetch detail info for SUB-AT-2026-25R0886001696: It looks like you are using Playwright Sync API inside the asyncio loop.
Please use the Async API instead.
2026-02-10 11:35:49 [INFO] Updated auction: SUB-AT-2026-25R0886001696
2026-02-10 11:35:49 [WARNING] [BOE_PARALLEL_3] Failed to fetch detail info for SUB-RC-2026-3100200102923: It looks like you are using Playwright Sync API inside the asyncio loop.
Please use the Async API instead.
2026-02-10 11:35:49 [INFO] Updated auction: SUB-RC-2026-3100200102923
2026-02-10 11:35:49 [WARNING] [BOE_PARALLEL_3] Failed to fetch detail info for SUB-JA-2025-256415: It looks like you are using Playwright Sync API inside the asyncio loop.
Please use the Async API instead.
2026-02-10 11:35:49 [INFO] Updated auction: SUB-JA-2025-256415
2026-02-10 11:35:49 [WARNING] [BOE_PARALLEL_3] Failed to fetch detail info for SUB-AT-2026-25R1586001134: It looks like you are using Playwright Sync API inside the asyncio loop.
Please use the Async API instead.
2026-02-10 11:35:49 [INFO] Updated auction: SUB-AT-2026-25R1586001134
2026-02-10 11:35:50 [WARNING] [BOE_PARALLEL_3] Failed to fetch detail info for SUB-AT-2026-25R4686001532: It looks like you are using Playwright Sync API inside the asyncio loop.
Please use the Async API instead.
2026-02-10 11:35:50 [INFO] Updated auction: SUB-AT-2026-25R4686001532
2026-02-10 11:35:50 [WARNING] [BOE_PARALLEL_3] Failed to fetch detail info for SUB-AT-2026-25R3086002016: It looks like you are using Playwright Sync API inside the asyncio loop.
Please use the Async API instead.
2026-02-10 11:35:50 [INFO] Updated auction: SUB-AT-2026-25R3086002016
2026-02-10 11:35:50 [WARNING] [BOE_PARALLEL_3] Failed to fetch detail info for SUB-AT-2026-25R4686001404: It looks like you are using Playwright Sync API inside the asyncio loop.
Please use the Async API instead.
2026-02-10 11:35:50 [INFO] Updated auction: SUB-AT-2026-25R4686001404
2026-02-10 11:35:50 [WARNING] [BOE_PARALLEL_3] Failed to fetch detail info for SUB-AT-2026-25R5086001081: It looks like you are using Playwright Sync API inside the asyncio loop.
Please use the Async API instead.
2026-02-10 11:35:50 [INFO] Updated auction: SUB-AT-2026-25R5086001081
2026-02-10 11:35:50 [WARNING] [BOE_PARALLEL_3] Failed to fetch detail info for SUB-AT-2026-25R1586001139: It looks like you are using Playwright Sync API inside the asyncio loop.
Please use the Async API instead.
2026-02-10 11:35:50 [INFO] Updated auction: SUB-AT-2026-25R1586001139
2026-02-10 11:35:50 [WARNING] [BOE_PARALLEL_3] Failed to fetch detail info for SUB-AT-2026-25R1586001131: It looks like you are using Playwright Sync API inside the asyncio loop.
Please use the Async API instead.
2026-02-10 11:35:50 [INFO] Updated auction: SUB-AT-2026-25R1586001131
2026-02-10 11:35:51 [WARNING] [BOE_PARALLEL_3] Failed to fetch detail info for SUB-AT-2026-25R4686001396: It looks like you are using Playwright Sync API inside the asyncio loop.
Please use the Async API instead.
2026-02-10 11:35:51 [INFO] Updated auction: SUB-AT-2026-25R4686001396
2026-02-10 11:35:51 [WARNING] [BOE_PARALLEL_3] Failed to fetch detail info for SUB-JA-2025-256277: It looks like you are using Playwright Sync API inside the asyncio loop.
Please use the Async API instead.
2026-02-10 11:35:51 [INFO] Updated auction: SUB-JA-2025-256277
2026-02-10 11:35:51 [WARNING] [BOE_PARALLEL_3] Failed to fetch detail info for SUB-AT-2026-25R4686001381: It looks like you are using Playwright Sync API inside the asyncio loop.
Please use the Async API instead.
2026-02-10 11:35:51 [INFO] Updated auction: SUB-AT-2026-25R4686001381
2026-02-10 11:35:51 [WARNING] [BOE_PARALLEL_3] Failed to fetch detail info for SUB-AT-2026-25R5086001063: It looks like you are using Playwright Sync API inside the asyncio loop.
Please use the Async API instead.
2026-02-10 11:35:51 [INFO] Updated auction: SUB-AT-2026-25R5086001063
2026-02-10 11:35:52 [WARNING] [BOE_PARALLEL_3] Failed to fetch detail info for SUB-AT-2026-25R2986001187: It looks like you are using Playwright Sync API inside the asyncio loop.
Please use the Async API instead.
2026-02-10 11:35:52 [INFO] Updated auction: SUB-AT-2026-25R2986001187
2026-02-10 11:35:52 [WARNING] [BOE_PARALLEL_3] Failed to fetch detail info for SUB-AT-2026-25R1586002048: It looks like you are using Playwright Sync API inside the asyncio loop.
Please use the Async API instead.
2026-02-10 11:35:52 [INFO] Updated auction: SUB-AT-2026-25R1586002048
2026-02-10 11:35:52 [WARNING] [BOE_PARALLEL_3] Failed to fetch detail info for SUB-AT-2026-25R4686001415: It looks like you are using Playwright Sync API inside the asyncio loop.
Please use the Async API instead.
2026-02-10 11:35:52 [INFO] Updated auction: SUB-AT-2026-25R4686001415
2026-02-10 11:35:52 [WARNING] [BOE_PARALLEL_3] Failed to fetch detail info for SUB-JV-2026-256594: It looks like you are using Playwright Sync API inside the asyncio loop.
Please use the Async API instead.
2026-02-10 11:35:52 [INFO] Updated auction: SUB-JV-2026-256594
2026-02-10 11:35:52 [WARNING] [BOE_PARALLEL_3] Failed to fetch detail info for SUB-AT-2026-25R4686001328: It looks like you are using Playwright Sync API inside the asyncio loop.
Please use the Async API instead.
2026-02-10 11:35:52 [INFO] Updated auction: SUB-AT-2026-25R4686001328
2026-02-10 11:35:52 [WARNING] [BOE_PARALLEL_3] Failed to fetch detail info for SUB-JA-2026-256438: It looks like you are using Playwright Sync API inside the asyncio loop.
Please use the Async API instead.
2026-02-10 11:35:52 [INFO] Updated auction: SUB-JA-2026-256438
2026-02-10 11:35:52 [WARNING] [BOE_PARALLEL_3] Failed to fetch detail info for SUB-JA-2025-253454: It looks like you are using Playwright Sync API inside the asyncio loop.
Please use the Async API instead.
2026-02-10 11:35:52 [INFO] Updated auction: SUB-JA-2025-253454
2026-02-10 11:35:52 [WARNING] [BOE_PARALLEL_3] Failed to fetch detail info for SUB-JA-2025-247912: It looks like you are using Playwright Sync API inside the asyncio loop.
Please use the Async API instead.
2026-02-10 11:35:52 [INFO] Updated auction: SUB-JA-2025-247912
2026-02-10 11:35:52 [WARNING] [BOE_PARALLEL_3] Failed to fetch detail info for SUB-AT-2026-25R5086001080: It looks like you are using Playwright Sync API inside the asyncio loop.
Please use the Async API instead.
2026-02-10 11:35:52 [INFO] Updated auction: SUB-AT-2026-25R5086001080
2026-02-10 11:35:52 [WARNING] [BOE_PARALLEL_3] Failed to fetch detail info for SUB-AT-2026-25R0686001078: It looks like you are using Playwright Sync API inside the asyncio loop.
Please use the Async API instead.
2026-02-10 11:35:52 [INFO] Updated auction: SUB-AT-2026-25R0686001078
2026-02-10 11:35:54 [WARNING] [BOE_PARALLEL_3] Failed to fetch detail info for SUB-AT-2026-25R2986001196: It looks like you are using Playwright Sync API inside the asyncio loop.
Please use the Async API instead.
2026-02-10 11:35:54 [INFO] Updated auction: SUB-AT-2026-25R2986001196
2026-02-10 11:35:54 [WARNING] [BOE_PARALLEL_3] Failed to fetch detail info for SUB-AT-2026-25R4686001444: It looks like you are using Playwright Sync API inside the asyncio loop.
Please use the Async API instead.
2026-02-10 11:35:54 [INFO] Updated auction: SUB-AT-2026-25R4686001444
2026-02-10 11:35:54 [WARNING] [BOE_PARALLEL_3] Failed to fetch detail info for SUB-JA-2025-255010: It looks like you are using Playwright Sync API inside the asyncio loop.
Please use the Async API instead.
2026-02-10 11:35:54 [INFO] Updated auction: SUB-JA-2025-255010
2026-02-10 11:35:54 [WARNING] [BOE_PARALLEL_3] Failed to fetch detail info for SUB-AT-2026-25R0686001079: It looks like you are using Playwright Sync API inside the asyncio loop.
Please use the Async API instead.
2026-02-10 11:35:54 [INFO] Updated auction: SUB-AT-2026-25R0686001079
2026-02-10 11:35:54 [WARNING] [BOE_PARALLEL_3] Failed to fetch detail info for SUB-RC-2026-3100200104119: It looks like you are using Playwright Sync API inside the asyncio loop.
Please use the Async API instead.
2026-02-10 11:35:54 [INFO] Updated auction: SUB-RC-2026-3100200104119
2026-02-10 11:35:54 [WARNING] [BOE_PARALLEL_3] Failed to fetch detail info for SUB-JA-2019-129974: It looks like you are using Playwright Sync API inside the asyncio loop.
Please use the Async API instead.
2026-02-10 11:35:54 [INFO] Updated auction: SUB-JA-2019-129974
2026-02-10 11:35:54 [WARNING] [BOE_PARALLEL_3] Failed to fetch detail info for SUB-AT-2026-25R0686001076: It looks like you are using Playwright Sync API inside the asyncio loop.
Please use the Async API instead.
2026-02-10 11:35:54 [INFO] Updated auction: SUB-AT-2026-25R0686001076
2026-02-10 11:35:54 [WARNING] [BOE_PARALLEL_3] Failed to fetch detail info for SUB-AT-2026-25R0686001077: It looks like you are using Playwright Sync API inside the asyncio loop.
Please use the Async API instead.
2026-02-10 11:35:54 [INFO] Updated auction: SUB-AT-2026-25R0686001077
2026-02-10 11:35:54 [WARNING] [BOE_PARALLEL_3] Failed to fetch detail info for SUB-AT-2026-25R0686001069: It looks like you are using Playwright Sync API inside the asyncio loop.
Please use the Async API instead.
2026-02-10 11:35:54 [INFO] Updated auction: SUB-AT-2026-25R0686001069
2026-02-10 11:35:54 [WARNING] [BOE_PARALLEL_3] Failed to fetch detail info for SUB-JA-2025-254769: It looks like you are using Playwright Sync API inside the asyncio loop.
Please use the Async API instead.
2026-02-10 11:35:54 [INFO] Updated auction: SUB-JA-2025-254769
2026-02-10 11:35:55 [WARNING] [BOE_PARALLEL_3] Failed to fetch detail info for SUB-JA-2025-245753: It looks like you are using Playwright Sync API inside the asyncio loop.
Please use the Async API instead.
2026-02-10 11:35:55 [INFO] Updated auction: SUB-JA-2025-245753
2026-02-10 11:35:55 [WARNING] [BOE_PARALLEL_3] Failed to fetch detail info for SUB-JA-2025-254915: It looks like you are using Playwright Sync API inside the asyncio loop.
Please use the Async API instead.
2026-02-10 11:35:55 [INFO] Updated auction: SUB-JA-2025-254915
2026-02-10 11:35:55 [WARNING] [BOE_PARALLEL_3] Failed to fetch detail info for SUB-JA-2025-254790: It looks like you are using Playwright Sync API inside the asyncio loop.
Please use the Async API instead.
2026-02-10 11:35:55 [INFO] Updated auction: SUB-JA-2025-254790
2026-02-10 11:35:55 [WARNING] [BOE_PARALLEL_3] Failed to fetch detail info for SUB-AT-2026-25R5086001082: It looks like you are using Playwright Sync API inside the asyncio loop.
Please use the Async API instead.
2026-02-10 11:35:55 [INFO] Updated auction: SUB-AT-2026-25R5086001082
2026-02-10 11:35:56 [WARNING] [BOE_PARALLEL_3] Failed to fetch detail info for SUB-AT-2026-25R5086001083: It looks like you are using Playwright Sync API inside the asyncio loop.
Please use the Async API instead.
2026-02-10 11:35:56 [INFO] Updated auction: SUB-AT-2026-25R5086001083
2026-02-10 11:35:56 [WARNING] [BOE_PARALLEL_3] Failed to fetch detail info for SUB-JV-2026-256430: It looks like you are using Playwright Sync API inside the asyncio loop.
Please use the Async API instead.
2026-02-10 11:35:56 [INFO] Updated auction: SUB-JV-2026-256430
2026-02-10 11:35:56 [WARNING] [BOE_PARALLEL_3] Failed to fetch detail info for SUB-AT-2026-25R5086001084: It looks like you are using Playwright Sync API inside the asyncio loop.
Please use the Async API instead.
2026-02-10 11:35:56 [INFO] Updated auction: SUB-AT-2026-25R5086001084
2026-02-10 11:35:56 [WARNING] [BOE_PARALLEL_3] Failed to fetch detail info for SUB-JA-2025-252962: It looks like you are using Playwright Sync API inside the asyncio loop.
Please use the Async API instead.
2026-02-10 11:35:56 [INFO] Updated auction: SUB-JA-2025-252962
2026-02-10 11:35:56 [WARNING] [BOE_PARALLEL_3] Failed to fetch detail info for SUB-RC-2026-1743000101013: It looks like you are using Playwright Sync API inside the asyncio loop.
Please use the Async API instead.
2026-02-10 11:35:56 [INFO] Updated auction: SUB-RC-2026-1743000101013
2026-02-10 11:35:56 [WARNING] [BOE_PARALLEL_3] Failed to fetch detail info for SUB-AT-2026-25R4686001375: It looks like you are using Playwright Sync API inside the asyncio loop.
Please use the Async API instead.
2026-02-10 11:35:56 [INFO] Updated auction: SUB-AT-2026-25R4686001375
2026-02-10 11:35:57 [WARNING] [BOE_PARALLEL_3] Failed to fetch detail info for SUB-JA-2025-252885: It looks like you are using Playwright Sync API inside the asyncio loop.
Please use the Async API instead.
2026-02-10 11:35:57 [INFO] Updated auction: SUB-JA-2025-252885
2026-02-10 11:35:57 [WARNING] [BOE_PARALLEL_3] Failed to fetch detail info for SUB-AT-2026-25R4686001466: It looks like you are using Playwright Sync API inside the asyncio loop.
Please use the Async API instead.
2026-02-10 11:35:57 [INFO] Updated auction: SUB-AT-2026-25R4686001466
2026-02-10 11:35:57 [WARNING] [BOE_PARALLEL_3] Failed to fetch detail info for SUB-JA-2025-255651: It looks like you are using Playwright Sync API inside the asyncio loop.
Please use the Async API instead.
2026-02-10 11:35:57 [INFO] Updated auction: SUB-JA-2025-255651
2026-02-10 11:35:57 [WARNING] [BOE_PARALLEL_3] Failed to fetch detail info for SUB-AT-2026-25R3086001202: It looks like you are using Playwright Sync API inside the asyncio loop.
Please use the Async API instead.
2026-02-10 11:35:57 [INFO] Updated auction: SUB-AT-2026-25R3086001202
2026-02-10 11:35:57 [WARNING] [BOE_PARALLEL_3] Failed to fetch detail info for SUB-JA-2025-250200: It looks like you are using Playwright Sync API inside the asyncio loop.
Please use the Async API instead.
2026-02-10 11:35:57 [INFO] Updated auction: SUB-JA-2025-250200
2026-02-10 11:36:06 [INFO] [BOE_PARALLEL_3] [Scraper 3] ✓ Batch complete: Found 415, Fetched 415
2026-02-10 11:36:06 [INFO] [BOE_PARALLEL_3] 
[Scraper 3] COMPLETE: 70,088 auctions
2026-02-10 11:36:07 [INFO] [BOE_PARALLEL_3] [Scraper 3] Closed browser
2026-02-10 11:36:07 [INFO] Closing all browser resources...
2026-02-10 11:36:07 [INFO] All browser resources closed
