# SOURCE: Instituto Nacional de Estadistica (INE), official register.
# TITLE:  Relación de municipios y códigos por comunidades autónomas y provincias a 1 de enero de 2026
# URL:    https://www.ine.es/daco/daco42/codmun/diccionario26.xlsx
# INE Last-Modified: Fri, 13 Mar 2026 06:35:44 GMT
# sha256: 07f8e8d64eba73fe9d425196fe82f4e09a9886a287abd650e88ca8d98dd49052
# GENERATED: 2026-08-04T02:15:21Z by scripts/build-ine-gazetteer.py -- DO NOT HAND-EDIT.
# LANDING PAGE: https://www.ine.es/dyngs/INEbase/es/operacion.htm?c=Estadistica_C&cid=1254736177031
# CONTENT: one row per municipality -- the primary official denomination.
#          Municipalities ONLY; this register contains no pedanias or
#          sub-municipal entities. `ine` is the 5-digit CPRO+CMUN code.

ine,municipio,provincia,nombre_ine
01051,Agurain,Álava,Agurain/Salvatierra
01001,Alegría-Dulantzi,Álava,Alegría-Dulantzi
01002,Amurrio,Álava,Amurrio
01049,Añana,Álava,Añana
01003,Aramaio,Álava,Aramaio
01006,Armiñón,Álava,Armiñón
01037,Arraia-Maeztu,Álava,Arraia-Maeztu
01008,Arratzua-Ubarrundia,Álava,Arratzua-Ubarrundia
01004,Artziniega,Álava,Artziniega
01009,Asparrena,Álava,Asparrena
01010,Ayala,Álava,Ayala/Aiara
01011,Baños de Ebro,Álava,Baños de Ebro/Mañueta
01013,Barrundia,Álava,Barrundia
01014,Berantevilla,Álava,Berantevilla
01016,Bernedo,Álava,Bernedo
01017,Campezo,Álava,Campezo/Kanpezu
01021,Elburgo,Álava,Elburgo/Burgelu
01022,Elciego,Álava,Elciego
01023,Elvillar,Álava,Elvillar/Bilar
01046,Erriberagoitia,Álava,Erriberagoitia/Ribera Alta
01056,Harana,Álava,Harana/Valle de Arana
01901,Iruña Oka,Álava,Iruña Oka/Iruña de Oca
01027,Iruraiz-Gauna,Álava,Iruraiz-Gauna
01019,Kripan,Álava,Kripan
01020,Kuartango,Álava,Kuartango
01028,Labastida,Álava,Labastida/Bastida
01030,Lagrán,Álava,Lagrán
01031,Laguardia,Álava,Laguardia
01032,Lanciego,Álava,Lanciego/Lantziego
01902,Lantarón,Álava,Lantarón
01033,Lapuebla de Labarca,Álava,Lapuebla de Labarca
01036,Laudio,Álava,Laudio/Llodio
01058,Legutio,Álava,Legutio
01034,Leza,Álava,Leza
01039,Moreda de Álava,Álava,Moreda de Álava/Moreda Araba
01041,Navaridas,Álava,Navaridas
01042,Okondo,Álava,Okondo
01043,Oyón-Oion,Álava,Oyón-Oion
01044,Peñacerrada-Urizaharra,Álava,Peñacerrada-Urizaharra
01047,Ribera Baja,Álava,Ribera Baja/Erriberabeitia
01052,Samaniego,Álava,Samaniego
01053,San Millán,Álava,San Millán/Donemiliaga
01054,Urkabustaiz,Álava,Urkabustaiz
01055,Valdegovía,Álava,Valdegovía/Gaubea
01057,Villabuena de Álava,Álava,Villabuena de Álava/Eskuernaga
01059,Vitoria-Gasteiz,Álava,Vitoria-Gasteiz
01060,Yécora,Álava,Yécora/Iekora
01061,Zalduondo,Álava,Zalduondo
01062,Zambrana,Álava,Zambrana
01018,Zigoitia,Álava,Zigoitia
01063,Zuia,Álava,Zuia
02001,Abengibre,Albacete,Abengibre
02002,Alatoz,Albacete,Alatoz
02003,Albacete,Albacete,Albacete
02004,Albatana,Albacete,Albatana
02005,Alborea,Albacete,Alborea
02006,Alcadozo,Albacete,Alcadozo
02007,Alcalá del Júcar,Albacete,Alcalá del Júcar
02008,Alcaraz,Albacete,Alcaraz
02009,Almansa,Albacete,Almansa
02010,Alpera,Albacete,Alpera
02011,Ayna,Albacete,Ayna
02012,Balazote,Albacete,Balazote
02014,El Ballestero,Albacete,"Ballestero, El"
02013,Balsa de Ves,Albacete,Balsa de Ves
02015,Barrax,Albacete,Barrax
02016,Bienservida,Albacete,Bienservida
02017,Bogarra,Albacete,Bogarra
02018,Bonete,Albacete,Bonete
02019,El Bonillo,Albacete,"Bonillo, El"
02020,Carcelén,Albacete,Carcelén
02021,Casas de Juan Núñez,Albacete,Casas de Juan Núñez
02022,Casas de Lázaro,Albacete,Casas de Lázaro
02023,Casas de Ves,Albacete,Casas de Ves
02024,Casas-Ibáñez,Albacete,Casas-Ibáñez
02025,Caudete,Albacete,Caudete
02026,Cenizate,Albacete,Cenizate
02029,Chinchilla de Monte-Aragón,Albacete,Chinchilla de Monte-Aragón
02027,Corral-Rubio,Albacete,Corral-Rubio
02028,Cotillas,Albacete,Cotillas
02030,Elche de la Sierra,Albacete,Elche de la Sierra
02031,Férez,Albacete,Férez
02032,Fuensanta,Albacete,Fuensanta
02033,Fuente-Álamo,Albacete,Fuente-Álamo
02034,Fuentealbilla,Albacete,Fuentealbilla
02035,La Gineta,Albacete,"Gineta, La"
02036,Golosalvo,Albacete,Golosalvo
02037,Hellín,Albacete,Hellín
02038,La Herrera,Albacete,"Herrera, La"
02039,Higueruela,Albacete,Higueruela
02040,Hoya-Gonzalo,Albacete,Hoya-Gonzalo
02041,Jorquera,Albacete,Jorquera
02042,Letur,Albacete,Letur
02043,Lezuza,Albacete,Lezuza
02044,Liétor,Albacete,Liétor
02045,Madrigueras,Albacete,Madrigueras
02046,Mahora,Albacete,Mahora
02047,Masegoso,Albacete,Masegoso
02048,Minaya,Albacete,Minaya
02049,Molinicos,Albacete,Molinicos
02050,Montalvos,Albacete,Montalvos
02051,Montealegre del Castillo,Albacete,Montealegre del Castillo
02052,Motilleja,Albacete,Motilleja
02053,Munera,Albacete,Munera
02054,Navas de Jorquera,Albacete,Navas de Jorquera
02055,Nerpio,Albacete,Nerpio
02056,Ontur,Albacete,Ontur
02057,Ossa de Montiel,Albacete,Ossa de Montiel
02058,Paterna del Madera,Albacete,Paterna del Madera
02060,Peñas de San Pedro,Albacete,Peñas de San Pedro
02059,Peñascosa,Albacete,Peñascosa
02061,Pétrola,Albacete,Pétrola
02062,Povedilla,Albacete,Povedilla
02901,Pozo Cañada,Albacete,Pozo Cañada
02063,Pozohondo,Albacete,Pozohondo
02064,Pozo-Lorente,Albacete,Pozo-Lorente
02065,Pozuelo,Albacete,Pozuelo
02066,La Recueja,Albacete,"Recueja, La"
02067,Riópar,Albacete,Riópar
02068,Robledo,Albacete,Robledo
02069,La Roda,Albacete,"Roda, La"
02070,Salobre,Albacete,Salobre
02071,San Pedro,Albacete,San Pedro
02072,Socovos,Albacete,Socovos
02073,Tarazona de la Mancha,Albacete,Tarazona de la Mancha
02074,Tobarra,Albacete,Tobarra
02075,Valdeganga,Albacete,Valdeganga
02076,Vianos,Albacete,Vianos
02077,Villa de Ves,Albacete,Villa de Ves
02078,Villalgordo del Júcar,Albacete,Villalgordo del Júcar
02079,Villamalea,Albacete,Villamalea
02080,Villapalacios,Albacete,Villapalacios
02081,Villarrobledo,Albacete,Villarrobledo
02082,Villatoya,Albacete,Villatoya
02083,Villavaliente,Albacete,Villavaliente
02084,Villaverde de Guadalimar,Albacete,Villaverde de Guadalimar
02085,Viveros,Albacete,Viveros
02086,Yeste,Albacete,Yeste
03002,Agost,Alicante,Agost
03003,Agres,Alicante,Agres
03004,Aigües,Alicante,Aigües
03014,Alacant,Alicante,Alacant/Alicante
03005,Albatera,Alicante,Albatera
03006,Alcalalí,Alicante,Alcalalí
03009,Alcoi,Alicante,Alcoi/Alcoy
03008,Alcoleja,Alicante,Alcoleja
03007,Alcosser,Alicante,Alcosser
03010,Alfafara,Alicante,Alfafara
03011,l'Alfàs del Pi,Alicante,"Alfàs del Pi, l'"
03012,Algorfa,Alicante,Algorfa
03013,Algueña,Alicante,Algueña
03015,Almoradí,Alicante,Almoradí
03016,Almudaina,Alicante,Almudaina
03017,l'Alqueria d'Asnar,Alicante,"Alqueria d'Asnar, l'"
03018,Altea,Alicante,Altea
03019,Aspe,Alicante,Aspe
03001,l'Atzúbia,Alicante,"Atzúbia, l'"
03020,Balones,Alicante,Balones
03021,Banyeres de Mariola,Alicante,Banyeres de Mariola
03022,Benasau,Alicante,Benasau
03023,Beneixama,Alicante,Beneixama
03024,Benejúzar,Alicante,Benejúzar
03025,Benferri,Alicante,Benferri
03026,Beniarbeig,Alicante,Beniarbeig
03027,Beniardà,Alicante,Beniardà
03028,Beniarrés,Alicante,Beniarrés
03030,Benidoleig,Alicante,Benidoleig
03031,Benidorm,Alicante,Benidorm
03032,Benifallim,Alicante,Benifallim
03033,Benifato,Alicante,Benifato
03029,Benigembla,Alicante,Benigembla
03034,Benijófar,Alicante,Benijófar
03035,Benilloba,Alicante,Benilloba
03036,Benillup,Alicante,Benillup
03037,Benimantell,Alicante,Benimantell
03038,Benimarfull,Alicante,Benimarfull
03039,Benimassot,Alicante,Benimassot
03040,Benimeli,Alicante,Benimeli
03041,Benissa,Alicante,Benissa
03043,Biar,Alicante,Biar
03044,Bigastro,Alicante,Bigastro
03045,Bolulla,Alicante,Bolulla
03046,Busot,Alicante,Busot
03049,Callosa de Segura,Alicante,Callosa de Segura
03048,Callosa d'en Sarrià,Alicante,Callosa d'en Sarrià
03047,Calp,Alicante,Calp
03051,el Camp de Mirra,Alicante,"Camp de Mirra, el/Campo de Mirra"
03050,el Campello,Alicante,"Campello, el"
03052,Cañada,Alicante,Cañada
03053,Castalla,Alicante,Castalla
03054,Castell de Castells,Alicante,Castell de Castells
03075,el Castell de Guadalest,Alicante,"Castell de Guadalest, el"
03055,Catral,Alicante,Catral
03056,Cocentaina,Alicante,Cocentaina
03057,Confrides,Alicante,Confrides
03058,Cox,Alicante,Cox
03059,Crevillent,Alicante,Crevillent
03061,Daya Nueva,Alicante,Daya Nueva
03062,Daya Vieja,Alicante,Daya Vieja
03063,Dénia,Alicante,Dénia
03064,Dolores,Alicante,Dolores
03066,Elda,Alicante,Elda
03065,Elx,Alicante,Elx/Elche
03067,Fageca,Alicante,Fageca
03068,Famorca,Alicante,Famorca
03069,Finestrat,Alicante,Finestrat
03077,el Fondó de les Neus,Alicante,"Fondó de les Neus, el/Hondón de las Nieves"
03070,Formentera del Segura,Alicante,Formentera del Segura
03072,Gaianes,Alicante,Gaianes
03071,Gata de Gorgos,Alicante,Gata de Gorgos
03073,Gorga,Alicante,Gorga
03074,Granja de Rocamora,Alicante,Granja de Rocamora
03076,Guardamar del Segura,Alicante,Guardamar del Segura
03078,Hondón de los Frailes,Alicante,Hondón de los Frailes
03079,Ibi,Alicante,Ibi
03080,Jacarilla,Alicante,Jacarilla
03085,Llíber,Alicante,Llíber
03086,Millena,Alicante,Millena
03088,Monforte del Cid,Alicante,Monforte del Cid
03089,Monòver,Alicante,Monòver/Monóvar
03903,Los Montesinos,Alicante,"Montesinos, Los"
03091,Murla,Alicante,Murla
03092,Muro de Alcoy,Alicante,Muro de Alcoy
03090,Mutxamel,Alicante,Mutxamel
03093,Novelda,Alicante,Novelda
03094,la Nucia,Alicante,"Nucia, la"
03095,Ondara,Alicante,Ondara
03096,Onil,Alicante,Onil
03097,Orba,Alicante,Orba
03099,Orihuela,Alicante,Orihuela
03084,l'Orxa,Alicante,"Orxa, l'/Lorcha"
03098,Orxeta,Alicante,Orxeta
03100,Parcent,Alicante,Parcent
03101,Pedreguer,Alicante,Pedreguer
03102,Pego,Alicante,Pego
03103,Penàguila,Alicante,Penàguila
03104,Petrer,Alicante,Petrer
03902,Pilar de la Horadada,Alicante,Pilar de la Horadada
03105,el Pinós,Alicante,"Pinós, el/Pinoso"
03106,Planes,Alicante,Planes
03042,el Poble Nou de Benitatxell,Alicante,"Poble Nou de Benitatxell, el/Benitachell"
03901,els Poblets,Alicante,"Poblets, els"
03107,Polop,Alicante,Polop
03060,Quatretondeta,Alicante,Quatretondeta
03109,Rafal,Alicante,Rafal
03110,el Ràfol d'Almúnia,Alicante,"Ràfol d'Almúnia, el"
03111,Redován,Alicante,Redován
03112,Relleu,Alicante,Relleu
03113,Rojales,Alicante,Rojales
03114,la Romana,Alicante,"Romana, la"
03115,Sagra,Alicante,Sagra
03116,Salinas,Alicante,Salinas
03118,San Fulgencio,Alicante,San Fulgencio
03904,San Isidro,Alicante,San Isidro
03120,San Miguel de Salinas,Alicante,San Miguel de Salinas
03117,Sanet y Negrals,Alicante,Sanet y Negrals
03119,Sant Joan d'Alacant,Alicante,Sant Joan d'Alacant
03122,Sant Vicent del Raspeig,Alicante,Sant Vicent del Raspeig/San Vicente del Raspeig
03121,Santa Pola,Alicante,Santa Pola
03123,Sax,Alicante,Sax
03124,Sella,Alicante,Sella
03125,Senija,Alicante,Senija
03127,Tàrbena,Alicante,Tàrbena
03128,Teulada,Alicante,Teulada
03129,Tibi,Alicante,Tibi
03130,Tollos,Alicante,Tollos
03131,Tormos,Alicante,Tormos
03132,la Torre de les Maçanes,Alicante,"Torre de les Maçanes, la/Torremanzanas"
03133,Torrevieja,Alicante,Torrevieja
03134,la Vall d'Alcalà,Alicante,"Vall d'Alcalà, la"
03136,la Vall de Gallinera,Alicante,"Vall de Gallinera, la"
03137,la Vall de Laguar,Alicante,"Vall de Laguar, la"
03135,la Vall d'Ebo,Alicante,"Vall d'Ebo, la"
03138,el Verger,Alicante,"Verger, el"
03139,la Vila Joiosa,Alicante,"Vila Joiosa, la/Villajoyosa"
03140,Villena,Alicante,Villena
03082,Xàbia,Alicante,Xàbia/Jávea
03081,Xaló,Alicante,Xaló
03083,Xixona,Alicante,Xixona/Jijona
04001,Abla,Almería,Abla
04002,Abrucena,Almería,Abrucena
04003,Adra,Almería,Adra
04004,Albanchez,Almería,Albanchez
04005,Alboloduy,Almería,Alboloduy
04006,Albox,Almería,Albox
04007,Alcolea,Almería,Alcolea
04008,Alcóntar,Almería,Alcóntar
04009,Alcudia de Monteagud,Almería,Alcudia de Monteagud
04010,Alhabia,Almería,Alhabia
04011,Alhama de Almería,Almería,Alhama de Almería
04012,Alicún,Almería,Alicún
04013,Almería,Almería,Almería
04014,Almócita,Almería,Almócita
04015,Alsodux,Almería,Alsodux
04016,Antas,Almería,Antas
04017,Arboleas,Almería,Arboleas
04018,Armuña de Almanzora,Almería,Armuña de Almanzora
04019,Bacares,Almería,Bacares
04904,Balanegra,Almería,Balanegra
04020,Bayárcal,Almería,Bayárcal
04021,Bayarque,Almería,Bayarque
04022,Bédar,Almería,Bédar
04023,Beires,Almería,Beires
04024,Benahadux,Almería,Benahadux
04026,Benitagla,Almería,Benitagla
04027,Benizalón,Almería,Benizalón
04028,Bentarique,Almería,Bentarique
04029,Berja,Almería,Berja
04030,Canjáyar,Almería,Canjáyar
04031,Cantoria,Almería,Cantoria
04032,Carboneras,Almería,Carboneras
04033,Castro de Filabres,Almería,Castro de Filabres
04036,Chercos,Almería,Chercos
04037,Chirivel,Almería,Chirivel
04034,Cóbdar,Almería,Cóbdar
04035,Cuevas del Almanzora,Almería,Cuevas del Almanzora
04038,Dalías,Almería,Dalías
04902,El Ejido,Almería,"Ejido, El"
04041,Enix,Almería,Enix
04043,Felix,Almería,Felix
04044,Fines,Almería,Fines
04045,Fiñana,Almería,Fiñana
04046,Fondón,Almería,Fondón
04047,Gádor,Almería,Gádor
04048,Los Gallardos,Almería,"Gallardos, Los"
04049,Garrucha,Almería,Garrucha
04050,Gérgal,Almería,Gérgal
04051,Huécija,Almería,Huécija
04052,Huércal de Almería,Almería,Huércal de Almería
04053,Huércal-Overa,Almería,Huércal-Overa
04054,Íllar,Almería,Íllar
04055,Instinción,Almería,Instinción
04056,Laroya,Almería,Laroya
04057,Laujar de Andarax,Almería,Laujar de Andarax
04058,Líjar,Almería,Líjar
04059,Lubrín,Almería,Lubrín
04060,Lucainena de las Torres,Almería,Lucainena de las Torres
04061,Lúcar,Almería,Lúcar
04062,Macael,Almería,Macael
04063,María,Almería,María
04064,Mojácar,Almería,Mojácar
04903,La Mojonera,Almería,"Mojonera, La"
04065,Nacimiento,Almería,Nacimiento
04066,Níjar,Almería,Níjar
04067,Ohanes,Almería,Ohanes
04068,Olula de Castro,Almería,Olula de Castro
04069,Olula del Río,Almería,Olula del Río
04070,Oria,Almería,Oria
04071,Padules,Almería,Padules
04072,Partaloa,Almería,Partaloa
04073,Paterna del Río,Almería,Paterna del Río
04074,Pechina,Almería,Pechina
04075,Pulpí,Almería,Pulpí
04076,Purchena,Almería,Purchena
04077,Rágol,Almería,Rágol
04078,Rioja,Almería,Rioja
04079,Roquetas de Mar,Almería,Roquetas de Mar
04080,Santa Cruz de Marchena,Almería,Santa Cruz de Marchena
04081,Santa Fe de Mondújar,Almería,Santa Fe de Mondújar
04082,Senés,Almería,Senés
04083,Serón,Almería,Serón
04084,Sierro,Almería,Sierro
04085,Somontín,Almería,Somontín
04086,Sorbas,Almería,Sorbas
04087,Suflí,Almería,Suflí
04088,Tabernas,Almería,Tabernas
04089,Taberno,Almería,Taberno
04090,Tahal,Almería,Tahal
04091,Terque,Almería,Terque
04092,Tíjola,Almería,Tíjola
04901,Las Tres Villas,Almería,"Tres Villas, Las"
04093,Turre,Almería,Turre
04094,Turrillas,Almería,Turrillas
04095,Uleila del Campo,Almería,Uleila del Campo
04096,Urrácal,Almería,Urrácal
04097,Velefique,Almería,Velefique
04098,Vélez-Blanco,Almería,Vélez-Blanco
04099,Vélez-Rubio,Almería,Vélez-Rubio
04100,Vera,Almería,Vera
04101,Viator,Almería,Viator
04102,Vícar,Almería,Vícar
04103,Zurgena,Almería,Zurgena
05001,Adanero,Ávila,Adanero
05002,La Adrada,Ávila,"Adrada, La"
05005,Albornos,Ávila,Albornos
05007,Aldeanueva de Santa Cruz,Ávila,Aldeanueva de Santa Cruz
05008,Aldeaseca,Ávila,Aldeaseca
05010,La Aldehuela,Ávila,"Aldehuela, La"
05012,Amavida,Ávila,Amavida
05013,El Arenal,Ávila,"Arenal, El"
05014,Arenas de San Pedro,Ávila,Arenas de San Pedro
05015,Arevalillo,Ávila,Arevalillo
05016,Arévalo,Ávila,Arévalo
05017,Aveinte,Ávila,Aveinte
05018,Avellaneda,Ávila,Avellaneda
05019,Ávila,Ávila,Ávila
05021,El Barco de Ávila,Ávila,"Barco de Ávila, El"
05022,El Barraco,Ávila,"Barraco, El"
05023,Barromán,Ávila,Barromán
05024,Becedas,Ávila,Becedas
05025,Becedillas,Ávila,Becedillas
05026,Bercial de Zapardiel,Ávila,Bercial de Zapardiel
05027,Las Berlanas,Ávila,"Berlanas, Las"
05029,Bernuy-Zapardiel,Ávila,Bernuy-Zapardiel
05030,Berrocalejo de Aragona,Ávila,Berrocalejo de Aragona
05033,Blascomillán,Ávila,Blascomillán
05034,Blasconuño de Matacabras,Ávila,Blasconuño de Matacabras
05035,Blascosancho,Ávila,Blascosancho
05036,El Bohodón,Ávila,"Bohodón, El"
05037,Bohoyo,Ávila,Bohoyo
05038,Bonilla de la Sierra,Ávila,Bonilla de la Sierra
05039,Brabos,Ávila,Brabos
05040,Bularros,Ávila,Bularros
05041,Burgohondo,Ávila,Burgohondo
05042,Cabezas de Alambre,Ávila,Cabezas de Alambre
05043,Cabezas del Pozo,Ávila,Cabezas del Pozo
05044,Cabezas del Villar,Ávila,Cabezas del Villar
05045,Cabizuela,Ávila,Cabizuela
05046,Canales,Ávila,Canales
05047,Candeleda,Ávila,Candeleda
05048,Cantiveros,Ávila,Cantiveros
05049,Cardeñosa,Ávila,Cardeñosa
05051,La Carrera,Ávila,"Carrera, La"
05052,Casas del Puerto,Ávila,Casas del Puerto
05053,Casasola,Ávila,Casasola
05054,Casavieja,Ávila,Casavieja
05055,Casillas,Ávila,Casillas
05056,Castellanos de Zapardiel,Ávila,Castellanos de Zapardiel
05057,Cebreros,Ávila,Cebreros
05058,Cepeda la Mora,Ávila,Cepeda la Mora
05067,Chamartín,Ávila,Chamartín
05059,Cillán,Ávila,Cillán
05060,Cisla,Ávila,Cisla
05061,La Colilla,Ávila,"Colilla, La"
05062,Collado de Contreras,Ávila,Collado de Contreras
05063,Collado del Mirón,Ávila,Collado del Mirón
05064,Constanzana,Ávila,Constanzana
05065,Crespos,Ávila,Crespos
05066,Cuevas del Valle,Ávila,Cuevas del Valle
05903,Diego del Carpio,Ávila,Diego del Carpio
05069,Donjimeno,Ávila,Donjimeno
05070,Donvidas,Ávila,Donvidas
05072,Espinosa de los Caballeros,Ávila,Espinosa de los Caballeros
05073,Flores de Ávila,Ávila,Flores de Ávila
05074,Fontiveros,Ávila,Fontiveros
05075,Fresnedilla,Ávila,Fresnedilla
05076,El Fresno,Ávila,"Fresno, El"
05077,Fuente el Saúz,Ávila,Fuente el Saúz
05078,Fuentes de Año,Ávila,Fuentes de Año
05079,Gallegos de Altamiros,Ávila,Gallegos de Altamiros
05080,Gallegos de Sobrinos,Ávila,Gallegos de Sobrinos
05081,Garganta del Villar,Ávila,Garganta del Villar
05082,Gavilanes,Ávila,Gavilanes
05083,Gemuño,Ávila,Gemuño
05085,Gil García,Ávila,Gil García
05084,Gilbuena,Ávila,Gilbuena
05086,Gimialcón,Ávila,Gimialcón
05087,Gotarrendura,Ávila,Gotarrendura
05088,Grandes y San Martín,Ávila,Grandes y San Martín
05089,Guisando,Ávila,Guisando
05090,Gutierre-Muñoz,Ávila,Gutierre-Muñoz
05092,Hernansancho,Ávila,Hernansancho
05093,Herradón de Pinares,Ávila,Herradón de Pinares
05094,Herreros de Suso,Ávila,Herreros de Suso
05095,Higuera de las Dueñas,Ávila,Higuera de las Dueñas
05096,La Hija de Dios,Ávila,"Hija de Dios, La"
05097,La Horcajada,Ávila,"Horcajada, La"
05099,Horcajo de las Torres,Ávila,Horcajo de las Torres
05100,El Hornillo,Ávila,"Hornillo, El"
05102,El Hoyo de Pinares,Ávila,"Hoyo de Pinares, El"
05101,Hoyocasero,Ávila,Hoyocasero
05103,Hoyorredondo,Ávila,Hoyorredondo
05106,Hoyos de Miguel Muñoz,Ávila,Hoyos de Miguel Muñoz
05104,Hoyos del Collado,Ávila,Hoyos del Collado
05105,Hoyos del Espino,Ávila,Hoyos del Espino
05107,Hurtumpascual,Ávila,Hurtumpascual
05108,Junciana,Ávila,Junciana
05109,Langa,Ávila,Langa
05110,Lanzahíta,Ávila,Lanzahíta
05113,Los Llanos de Tormes,Ávila,"Llanos de Tormes, Los"
05112,El Losar del Barco,Ávila,"Losar del Barco, El"
05114,Madrigal de las Altas Torres,Ávila,Madrigal de las Altas Torres
05115,Maello,Ávila,Maello
05116,Malpartida de Corneja,Ávila,Malpartida de Corneja
05117,Mamblas,Ávila,Mamblas
05118,Mancera de Arriba,Ávila,Mancera de Arriba
05119,Manjabálago y Ortigosa de Rioalmar,Ávila,Manjabálago y Ortigosa de Rioalmar
05120,Marlín,Ávila,Marlín
05121,Martiherrero,Ávila,Martiherrero
05122,Martínez,Ávila,Martínez
05123,Mediana de Voltoya,Ávila,Mediana de Voltoya
05124,Medinilla,Ávila,Medinilla
05125,Mengamuñoz,Ávila,Mengamuñoz
05126,Mesegar de Corneja,Ávila,Mesegar de Corneja
05127,Mijares,Ávila,Mijares
05128,Mingorría,Ávila,Mingorría
05129,El Mirón,Ávila,"Mirón, El"
05130,Mironcillo,Ávila,Mironcillo
05131,Mirueña de los Infanzones,Ávila,Mirueña de los Infanzones
05132,Mombeltrán,Ávila,Mombeltrán
05133,Monsalupe,Ávila,Monsalupe
05134,Moraleja de Matacabras,Ávila,Moraleja de Matacabras
05135,Muñana,Ávila,Muñana
05136,Muñico,Ávila,Muñico
05138,Muñogalindo,Ávila,Muñogalindo
05139,Muñogrande,Ávila,Muñogrande
05140,Muñomer del Peco,Ávila,Muñomer del Peco
05141,Muñopepe,Ávila,Muñopepe
05142,Muñosancho,Ávila,Muñosancho
05143,Muñotello,Ávila,Muñotello
05144,Narrillos del Álamo,Ávila,Narrillos del Álamo
05145,Narrillos del Rebollar,Ávila,Narrillos del Rebollar
05149,Narros de Saldueña,Ávila,Narros de Saldueña
05147,Narros del Castillo,Ávila,Narros del Castillo
05148,Narros del Puerto,Ávila,Narros del Puerto
05152,Nava de Arévalo,Ávila,Nava de Arévalo
05153,Nava del Barco,Ávila,Nava del Barco
05151,Navacepedilla de Corneja,Ávila,Navacepedilla de Corneja
05154,Navadijos,Ávila,Navadijos
05155,Navaescurial,Ávila,Navaescurial
05156,Navahondilla,Ávila,Navahondilla
05157,Navalacruz,Ávila,Navalacruz
05158,Navalmoral,Ávila,Navalmoral
05159,Navalonguilla,Ávila,Navalonguilla
05160,Navalosa,Ávila,Navalosa
05161,Navalperal de Pinares,Ávila,Navalperal de Pinares
05162,Navalperal de Tormes,Ávila,Navalperal de Tormes
05163,Navaluenga,Ávila,Navaluenga
05164,Navaquesera,Ávila,Navaquesera
05165,Navarredonda de Gredos,Ávila,Navarredonda de Gredos
05166,Navarredondilla,Ávila,Navarredondilla
05167,Navarrevisca,Ávila,Navarrevisca
05168,Las Navas del Marqués,Ávila,"Navas del Marqués, Las"
05169,Navatalgordo,Ávila,Navatalgordo
05170,Navatejares,Ávila,Navatejares
05171,Neila de San Miguel,Ávila,Neila de San Miguel
05172,Niharra,Ávila,Niharra
05173,Ojos-Albos,Ávila,Ojos-Albos
05174,Orbita,Ávila,Orbita
05175,El Oso,Ávila,"Oso, El"
05176,Padiernos,Ávila,Padiernos
05177,Pajares de Adaja,Ávila,Pajares de Adaja
05178,Palacios de Goda,Ávila,Palacios de Goda
05179,Papatrigo,Ávila,Papatrigo
05180,El Parral,Ávila,"Parral, El"
05181,Pascualcobo,Ávila,Pascualcobo
05182,Pedro Bernardo,Ávila,Pedro Bernardo
05183,Pedro-Rodríguez,Ávila,Pedro-Rodríguez
05184,Peguerinos,Ávila,Peguerinos
05185,Peñalba de Ávila,Ávila,Peñalba de Ávila
05186,Piedrahíta,Ávila,Piedrahíta
05187,Piedralaves,Ávila,Piedralaves
05188,Poveda,Ávila,Poveda
05189,Poyales del Hoyo,Ávila,Poyales del Hoyo
05190,Pozanco,Ávila,Pozanco
05191,Pradosegar,Ávila,Pradosegar
05192,Puerto Castilla,Ávila,Puerto Castilla
05193,Rasueros,Ávila,Rasueros
05194,Riocabado,Ávila,Riocabado
05195,Riofrío,Ávila,Riofrío
05196,Rivilla de Barajas,Ávila,Rivilla de Barajas
05197,Salobral,Ávila,Salobral
05198,Salvadiós,Ávila,Salvadiós
05199,San Bartolomé de Béjar,Ávila,San Bartolomé de Béjar
05200,San Bartolomé de Corneja,Ávila,San Bartolomé de Corneja
05201,San Bartolomé de Pinares,Ávila,San Bartolomé de Pinares
05206,San Esteban de los Patos,Ávila,San Esteban de los Patos
05208,San Esteban de Zapardiel,Ávila,San Esteban de Zapardiel
05207,San Esteban del Valle,Ávila,San Esteban del Valle
05209,San García de Ingelmos,Ávila,San García de Ingelmos
05901,San Juan de Gredos,Ávila,San Juan de Gredos
05210,San Juan de la Encinilla,Ávila,San Juan de la Encinilla
05211,San Juan de la Nava,Ávila,San Juan de la Nava
05212,San Juan del Molinillo,Ávila,San Juan del Molinillo
05213,San Juan del Olmo,Ávila,San Juan del Olmo
05214,San Lorenzo de Tormes,Ávila,San Lorenzo de Tormes
05215,San Martín de la Vega del Alberche,Ávila,San Martín de la Vega del Alberche
05216,San Martín del Pimpollar,Ávila,San Martín del Pimpollar
05217,San Miguel de Corneja,Ávila,San Miguel de Corneja
05218,San Miguel de Serrezuela,Ávila,San Miguel de Serrezuela
05219,San Pascual,Ávila,San Pascual
05220,San Pedro del Arroyo,Ávila,San Pedro del Arroyo
05231,San Vicente de Arévalo,Ávila,San Vicente de Arévalo
05204,Sanchidrián,Ávila,Sanchidrián
05205,Sanchorreja,Ávila,Sanchorreja
05222,Santa Cruz de Pinares,Ávila,Santa Cruz de Pinares
05221,Santa Cruz del Valle,Ávila,Santa Cruz del Valle
05226,Santa María de los Caballeros,Ávila,Santa María de los Caballeros
05224,Santa María del Arroyo,Ávila,Santa María del Arroyo
05225,Santa María del Berrocal,Ávila,Santa María del Berrocal
05902,Santa María del Cubillo,Ávila,Santa María del Cubillo
05227,Santa María del Tiétar,Ávila,Santa María del Tiétar
05228,Santiago del Collado,Ávila,Santiago del Collado
05904,Santiago del Tormes,Ávila,Santiago del Tormes
05229,Santo Domingo de las Posadas,Ávila,Santo Domingo de las Posadas
05230,Santo Tomé de Zabarcos,Ávila,Santo Tomé de Zabarcos
05232,La Serrada,Ávila,"Serrada, La"
05233,Serranillos,Ávila,Serranillos
05234,Sigeres,Ávila,Sigeres
05235,Sinlabajos,Ávila,Sinlabajos
05236,Solana de Ávila,Ávila,Solana de Ávila
05237,Solana de Rioalmar,Ávila,Solana de Rioalmar
05238,Solosancho,Ávila,Solosancho
05239,Sotalbo,Ávila,Sotalbo
05240,Sotillo de la Adrada,Ávila,Sotillo de la Adrada
05241,El Tiemblo,Ávila,"Tiemblo, El"
05242,Tiñosillos,Ávila,Tiñosillos
05243,Tolbaños,Ávila,Tolbaños
05244,Tormellas,Ávila,Tormellas
05245,Tornadizos de Ávila,Ávila,Tornadizos de Ávila
05247,La Torre,Ávila,"Torre, La"
05246,Tórtoles,Ávila,Tórtoles
05249,Umbrías,Ávila,Umbrías
05251,Vadillo de la Sierra,Ávila,Vadillo de la Sierra
05252,Valdecasa,Ávila,Valdecasa
05253,Vega de Santa María,Ávila,Vega de Santa María
05254,Velayos,Ávila,Velayos
05256,Villaflor,Ávila,Villaflor
05257,Villafranca de la Sierra,Ávila,Villafranca de la Sierra
05905,Villanueva de Ávila,Ávila,Villanueva de Ávila
05258,Villanueva de Gómez,Ávila,Villanueva de Gómez
05259,Villanueva del Aceral,Ávila,Villanueva del Aceral
05260,Villanueva del Campillo,Ávila,Villanueva del Campillo
05261,Villar de Corneja,Ávila,Villar de Corneja
05262,Villarejo del Valle,Ávila,Villarejo del Valle
05263,Villatoro,Ávila,Villatoro
05264,Viñegra de Moraña,Ávila,Viñegra de Moraña
05265,Vita,Ávila,Vita
05266,Zapardiel de la Cañada,Ávila,Zapardiel de la Cañada
05267,Zapardiel de la Ribera,Ávila,Zapardiel de la Ribera
06001,Acedera,Badajoz,Acedera
06002,Aceuchal,Badajoz,Aceuchal
06003,Ahillones,Badajoz,Ahillones
06004,Alange,Badajoz,Alange
06005,La Albuera,Badajoz,"Albuera, La"
06006,Alburquerque,Badajoz,Alburquerque
06007,Alconchel,Badajoz,Alconchel
06008,Alconera,Badajoz,Alconera
06009,Aljucén,Badajoz,Aljucén
06010,Almendral,Badajoz,Almendral
06011,Almendralejo,Badajoz,Almendralejo
06012,Arroyo de San Serván,Badajoz,Arroyo de San Serván
06013,Atalaya,Badajoz,Atalaya
06014,Azuaga,Badajoz,Azuaga
06015,Badajoz,Badajoz,Badajoz
06016,Barcarrota,Badajoz,Barcarrota
06017,Baterno,Badajoz,Baterno
06018,Benquerencia de la Serena,Badajoz,Benquerencia de la Serena
06019,Berlanga,Badajoz,Berlanga
06020,Bienvenida,Badajoz,Bienvenida
06021,Bodonal de la Sierra,Badajoz,Bodonal de la Sierra
06022,Burguillos del Cerro,Badajoz,Burguillos del Cerro
06023,Cabeza del Buey,Badajoz,Cabeza del Buey
06024,Cabeza la Vaca,Badajoz,Cabeza la Vaca
06025,Calamonte,Badajoz,Calamonte
06026,Calera de León,Badajoz,Calera de León
06027,Calzadilla de los Barros,Badajoz,Calzadilla de los Barros
06028,Campanario,Badajoz,Campanario
06029,Campillo de Llerena,Badajoz,Campillo de Llerena
06030,Capilla,Badajoz,Capilla
06031,Carmonita,Badajoz,Carmonita
06032,El Carrascalejo,Badajoz,"Carrascalejo, El"
06033,Casas de Don Pedro,Badajoz,Casas de Don Pedro
06034,Casas de Reina,Badajoz,Casas de Reina
06035,Castilblanco,Badajoz,Castilblanco
06036,Castuera,Badajoz,Castuera
06042,Cheles,Badajoz,Cheles
06037,La Codosera,Badajoz,"Codosera, La"
06038,Cordobilla de Lácara,Badajoz,Cordobilla de Lácara
06039,La Coronada,Badajoz,"Coronada, La"
06040,Corte de Peleas,Badajoz,Corte de Peleas
06041,Cristina,Badajoz,Cristina
06043,Don Álvaro,Badajoz,Don Álvaro
06044,Don Benito,Badajoz,Don Benito
06045,Entrín Bajo,Badajoz,Entrín Bajo
06046,Esparragalejo,Badajoz,Esparragalejo
06047,Esparragosa de la Serena,Badajoz,Esparragosa de la Serena
06048,Esparragosa de Lares,Badajoz,Esparragosa de Lares
06049,Feria,Badajoz,Feria
06050,Fregenal de la Sierra,Badajoz,Fregenal de la Sierra
06051,Fuenlabrada de los Montes,Badajoz,Fuenlabrada de los Montes
06052,Fuente de Cantos,Badajoz,Fuente de Cantos
06053,Fuente del Arco,Badajoz,Fuente del Arco
06054,Fuente del Maestre,Badajoz,Fuente del Maestre
06055,Fuentes de León,Badajoz,Fuentes de León
06056,Garbayuela,Badajoz,Garbayuela
06057,Garlitos,Badajoz,Garlitos
06058,La Garrovilla,Badajoz,"Garrovilla, La"
06059,Granja de Torrehermosa,Badajoz,Granja de Torrehermosa
06903,Guadiana,Badajoz,Guadiana
06060,Guareña,Badajoz,Guareña
06061,La Haba,Badajoz,"Haba, La"
06062,Helechosa de los Montes,Badajoz,Helechosa de los Montes
06063,Herrera del Duque,Badajoz,Herrera del Duque
06064,Higuera de la Serena,Badajoz,Higuera de la Serena
06065,Higuera de Llerena,Badajoz,Higuera de Llerena
06066,Higuera de Vargas,Badajoz,Higuera de Vargas
06067,Higuera la Real,Badajoz,Higuera la Real
06068,Hinojosa del Valle,Badajoz,Hinojosa del Valle
06069,Hornachos,Badajoz,Hornachos
06070,Jerez de los Caballeros,Badajoz,Jerez de los Caballeros
06071,La Lapa,Badajoz,"Lapa, La"
06073,Llera,Badajoz,Llera
06074,Llerena,Badajoz,Llerena
06072,Lobón,Badajoz,Lobón
06075,Magacela,Badajoz,Magacela
06076,Maguilla,Badajoz,Maguilla
06077,Malcocinado,Badajoz,Malcocinado
06078,Malpartida de la Serena,Badajoz,Malpartida de la Serena
06079,Manchita,Badajoz,Manchita
06080,Medellín,Badajoz,Medellín
06081,Medina de las Torres,Badajoz,Medina de las Torres
06082,Mengabril,Badajoz,Mengabril
06083,Mérida,Badajoz,Mérida
06084,Mirandilla,Badajoz,Mirandilla
06085,Monesterio,Badajoz,Monesterio
06086,Montemolín,Badajoz,Montemolín
06087,Monterrubio de la Serena,Badajoz,Monterrubio de la Serena
06088,Montijo,Badajoz,Montijo
06089,La Morera,Badajoz,"Morera, La"
06090,La Nava de Santiago,Badajoz,"Nava de Santiago, La"
06091,Navalvillar de Pela,Badajoz,Navalvillar de Pela
06092,Nogales,Badajoz,Nogales
06093,Oliva de la Frontera,Badajoz,Oliva de la Frontera
06094,Oliva de Mérida,Badajoz,Oliva de Mérida
06095,Olivenza,Badajoz,Olivenza
06096,Orellana de la Sierra,Badajoz,Orellana de la Sierra
06097,Orellana la Vieja,Badajoz,Orellana la Vieja
06098,Palomas,Badajoz,Palomas
06099,La Parra,Badajoz,"Parra, La"
06100,Peñalsordo,Badajoz,Peñalsordo
06101,Peraleda del Zaucejo,Badajoz,Peraleda del Zaucejo
06102,Puebla de Alcocer,Badajoz,Puebla de Alcocer
06103,Puebla de la Calzada,Badajoz,Puebla de la Calzada
06104,Puebla de la Reina,Badajoz,Puebla de la Reina
06107,Puebla de Obando,Badajoz,Puebla de Obando
06108,Puebla de Sancho Pérez,Badajoz,Puebla de Sancho Pérez
06105,Puebla del Maestre,Badajoz,Puebla del Maestre
06106,Puebla del Prior,Badajoz,Puebla del Prior
06902,Pueblonuevo del Guadiana,Badajoz,Pueblonuevo del Guadiana
06109,Quintana de la Serena,Badajoz,Quintana de la Serena
06110,Reina,Badajoz,Reina
06111,Rena,Badajoz,Rena
06112,Retamal de Llerena,Badajoz,Retamal de Llerena
06113,Ribera del Fresno,Badajoz,Ribera del Fresno
06114,Risco,Badajoz,Risco
06115,La Roca de la Sierra,Badajoz,"Roca de la Sierra, La"
06116,Salvaleón,Badajoz,Salvaleón
06117,Salvatierra de los Barros,Badajoz,Salvatierra de los Barros
06119,San Pedro de Mérida,Badajoz,San Pedro de Mérida
06123,San Vicente de Alcántara,Badajoz,San Vicente de Alcántara
06118,Sancti-Spíritus,Badajoz,Sancti-Spíritus
06120,Santa Amalia,Badajoz,Santa Amalia
06121,Santa Marta,Badajoz,Santa Marta
06122,Los Santos de Maimona,Badajoz,"Santos de Maimona, Los"
06124,Segura de León,Badajoz,Segura de León
06125,Siruela,Badajoz,Siruela
06126,Solana de los Barros,Badajoz,Solana de los Barros
06127,Talarrubias,Badajoz,Talarrubias
06128,Talavera la Real,Badajoz,Talavera la Real
06129,Táliga,Badajoz,Táliga
06130,Tamurejo,Badajoz,Tamurejo
06131,Torre de Miguel Sesmero,Badajoz,Torre de Miguel Sesmero
06132,Torremayor,Badajoz,Torremayor
06133,Torremejía,Badajoz,Torremejía
06134,Trasierra,Badajoz,Trasierra
06135,Trujillanos,Badajoz,Trujillanos
06136,Usagre,Badajoz,Usagre
06137,Valdecaballeros,Badajoz,Valdecaballeros
06901,Valdelacalzada,Badajoz,Valdelacalzada
06138,Valdetorres,Badajoz,Valdetorres
06139,Valencia de las Torres,Badajoz,Valencia de las Torres
06140,Valencia del Mombuey,Badajoz,Valencia del Mombuey
06141,Valencia del Ventoso,Badajoz,Valencia del Ventoso
06146,Valle de la Serena,Badajoz,Valle de la Serena
06147,Valle de Matamoros,Badajoz,Valle de Matamoros
06148,Valle de Santa Ana,Badajoz,Valle de Santa Ana
06142,Valverde de Burguillos,Badajoz,Valverde de Burguillos
06143,Valverde de Leganés,Badajoz,Valverde de Leganés
06144,Valverde de Llerena,Badajoz,Valverde de Llerena
06145,Valverde de Mérida,Badajoz,Valverde de Mérida
06149,Villafranca de los Barros,Badajoz,Villafranca de los Barros
06150,Villagarcía de la Torre,Badajoz,Villagarcía de la Torre
06151,Villagonzalo,Badajoz,Villagonzalo
06152,Villalba de los Barros,Badajoz,Villalba de los Barros
06153,Villanueva de la Serena,Badajoz,Villanueva de la Serena
06154,Villanueva del Fresno,Badajoz,Villanueva del Fresno
06156,Villar de Rena,Badajoz,Villar de Rena
06155,Villar del Rey,Badajoz,Villar del Rey
06157,Villarta de los Montes,Badajoz,Villarta de los Montes
06158,Zafra,Badajoz,Zafra
06159,Zahínos,Badajoz,Zahínos
06160,Zalamea de la Serena,Badajoz,Zalamea de la Serena
06162,La Zarza,Badajoz,"Zarza, La"
06161,Zarza-Capilla,Badajoz,Zarza-Capilla
07002,Alaior,Illes Balears,Alaior
07001,Alaró,Illes Balears,Alaró
07003,Alcúdia,Illes Balears,Alcúdia
07004,Algaida,Illes Balears,Algaida
07005,Andratx,Illes Balears,Andratx
07901,Ariany,Illes Balears,Ariany
07006,Artà,Illes Balears,Artà
07007,Banyalbufar,Illes Balears,Banyalbufar
07008,Binissalem,Illes Balears,Binissalem
07009,Búger,Illes Balears,Búger
07010,Bunyola,Illes Balears,Bunyola
07011,Calvià,Illes Balears,Calvià
07012,Campanet,Illes Balears,Campanet
07013,Campos,Illes Balears,Campos
07014,Capdepera,Illes Balears,Capdepera
07064,Es Castell,Illes Balears,"Castell, Es"
07015,Ciutadella de Menorca,Illes Balears,Ciutadella de Menorca
07016,Consell,Illes Balears,Consell
07017,Costitx,Illes Balears,Costitx
07018,Deià,Illes Balears,Deià
07026,Eivissa,Illes Balears,Eivissa
07019,Escorca,Illes Balears,Escorca
07020,Esporles,Illes Balears,Esporles
07021,Estellencs,Illes Balears,Estellencs
07022,Felanitx,Illes Balears,Felanitx
07023,Ferreries,Illes Balears,Ferreries
07024,Formentera,Illes Balears,Formentera
07025,Fornalutx,Illes Balears,Fornalutx
07027,Inca,Illes Balears,Inca
07028,Lloret de Vistalegre,Illes Balears,Lloret de Vistalegre
07029,Lloseta,Illes Balears,Lloseta
07030,Llubí,Illes Balears,Llubí
07031,Llucmajor,Illes Balears,Llucmajor
07033,Manacor,Illes Balears,Manacor
07034,Mancor de la Vall,Illes Balears,Mancor de la Vall
07032,Maó,Illes Balears,Maó
07035,Maria de la Salut,Illes Balears,Maria de la Salut
07036,Marratxí,Illes Balears,Marratxí
07037,Es Mercadal,Illes Balears,"Mercadal, Es"
07902,Es Migjorn Gran,Illes Balears,"Migjorn Gran, Es"
07038,Montuïri,Illes Balears,Montuïri
07039,Muro,Illes Balears,Muro
07040,Palma,Illes Balears,Palma
07041,Petra,Illes Balears,Petra
07044,Sa Pobla,Illes Balears,"Pobla, Sa"
07042,Pollença,Illes Balears,Pollença
07043,Porreres,Illes Balears,Porreres
07045,Puigpunyent,Illes Balears,Puigpunyent
07059,Ses Salines,Illes Balears,"Salines, Ses"
07046,Sant Antoni de Portmany,Illes Balears,Sant Antoni de Portmany
07049,Sant Joan,Illes Balears,Sant Joan
07050,Sant Joan de Labritja,Illes Balears,Sant Joan de Labritja
07048,Sant Josep de sa Talaia,Illes Balears,Sant Josep de sa Talaia
07051,Sant Llorenç des Cardassar,Illes Balears,Sant Llorenç des Cardassar
07052,Sant Lluís,Illes Balears,Sant Lluís
07053,Santa Eugènia,Illes Balears,Santa Eugènia
07054,Santa Eulària des Riu,Illes Balears,Santa Eulària des Riu
07055,Santa Margalida,Illes Balears,Santa Margalida
07056,Santa María del Camí,Illes Balears,Santa María del Camí
07057,Santanyí,Illes Balears,Santanyí
07058,Selva,Illes Balears,Selva
07047,Sencelles,Illes Balears,Sencelles
07060,Sineu,Illes Balears,Sineu
07061,Sóller,Illes Balears,Sóller
07062,Son Servera,Illes Balears,Son Servera
07063,Valldemossa,Illes Balears,Valldemossa
07065,Vilafranca de Bonany,Illes Balears,Vilafranca de Bonany
08001,Abrera,Barcelona,Abrera
08002,Aguilar de Segarra,Barcelona,Aguilar de Segarra
08014,Aiguafreda,Barcelona,Aiguafreda
08003,Alella,Barcelona,Alella
08004,Alpens,Barcelona,Alpens
08005,L'Ametlla del Vallès,Barcelona,"Ametlla del Vallès, L'"
08006,Arenys de Mar,Barcelona,Arenys de Mar
08007,Arenys de Munt,Barcelona,Arenys de Munt
08008,Argençola,Barcelona,Argençola
08009,Argentona,Barcelona,Argentona
08010,Artés,Barcelona,Artés
08011,Avià,Barcelona,Avià
08012,Avinyó,Barcelona,Avinyó
08013,Avinyonet del Penedès,Barcelona,Avinyonet del Penedès
08015,Badalona,Barcelona,Badalona
08904,Badia del Vallès,Barcelona,Badia del Vallès
08016,Bagà,Barcelona,Bagà
08017,Balenyà,Barcelona,Balenyà
08018,Balsareny,Barcelona,Balsareny
08252,Barberà del Vallès,Barcelona,Barberà del Vallès
08019,Barcelona,Barcelona,Barcelona
08020,Begues,Barcelona,Begues
08021,Bellprat,Barcelona,Bellprat
08022,Berga,Barcelona,Berga
08023,Bigues i Riells del Fai,Barcelona,Bigues i Riells del Fai
08024,Borredà,Barcelona,Borredà
08025,El Bruc,Barcelona,"Bruc, El"
08026,El Brull,Barcelona,"Brull, El"
08027,Les Cabanyes,Barcelona,"Cabanyes, Les"
08028,Cabrera d'Anoia,Barcelona,Cabrera d'Anoia
08029,Cabrera de Mar,Barcelona,Cabrera de Mar
08030,Cabrils,Barcelona,Cabrils
08031,Calaf,Barcelona,Calaf
08034,Calders,Barcelona,Calders
08033,Caldes de Montbui,Barcelona,Caldes de Montbui
08032,Caldes d'Estrac,Barcelona,Caldes d'Estrac
08035,Calella,Barcelona,Calella
08037,Calldetenes,Barcelona,Calldetenes
08038,Callús,Barcelona,Callús
08036,Calonge de Segarra,Barcelona,Calonge de Segarra
08039,Campins,Barcelona,Campins
08040,Canet de Mar,Barcelona,Canet de Mar
08041,Canovelles,Barcelona,Canovelles
08042,Cànoves i Samalús,Barcelona,Cànoves i Samalús
08043,Canyelles,Barcelona,Canyelles
08044,Capellades,Barcelona,Capellades
08045,Capolat,Barcelona,Capolat
08046,Cardedeu,Barcelona,Cardedeu
08047,Cardona,Barcelona,Cardona
08048,Carme,Barcelona,Carme
08049,Casserres,Barcelona,Casserres
08057,Castell de l'Areny,Barcelona,Castell de l'Areny
08052,Castellar de n'Hug,Barcelona,Castellar de n'Hug
08050,Castellar del Riu,Barcelona,Castellar del Riu
08051,Castellar del Vallès,Barcelona,Castellar del Vallès
08053,Castellbell i el Vilar,Barcelona,Castellbell i el Vilar
08054,Castellbisbal,Barcelona,Castellbisbal
08055,Castellcir,Barcelona,Castellcir
08056,Castelldefels,Barcelona,Castelldefels
08058,Castellet i la Gornal,Barcelona,Castellet i la Gornal
08060,Castellfollit de Riubregós,Barcelona,Castellfollit de Riubregós
08059,Castellfollit del Boix,Barcelona,Castellfollit del Boix
08061,Castellgalí,Barcelona,Castellgalí
08062,Castellnou de Bages,Barcelona,Castellnou de Bages
08063,Castellolí,Barcelona,Castellolí
08064,Castellterçol,Barcelona,Castellterçol
08065,Castellví de la Marca,Barcelona,Castellví de la Marca
08066,Castellví de Rosanes,Barcelona,Castellví de Rosanes
08067,Centelles,Barcelona,Centelles
08268,Cercs,Barcelona,Cercs
08266,Cerdanyola del Vallès,Barcelona,Cerdanyola del Vallès
08068,Cervelló,Barcelona,Cervelló
08069,Collbató,Barcelona,Collbató
08070,Collsuspina,Barcelona,Collsuspina
08071,Copons,Barcelona,Copons
08072,Corbera de Llobregat,Barcelona,Corbera de Llobregat
08073,Cornellà de Llobregat,Barcelona,Cornellà de Llobregat
08074,Cubelles,Barcelona,Cubelles
08075,Dosrius,Barcelona,Dosrius
08076,Esparreguera,Barcelona,Esparreguera
08077,Esplugues de Llobregat,Barcelona,Esplugues de Llobregat
08078,L'Espunyola,Barcelona,"Espunyola, L'"
08254,L'Esquirol,Barcelona,"Esquirol, L'"
08079,L'Estany,Barcelona,"Estany, L'"
08134,Figaró-Montmany,Barcelona,Figaró-Montmany
08080,Fígols,Barcelona,Fígols
08082,Fogars de la Selva,Barcelona,Fogars de la Selva
08081,Fogars de Montclús,Barcelona,Fogars de Montclús
08083,Folgueroles,Barcelona,Folgueroles
08084,Fonollosa,Barcelona,Fonollosa
08085,Font-rubí,Barcelona,Font-rubí
08086,Les Franqueses del Vallès,Barcelona,"Franqueses del Vallès, Les"
08090,Gaià,Barcelona,Gaià
08087,Gallifa,Barcelona,Gallifa
08088,La Garriga,Barcelona,"Garriga, La"
08089,Gavà,Barcelona,Gavà
08091,Gelida,Barcelona,Gelida
08092,Gironella,Barcelona,Gironella
08093,Gisclareny,Barcelona,Gisclareny
08094,La Granada,Barcelona,"Granada, La"
08095,Granera,Barcelona,Granera
08096,Granollers,Barcelona,Granollers
08097,Gualba,Barcelona,Gualba
08099,Guardiola de Berguedà,Barcelona,Guardiola de Berguedà
08100,Gurb,Barcelona,Gurb
08101,L'Hospitalet de Llobregat,Barcelona,"Hospitalet de Llobregat, L'"
08162,Els Hostalets de Pierola,Barcelona,"Hostalets de Pierola, Els"
08102,Igualada,Barcelona,Igualada
08103,Jorba,Barcelona,Jorba
08104,La Llacuna,Barcelona,"Llacuna, La"
08105,La Llagosta,Barcelona,"Llagosta, La"
08107,Lliçà d'Amunt,Barcelona,Lliçà d'Amunt
08108,Lliçà de Vall,Barcelona,Lliçà de Vall
08106,Llinars del Vallès,Barcelona,Llinars del Vallès
08109,Lluçà,Barcelona,Lluçà
08110,Malgrat de Mar,Barcelona,Malgrat de Mar
08111,Malla,Barcelona,Malla
08112,Manlleu,Barcelona,Manlleu
08113,Manresa,Barcelona,Manresa
08242,Marganell,Barcelona,Marganell
08114,Martorell,Barcelona,Martorell
08115,Martorelles,Barcelona,Martorelles
08116,Les Masies de Roda,Barcelona,"Masies de Roda, Les"
08117,Les Masies de Voltregà,Barcelona,"Masies de Voltregà, Les"
08118,El Masnou,Barcelona,"Masnou, El"
08119,Masquefa,Barcelona,Masquefa
08120,Matadepera,Barcelona,Matadepera
08121,Mataró,Barcelona,Mataró
08122,Mediona,Barcelona,Mediona
08138,Moià,Barcelona,Moià
08123,Molins de Rei,Barcelona,Molins de Rei
08124,Mollet del Vallès,Barcelona,Mollet del Vallès
08128,Monistrol de Calders,Barcelona,Monistrol de Calders
08127,Monistrol de Montserrat,Barcelona,Monistrol de Montserrat
08125,Montcada i Reixac,Barcelona,Montcada i Reixac
08130,Montclar,Barcelona,Montclar
08131,Montesquiu,Barcelona,Montesquiu
08126,Montgat,Barcelona,Montgat
08132,Montmajor,Barcelona,Montmajor
08133,Montmaneu,Barcelona,Montmaneu
08135,Montmeló,Barcelona,Montmeló
08136,Montornès del Vallès,Barcelona,Montornès del Vallès
08137,Montseny,Barcelona,Montseny
08129,Muntanyola,Barcelona,Muntanyola
08139,Mura,Barcelona,Mura
08140,Navarcles,Barcelona,Navarcles
08141,Navàs,Barcelona,Navàs
08142,La Nou de Berguedà,Barcelona,"Nou de Berguedà, La"
08143,Òdena,Barcelona,Òdena
08145,Olèrdola,Barcelona,Olèrdola
08146,Olesa de Bonesvalls,Barcelona,Olesa de Bonesvalls
08147,Olesa de Montserrat,Barcelona,Olesa de Montserrat
08148,Olivella,Barcelona,Olivella
08149,Olost,Barcelona,Olost
08144,Olvan,Barcelona,Olvan
08150,Orís,Barcelona,Orís
08151,Oristà,Barcelona,Oristà
08152,Orpí,Barcelona,Orpí
08153,Òrrius,Barcelona,Òrrius
08154,Pacs del Penedès,Barcelona,Pacs del Penedès
08155,Palafolls,Barcelona,Palafolls
08156,Palau-solità i Plegamans,Barcelona,Palau-solità i Plegamans
08157,Pallejà,Barcelona,Pallejà
08905,La Palma de Cervelló,Barcelona,"Palma de Cervelló, La"
08158,El Papiol,Barcelona,"Papiol, El"
08159,Parets del Vallès,Barcelona,Parets del Vallès
08160,Perafita,Barcelona,Perafita
08161,Piera,Barcelona,Piera
08163,Pineda de Mar,Barcelona,Pineda de Mar
08164,El Pla del Penedès,Barcelona,"Pla del Penedès, El"
08165,La Pobla de Claramunt,Barcelona,"Pobla de Claramunt, La"
08166,La Pobla de Lillet,Barcelona,"Pobla de Lillet, La"
08167,Polinyà,Barcelona,Polinyà
08182,El Pont de Vilomara i Rocafort,Barcelona,"Pont de Vilomara i Rocafort, El"
08168,Pontons,Barcelona,Pontons
08169,El Prat de Llobregat,Barcelona,"Prat de Llobregat, El"
08171,Prats de Lluçanès,Barcelona,Prats de Lluçanès
08170,Els Prats de Rei,Barcelona,"Prats de Rei, Els"
08230,Premià de Dalt,Barcelona,Premià de Dalt
08172,Premià de Mar,Barcelona,Premià de Mar
08174,Puigdàlber,Barcelona,Puigdàlber
08175,Puig-reig,Barcelona,Puig-reig
08176,Pujalt,Barcelona,Pujalt
08177,La Quar,Barcelona,"Quar, La"
08178,Rajadell,Barcelona,Rajadell
08179,Rellinars,Barcelona,Rellinars
08180,Ripollet,Barcelona,Ripollet
08181,La Roca del Vallès,Barcelona,"Roca del Vallès, La"
08183,Roda de Ter,Barcelona,Roda de Ter
08184,Rubí,Barcelona,Rubí
08185,Rubió,Barcelona,Rubió
08901,Rupit i Pruit,Barcelona,Rupit i Pruit
08187,Sabadell,Barcelona,Sabadell
08188,Sagàs,Barcelona,Sagàs
08190,Saldes,Barcelona,Saldes
08191,Sallent,Barcelona,Sallent
08194,Sant Adrià de Besòs,Barcelona,Sant Adrià de Besòs
08195,Sant Agustí de Lluçanès,Barcelona,Sant Agustí de Lluçanès
08196,Sant Andreu de la Barca,Barcelona,Sant Andreu de la Barca
08197,Sant Andreu de Llavaneres,Barcelona,Sant Andreu de Llavaneres
08198,Sant Antoni de Vilamajor,Barcelona,Sant Antoni de Vilamajor
08199,Sant Bartomeu del Grau,Barcelona,Sant Bartomeu del Grau
08200,Sant Boi de Llobregat,Barcelona,Sant Boi de Llobregat
08201,Sant Boi de Lluçanès,Barcelona,Sant Boi de Lluçanès
08203,Sant Cebrià de Vallalta,Barcelona,Sant Cebrià de Vallalta
08202,Sant Celoni,Barcelona,Sant Celoni
08204,Sant Climent de Llobregat,Barcelona,Sant Climent de Llobregat
08205,Sant Cugat del Vallès,Barcelona,Sant Cugat del Vallès
08206,Sant Cugat Sesgarrigues,Barcelona,Sant Cugat Sesgarrigues
08207,Sant Esteve de Palautordera,Barcelona,Sant Esteve de Palautordera
08208,Sant Esteve Sesrovires,Barcelona,Sant Esteve Sesrovires
08210,Sant Feliu de Codines,Barcelona,Sant Feliu de Codines
08211,Sant Feliu de Llobregat,Barcelona,Sant Feliu de Llobregat
08212,Sant Feliu Sasserra,Barcelona,Sant Feliu Sasserra
08209,Sant Fost de Campsentelles,Barcelona,Sant Fost de Campsentelles
08213,Sant Fruitós de Bages,Barcelona,Sant Fruitós de Bages
08215,Sant Hipòlit de Voltregà,Barcelona,Sant Hipòlit de Voltregà
08193,Sant Iscle de Vallalta,Barcelona,Sant Iscle de Vallalta
08216,Sant Jaume de Frontanyà,Barcelona,Sant Jaume de Frontanyà
08218,Sant Joan de Vilatorrada,Barcelona,Sant Joan de Vilatorrada
08217,Sant Joan Despí,Barcelona,Sant Joan Despí
08903,Sant Julià de Cerdanyola,Barcelona,Sant Julià de Cerdanyola
08220,Sant Julià de Vilatorta,Barcelona,Sant Julià de Vilatorta
08221,Sant Just Desvern,Barcelona,Sant Just Desvern
08222,Sant Llorenç d'Hortons,Barcelona,Sant Llorenç d'Hortons
08223,Sant Llorenç Savall,Barcelona,Sant Llorenç Savall
08225,Sant Martí d'Albars,Barcelona,Sant Martí d'Albars
08224,Sant Martí de Centelles,Barcelona,Sant Martí de Centelles
08226,Sant Martí de Tous,Barcelona,Sant Martí de Tous
08227,Sant Martí Sarroca,Barcelona,Sant Martí Sarroca
08228,Sant Martí Sesgueioles,Barcelona,Sant Martí Sesgueioles
08229,Sant Mateu de Bages,Barcelona,Sant Mateu de Bages
08231,Sant Pere de Ribes,Barcelona,Sant Pere de Ribes
08232,Sant Pere de Riudebitlles,Barcelona,Sant Pere de Riudebitlles
08233,Sant Pere de Torelló,Barcelona,Sant Pere de Torelló
08234,Sant Pere de Vilamajor,Barcelona,Sant Pere de Vilamajor
08189,Sant Pere Sallavinera,Barcelona,Sant Pere Sallavinera
08235,Sant Pol de Mar,Barcelona,Sant Pol de Mar
08236,Sant Quintí de Mediona,Barcelona,Sant Quintí de Mediona
08237,Sant Quirze de Besora,Barcelona,Sant Quirze de Besora
08238,Sant Quirze del Vallès,Barcelona,Sant Quirze del Vallès
08239,Sant Quirze Safaja,Barcelona,Sant Quirze Safaja
08240,Sant Sadurní d'Anoia,Barcelona,Sant Sadurní d'Anoia
08241,Sant Sadurní d'Osormort,Barcelona,Sant Sadurní d'Osormort
08098,Sant Salvador de Guardiola,Barcelona,Sant Salvador de Guardiola
08262,Sant Vicenç de Castellet,Barcelona,Sant Vicenç de Castellet
08264,Sant Vicenç de Montalt,Barcelona,Sant Vicenç de Montalt
08265,Sant Vicenç de Torelló,Barcelona,Sant Vicenç de Torelló
08263,Sant Vicenç dels Horts,Barcelona,Sant Vicenç dels Horts
08243,Santa Cecília de Voltregà,Barcelona,Santa Cecília de Voltregà
08244,Santa Coloma de Cervelló,Barcelona,Santa Coloma de Cervelló
08245,Santa Coloma de Gramenet,Barcelona,Santa Coloma de Gramenet
08246,Santa Eugènia de Berga,Barcelona,Santa Eugènia de Berga
08247,Santa Eulàlia de Riuprimer,Barcelona,Santa Eulàlia de Riuprimer
08248,Santa Eulàlia de Ronçana,Barcelona,Santa Eulàlia de Ronçana
08249,Santa Fe del Penedès,Barcelona,Santa Fe del Penedès
08250,Santa Margarida de Montbui,Barcelona,Santa Margarida de Montbui
08251,Santa Margarida i els Monjos,Barcelona,Santa Margarida i els Monjos
08253,Santa Maria de Besora,Barcelona,Santa Maria de Besora
08256,Santa Maria de Martorelles,Barcelona,Santa Maria de Martorelles
08255,Santa Maria de Merlès,Barcelona,Santa Maria de Merlès
08257,Santa Maria de Miralles,Barcelona,Santa Maria de Miralles
08259,Santa Maria de Palautordera,Barcelona,Santa Maria de Palautordera
08258,Santa Maria d'Oló,Barcelona,Santa Maria d'Oló
08260,Santa Perpètua de Mogoda,Barcelona,Santa Perpètua de Mogoda
08261,Santa Susanna,Barcelona,Santa Susanna
08192,Santpedor,Barcelona,Santpedor
08267,Sentmenat,Barcelona,Sentmenat
08269,Seva,Barcelona,Seva
08270,Sitges,Barcelona,Sitges
08271,Sobremunt,Barcelona,Sobremunt
08272,Sora,Barcelona,Sora
08273,Subirats,Barcelona,Subirats
08274,Súria,Barcelona,Súria
08276,Tagamanent,Barcelona,Tagamanent
08277,Talamanca,Barcelona,Talamanca
08278,Taradell,Barcelona,Taradell
08275,Tavèrnoles,Barcelona,Tavèrnoles
08280,Tavertet,Barcelona,Tavertet
08281,Teià,Barcelona,Teià
08279,Terrassa,Barcelona,Terrassa
08282,Tiana,Barcelona,Tiana
08283,Tona,Barcelona,Tona
08284,Tordera,Barcelona,Tordera
08285,Torelló,Barcelona,Torelló
08286,La Torre de Claramunt,Barcelona,"Torre de Claramunt, La"
08287,Torrelavit,Barcelona,Torrelavit
08288,Torrelles de Foix,Barcelona,Torrelles de Foix
08289,Torrelles de Llobregat,Barcelona,Torrelles de Llobregat
08290,Ullastrell,Barcelona,Ullastrell
08291,Vacarisses,Barcelona,Vacarisses
08292,Vallbona d'Anoia,Barcelona,Vallbona d'Anoia
08293,Vallcebre,Barcelona,Vallcebre
08294,Vallgorguina,Barcelona,Vallgorguina
08295,Vallirana,Barcelona,Vallirana
08296,Vallromanes,Barcelona,Vallromanes
08297,Veciana,Barcelona,Veciana
08298,Vic,Barcelona,Vic
08299,Vilada,Barcelona,Vilada
08301,Viladecans,Barcelona,Viladecans
08300,Viladecavalls,Barcelona,Viladecavalls
08305,Vilafranca del Penedès,Barcelona,Vilafranca del Penedès
08306,Vilalba Sasserra,Barcelona,Vilalba Sasserra
08303,Vilanova de Sau,Barcelona,Vilanova de Sau
08302,Vilanova del Camí,Barcelona,Vilanova del Camí
08902,Vilanova del Vallès,Barcelona,Vilanova del Vallès
08307,Vilanova i la Geltrú,Barcelona,Vilanova i la Geltrú
08214,Vilassar de Dalt,Barcelona,Vilassar de Dalt
08219,Vilassar de Mar,Barcelona,Vilassar de Mar
08304,Vilobí del Penedès,Barcelona,Vilobí del Penedès
08308,Viver i Serrateix,Barcelona,Viver i Serrateix
09001,Abajas,Burgos,Abajas
09003,Adrada de Haza,Burgos,Adrada de Haza
09006,Aguas Cándidas,Burgos,Aguas Cándidas
09007,Aguilar de Bureba,Burgos,Aguilar de Bureba
09009,Albillos,Burgos,Albillos
09010,Alcocero de Mola,Burgos,Alcocero de Mola
09011,Alfoz de Bricia,Burgos,Alfoz de Bricia
09907,Alfoz de Quintanadueñas,Burgos,Alfoz de Quintanadueñas
09012,Alfoz de Santa Gadea,Burgos,Alfoz de Santa Gadea
09013,Altable,Burgos,Altable
09014,Los Altos,Burgos,"Altos, Los"
09016,Ameyugo,Burgos,Ameyugo
09017,Anguix,Burgos,Anguix
09018,Aranda de Duero,Burgos,Aranda de Duero
09019,Arandilla,Burgos,Arandilla
09020,Arauzo de Miel,Burgos,Arauzo de Miel
09021,Arauzo de Salce,Burgos,Arauzo de Salce
09022,Arauzo de Torre,Burgos,Arauzo de Torre
09023,Arcos,Burgos,Arcos
09024,Arenillas de Riopisuerga,Burgos,Arenillas de Riopisuerga
09025,Arija,Burgos,Arija
09026,Arlanzón,Burgos,Arlanzón
09027,Arraya de Oca,Burgos,Arraya de Oca
09029,Atapuerca,Burgos,Atapuerca
09030,Los Ausines,Burgos,"Ausines, Los"
09032,Avellanosa de Muñó,Burgos,Avellanosa de Muñó
09033,Bahabón de Esgueva,Burgos,Bahabón de Esgueva
09034,Los Balbases,Burgos,"Balbases, Los"
09035,Baños de Valdearados,Burgos,Baños de Valdearados
09036,Bañuelos de Bureba,Burgos,Bañuelos de Bureba
09037,Barbadillo de Herreros,Burgos,Barbadillo de Herreros
09038,Barbadillo del Mercado,Burgos,Barbadillo del Mercado
09039,Barbadillo del Pez,Burgos,Barbadillo del Pez
09041,Barrio de Muñó,Burgos,Barrio de Muñó
09043,Los Barrios de Bureba,Burgos,"Barrios de Bureba, Los"
09044,Barrios de Colina,Burgos,Barrios de Colina
09045,Basconcillos del Tozo,Burgos,Basconcillos del Tozo
09046,Bascuñana,Burgos,Bascuñana
09047,Belbimbre,Burgos,Belbimbre
09048,Belorado,Burgos,Belorado
09050,Berberana,Burgos,Berberana
09051,Berlangas de Roa,Burgos,Berlangas de Roa
09052,Berzosa de Bureba,Burgos,Berzosa de Bureba
09054,Bozoó,Burgos,Bozoó
09055,Brazacorta,Burgos,Brazacorta
09056,Briviesca,Burgos,Briviesca
09057,Bugedo,Burgos,Bugedo
09058,Buniel,Burgos,Buniel
09059,Burgos,Burgos,Burgos
09060,Busto de Bureba,Burgos,Busto de Bureba
09061,Cabañes de Esgueva,Burgos,Cabañes de Esgueva
09062,Cabezón de la Sierra,Burgos,Cabezón de la Sierra
09064,Caleruega,Burgos,Caleruega
09065,Campillo de Aranda,Burgos,Campillo de Aranda
09066,Campolara,Burgos,Campolara
09067,Canicosa de la Sierra,Burgos,Canicosa de la Sierra
09068,Cantabrana,Burgos,Cantabrana
09070,Carazo,Burgos,Carazo
09071,Carcedo de Bureba,Burgos,Carcedo de Bureba
09072,Carcedo de Burgos,Burgos,Carcedo de Burgos
09073,Cardeñadijo,Burgos,Cardeñadijo
09074,Cardeñajimeno,Burgos,Cardeñajimeno
09075,Cardeñuela Riopico,Burgos,Cardeñuela Riopico
09076,Carrias,Burgos,Carrias
09077,Cascajares de Bureba,Burgos,Cascajares de Bureba
09078,Cascajares de la Sierra,Burgos,Cascajares de la Sierra
09079,Castellanos de Castro,Burgos,Castellanos de Castro
09083,Castil de Peones,Burgos,Castil de Peones
09082,Castildelgado,Burgos,Castildelgado
09084,Castrillo de la Reina,Burgos,Castrillo de la Reina
09085,Castrillo de la Vega,Burgos,Castrillo de la Vega
09088,Castrillo de Riopisuerga,Burgos,Castrillo de Riopisuerga
09086,Castrillo del Val,Burgos,Castrillo del Val
09090,Castrillo Mota de Judíos,Burgos,Castrillo Mota de Judíos
09091,Castrojeriz,Burgos,Castrojeriz
09063,Cavia,Burgos,Cavia
09093,Cayuela,Burgos,Cayuela
09094,Cebrecos,Burgos,Cebrecos
09095,Celada del Camino,Burgos,Celada del Camino
09098,Cerezo de Río Tirón,Burgos,Cerezo de Río Tirón
09100,Cerratón de Juarros,Burgos,Cerratón de Juarros
09101,Ciadoncha,Burgos,Ciadoncha
09102,Cillaperlata,Burgos,Cillaperlata
09103,Cilleruelo de Abajo,Burgos,Cilleruelo de Abajo
09104,Cilleruelo de Arriba,Burgos,Cilleruelo de Arriba
09105,Ciruelos de Cervera,Burgos,Ciruelos de Cervera
09108,Cogollos,Burgos,Cogollos
09109,Condado de Treviño,Burgos,Condado de Treviño
09110,Contreras,Burgos,Contreras
09112,Coruña del Conde,Burgos,Coruña del Conde
09113,Covarrubias,Burgos,Covarrubias
09114,Cubillo del Campo,Burgos,Cubillo del Campo
09115,Cubo de Bureba,Burgos,Cubo de Bureba
09117,La Cueva de Roa,Burgos,"Cueva de Roa, La"
09119,Cuevas de San Clemente,Burgos,Cuevas de San Clemente
09120,Encío,Burgos,Encío
09122,Espinosa de Cervera,Burgos,Espinosa de Cervera
09124,Espinosa de los Monteros,Burgos,Espinosa de los Monteros
09123,Espinosa del Camino,Burgos,Espinosa del Camino
09125,Estépar,Burgos,Estépar
09127,Fontioso,Burgos,Fontioso
09128,Frandovínez,Burgos,Frandovínez
09129,Fresneda de la Sierra Tirón,Burgos,Fresneda de la Sierra Tirón
09130,Fresneña,Burgos,Fresneña
09131,Fresnillo de las Dueñas,Burgos,Fresnillo de las Dueñas
09132,Fresno de Río Tirón,Burgos,Fresno de Río Tirón
09133,Fresno de Rodilla,Burgos,Fresno de Rodilla
09134,Frías,Burgos,Frías
09135,Fuentebureba,Burgos,Fuentebureba
09136,Fuentecén,Burgos,Fuentecén
09137,Fuentelcésped,Burgos,Fuentelcésped
09138,Fuentelisendo,Burgos,Fuentelisendo
09139,Fuentemolinos,Burgos,Fuentemolinos
09140,Fuentenebro,Burgos,Fuentenebro
09141,Fuentespina,Burgos,Fuentespina
09143,Galbarros,Burgos,Galbarros
09144,La Gallega,Burgos,"Gallega, La"
09148,Grijalba,Burgos,Grijalba
09149,Grisaleña,Burgos,Grisaleña
09151,Gumiel de Izán,Burgos,Gumiel de Izán
09152,Gumiel de Mercado,Burgos,Gumiel de Mercado
09154,Hacinas,Burgos,Hacinas
09155,Haza,Burgos,Haza
09159,Hontanas,Burgos,Hontanas
09160,Hontangas,Burgos,Hontangas
09162,Hontoria de la Cantera,Burgos,Hontoria de la Cantera
09164,Hontoria de Valdearados,Burgos,Hontoria de Valdearados
09163,Hontoria del Pinar,Burgos,Hontoria del Pinar
09166,Las Hormazas,Burgos,"Hormazas, Las"
09167,Hornillos del Camino,Burgos,Hornillos del Camino
09168,La Horra,Burgos,"Horra, La"
09169,Hortigüela,Burgos,Hortigüela
09170,Hoyales de Roa,Burgos,Hoyales de Roa
09172,Huérmeces,Burgos,Huérmeces
09173,Huerta de Arriba,Burgos,Huerta de Arriba
09174,Huerta de Rey,Burgos,Huerta de Rey
09175,Humada,Burgos,Humada
09176,Hurones,Burgos,Hurones
09177,Ibeas de Juarros,Burgos,Ibeas de Juarros
09178,Ibrillos,Burgos,Ibrillos
09179,Iglesiarrubia,Burgos,Iglesiarrubia
09180,Iglesias,Burgos,Iglesias
09181,Isar,Burgos,Isar
09182,Itero del Castillo,Burgos,Itero del Castillo
09183,Jaramillo de la Fuente,Burgos,Jaramillo de la Fuente
09184,Jaramillo Quemado,Burgos,Jaramillo Quemado
09189,Junta de Traslaloma,Burgos,Junta de Traslaloma
09190,Junta de Villalba de Losa,Burgos,Junta de Villalba de Losa
09191,Jurisdicción de Lara,Burgos,Jurisdicción de Lara
09192,Jurisdicción de San Zadornil,Burgos,Jurisdicción de San Zadornil
09194,Lerma,Burgos,Lerma
09195,Llano de Bureba,Burgos,Llano de Bureba
09196,Madrigal del Monte,Burgos,Madrigal del Monte
09197,Madrigalejo del Monte,Burgos,Madrigalejo del Monte
09198,Mahamud,Burgos,Mahamud
09199,Mambrilla de Castrejón,Burgos,Mambrilla de Castrejón
09200,Mambrillas de Lara,Burgos,Mambrillas de Lara
09201,Mamolar,Burgos,Mamolar
09202,Manciles,Burgos,Manciles
09206,Mazuela,Burgos,Mazuela
09208,Mecerreyes,Burgos,Mecerreyes
09209,Medina de Pomar,Burgos,Medina de Pomar
09211,Melgar de Fernamental,Burgos,Melgar de Fernamental
09213,Merindad de Cuesta-Urria,Burgos,Merindad de Cuesta-Urria
09214,Merindad de Montija,Burgos,Merindad de Montija
09906,Merindad de Río Ubierna,Burgos,Merindad de Río Ubierna
09215,Merindad de Sotoscueva,Burgos,Merindad de Sotoscueva
09216,Merindad de Valdeporres,Burgos,Merindad de Valdeporres
09217,Merindad de Valdivielso,Burgos,Merindad de Valdivielso
09218,Milagros,Burgos,Milagros
09219,Miranda de Ebro,Burgos,Miranda de Ebro
09220,Miraveche,Burgos,Miraveche
09221,Modúbar de la Emparedada,Burgos,Modúbar de la Emparedada
09223,Monasterio de la Sierra,Burgos,Monasterio de la Sierra
09224,Monasterio de Rodilla,Burgos,Monasterio de Rodilla
09225,Moncalvillo,Burgos,Moncalvillo
09226,Monterrubio de la Demanda,Burgos,Monterrubio de la Demanda
09227,Montorio,Burgos,Montorio
09228,Moradillo de Roa,Burgos,Moradillo de Roa
09229,Nava de Roa,Burgos,Nava de Roa
09230,Navas de Bureba,Burgos,Navas de Bureba
09231,Nebreda,Burgos,Nebreda
09232,Neila,Burgos,Neila
09235,Olmedillo de Roa,Burgos,Olmedillo de Roa
09236,Olmillos de Muñó,Burgos,Olmillos de Muñó
09238,Oña,Burgos,Oña
09239,Oquillas,Burgos,Oquillas
09241,Orbaneja Riopico,Burgos,Orbaneja Riopico
09242,Padilla de Abajo,Burgos,Padilla de Abajo
09243,Padilla de Arriba,Burgos,Padilla de Arriba
09244,Padrones de Bureba,Burgos,Padrones de Bureba
09246,Palacios de la Sierra,Burgos,Palacios de la Sierra
09247,Palacios de Riopisuerga,Burgos,Palacios de Riopisuerga
09248,Palazuelos de la Sierra,Burgos,Palazuelos de la Sierra
09249,Palazuelos de Muñó,Burgos,Palazuelos de Muñó
09250,Pampliega,Burgos,Pampliega
09251,Pancorbo,Burgos,Pancorbo
09253,Pardilla,Burgos,Pardilla
09255,Partido de la Sierra en Tobalina,Burgos,Partido de la Sierra en Tobalina
09256,Pedrosa de Duero,Burgos,Pedrosa de Duero
09259,Pedrosa de Río Úrbel,Burgos,Pedrosa de Río Úrbel
09257,Pedrosa del Páramo,Burgos,Pedrosa del Páramo
09258,Pedrosa del Príncipe,Burgos,Pedrosa del Príncipe
09261,Peñaranda de Duero,Burgos,Peñaranda de Duero
09262,Peral de Arlanza,Burgos,Peral de Arlanza
09265,Piérnigas,Burgos,Piérnigas
09266,Pineda de la Sierra,Burgos,Pineda de la Sierra
09267,Pineda Trasmonte,Burgos,Pineda Trasmonte
09268,Pinilla de los Barruecos,Burgos,Pinilla de los Barruecos
09269,Pinilla de los Moros,Burgos,Pinilla de los Moros
09270,Pinilla Trasmonte,Burgos,Pinilla Trasmonte
09272,Poza de la Sal,Burgos,Poza de la Sal
09273,Prádanos de Bureba,Burgos,Prádanos de Bureba
09274,Pradoluengo,Burgos,Pradoluengo
09275,Presencio,Burgos,Presencio
09276,La Puebla de Arganzón,Burgos,"Puebla de Arganzón, La"
09277,Puentedura,Burgos,Puentedura
09279,Quemada,Burgos,Quemada
09281,Quintana del Pidio,Burgos,Quintana del Pidio
09280,Quintanabureba,Burgos,Quintanabureba
09283,Quintanaélez,Burgos,Quintanaélez
09287,Quintanaortuño,Burgos,Quintanaortuño
09288,Quintanapalla,Burgos,Quintanapalla
09289,Quintanar de la Sierra,Burgos,Quintanar de la Sierra
09292,Quintanavides,Burgos,Quintanavides
09294,Quintanilla de la Mata,Burgos,Quintanilla de la Mata
09901,Quintanilla del Agua y Tordueles,Burgos,Quintanilla del Agua y Tordueles
09295,Quintanilla del Coco,Burgos,Quintanilla del Coco
09298,Quintanilla San García,Burgos,Quintanilla San García
09301,Quintanilla Vivar,Burgos,Quintanilla Vivar
09297,Las Quintanillas,Burgos,"Quintanillas, Las"
09302,Rabanera del Pinar,Burgos,Rabanera del Pinar
09303,Rábanos,Burgos,Rábanos
09304,Rabé de las Calzadas,Burgos,Rabé de las Calzadas
09306,Rebolledo de la Torre,Burgos,Rebolledo de la Torre
09307,Redecilla del Camino,Burgos,Redecilla del Camino
09308,Redecilla del Campo,Burgos,Redecilla del Campo
09309,Regumiel de la Sierra,Burgos,Regumiel de la Sierra
09310,Reinoso,Burgos,Reinoso
09311,Retuerta,Burgos,Retuerta
09314,Revilla del Campo,Burgos,Revilla del Campo
09316,Revilla Vallejera,Burgos,Revilla Vallejera
09312,La Revilla y Ahedo,Burgos,"Revilla y Ahedo, La"
09315,Revillarruz,Burgos,Revillarruz
09317,Rezmondo,Burgos,Rezmondo
09318,Riocavado de la Sierra,Burgos,Riocavado de la Sierra
09321,Roa,Burgos,Roa
09323,Rojas,Burgos,Rojas
09325,Royuela de Río Franco,Burgos,Royuela de Río Franco
09326,Rubena,Burgos,Rubena
09327,Rublacedo de Abajo,Burgos,Rublacedo de Abajo
09328,Rucandio,Burgos,Rucandio
09329,Salas de Bureba,Burgos,Salas de Bureba
09330,Salas de los Infantes,Burgos,Salas de los Infantes
09332,Saldaña de Burgos,Burgos,Saldaña de Burgos
09334,Salinillas de Bureba,Burgos,Salinillas de Bureba
09335,San Adrián de Juarros,Burgos,San Adrián de Juarros
09337,San Juan del Monte,Burgos,San Juan del Monte
09338,San Mamés de Burgos,Burgos,San Mamés de Burgos
09339,San Martín de Rubiales,Burgos,San Martín de Rubiales
09340,San Millán de Lara,Burgos,San Millán de Lara
09360,San Vicente del Valle,Burgos,San Vicente del Valle
09343,Santa Cecilia,Burgos,Santa Cecilia
09345,Santa Cruz de la Salceda,Burgos,Santa Cruz de la Salceda
09346,Santa Cruz del Valle Urbión,Burgos,Santa Cruz del Valle Urbión
09347,Santa Gadea del Cid,Burgos,Santa Gadea del Cid
09348,Santa Inés,Burgos,Santa Inés
09350,Santa María del Campo,Burgos,Santa María del Campo
09351,Santa María del Invierno,Burgos,Santa María del Invierno
09352,Santa María del Mercadillo,Burgos,Santa María del Mercadillo
09353,Santa María Ribarredonda,Burgos,Santa María Ribarredonda
09354,Santa Olalla de Bureba,Burgos,Santa Olalla de Bureba
09355,Santibáñez de Esgueva,Burgos,Santibáñez de Esgueva
09356,Santibáñez del Val,Burgos,Santibáñez del Val
09358,Santo Domingo de Silos,Burgos,Santo Domingo de Silos
09361,Sargentes de la Lora,Burgos,Sargentes de la Lora
09362,Sarracín,Burgos,Sarracín
09363,Sasamón,Burgos,Sasamón
09365,La Sequera de Haza,Burgos,"Sequera de Haza, La"
09366,Solarana,Burgos,Solarana
09368,Sordillos,Burgos,Sordillos
09369,Sotillo de la Ribera,Burgos,Sotillo de la Ribera
09372,Sotragero,Burgos,Sotragero
09373,Sotresgudo,Burgos,Sotresgudo
09374,Susinos del Páramo,Burgos,Susinos del Páramo
09375,Tamarón,Burgos,Tamarón
09377,Tardajos,Burgos,Tardajos
09378,Tejada,Burgos,Tejada
09380,Terradillos de Esgueva,Burgos,Terradillos de Esgueva
09381,Tinieblas de la Sierra,Burgos,Tinieblas de la Sierra
09382,Tobar,Burgos,Tobar
09384,Tordómar,Burgos,Tordómar
09386,Torrecilla del Monte,Burgos,Torrecilla del Monte
09387,Torregalindo,Burgos,Torregalindo
09388,Torrelara,Burgos,Torrelara
09389,Torrepadre,Burgos,Torrepadre
09390,Torresandino,Burgos,Torresandino
09391,Tórtoles de Esgueva,Burgos,Tórtoles de Esgueva
09392,Tosantos,Burgos,Tosantos
09394,Trespaderne,Burgos,Trespaderne
09395,Tubilla del Agua,Burgos,Tubilla del Agua
09396,Tubilla del Lago,Burgos,Tubilla del Lago
09398,Úrbel del Castillo,Burgos,Úrbel del Castillo
09400,Vadocondes,Burgos,Vadocondes
09403,Valdeande,Burgos,Valdeande
09405,Valdezate,Burgos,Valdezate
09406,Valdorros,Burgos,Valdorros
09408,Vallarta de Bureba,Burgos,Vallarta de Bureba
09904,Valle de las Navas,Burgos,Valle de las Navas
09908,Valle de Losa,Burgos,Valle de Losa
09409,Valle de Manzanedo,Burgos,Valle de Manzanedo
09410,Valle de Mena,Burgos,Valle de Mena
09411,Valle de Oca,Burgos,Valle de Oca
09902,Valle de Santibáñez,Burgos,Valle de Santibáñez
09905,Valle de Sedano,Burgos,Valle de Sedano
09412,Valle de Tobalina,Burgos,Valle de Tobalina
09413,Valle de Valdebezana,Burgos,Valle de Valdebezana
09414,Valle de Valdelaguna,Burgos,Valle de Valdelaguna
09415,Valle de Valdelucio,Burgos,Valle de Valdelucio
09416,Valle de Zamanzas,Burgos,Valle de Zamanzas
09417,Vallejera,Burgos,Vallejera
09418,Valles de Palenzuela,Burgos,Valles de Palenzuela
09419,Valluércanes,Burgos,Valluércanes
09407,Valmala,Burgos,Valmala
09422,La Vid de Bureba,Burgos,"Vid de Bureba, La"
09421,La Vid y Barrios,Burgos,"Vid y Barrios, La"
09423,Vileña,Burgos,Vileña
09427,Villadiego,Burgos,Villadiego
09428,Villaescusa de Roa,Burgos,Villaescusa de Roa
09429,Villaescusa la Sombría,Burgos,Villaescusa la Sombría
09430,Villaespasa,Burgos,Villaespasa
09431,Villafranca Montes de Oca,Burgos,Villafranca Montes de Oca
09432,Villafruela,Burgos,Villafruela
09433,Villagalijo,Burgos,Villagalijo
09434,Villagonzalo Pedernales,Burgos,Villagonzalo Pedernales
09437,Villahoz,Burgos,Villahoz
09438,Villalba de Duero,Burgos,Villalba de Duero
09439,Villalbilla de Burgos,Burgos,Villalbilla de Burgos
09440,Villalbilla de Gumiel,Burgos,Villalbilla de Gumiel
09441,Villaldemiro,Burgos,Villaldemiro
09442,Villalmanzo,Burgos,Villalmanzo
09443,Villamayor de los Montes,Burgos,Villamayor de los Montes
09444,Villamayor de Treviño,Burgos,Villamayor de Treviño
09445,Villambistia,Burgos,Villambistia
09446,Villamedianilla,Burgos,Villamedianilla
09447,Villamiel de la Sierra,Burgos,Villamiel de la Sierra
09448,Villangómez,Burgos,Villangómez
09449,Villanueva de Argaño,Burgos,Villanueva de Argaño
09450,Villanueva de Carazo,Burgos,Villanueva de Carazo
09451,Villanueva de Gumiel,Burgos,Villanueva de Gumiel
09454,Villanueva de Teba,Burgos,Villanueva de Teba
09455,Villaquirán de la Puebla,Burgos,Villaquirán de la Puebla
09456,Villaquirán de los Infantes,Burgos,Villaquirán de los Infantes
09903,Villarcayo de Merindad de Castilla la Vieja,Burgos,Villarcayo de Merindad de Castilla la Vieja
09458,Villariezo,Burgos,Villariezo
09460,Villasandino,Burgos,Villasandino
09463,Villasur de Herreros,Burgos,Villasur de Herreros
09464,Villatuelda,Burgos,Villatuelda
09466,Villaverde del Monte,Burgos,Villaverde del Monte
09467,Villaverde-Mogina,Burgos,Villaverde-Mogina
09471,Villayerno Morquillas,Burgos,Villayerno Morquillas
09472,Villazopeque,Burgos,Villazopeque
09473,Villegas,Burgos,Villegas
09476,Villoruebo,Burgos,Villoruebo
09424,Viloria de Rioja,Burgos,Viloria de Rioja
09425,Vilviestre del Pinar,Burgos,Vilviestre del Pinar
09478,Vizcaínos,Burgos,Vizcaínos
09480,Zael,Burgos,Zael
09482,Zarzosa de Río Pisuerga,Burgos,Zarzosa de Río Pisuerga
09483,Zazuar,Burgos,Zazuar
09485,Zuñeda,Burgos,Zuñeda
10001,Abadía,Cáceres,Abadía
10002,Abertura,Cáceres,Abertura
10003,Acebo,Cáceres,Acebo
10004,Acehúche,Cáceres,Acehúche
10005,Aceituna,Cáceres,Aceituna
10006,Ahigal,Cáceres,Ahigal
10903,Alagón del Río,Cáceres,Alagón del Río
10007,Albalá,Cáceres,Albalá
10008,Alcántara,Cáceres,Alcántara
10009,Alcollarín,Cáceres,Alcollarín
10010,Alcuéscar,Cáceres,Alcuéscar
10012,Aldea del Cano,Cáceres,Aldea del Cano
10013,La Aldea del Obispo,Cáceres,"Aldea del Obispo, La"
10011,Aldeacentenera,Cáceres,Aldeacentenera
10014,Aldeanueva de la Vera,Cáceres,Aldeanueva de la Vera
10015,Aldeanueva del Camino,Cáceres,Aldeanueva del Camino
10016,Aldehuela del Jerte,Cáceres,Aldehuela del Jerte
10017,Alía,Cáceres,Alía
10018,Aliseda,Cáceres,Aliseda
10019,Almaraz,Cáceres,Almaraz
10020,Almoharín,Cáceres,Almoharín
10021,Arroyo de la Luz,Cáceres,Arroyo de la Luz
10023,Arroyomolinos,Cáceres,Arroyomolinos
10022,Arroyomolinos de la Vera,Cáceres,Arroyomolinos de la Vera
10024,Baños de Montemayor,Cáceres,Baños de Montemayor
10025,Barrado,Cáceres,Barrado
10026,Belvís de Monroy,Cáceres,Belvís de Monroy
10027,Benquerencia,Cáceres,Benquerencia
10028,Berrocalejo,Cáceres,Berrocalejo
10029,Berzocana,Cáceres,Berzocana
10030,Bohonal de Ibor,Cáceres,Bohonal de Ibor
10031,Botija,Cáceres,Botija
10032,Brozas,Cáceres,Brozas
10033,Cabañas del Castillo,Cáceres,Cabañas del Castillo
10034,Cabezabellosa,Cáceres,Cabezabellosa
10035,Cabezuela del Valle,Cáceres,Cabezuela del Valle
10036,Cabrero,Cáceres,Cabrero
10037,Cáceres,Cáceres,Cáceres
10038,Cachorrilla,Cáceres,Cachorrilla
10039,Cadalso,Cáceres,Cadalso
10040,Calzadilla,Cáceres,Calzadilla
10041,Caminomorisco,Cáceres,Caminomorisco
10042,Campillo de Deleitosa,Cáceres,Campillo de Deleitosa
10043,Campo Lugar,Cáceres,Campo Lugar
10044,Cañamero,Cáceres,Cañamero
10045,Cañaveral,Cáceres,Cañaveral
10046,Carbajo,Cáceres,Carbajo
10047,Carcaboso,Cáceres,Carcaboso
10048,Carrascalejo,Cáceres,Carrascalejo
10049,Casar de Cáceres,Cáceres,Casar de Cáceres
10050,Casar de Palomero,Cáceres,Casar de Palomero
10051,Casares de las Hurdes,Cáceres,Casares de las Hurdes
10052,Casas de Don Antonio,Cáceres,Casas de Don Antonio
10053,Casas de Don Gómez,Cáceres,Casas de Don Gómez
10056,Casas de Millán,Cáceres,Casas de Millán
10057,Casas de Miravete,Cáceres,Casas de Miravete
10054,Casas del Castañar,Cáceres,Casas del Castañar
10055,Casas del Monte,Cáceres,Casas del Monte
10058,Casatejada,Cáceres,Casatejada
10059,Casillas de Coria,Cáceres,Casillas de Coria
10060,Castañar de Ibor,Cáceres,Castañar de Ibor
10061,Ceclavín,Cáceres,Ceclavín
10062,Cedillo,Cáceres,Cedillo
10063,Cerezo,Cáceres,Cerezo
10064,Cilleros,Cáceres,Cilleros
10065,Collado de la Vera,Cáceres,Collado de la Vera
10066,Conquista de la Sierra,Cáceres,Conquista de la Sierra
10067,Coria,Cáceres,Coria
10068,Cuacos de Yuste,Cáceres,Cuacos de Yuste
10069,La Cumbre,Cáceres,"Cumbre, La"
10070,Deleitosa,Cáceres,Deleitosa
10071,Descargamaría,Cáceres,Descargamaría
10072,Eljas,Cáceres,Eljas
10073,Escurial,Cáceres,Escurial
10075,Fresnedoso de Ibor,Cáceres,Fresnedoso de Ibor
10076,Galisteo,Cáceres,Galisteo
10077,Garciaz,Cáceres,Garciaz
10079,Garganta la Olla,Cáceres,Garganta la Olla
10078,La Garganta,Cáceres,"Garganta, La"
10080,Gargantilla,Cáceres,Gargantilla
10081,Gargüera,Cáceres,Gargüera
10082,Garrovillas de Alconétar,Cáceres,Garrovillas de Alconétar
10083,Garvín,Cáceres,Garvín
10084,Gata,Cáceres,Gata
10085,El Gordo,Cáceres,"Gordo, El"
10086,La Granja,Cáceres,"Granja, La"
10087,Guadalupe,Cáceres,Guadalupe
10088,Guijo de Coria,Cáceres,Guijo de Coria
10089,Guijo de Galisteo,Cáceres,Guijo de Galisteo
10090,Guijo de Granadilla,Cáceres,Guijo de Granadilla
10091,Guijo de Santa Bárbara,Cáceres,Guijo de Santa Bárbara
10092,Herguijuela,Cáceres,Herguijuela
10093,Hernán-Pérez,Cáceres,Hernán-Pérez
10094,Herrera de Alcántara,Cáceres,Herrera de Alcántara
10095,Herreruela,Cáceres,Herreruela
10096,Hervás,Cáceres,Hervás
10097,Higuera de Albalat,Cáceres,Higuera de Albalat
10098,Hinojal,Cáceres,Hinojal
10099,Holguera,Cáceres,Holguera
10100,Hoyos,Cáceres,Hoyos
10101,Huélaga,Cáceres,Huélaga
10102,Ibahernando,Cáceres,Ibahernando
10103,Jaraicejo,Cáceres,Jaraicejo
10104,Jaraíz de la Vera,Cáceres,Jaraíz de la Vera
10105,Jarandilla de la Vera,Cáceres,Jarandilla de la Vera
10106,Jarilla,Cáceres,Jarilla
10107,Jerte,Cáceres,Jerte
10108,Ladrillar,Cáceres,Ladrillar
10109,Logrosán,Cáceres,Logrosán
10110,Losar de la Vera,Cáceres,Losar de la Vera
10111,Madrigal de la Vera,Cáceres,Madrigal de la Vera
10112,Madrigalejo,Cáceres,Madrigalejo
10113,Madroñera,Cáceres,Madroñera
10114,Majadas,Cáceres,Majadas
10115,Malpartida de Cáceres,Cáceres,Malpartida de Cáceres
10116,Malpartida de Plasencia,Cáceres,Malpartida de Plasencia
10117,Marchagaz,Cáceres,Marchagaz
10118,Mata de Alcántara,Cáceres,Mata de Alcántara
10119,Membrío,Cáceres,Membrío
10120,Mesas de Ibor,Cáceres,Mesas de Ibor
10121,Miajadas,Cáceres,Miajadas
10122,Millanes,Cáceres,Millanes
10123,Mirabel,Cáceres,Mirabel
10124,Mohedas de Granadilla,Cáceres,Mohedas de Granadilla
10125,Monroy,Cáceres,Monroy
10126,Montánchez,Cáceres,Montánchez
10127,Montehermoso,Cáceres,Montehermoso
10128,Moraleja,Cáceres,Moraleja
10129,Morcillo,Cáceres,Morcillo
10130,Navaconcejo,Cáceres,Navaconcejo
10131,Navalmoral de la Mata,Cáceres,Navalmoral de la Mata
10132,Navalvillar de Ibor,Cáceres,Navalvillar de Ibor
10133,Navas del Madroño,Cáceres,Navas del Madroño
10134,Navezuelas,Cáceres,Navezuelas
10135,Nuñomoral,Cáceres,Nuñomoral
10136,Oliva de Plasencia,Cáceres,Oliva de Plasencia
10137,Palomero,Cáceres,Palomero
10138,Pasarón de la Vera,Cáceres,Pasarón de la Vera
10139,Pedroso de Acim,Cáceres,Pedroso de Acim
10140,Peraleda de la Mata,Cáceres,Peraleda de la Mata
10141,Peraleda de San Román,Cáceres,Peraleda de San Román
10142,Perales del Puerto,Cáceres,Perales del Puerto
10143,Pescueza,Cáceres,Pescueza
10144,La Pesga,Cáceres,"Pesga, La"
10145,Piedras Albas,Cáceres,Piedras Albas
10146,Pinofranqueado,Cáceres,Pinofranqueado
10147,Piornal,Cáceres,Piornal
10148,Plasencia,Cáceres,Plasencia
10149,Plasenzuela,Cáceres,Plasenzuela
10150,Portaje,Cáceres,Portaje
10151,Portezuelo,Cáceres,Portezuelo
10152,Pozuelo de Zarzón,Cáceres,Pozuelo de Zarzón
10905,Pueblonuevo de Miramontes,Cáceres,Pueblonuevo de Miramontes
10153,Puerto de Santa Cruz,Cáceres,Puerto de Santa Cruz
10154,Rebollar,Cáceres,Rebollar
10155,Riolobos,Cáceres,Riolobos
10156,Robledillo de Gata,Cáceres,Robledillo de Gata
10157,Robledillo de la Vera,Cáceres,Robledillo de la Vera
10158,Robledillo de Trujillo,Cáceres,Robledillo de Trujillo
10159,Robledollano,Cáceres,Robledollano
10160,Romangordo,Cáceres,Romangordo
10901,Rosalejo,Cáceres,Rosalejo
10161,Ruanes,Cáceres,Ruanes
10162,Salorino,Cáceres,Salorino
10163,Salvatierra de Santiago,Cáceres,Salvatierra de Santiago
10164,San Martín de Trevejo,Cáceres,San Martín de Trevejo
10165,Santa Ana,Cáceres,Santa Ana
10166,Santa Cruz de la Sierra,Cáceres,Santa Cruz de la Sierra
10167,Santa Cruz de Paniagua,Cáceres,Santa Cruz de Paniagua
10168,Santa Marta de Magasca,Cáceres,Santa Marta de Magasca
10169,Santiago de Alcántara,Cáceres,Santiago de Alcántara
10170,Santiago del Campo,Cáceres,Santiago del Campo
10171,Santibáñez el Alto,Cáceres,Santibáñez el Alto
10172,Santibáñez el Bajo,Cáceres,Santibáñez el Bajo
10173,Saucedilla,Cáceres,Saucedilla
10174,Segura de Toro,Cáceres,Segura de Toro
10175,Serradilla,Cáceres,Serradilla
10176,Serrejón,Cáceres,Serrejón
10177,Sierra de Fuentes,Cáceres,Sierra de Fuentes
10178,Talaván,Cáceres,Talaván
10179,Talaveruela de la Vera,Cáceres,Talaveruela de la Vera
10180,Talayuela,Cáceres,Talayuela
10181,Tejeda de Tiétar,Cáceres,Tejeda de Tiétar
10904,Tiétar,Cáceres,Tiétar
10182,Toril,Cáceres,Toril
10183,Tornavacas,Cáceres,Tornavacas
10184,El Torno,Cáceres,"Torno, El"
10187,Torre de Don Miguel,Cáceres,Torre de Don Miguel
10188,Torre de Santa María,Cáceres,Torre de Santa María
10185,Torrecilla de los Ángeles,Cáceres,Torrecilla de los Ángeles
10186,Torrecillas de la Tiesa,Cáceres,Torrecillas de la Tiesa
10190,Torrejón el Rubio,Cáceres,Torrejón el Rubio
10189,Torrejoncillo,Cáceres,Torrejoncillo
10191,Torremenga,Cáceres,Torremenga
10192,Torremocha,Cáceres,Torremocha
10193,Torreorgaz,Cáceres,Torreorgaz
10194,Torrequemada,Cáceres,Torrequemada
10195,Trujillo,Cáceres,Trujillo
10196,Valdastillas,Cáceres,Valdastillas
10197,Valdecañas de Tajo,Cáceres,Valdecañas de Tajo
10198,Valdefuentes,Cáceres,Valdefuentes
10199,Valdehúncar,Cáceres,Valdehúncar
10200,Valdelacasa de Tajo,Cáceres,Valdelacasa de Tajo
10201,Valdemorales,Cáceres,Valdemorales
10202,Valdeobispo,Cáceres,Valdeobispo
10203,Valencia de Alcántara,Cáceres,Valencia de Alcántara
10204,Valverde de la Vera,Cáceres,Valverde de la Vera
10205,Valverde del Fresno,Cáceres,Valverde del Fresno
10902,Vegaviana,Cáceres,Vegaviana
10206,Viandar de la Vera,Cáceres,Viandar de la Vera
10207,Villa del Campo,Cáceres,Villa del Campo
10208,Villa del Rey,Cáceres,Villa del Rey
10209,Villamesías,Cáceres,Villamesías
10210,Villamiel,Cáceres,Villamiel
10211,Villanueva de la Sierra,Cáceres,Villanueva de la Sierra
10212,Villanueva de la Vera,Cáceres,Villanueva de la Vera
10214,Villar de Plasencia,Cáceres,Villar de Plasencia
10213,Villar del Pedroso,Cáceres,Villar del Pedroso
10215,Villasbuenas de Gata,Cáceres,Villasbuenas de Gata
10216,Zarza de Granadilla,Cáceres,Zarza de Granadilla
10217,Zarza de Montánchez,Cáceres,Zarza de Montánchez
10218,Zarza la Mayor,Cáceres,Zarza la Mayor
10219,Zorita,Cáceres,Zorita
11001,Alcalá de los Gazules,Cádiz,Alcalá de los Gazules
11002,Alcalá del Valle,Cádiz,Alcalá del Valle
11003,Algar,Cádiz,Algar
11004,Algeciras,Cádiz,Algeciras
11005,Algodonales,Cádiz,Algodonales
11006,Arcos de la Frontera,Cádiz,Arcos de la Frontera
11007,Barbate,Cádiz,Barbate
11008,Los Barrios,Cádiz,"Barrios, Los"
11901,Benalup-Casas Viejas,Cádiz,Benalup-Casas Viejas
11009,Benaocaz,Cádiz,Benaocaz
11010,Bornos,Cádiz,Bornos
11011,El Bosque,Cádiz,"Bosque, El"
11012,Cádiz,Cádiz,Cádiz
11013,Castellar de la Frontera,Cádiz,Castellar de la Frontera
11015,Chiclana de la Frontera,Cádiz,Chiclana de la Frontera
11016,Chipiona,Cádiz,Chipiona
11014,Conil de la Frontera,Cádiz,Conil de la Frontera
11017,Espera,Cádiz,Espera
11018,El Gastor,Cádiz,"Gastor, El"
11019,Grazalema,Cádiz,Grazalema
11020,Jerez de la Frontera,Cádiz,Jerez de la Frontera
11021,Jimena de la Frontera,Cádiz,Jimena de la Frontera
11022,La Línea de la Concepción,Cádiz,"Línea de la Concepción, La"
11023,Medina Sidonia,Cádiz,Medina Sidonia
11024,Olvera,Cádiz,Olvera
11025,Paterna de Rivera,Cádiz,Paterna de Rivera
11026,Prado del Rey,Cádiz,Prado del Rey
11027,El Puerto de Santa María,Cádiz,"Puerto de Santa María, El"
11028,Puerto Real,Cádiz,Puerto Real
11029,Puerto Serrano,Cádiz,Puerto Serrano
11030,Rota,Cádiz,Rota
11031,San Fernando,Cádiz,San Fernando
11902,San José del Valle,Cádiz,San José del Valle
11903,San Martín del Tesorillo,Cádiz,San Martín del Tesorillo
11033,San Roque,Cádiz,San Roque
11032,Sanlúcar de Barrameda,Cádiz,Sanlúcar de Barrameda
11034,Setenil de las Bodegas,Cádiz,Setenil de las Bodegas
11035,Tarifa,Cádiz,Tarifa
11036,Torre Alháquime,Cádiz,Torre Alháquime
11037,Trebujena,Cádiz,Trebujena
11038,Ubrique,Cádiz,Ubrique
11039,Vejer de la Frontera,Cádiz,Vejer de la Frontera
11040,Villaluenga del Rosario,Cádiz,Villaluenga del Rosario
11041,Villamartín,Cádiz,Villamartín
11042,Zahara,Cádiz,Zahara
12002,Aín,Castellón,Aín
12003,Albocàsser,Castellón,Albocàsser
12004,Alcalà de Xivert,Castellón,Alcalà de Xivert
12005,l'Alcora,Castellón,"Alcora, l'"
12006,Alcudia de Veo,Castellón,Alcudia de Veo
12007,Alfondeguilla,Castellón,Alfondeguilla
12008,Algimia de Almonacid,Castellón,Algimia de Almonacid
12009,Almassora,Castellón,Almassora
12010,Almedíjar,Castellón,Almedíjar
12011,Almenara,Castellón,Almenara
12901,les Alqueries,Castellón,"Alqueries, les/Alquerías del Niño Perdido"
12012,Altura,Castellón,Altura
12013,Arañuel,Castellón,Arañuel
12014,Ares del Maestrat,Castellón,Ares del Maestrat
12015,Argelita,Castellón,Argelita
12016,Artana,Castellón,Artana
12001,Atzeneta del Maestrat,Castellón,Atzeneta del Maestrat
12017,Ayódar,Castellón,Ayódar
12018,Azuébar,Castellón,Azuébar
12020,Barracas,Castellón,Barracas
12022,Bejís,Castellón,Bejís
12024,Benafer,Castellón,Benafer
12025,Benafigos,Castellón,Benafigos
12026,Benassal,Castellón,Benassal
12027,Benicarló,Castellón,Benicarló
12028,Benicàssim,Castellón,Benicàssim/Benicasim
12029,Benlloc,Castellón,Benlloc
12021,Betxí,Castellón,Betxí
12032,Borriana,Castellón,Borriana/Burriana
12031,Borriol,Castellón,Borriol
12033,Cabanes,Castellón,Cabanes
12034,Càlig,Castellón,Càlig
12036,Canet lo Roig,Castellón,Canet lo Roig
12037,Castell de Cabres,Castellón,Castell de Cabres
12038,Castellfort,Castellón,Castellfort
12039,Castellnovo,Castellón,Castellnovo
12040,Castelló de la Plana,Castellón,Castelló de la Plana/Castellón de la Plana
12041,Castillo de Villamalefa,Castellón,Castillo de Villamalefa
12042,Catí,Castellón,Catí
12043,Caudiel,Castellón,Caudiel
12044,Cervera del Maestre,Castellón,Cervera del Maestre
12053,Chilches,Castellón,Chilches/Xilxes
12056,Chóvar,Castellón,Chóvar
12045,Cinctorres,Castellón,Cinctorres
12046,Cirat,Castellón,Cirat
12048,Cortes de Arenoso,Castellón,Cortes de Arenoso
12049,Costur,Castellón,Costur
12050,les Coves de Vinromà,Castellón,"Coves de Vinromà, les"
12051,Culla,Castellón,Culla
12057,Eslida,Castellón,Eslida
12058,Espadilla,Castellón,Espadilla
12059,Fanzara,Castellón,Fanzara
12060,Figueroles,Castellón,Figueroles
12061,Forcall,Castellón,Forcall
12063,Fuente la Reina,Castellón,Fuente la Reina
12064,Fuentes de Ayódar,Castellón,Fuentes de Ayódar
12065,Gaibiel,Castellón,Gaibiel
12067,Geldo,Castellón,Geldo
12068,Herbers,Castellón,Herbers
12069,Higueras,Castellón,Higueras
12070,la Jana,Castellón,"Jana, la"
12071,Jérica,Castellón,Jérica
12074,la Llosa,Castellón,"Llosa, la"
12072,Llucena,Castellón,Llucena/Lucena del Cid
12073,Ludiente,Castellón,Ludiente
12075,la Mata de Morella,Castellón,"Mata de Morella, la"
12076,Matet,Castellón,Matet
12077,Moncofa,Castellón,Moncofa
12078,Montán,Castellón,Montán
12079,Montanejos,Castellón,Montanejos
12080,Morella,Castellón,Morella
12081,Navajas,Castellón,Navajas
12082,Nules,Castellón,Nules
12083,Olocau del Rey,Castellón,Olocau del Rey
12084,Onda,Castellón,Onda
12085,Orpesa,Castellón,Orpesa/Oropesa del Mar
12087,Palanques,Castellón,Palanques
12088,Pavías,Castellón,Pavías
12089,Peníscola,Castellón,Peníscola/Peñíscola
12090,Pina de Montalgrao,Castellón,Pina de Montalgrao
12093,la Pobla de Benifassà,Castellón,"Pobla de Benifassà, la"
12094,la Pobla Tornesa,Castellón,"Pobla Tornesa, la"
12091,Portell de Morella,Castellón,Portell de Morella
12092,Puebla de Arenoso,Castellón,Puebla de Arenoso
12095,Ribesalbes,Castellón,Ribesalbes
12096,Rossell,Castellón,Rossell
12097,Sacañet,Castellón,Sacañet
12098,la Salzadella,Castellón,"Salzadella, la"
12101,San Rafael del Río,Castellón,San Rafael del Río
12902,Sant Joan de Moró,Castellón,Sant Joan de Moró
12099,Sant Jordi,Castellón,Sant Jordi/San Jorge
12100,Sant Mateu,Castellón,Sant Mateu
12102,Santa Magdalena de Pulpis,Castellón,Santa Magdalena de Pulpis
12104,Segorbe,Castellón,Segorbe
12103,la Serratella,Castellón,"Serratella, la"
12105,Sierra Engarcerán,Castellón,Sierra Engarcerán
12106,Soneja,Castellón,Soneja
12107,Sot de Ferrer,Castellón,Sot de Ferrer
12108,Suera,Castellón,Suera/Sueras
12109,Tales,Castellón,Tales
12110,Teresa,Castellón,Teresa
12111,Tírig,Castellón,Tírig
12112,Todolella,Castellón,Todolella
12113,Toga,Castellón,Toga
12114,Torás,Castellón,Torás
12115,El Toro,Castellón,"Toro, El"
12116,Torralba del Pinar,Castellón,Torralba del Pinar
12119,la Torre d'en Besora,Castellón,"Torre d'en Besora, la"
12120,la Torre d'en Doménec,Castellón,"Torre d'en Doménec, la"
12117,Torreblanca,Castellón,Torreblanca
12118,Torrechiva,Castellón,Torrechiva
12121,Traiguera,Castellón,Traiguera
12122,les Useres,Castellón,"Useres, les/Useras"
12124,Vall d'Alba,Castellón,Vall d'Alba
12125,Vall de Almonacid,Castellón,Vall de Almonacid
12126,la Vall d'Uixó,Castellón,"Vall d'Uixó, la"
12123,Vallat,Castellón,Vallat
12127,Vallibona,Castellón,Vallibona
12128,Vilafamés,Castellón,Vilafamés
12129,Vilafranca,Castellón,Vilafranca/Villafranca del Cid
12132,Vilanova d'Alcolea,Castellón,Vilanova d'Alcolea
12134,Vilar de Canes,Castellón,Vilar de Canes
12135,Vila-real,Castellón,Vila-real
12136,la Vilavella,Castellón,"Vilavella, la"
12130,Villahermosa del Río,Castellón,Villahermosa del Río
12131,Villamalur,Castellón,Villamalur
12133,Villanueva de Viver,Castellón,Villanueva de Viver
12137,Villores,Castellón,Villores
12138,Vinaròs,Castellón,Vinaròs
12139,Vistabella del Maestrat,Castellón,Vistabella del Maestrat
12140,Viver,Castellón,Viver
12052,Xert,Castellón,Xert
12055,Xodos,Castellón,Xodos/Chodos
12141,Zorita del Maestrazgo,Castellón,Zorita del Maestrazgo
12142,Zucaina,Castellón,Zucaina
13001,Abenójar,Ciudad Real,Abenójar
13002,Agudo,Ciudad Real,Agudo
13003,Alamillo,Ciudad Real,Alamillo
13004,Albaladejo,Ciudad Real,Albaladejo
13005,Alcázar de San Juan,Ciudad Real,Alcázar de San Juan
13006,Alcoba,Ciudad Real,Alcoba
13007,Alcolea de Calatrava,Ciudad Real,Alcolea de Calatrava
13008,Alcubillas,Ciudad Real,Alcubillas
13009,Aldea del Rey,Ciudad Real,Aldea del Rey
13010,Alhambra,Ciudad Real,Alhambra
13011,Almadén,Ciudad Real,Almadén
13012,Almadenejos,Ciudad Real,Almadenejos
13013,Almagro,Ciudad Real,Almagro
13014,Almedina,Ciudad Real,Almedina
13015,Almodóvar del Campo,Ciudad Real,Almodóvar del Campo
13016,Almuradiel,Ciudad Real,Almuradiel
13017,Anchuras,Ciudad Real,Anchuras
13903,Arenales de San Gregorio,Ciudad Real,Arenales de San Gregorio
13018,Arenas de San Juan,Ciudad Real,Arenas de San Juan
13019,Argamasilla de Alba,Ciudad Real,Argamasilla de Alba
13020,Argamasilla de Calatrava,Ciudad Real,Argamasilla de Calatrava
13021,Arroba de los Montes,Ciudad Real,Arroba de los Montes
13022,Ballesteros de Calatrava,Ciudad Real,Ballesteros de Calatrava
13023,Bolaños de Calatrava,Ciudad Real,Bolaños de Calatrava
13024,Brazatortas,Ciudad Real,Brazatortas
13025,Cabezarados,Ciudad Real,Cabezarados
13026,Cabezarrubias del Puerto,Ciudad Real,Cabezarrubias del Puerto
13027,Calzada de Calatrava,Ciudad Real,Calzada de Calatrava
13028,Campo de Criptana,Ciudad Real,Campo de Criptana
13029,Cañada de Calatrava,Ciudad Real,Cañada de Calatrava
13030,Caracuel de Calatrava,Ciudad Real,Caracuel de Calatrava
13031,Carrión de Calatrava,Ciudad Real,Carrión de Calatrava
13032,Carrizosa,Ciudad Real,Carrizosa
13033,Castellar de Santiago,Ciudad Real,Castellar de Santiago
13038,Chillón,Ciudad Real,Chillón
13034,Ciudad Real,Ciudad Real,Ciudad Real
13035,Corral de Calatrava,Ciudad Real,Corral de Calatrava
13036,Los Cortijos,Ciudad Real,"Cortijos, Los"
13037,Cózar,Ciudad Real,Cózar
13039,Daimiel,Ciudad Real,Daimiel
13040,Fernán Caballero,Ciudad Real,Fernán Caballero
13041,Fontanarejo,Ciudad Real,Fontanarejo
13042,Fuencaliente,Ciudad Real,Fuencaliente
13043,Fuenllana,Ciudad Real,Fuenllana
13044,Fuente el Fresno,Ciudad Real,Fuente el Fresno
13045,Granátula de Calatrava,Ciudad Real,Granátula de Calatrava
13046,Guadalmez,Ciudad Real,Guadalmez
13047,Herencia,Ciudad Real,Herencia
13048,Hinojosas de Calatrava,Ciudad Real,Hinojosas de Calatrava
13049,Horcajo de los Montes,Ciudad Real,Horcajo de los Montes
13050,Las Labores,Ciudad Real,"Labores, Las"
13904,Llanos del Caudillo,Ciudad Real,Llanos del Caudillo
13051,Luciana,Ciudad Real,Luciana
13052,Malagón,Ciudad Real,Malagón
13053,Manzanares,Ciudad Real,Manzanares
13054,Membrilla,Ciudad Real,Membrilla
13055,Mestanza,Ciudad Real,Mestanza
13056,Miguelturra,Ciudad Real,Miguelturra
13057,Montiel,Ciudad Real,Montiel
13058,Moral de Calatrava,Ciudad Real,Moral de Calatrava
13059,Navalpino,Ciudad Real,Navalpino
13060,Navas de Estena,Ciudad Real,Navas de Estena
13061,Pedro Muñoz,Ciudad Real,Pedro Muñoz
13062,Picón,Ciudad Real,Picón
13063,Piedrabuena,Ciudad Real,Piedrabuena
13064,Poblete,Ciudad Real,Poblete
13065,Porzuna,Ciudad Real,Porzuna
13066,Pozuelo de Calatrava,Ciudad Real,Pozuelo de Calatrava
13067,Los Pozuelos de Calatrava,Ciudad Real,"Pozuelos de Calatrava, Los"
13068,Puebla de Don Rodrigo,Ciudad Real,Puebla de Don Rodrigo
13069,Puebla del Príncipe,Ciudad Real,Puebla del Príncipe
13070,Puerto Lápice,Ciudad Real,Puerto Lápice
13071,Puertollano,Ciudad Real,Puertollano
13072,Retuerta del Bullaque,Ciudad Real,Retuerta del Bullaque
13901,El Robledo,Ciudad Real,"Robledo, El"
13902,Ruidera,Ciudad Real,Ruidera
13073,Saceruela,Ciudad Real,Saceruela
13074,San Carlos del Valle,Ciudad Real,San Carlos del Valle
13075,San Lorenzo de Calatrava,Ciudad Real,San Lorenzo de Calatrava
13076,Santa Cruz de los Cáñamos,Ciudad Real,Santa Cruz de los Cáñamos
13077,Santa Cruz de Mudela,Ciudad Real,Santa Cruz de Mudela
13078,Socuéllamos,Ciudad Real,Socuéllamos
13080,Solana del Pino,Ciudad Real,Solana del Pino
13079,La Solana,Ciudad Real,"Solana, La"
13081,Terrinches,Ciudad Real,Terrinches
13082,Tomelloso,Ciudad Real,Tomelloso
13083,Torralba de Calatrava,Ciudad Real,Torralba de Calatrava
13084,Torre de Juan Abad,Ciudad Real,Torre de Juan Abad
13085,Torrenueva,Ciudad Real,Torrenueva
13086,Valdemanco del Esteras,Ciudad Real,Valdemanco del Esteras
13087,Valdepeñas,Ciudad Real,Valdepeñas
13088,Valenzuela de Calatrava,Ciudad Real,Valenzuela de Calatrava
13089,Villahermosa,Ciudad Real,Villahermosa
13090,Villamanrique,Ciudad Real,Villamanrique
13091,Villamayor de Calatrava,Ciudad Real,Villamayor de Calatrava
13092,Villanueva de la Fuente,Ciudad Real,Villanueva de la Fuente
13093,Villanueva de los Infantes,Ciudad Real,Villanueva de los Infantes
13094,Villanueva de San Carlos,Ciudad Real,Villanueva de San Carlos
13095,Villar del Pozo,Ciudad Real,Villar del Pozo
13096,Villarrubia de los Ojos,Ciudad Real,Villarrubia de los Ojos
13097,Villarta de San Juan,Ciudad Real,Villarta de San Juan
13098,Viso del Marqués,Ciudad Real,Viso del Marqués
14001,Adamuz,Córdoba,Adamuz
14002,Aguilar de la Frontera,Córdoba,Aguilar de la Frontera
14003,Alcaracejos,Córdoba,Alcaracejos
14004,Almedinilla,Córdoba,Almedinilla
14005,Almodóvar del Río,Córdoba,Almodóvar del Río
14006,Añora,Córdoba,Añora
14007,Baena,Córdoba,Baena
14008,Belalcázar,Córdoba,Belalcázar
14009,Belmez,Córdoba,Belmez
14010,Benamejí,Córdoba,Benamejí
14011,Los Blázquez,Córdoba,"Blázquez, Los"
14012,Bujalance,Córdoba,Bujalance
14013,Cabra,Córdoba,Cabra
14014,Cañete de las Torres,Córdoba,Cañete de las Torres
14015,Carcabuey,Córdoba,Carcabuey
14016,Cardeña,Córdoba,Cardeña
14017,La Carlota,Córdoba,"Carlota, La"
14018,El Carpio,Córdoba,"Carpio, El"
14019,Castro del Río,Córdoba,Castro del Río
14020,Conquista,Córdoba,Conquista
14021,Córdoba,Córdoba,Córdoba
14022,Doña Mencía,Córdoba,Doña Mencía
14023,Dos Torres,Córdoba,Dos Torres
14024,Encinas Reales,Córdoba,Encinas Reales
14025,Espejo,Córdoba,Espejo
14026,Espiel,Córdoba,Espiel
14027,Fernán-Núñez,Córdoba,Fernán-Núñez
14901,Fuente Carreteros,Córdoba,Fuente Carreteros
14028,Fuente la Lancha,Córdoba,Fuente la Lancha
14029,Fuente Obejuna,Córdoba,Fuente Obejuna
14030,Fuente Palmera,Córdoba,Fuente Palmera
14031,Fuente-Tójar,Córdoba,Fuente-Tójar
14032,La Granjuela,Córdoba,"Granjuela, La"
14033,Guadalcázar,Córdoba,Guadalcázar
14902,La Guijarrosa,Córdoba,"Guijarrosa, La"
14034,El Guijo,Córdoba,"Guijo, El"
14035,Hinojosa del Duque,Córdoba,Hinojosa del Duque
14036,Hornachuelos,Córdoba,Hornachuelos
14037,Iznájar,Córdoba,Iznájar
14038,Lucena,Córdoba,Lucena
14039,Luque,Córdoba,Luque
14040,Montalbán de Córdoba,Córdoba,Montalbán de Córdoba
14041,Montemayor,Córdoba,Montemayor
14042,Montilla,Córdoba,Montilla
14043,Montoro,Córdoba,Montoro
14044,Monturque,Córdoba,Monturque
14045,Moriles,Córdoba,Moriles
14046,Nueva Carteya,Córdoba,Nueva Carteya
14047,Obejo,Córdoba,Obejo
14048,Palenciana,Córdoba,Palenciana
14049,Palma del Río,Córdoba,Palma del Río
14050,Pedro Abad,Córdoba,Pedro Abad
14051,Pedroche,Córdoba,Pedroche
14052,Peñarroya-Pueblonuevo,Córdoba,Peñarroya-Pueblonuevo
14053,Posadas,Córdoba,Posadas
14054,Pozoblanco,Córdoba,Pozoblanco
14055,Priego de Córdoba,Córdoba,Priego de Córdoba
14056,Puente Genil,Córdoba,Puente Genil
14057,La Rambla,Córdoba,"Rambla, La"
14058,Rute,Córdoba,Rute
14059,San Sebastián de los Ballesteros,Córdoba,San Sebastián de los Ballesteros
14061,Santa Eufemia,Córdoba,Santa Eufemia
14060,Santaella,Córdoba,Santaella
14062,Torrecampo,Córdoba,Torrecampo
14063,Valenzuela,Córdoba,Valenzuela
14064,Valsequillo,Córdoba,Valsequillo
14065,La Victoria,Córdoba,"Victoria, La"
14066,Villa del Río,Córdoba,Villa del Río
14067,Villafranca de Córdoba,Córdoba,Villafranca de Córdoba
14068,Villaharta,Córdoba,Villaharta
14069,Villanueva de Córdoba,Córdoba,Villanueva de Córdoba
14070,Villanueva del Duque,Córdoba,Villanueva del Duque
14071,Villanueva del Rey,Córdoba,Villanueva del Rey
14072,Villaralto,Córdoba,Villaralto
14073,Villaviciosa de Córdoba,Córdoba,Villaviciosa de Córdoba
14074,El Viso,Córdoba,"Viso, El"
14075,Zuheros,Córdoba,Zuheros
15001,Abegondo,A Coruña,Abegondo
15002,Ames,A Coruña,Ames
15003,Aranga,A Coruña,Aranga
15004,Ares,A Coruña,Ares
15005,Arteixo,A Coruña,Arteixo
15006,Arzúa,A Coruña,Arzúa
15007,A Baña,A Coruña,"Baña, A"
15008,Bergondo,A Coruña,Bergondo
15009,Betanzos,A Coruña,Betanzos
15010,Boimorto,A Coruña,Boimorto
15011,Boiro,A Coruña,Boiro
15012,Boqueixón,A Coruña,Boqueixón
15013,Brión,A Coruña,Brión
15014,Cabana de Bergantiños,A Coruña,Cabana de Bergantiños
15015,Cabanas,A Coruña,Cabanas
15016,Camariñas,A Coruña,Camariñas
15017,Cambre,A Coruña,Cambre
15018,A Capela,A Coruña,"Capela, A"
15019,Carballo,A Coruña,Carballo
15901,Cariño,A Coruña,Cariño
15020,Carnota,A Coruña,Carnota
15021,Carral,A Coruña,Carral
15022,Cedeira,A Coruña,Cedeira
15023,Cee,A Coruña,Cee
15024,Cerceda,A Coruña,Cerceda
15025,Cerdido,A Coruña,Cerdido
15027,Coirós,A Coruña,Coirós
15028,Corcubión,A Coruña,Corcubión
15029,Coristanco,A Coruña,Coristanco
15030,A Coruña,A Coruña,"Coruña, A"
15031,Culleredo,A Coruña,Culleredo
15032,Curtis,A Coruña,Curtis
15033,Dodro,A Coruña,Dodro
15034,Dumbría,A Coruña,Dumbría
15035,Fene,A Coruña,Fene
15036,Ferrol,A Coruña,Ferrol
15037,Fisterra,A Coruña,Fisterra
15038,Frades,A Coruña,Frades
15039,Irixoa,A Coruña,Irixoa
15041,A Laracha,A Coruña,"Laracha, A"
15040,Laxe,A Coruña,Laxe
15042,Lousame,A Coruña,Lousame
15043,Malpica de Bergantiños,A Coruña,Malpica de Bergantiños
15044,Mañón,A Coruña,Mañón
15045,Mazaricos,A Coruña,Mazaricos
15046,Melide,A Coruña,Melide
15047,Mesía,A Coruña,Mesía
15048,Miño,A Coruña,Miño
15049,Moeche,A Coruña,Moeche
15050,Monfero,A Coruña,Monfero
15051,Mugardos,A Coruña,Mugardos
15053,Muros,A Coruña,Muros
15052,Muxía,A Coruña,Muxía
15054,Narón,A Coruña,Narón
15055,Neda,A Coruña,Neda
15056,Negreira,A Coruña,Negreira
15057,Noia,A Coruña,Noia
15058,Oleiros,A Coruña,Oleiros
15059,Ordes,A Coruña,Ordes
15060,Oroso,A Coruña,Oroso
15061,Ortigueira,A Coruña,Ortigueira
15062,Outes,A Coruña,Outes
15902,Oza-Cesuras,A Coruña,Oza-Cesuras
15064,Paderne,A Coruña,Paderne
15065,Padrón,A Coruña,Padrón
15066,O Pino,A Coruña,"Pino, O"
15067,A Pobra do Caramiñal,A Coruña,"Pobra do Caramiñal, A"
15068,Ponteceso,A Coruña,Ponteceso
15069,Pontedeume,A Coruña,Pontedeume
15070,As Pontes de García Rodríguez,A Coruña,"Pontes de García Rodríguez, As"
15071,Porto do Son,A Coruña,Porto do Son
15072,Rianxo,A Coruña,Rianxo
15073,Ribeira,A Coruña,Ribeira
15074,Rois,A Coruña,Rois
15075,Sada,A Coruña,Sada
15076,San Sadurniño,A Coruña,San Sadurniño
15077,Santa Comba,A Coruña,Santa Comba
15078,Santiago de Compostela,A Coruña,Santiago de Compostela
15079,Santiso,A Coruña,Santiso
15080,Sobrado,A Coruña,Sobrado
15081,As Somozas,A Coruña,"Somozas, As"
15082,Teo,A Coruña,Teo
15083,Toques,A Coruña,Toques
15084,Tordoia,A Coruña,Tordoia
15085,Touro,A Coruña,Touro
15086,Trazo,A Coruña,Trazo
15088,Val do Dubra,A Coruña,Val do Dubra
15087,Valdoviño,A Coruña,Valdoviño
15089,Vedra,A Coruña,Vedra
15091,Vilarmaior,A Coruña,Vilarmaior
15090,Vilasantar,A Coruña,Vilasantar
15092,Vimianzo,A Coruña,Vimianzo
15093,Zas,A Coruña,Zas
16001,Abia de la Obispalía,Cuenca,Abia de la Obispalía
16002,El Acebrón,Cuenca,"Acebrón, El"
16003,Alarcón,Cuenca,Alarcón
16004,Albaladejo del Cuende,Cuenca,Albaladejo del Cuende
16005,Albalate de las Nogueras,Cuenca,Albalate de las Nogueras
16006,Albendea,Cuenca,Albendea
16007,La Alberca de Záncara,Cuenca,"Alberca de Záncara, La"
16008,Alcalá de la Vega,Cuenca,Alcalá de la Vega
16009,Alcantud,Cuenca,Alcantud
16010,Alcázar del Rey,Cuenca,Alcázar del Rey
16011,Alcohujate,Cuenca,Alcohujate
16012,Alconchel de la Estrella,Cuenca,Alconchel de la Estrella
16013,Algarra,Cuenca,Algarra
16014,Aliaguilla,Cuenca,Aliaguilla
16015,La Almarcha,Cuenca,"Almarcha, La"
16016,Almendros,Cuenca,Almendros
16017,Almodóvar del Pinar,Cuenca,Almodóvar del Pinar
16018,Almonacid del Marquesado,Cuenca,Almonacid del Marquesado
16019,Altarejos,Cuenca,Altarejos
16020,Arandilla del Arroyo,Cuenca,Arandilla del Arroyo
16905,Arcas,Cuenca,Arcas
16022,Arcos de la Sierra,Cuenca,Arcos de la Sierra
16024,Arguisuelas,Cuenca,Arguisuelas
16025,Arrancacepas,Cuenca,Arrancacepas
16026,Atalaya del Cañavate,Cuenca,Atalaya del Cañavate
16027,Barajas de Melo,Cuenca,Barajas de Melo
16029,Barchín del Hoyo,Cuenca,Barchín del Hoyo
16030,Bascuñana de San Pedro,Cuenca,Bascuñana de San Pedro
16031,Beamud,Cuenca,Beamud
16032,Belinchón,Cuenca,Belinchón
16033,Belmonte,Cuenca,Belmonte
16034,Belmontejo,Cuenca,Belmontejo
16035,Beteta,Cuenca,Beteta
16036,Boniches,Cuenca,Boniches
16038,Buciegas,Cuenca,Buciegas
16039,Buenache de Alarcón,Cuenca,Buenache de Alarcón
16040,Buenache de la Sierra,Cuenca,Buenache de la Sierra
16041,Buendía,Cuenca,Buendía
16042,Campillo de Altobuey,Cuenca,Campillo de Altobuey
16043,Campillos-Paravientos,Cuenca,Campillos-Paravientos
16044,Campillos-Sierra,Cuenca,Campillos-Sierra
16901,Campos del Paraíso,Cuenca,Campos del Paraíso
16045,Canalejas del Arroyo,Cuenca,Canalejas del Arroyo
16046,Cañada del Hoyo,Cuenca,Cañada del Hoyo
16047,Cañada Juncosa,Cuenca,Cañada Juncosa
16048,Cañamares,Cuenca,Cañamares
16049,El Cañavate,Cuenca,"Cañavate, El"
16050,Cañaveras,Cuenca,Cañaveras
16051,Cañaveruelas,Cuenca,Cañaveruelas
16052,Cañete,Cuenca,Cañete
16053,Cañizares,Cuenca,Cañizares
16055,Carboneras de Guadazaón,Cuenca,Carboneras de Guadazaón
16056,Cardenete,Cuenca,Cardenete
16057,Carrascosa,Cuenca,Carrascosa
16058,Carrascosa de Haro,Cuenca,Carrascosa de Haro
16060,Casas de Benítez,Cuenca,Casas de Benítez
16061,Casas de Fernando Alonso,Cuenca,Casas de Fernando Alonso
16062,Casas de Garcimolina,Cuenca,Casas de Garcimolina
16063,Casas de Guijarro,Cuenca,Casas de Guijarro
16064,Casas de Haro,Cuenca,Casas de Haro
16065,Casas de los Pinos,Cuenca,Casas de los Pinos
16066,Casasimarro,Cuenca,Casasimarro
16067,Castejón,Cuenca,Castejón
16068,Castillejo de Iniesta,Cuenca,Castillejo de Iniesta
16070,Castillejo-Sierra,Cuenca,Castillejo-Sierra
16072,Castillo de Garcimuñoz,Cuenca,Castillo de Garcimuñoz
16071,Castillo-Albaráñez,Cuenca,Castillo-Albaráñez
16073,Cervera del Llano,Cuenca,Cervera del Llano
16023,Chillarón de Cuenca,Cuenca,Chillarón de Cuenca
16081,Chumillas,Cuenca,Chumillas
16074,La Cierva,Cuenca,"Cierva, La"
16078,Cuenca,Cuenca,Cuenca
16079,Cueva del Hierro,Cuenca,Cueva del Hierro
16082,Enguídanos,Cuenca,Enguídanos
16083,Fresneda de Altarejos,Cuenca,Fresneda de Altarejos
16084,Fresneda de la Sierra,Cuenca,Fresneda de la Sierra
16085,La Frontera,Cuenca,"Frontera, La"
16086,Fuente de Pedro Naharro,Cuenca,Fuente de Pedro Naharro
16087,Fuentelespino de Haro,Cuenca,Fuentelespino de Haro
16088,Fuentelespino de Moya,Cuenca,Fuentelespino de Moya
16904,Fuentenava de Jábaga,Cuenca,Fuentenava de Jábaga
16089,Fuentes,Cuenca,Fuentes
16091,Fuertescusa,Cuenca,Fuertescusa
16092,Gabaldón,Cuenca,Gabaldón
16093,Garaballa,Cuenca,Garaballa
16094,Gascueña,Cuenca,Gascueña
16095,Graja de Campalbo,Cuenca,Graja de Campalbo
16096,Graja de Iniesta,Cuenca,Graja de Iniesta
16097,Henarejos,Cuenca,Henarejos
16098,El Herrumblar,Cuenca,"Herrumblar, El"
16099,La Hinojosa,Cuenca,"Hinojosa, La"
16100,Los Hinojosos,Cuenca,"Hinojosos, Los"
16101,El Hito,Cuenca,"Hito, El"
16102,Honrubia,Cuenca,Honrubia
16103,Hontanaya,Cuenca,Hontanaya
16104,Hontecillas,Cuenca,Hontecillas
16106,Horcajo de Santiago,Cuenca,Horcajo de Santiago
16107,Huélamo,Cuenca,Huélamo
16108,Huelves,Cuenca,Huelves
16109,Huérguina,Cuenca,Huérguina
16110,Huerta de la Obispalía,Cuenca,Huerta de la Obispalía
16111,Huerta del Marquesado,Cuenca,Huerta del Marquesado
16112,Huete,Cuenca,Huete
16113,Iniesta,Cuenca,Iniesta
16115,Laguna del Marquesado,Cuenca,Laguna del Marquesado
16116,Lagunaseca,Cuenca,Lagunaseca
16117,Landete,Cuenca,Landete
16118,Ledaña,Cuenca,Ledaña
16119,Leganiel,Cuenca,Leganiel
16121,Las Majadas,Cuenca,"Majadas, Las"
16122,Mariana,Cuenca,Mariana
16123,Masegosa,Cuenca,Masegosa
16124,Las Mesas,Cuenca,"Mesas, Las"
16125,Minglanilla,Cuenca,Minglanilla
16126,Mira,Cuenca,Mira
16128,Monreal del Llano,Cuenca,Monreal del Llano
16129,Montalbanejo,Cuenca,Montalbanejo
16130,Montalbo,Cuenca,Montalbo
16131,Monteagudo de las Salinas,Cuenca,Monteagudo de las Salinas
16132,Mota de Altarejos,Cuenca,Mota de Altarejos
16133,Mota del Cuervo,Cuenca,Mota del Cuervo
16134,Motilla del Palancar,Cuenca,Motilla del Palancar
16135,Moya,Cuenca,Moya
16137,Narboneta,Cuenca,Narboneta
16139,Olivares de Júcar,Cuenca,Olivares de Júcar
16140,Olmeda de la Cuesta,Cuenca,Olmeda de la Cuesta
16141,Olmeda del Rey,Cuenca,Olmeda del Rey
16142,Olmedilla de Alarcón,Cuenca,Olmedilla de Alarcón
16143,Olmedilla de Eliz,Cuenca,Olmedilla de Eliz
16145,Osa de la Vega,Cuenca,Osa de la Vega
16146,Pajarón,Cuenca,Pajarón
16147,Pajaroncillo,Cuenca,Pajaroncillo
16148,Palomares del Campo,Cuenca,Palomares del Campo
16149,Palomera,Cuenca,Palomera
16150,Paracuellos,Cuenca,Paracuellos
16151,Paredes,Cuenca,Paredes
16152,La Parra de las Vegas,Cuenca,"Parra de las Vegas, La"
16153,El Pedernoso,Cuenca,"Pedernoso, El"
16154,Las Pedroñeras,Cuenca,"Pedroñeras, Las"
16155,El Peral,Cuenca,"Peral, El"
16156,La Peraleja,Cuenca,"Peraleja, La"
16157,La Pesquera,Cuenca,"Pesquera, La"
16158,El Picazo,Cuenca,"Picazo, El"
16159,Pinarejo,Cuenca,Pinarejo
16160,Pineda de Gigüela,Cuenca,Pineda de Gigüela
16161,Piqueras del Castillo,Cuenca,Piqueras del Castillo
16162,Portalrubio de Guadamejud,Cuenca,Portalrubio de Guadamejud
16163,Portilla,Cuenca,Portilla
16165,Poyatos,Cuenca,Poyatos
16166,Pozoamargo,Cuenca,Pozoamargo
16908,Pozorrubielos de la Mancha,Cuenca,Pozorrubielos de la Mancha
16167,Pozorrubio de Santiago,Cuenca,Pozorrubio de Santiago
16169,El Pozuelo,Cuenca,"Pozuelo, El"
16170,Priego,Cuenca,Priego
16171,El Provencio,Cuenca,"Provencio, El"
16172,Puebla de Almenara,Cuenca,Puebla de Almenara
16174,Puebla del Salvador,Cuenca,Puebla del Salvador
16175,Quintanar del Rey,Cuenca,Quintanar del Rey
16176,Rada de Haro,Cuenca,Rada de Haro
16177,Reíllo,Cuenca,Reíllo
16181,Rozalén del Monte,Cuenca,Rozalén del Monte
16185,Saceda-Trasierra,Cuenca,Saceda-Trasierra
16186,Saelices,Cuenca,Saelices
16187,Salinas del Manzano,Cuenca,Salinas del Manzano
16188,Salmeroncillos,Cuenca,Salmeroncillos
16189,Salvacañete,Cuenca,Salvacañete
16190,San Clemente,Cuenca,San Clemente
16191,San Lorenzo de la Parrilla,Cuenca,San Lorenzo de la Parrilla
16192,San Martín de Boniches,Cuenca,San Martín de Boniches
16193,San Pedro Palmiches,Cuenca,San Pedro Palmiches
16194,Santa Cruz de Moya,Cuenca,Santa Cruz de Moya
16196,Santa María de los Llanos,Cuenca,Santa María de los Llanos
16195,Santa María del Campo Rus,Cuenca,Santa María del Campo Rus
16197,Santa María del Val,Cuenca,Santa María del Val
16198,Sisante,Cuenca,Sisante
16199,Solera de Gabaldón,Cuenca,Solera de Gabaldón
16909,Sotorribas,Cuenca,Sotorribas
16202,Talayuelas,Cuenca,Talayuelas
16203,Tarancón,Cuenca,Tarancón
16204,Tébar,Cuenca,Tébar
16205,Tejadillos,Cuenca,Tejadillos
16206,Tinajas,Cuenca,Tinajas
16209,Torralba,Cuenca,Torralba
16211,Torrejoncillo del Rey,Cuenca,Torrejoncillo del Rey
16212,Torrubia del Campo,Cuenca,Torrubia del Campo
16213,Torrubia del Castillo,Cuenca,Torrubia del Castillo
16215,Tragacete,Cuenca,Tragacete
16216,Tresjuncos,Cuenca,Tresjuncos
16217,Tribaldos,Cuenca,Tribaldos
16218,Uclés,Cuenca,Uclés
16219,Uña,Cuenca,Uña
16906,Los Valdecolmenas,Cuenca,"Valdecolmenas, Los"
16224,Valdemeca,Cuenca,Valdemeca
16225,Valdemorillo de la Sierra,Cuenca,Valdemorillo de la Sierra
16227,Valdemoro-Sierra,Cuenca,Valdemoro-Sierra
16228,Valdeolivas,Cuenca,Valdeolivas
16902,Valdetórtola,Cuenca,Valdetórtola
16903,Las Valeras,Cuenca,"Valeras, Las"
16231,Valhermoso de la Fuente,Cuenca,Valhermoso de la Fuente
16173,El Valle de Altomira,Cuenca,"Valle de Altomira, El"
16234,Valsalobre,Cuenca,Valsalobre
16236,Valverde de Júcar,Cuenca,Valverde de Júcar
16237,Valverdejo,Cuenca,Valverdejo
16238,Vara de Rey,Cuenca,Vara de Rey
16239,Vega del Codorno,Cuenca,Vega del Codorno
16240,Vellisca,Cuenca,Vellisca
16242,Villaconejos de Trabaque,Cuenca,Villaconejos de Trabaque
16243,Villaescusa de Haro,Cuenca,Villaescusa de Haro
16244,Villagarcía del Llano,Cuenca,Villagarcía del Llano
16245,Villalba de la Sierra,Cuenca,Villalba de la Sierra
16246,Villalba del Rey,Cuenca,Villalba del Rey
16247,Villalgordo del Marquesado,Cuenca,Villalgordo del Marquesado
16248,Villalpardo,Cuenca,Villalpardo
16249,Villamayor de Santiago,Cuenca,Villamayor de Santiago
16250,Villanueva de Guadamejud,Cuenca,Villanueva de Guadamejud
16251,Villanueva de la Jara,Cuenca,Villanueva de la Jara
16253,Villar de Cañas,Cuenca,Villar de Cañas
16254,Villar de Domingo García,Cuenca,Villar de Domingo García
16255,Villar de la Encina,Cuenca,Villar de la Encina
16263,Villar de Olalla,Cuenca,Villar de Olalla
16258,Villar del Humo,Cuenca,Villar del Humo
16259,Villar del Infantado,Cuenca,Villar del Infantado
16910,Villar y Velasco,Cuenca,Villar y Velasco
16264,Villarejo de Fuentes,Cuenca,Villarejo de Fuentes
16265,Villarejo de la Peñuela,Cuenca,Villarejo de la Peñuela
16266,Villarejo-Periesteban,Cuenca,Villarejo-Periesteban
16269,Villares del Saz,Cuenca,Villares del Saz
16270,Villarrubio,Cuenca,Villarrubio
16271,Villarta,Cuenca,Villarta
16272,Villas de la Ventosa,Cuenca,Villas de la Ventosa
16273,Villaverde y Pasaconsol,Cuenca,Villaverde y Pasaconsol
16274,Víllora,Cuenca,Víllora
16275,Vindel,Cuenca,Vindel
16276,Yémeda,Cuenca,Yémeda
16277,Zafra de Záncara,Cuenca,Zafra de Záncara
16278,Zafrilla,Cuenca,Zafrilla
16279,Zarza de Tajo,Cuenca,Zarza de Tajo
16280,Zarzuela,Cuenca,Zarzuela
17001,Agullana,Girona,Agullana
17002,Aiguaviva,Girona,Aiguaviva
17003,Albanyà,Girona,Albanyà
17004,Albons,Girona,Albons
17006,Alp,Girona,Alp
17007,Amer,Girona,Amer
17008,Anglès,Girona,Anglès
17009,Arbúcies,Girona,Arbúcies
17010,Argelaguer,Girona,Argelaguer
17011,L'Armentera,Girona,"Armentera, L'"
17012,Avinyonet de Puigventós,Girona,Avinyonet de Puigventós
17015,Banyoles,Girona,Banyoles
17016,Bàscara,Girona,Bàscara
17013,Begur,Girona,Begur
17018,Bellcaire d'Empordà,Girona,Bellcaire d'Empordà
17019,Besalú,Girona,Besalú
17020,Bescanó,Girona,Bescanó
17021,Beuda,Girona,Beuda
17022,La Bisbal d'Empordà,Girona,"Bisbal d'Empordà, La"
17234,Biure,Girona,Biure
17023,Blanes,Girona,Blanes
17029,Boadella i les Escaules,Girona,Boadella i les Escaules
17024,Bolvir,Girona,Bolvir
17025,Bordils,Girona,Bordils
17026,Borrassà,Girona,Borrassà
17027,Breda,Girona,Breda
17028,Brunyola i Sant Martí Sapresa,Girona,Brunyola i Sant Martí Sapresa
17031,Cabanelles,Girona,Cabanelles
17030,Cabanes,Girona,Cabanes
17032,Cadaqués,Girona,Cadaqués
17033,Caldes de Malavella,Girona,Caldes de Malavella
17034,Calonge i Sant Antoni,Girona,Calonge i Sant Antoni
17035,Camós,Girona,Camós
17036,Campdevànol,Girona,Campdevànol
17037,Campelles,Girona,Campelles
17038,Campllong,Girona,Campllong
17039,Camprodon,Girona,Camprodon
17040,Canet d'Adri,Girona,Canet d'Adri
17041,Cantallops,Girona,Cantallops
17042,Capmany,Girona,Capmany
17044,Cassà de la Selva,Girona,Cassà de la Selva
17048,"Castell d'Aro, Platja d'Aro i s'Agaró",Girona,"Castell d'Aro, Platja d'Aro i s'Agaró"
17046,Castellfollit de la Roca,Girona,Castellfollit de la Roca
17047,Castelló d'Empúries,Girona,Castelló d'Empúries
17189,La Cellera de Ter,Girona,"Cellera de Ter, La"
17049,Celrà,Girona,Celrà
17050,Cervià de Ter,Girona,Cervià de Ter
17051,Cistella,Girona,Cistella
17054,Colera,Girona,Colera
17055,Colomers,Girona,Colomers
17057,Corçà,Girona,Corçà
17056,Cornellà del Terri,Girona,Cornellà del Terri
17058,Crespià,Girona,Crespià
17901,"Cruïlles, Monells i Sant Sadurní de l'Heura",Girona,"Cruïlles, Monells i Sant Sadurní de l'Heura"
17060,Darnius,Girona,Darnius
17061,Das,Girona,Das
17062,L'Escala,Girona,"Escala, L'"
17063,Espinelves,Girona,Espinelves
17064,Espolla,Girona,Espolla
17065,Esponellà,Girona,Esponellà
17005,El Far d'Empordà,Girona,"Far d'Empordà, El"
17066,Figueres,Girona,Figueres
17067,Flaçà,Girona,Flaçà
17068,Foixà,Girona,Foixà
17069,Fontanals de Cerdanya,Girona,Fontanals de Cerdanya
17070,Fontanilles,Girona,Fontanilles
17071,Fontcoberta,Girona,Fontcoberta
17902,Forallac,Girona,Forallac
17073,Fornells de la Selva,Girona,Fornells de la Selva
17074,Fortià,Girona,Fortià
17075,Garrigàs,Girona,Garrigàs
17076,Garrigoles,Girona,Garrigoles
17077,Garriguella,Girona,Garriguella
17078,Ger,Girona,Ger
17079,Girona,Girona,Girona
17080,Gombrèn,Girona,Gombrèn
17081,Gualta,Girona,Gualta
17082,Guils de Cerdanya,Girona,Guils de Cerdanya
17083,Hostalric,Girona,Hostalric
17084,Isòvol,Girona,Isòvol
17085,Jafre,Girona,Jafre
17086,La Jonquera,Girona,"Jonquera, La"
17087,Juià,Girona,Juià
17088,Lladó,Girona,Lladó
17089,Llagostera,Girona,Llagostera
17090,Llambilles,Girona,Llambilles
17091,Llanars,Girona,Llanars
17092,Llançà,Girona,Llançà
17093,Llers,Girona,Llers
17094,Llívia,Girona,Llívia
17095,Lloret de Mar,Girona,Lloret de Mar
17096,Les Llosses,Girona,"Llosses, Les"
17102,Maçanet de Cabrenys,Girona,Maçanet de Cabrenys
17103,Maçanet de la Selva,Girona,Maçanet de la Selva
17097,Madremanya,Girona,Madremanya
17098,Maià de Montcal,Girona,Maià de Montcal
17100,Masarac i Vilarnadal,Girona,Masarac i Vilarnadal
17101,Massanes,Girona,Massanes
17099,Meranges,Girona,Meranges
17105,Mieres,Girona,Mieres
17106,Mollet de Peralada,Girona,Mollet de Peralada
17107,Molló,Girona,Molló
17109,Montagut i Oix,Girona,Montagut i Oix
17110,Mont-ras,Girona,Mont-ras
17111,Navata,Girona,Navata
17112,Ogassa,Girona,Ogassa
17114,Olot,Girona,Olot
17115,Ordis,Girona,Ordis
17116,Osor,Girona,Osor
17117,Palafrugell,Girona,Palafrugell
17118,Palamós,Girona,Palamós
17119,Palau de Santa Eulàlia,Girona,Palau de Santa Eulàlia
17121,Palau-sator,Girona,Palau-sator
17120,Palau-saverdera,Girona,Palau-saverdera
17123,Palol de Revardit,Girona,Palol de Revardit
17124,Pals,Girona,Pals
17125,Pardines,Girona,Pardines
17126,Parlavà,Girona,Parlavà
17128,Pau,Girona,Pau
17129,Pedret i Marzà,Girona,Pedret i Marzà
17130,La Pera,Girona,"Pera, La"
17132,Peralada,Girona,Peralada
17133,Les Planes d'Hostoles,Girona,"Planes d'Hostoles, Les"
17134,Planoles,Girona,Planoles
17135,Pont de Molins,Girona,Pont de Molins
17136,Pontós,Girona,Pontós
17137,Porqueres,Girona,Porqueres
17140,El Port de la Selva,Girona,"Port de la Selva, El"
17138,Portbou,Girona,Portbou
17139,Les Preses,Girona,"Preses, Les"
17141,Puigcerdà,Girona,Puigcerdà
17142,Quart,Girona,Quart
17043,Queralbs,Girona,Queralbs
17143,Rabós,Girona,Rabós
17144,Regencós,Girona,Regencós
17145,Ribes de Freser,Girona,Ribes de Freser
17146,Riells i Viabrea,Girona,Riells i Viabrea
17147,Ripoll,Girona,Ripoll
17148,Riudarenes,Girona,Riudarenes
17149,Riudaura,Girona,Riudaura
17150,Riudellots de la Selva,Girona,Riudellots de la Selva
17151,Riumors,Girona,Riumors
17152,Roses,Girona,Roses
17153,Rupià,Girona,Rupià
17154,Sales de Llierca,Girona,Sales de Llierca
17155,Salt,Girona,Salt
17157,Sant Andreu Salou,Girona,Sant Andreu Salou
17183,Sant Aniol de Finestres,Girona,Sant Aniol de Finestres
17158,Sant Climent Sescebes,Girona,Sant Climent Sescebes
17159,Sant Feliu de Buixalleu,Girona,Sant Feliu de Buixalleu
17160,Sant Feliu de Guíxols,Girona,Sant Feliu de Guíxols
17161,Sant Feliu de Pallerols,Girona,Sant Feliu de Pallerols
17162,Sant Ferriol,Girona,Sant Ferriol
17163,Sant Gregori,Girona,Sant Gregori
17164,Sant Hilari Sacalm,Girona,Sant Hilari Sacalm
17165,Sant Jaume de Llierca,Girona,Sant Jaume de Llierca
17167,Sant Joan de les Abadesses,Girona,Sant Joan de les Abadesses
17168,Sant Joan de Mollet,Girona,Sant Joan de Mollet
17185,Sant Joan les Fonts,Girona,Sant Joan les Fonts
17166,Sant Jordi Desvalls,Girona,Sant Jordi Desvalls
17169,Sant Julià de Ramis,Girona,Sant Julià de Ramis
17903,Sant Julià del Llor i Bonmatí,Girona,Sant Julià del Llor i Bonmatí
17171,Sant Llorenç de la Muga,Girona,Sant Llorenç de la Muga
17172,Sant Martí de Llémena,Girona,Sant Martí de Llémena
17173,Sant Martí Vell,Girona,Sant Martí Vell
17174,Sant Miquel de Campmajor,Girona,Sant Miquel de Campmajor
17175,Sant Miquel de Fluvià,Girona,Sant Miquel de Fluvià
17176,Sant Mori,Girona,Sant Mori
17177,Sant Pau de Segúries,Girona,Sant Pau de Segúries
17178,Sant Pere Pescador,Girona,Sant Pere Pescador
17180,Santa Coloma de Farners,Girona,Santa Coloma de Farners
17181,Santa Cristina d'Aro,Girona,Santa Cristina d'Aro
17182,Santa Llogaia d'Àlguema,Girona,Santa Llogaia d'Àlguema
17184,Santa Pau,Girona,Santa Pau
17186,Sarrià de Ter,Girona,Sarrià de Ter
17187,"Saus, Camallera i Llampaies",Girona,"Saus, Camallera i Llampaies"
17188,La Selva de Mar,Girona,"Selva de Mar, La"
17190,Serinyà,Girona,Serinyà
17191,Serra de Daró,Girona,Serra de Daró
17192,Setcases,Girona,Setcases
17193,Sils,Girona,Sils
17052,Siurana,Girona,Siurana
17194,Susqueda,Girona,Susqueda
17195,La Tallada d'Empordà,Girona,"Tallada d'Empordà, La"
17196,Terrades,Girona,Terrades
17197,Torrent,Girona,Torrent
17198,Torroella de Fluvià,Girona,Torroella de Fluvià
17199,Torroella de Montgrí,Girona,Torroella de Montgrí
17200,Tortellà,Girona,Tortellà
17201,Toses,Girona,Toses
17202,Tossa de Mar,Girona,Tossa de Mar
17204,Ullà,Girona,Ullà
17205,Ullastret,Girona,Ullastret
17203,Ultramort,Girona,Ultramort
17206,Urús,Girona,Urús
17014,La Vajol,Girona,"Vajol, La"
17208,La Vall de Bianya,Girona,"Vall de Bianya, La"
17207,La Vall d'en Bas,Girona,"Vall d'en Bas, La"
17170,Vallfogona de Ripollès,Girona,Vallfogona de Ripollès
17209,Vall-llobrega,Girona,Vall-llobrega
17210,Ventalló,Girona,Ventalló
17211,Verges,Girona,Verges
17212,Vidrà,Girona,Vidrà
17213,Vidreres,Girona,Vidreres
17214,Vilabertran,Girona,Vilabertran
17215,Vilablareix,Girona,Vilablareix
17217,Viladamat,Girona,Viladamat
17216,Viladasens,Girona,Viladasens
17218,Vilademuls,Girona,Vilademuls
17220,Viladrau,Girona,Viladrau
17221,Vilafant,Girona,Vilafant
17223,Vilajuïga,Girona,Vilajuïga
17224,Vilallonga de Ter,Girona,Vilallonga de Ter
17225,Vilamacolum,Girona,Vilamacolum
17226,Vilamalla,Girona,Vilamalla
17227,Vilamaniscle,Girona,Vilamaniscle
17228,Vilanant,Girona,Vilanant
17230,Vila-sacra,Girona,Vila-sacra
17222,Vilaür,Girona,Vilaür
17233,Vilobí d'Onyar,Girona,Vilobí d'Onyar
17232,Vilopriu,Girona,Vilopriu
18001,Agrón,Granada,Agrón
18002,Alamedilla,Granada,Alamedilla
18003,Albolote,Granada,Albolote
18004,Albondón,Granada,Albondón
18005,Albuñán,Granada,Albuñán
18006,Albuñol,Granada,Albuñol
18007,Albuñuelas,Granada,Albuñuelas
18010,Aldeire,Granada,Aldeire
18011,Alfacar,Granada,Alfacar
18012,Algarinejo,Granada,Algarinejo
18013,Alhama de Granada,Granada,Alhama de Granada
18014,Alhendín,Granada,Alhendín
18015,Alicún de Ortega,Granada,Alicún de Ortega
18016,Almegíjar,Granada,Almegíjar
18017,Almuñécar,Granada,Almuñécar
18904,Alpujarra de la Sierra,Granada,Alpujarra de la Sierra
18018,Alquife,Granada,Alquife
18020,Arenas del Rey,Granada,Arenas del Rey
18021,Armilla,Granada,Armilla
18022,Atarfe,Granada,Atarfe
18023,Baza,Granada,Baza
18024,Beas de Granada,Granada,Beas de Granada
18025,Beas de Guadix,Granada,Beas de Guadix
18027,Benalúa,Granada,Benalúa
18028,Benalúa de las Villas,Granada,Benalúa de las Villas
18029,Benamaurel,Granada,Benamaurel
18030,Bérchules,Granada,Bérchules
18032,Bubión,Granada,Bubión
18033,Busquístar,Granada,Busquístar
18034,Cacín,Granada,Cacín
18035,Cádiar,Granada,Cádiar
18036,Cájar,Granada,Cájar
18114,La Calahorra,Granada,"Calahorra, La"
18037,Calicasas,Granada,Calicasas
18038,Campotéjar,Granada,Campotéjar
18039,Caniles,Granada,Caniles
18040,Cáñar,Granada,Cáñar
18042,Capileira,Granada,Capileira
18043,Carataunas,Granada,Carataunas
18044,Cástaras,Granada,Cástaras
18045,Castilléjar,Granada,Castilléjar
18046,Castril,Granada,Castril
18047,Cenes de la Vega,Granada,Cenes de la Vega
18059,Chauchina,Granada,Chauchina
18061,Chimeneas,Granada,Chimeneas
18062,Churriana de la Vega,Granada,Churriana de la Vega
18048,Cijuela,Granada,Cijuela
18049,Cogollos de Guadix,Granada,Cogollos de Guadix
18050,Cogollos de la Vega,Granada,Cogollos de la Vega
18051,Colomera,Granada,Colomera
18053,Cortes de Baza,Granada,Cortes de Baza
18054,Cortes y Graena,Granada,Cortes y Graena
18912,Cuevas del Campo,Granada,Cuevas del Campo
18056,Cúllar,Granada,Cúllar
18057,Cúllar Vega,Granada,Cúllar Vega
18063,Darro,Granada,Darro
18064,Dehesas de Guadix,Granada,Dehesas de Guadix
18065,Dehesas Viejas,Granada,Dehesas Viejas
18066,Deifontes,Granada,Deifontes
18067,Diezma,Granada,Diezma
18068,Dílar,Granada,Dílar
18069,Dólar,Granada,Dólar
18915,Domingo Pérez de Granada,Granada,Domingo Pérez de Granada
18070,Dúdar,Granada,Dúdar
18071,Dúrcal,Granada,Dúrcal
18072,Escúzar,Granada,Escúzar
18074,Ferreira,Granada,Ferreira
18076,Fonelas,Granada,Fonelas
18077,Fornes,Granada,Fornes
18078,Freila,Granada,Freila
18079,Fuente Vaqueros,Granada,Fuente Vaqueros
18905,Las Gabias,Granada,"Gabias, Las"
18082,Galera,Granada,Galera
18083,Gobernador,Granada,Gobernador
18084,Gójar,Granada,Gójar
18085,Gor,Granada,Gor
18086,Gorafe,Granada,Gorafe
18087,Granada,Granada,Granada
18088,Guadahortuna,Granada,Guadahortuna
18089,Guadix,Granada,Guadix
18906,Los Guájares,Granada,"Guájares, Los"
18093,Gualchos,Granada,Gualchos
18094,Güéjar Sierra,Granada,Güéjar Sierra
18095,Güevéjar,Granada,Güevéjar
18096,Huélago,Granada,Huélago
18097,Huéneja,Granada,Huéneja
18098,Huéscar,Granada,Huéscar
18099,Huétor de Santillán,Granada,Huétor de Santillán
18100,Huétor Tájar,Granada,Huétor Tájar
18101,Huétor Vega,Granada,Huétor Vega
18102,Íllora,Granada,Íllora
18103,Ítrabo,Granada,Ítrabo
18105,Iznalloz,Granada,Iznalloz
18106,Játar,Granada,Játar
18107,Jayena,Granada,Jayena
18108,Jérez del Marquesado,Granada,Jérez del Marquesado
18109,Jete,Granada,Jete
18111,Jun,Granada,Jun
18112,Juviles,Granada,Juviles
18115,Láchar,Granada,Láchar
18116,Lanjarón,Granada,Lanjarón
18117,Lanteira,Granada,Lanteira
18119,Lecrín,Granada,Lecrín
18120,Lentegí,Granada,Lentegí
18121,Lobras,Granada,Lobras
18122,Loja,Granada,Loja
18123,Lugros,Granada,Lugros
18124,Lújar,Granada,Lújar
18126,La Malahá,Granada,"Malahá, La"
18127,Maracena,Granada,Maracena
18128,Marchal,Granada,Marchal
18132,Moclín,Granada,Moclín
18133,Molvízar,Granada,Molvízar
18134,Monachil,Granada,Monachil
18135,Montefrío,Granada,Montefrío
18136,Montejícar,Granada,Montejícar
18137,Montillana,Granada,Montillana
18138,Moraleda de Zafayona,Granada,Moraleda de Zafayona
18909,Morelábor,Granada,Morelábor
18140,Motril,Granada,Motril
18141,Murtas,Granada,Murtas
18903,Nevada,Granada,Nevada
18143,Nigüelas,Granada,Nigüelas
18144,Nívar,Granada,Nívar
18145,Ogíjares,Granada,Ogíjares
18146,Orce,Granada,Orce
18147,Órgiva,Granada,Órgiva
18148,Otívar,Granada,Otívar
18150,Padul,Granada,Padul
18151,Pampaneira,Granada,Pampaneira
18152,Pedro Martínez,Granada,Pedro Martínez
18153,Peligros,Granada,Peligros
18154,La Peza,Granada,"Peza, La"
18910,El Pinar,Granada,"Pinar, El"
18157,Pinos Genil,Granada,Pinos Genil
18158,Pinos Puente,Granada,Pinos Puente
18159,Píñar,Granada,Píñar
18161,Polícar,Granada,Polícar
18162,Polopos,Granada,Polopos
18163,Pórtugos,Granada,Pórtugos
18164,Puebla de Don Fadrique,Granada,Puebla de Don Fadrique
18165,Pulianas,Granada,Pulianas
18167,Purullena,Granada,Purullena
18168,Quéntar,Granada,Quéntar
18170,Rubite,Granada,Rubite
18171,Salar,Granada,Salar
18173,Salobreña,Granada,Salobreña
18174,Santa Cruz del Comercio,Granada,Santa Cruz del Comercio
18175,Santa Fe,Granada,Santa Fe
18176,Soportújar,Granada,Soportújar
18177,Sorvilán,Granada,Sorvilán
18901,La Taha,Granada,"Taha, La"
18178,Torre-Cardela,Granada,Torre-Cardela
18916,Torrenueva Costa,Granada,Torrenueva Costa
18179,Torvizcón,Granada,Torvizcón
18180,Trevélez,Granada,Trevélez
18181,Turón,Granada,Turón
18182,Ugíjar,Granada,Ugíjar
18914,Valderrubio,Granada,Valderrubio
18907,Valle del Zalabí,Granada,Valle del Zalabí
18902,El Valle,Granada,"Valle, El"
18183,Válor,Granada,Válor
18911,Vegas del Genil,Granada,Vegas del Genil
18184,Vélez de Benaudalla,Granada,Vélez de Benaudalla
18185,Ventas de Huelma,Granada,Ventas de Huelma
18149,Villa de Otura,Granada,Villa de Otura
18908,Villamena,Granada,Villamena
18187,Villanueva de las Torres,Granada,Villanueva de las Torres
18188,Villanueva Mesía,Granada,Villanueva Mesía
18189,Víznar,Granada,Víznar
18192,Zafarraya,Granada,Zafarraya
18913,Zagra,Granada,Zagra
18193,La Zubia,Granada,"Zubia, La"
18194,Zújar,Granada,Zújar
19001,Abánades,Guadalajara,Abánades
19002,Ablanque,Guadalajara,Ablanque
19003,Adobes,Guadalajara,Adobes
19004,Alaminos,Guadalajara,Alaminos
19005,Alarilla,Guadalajara,Alarilla
19006,Albalate de Zorita,Guadalajara,Albalate de Zorita
19007,Albares,Guadalajara,Albares
19008,Albendiego,Guadalajara,Albendiego
19009,Alcocer,Guadalajara,Alcocer
19010,Alcolea de las Peñas,Guadalajara,Alcolea de las Peñas
19011,Alcolea del Pinar,Guadalajara,Alcolea del Pinar
19013,Alcoroches,Guadalajara,Alcoroches
19015,Aldeanueva de Guadalajara,Guadalajara,Aldeanueva de Guadalajara
19016,Algar de Mesa,Guadalajara,Algar de Mesa
19017,Algora,Guadalajara,Algora
19018,Alhóndiga,Guadalajara,Alhóndiga
19019,Alique,Guadalajara,Alique
19020,Almadrones,Guadalajara,Almadrones
19021,Almoguera,Guadalajara,Almoguera
19022,Almonacid de Zorita,Guadalajara,Almonacid de Zorita
19023,Alocén,Guadalajara,Alocén
19024,Alovera,Guadalajara,Alovera
19027,Alustante,Guadalajara,Alustante
19031,Angón,Guadalajara,Angón
19032,Anguita,Guadalajara,Anguita
19033,Anquela del Ducado,Guadalajara,Anquela del Ducado
19034,Anquela del Pedregal,Guadalajara,Anquela del Pedregal
19036,Aranzueque,Guadalajara,Aranzueque
19037,Arbancón,Guadalajara,Arbancón
19038,Arbeteta,Guadalajara,Arbeteta
19039,Argecilla,Guadalajara,Argecilla
19040,Armallones,Guadalajara,Armallones
19041,Armuña de Tajuña,Guadalajara,Armuña de Tajuña
19042,Arroyo de las Fraguas,Guadalajara,Arroyo de las Fraguas
19043,Atanzón,Guadalajara,Atanzón
19044,Atienza,Guadalajara,Atienza
19045,Auñón,Guadalajara,Auñón
19046,Azuqueca de Henares,Guadalajara,Azuqueca de Henares
19047,Baides,Guadalajara,Baides
19048,Baños de Tajo,Guadalajara,Baños de Tajo
19049,Bañuelos,Guadalajara,Bañuelos
19050,Barriopedro,Guadalajara,Barriopedro
19051,Berninches,Guadalajara,Berninches
19052,La Bodera,Guadalajara,"Bodera, La"
19053,Brihuega,Guadalajara,Brihuega
19054,Budia,Guadalajara,Budia
19055,Bujalaro,Guadalajara,Bujalaro
19057,Bustares,Guadalajara,Bustares
19058,Cabanillas del Campo,Guadalajara,Cabanillas del Campo
19059,Campillo de Dueñas,Guadalajara,Campillo de Dueñas
19060,Campillo de Ranas,Guadalajara,Campillo de Ranas
19061,Campisábalos,Guadalajara,Campisábalos
19064,Canredondo,Guadalajara,Canredondo
19065,Cantalojas,Guadalajara,Cantalojas
19066,Cañizar,Guadalajara,Cañizar
19067,El Cardoso de la Sierra,Guadalajara,"Cardoso de la Sierra, El"
19070,Casa de Uceda,Guadalajara,Casa de Uceda
19071,El Casar,Guadalajara,"Casar, El"
19073,Casas de San Galindo,Guadalajara,Casas de San Galindo
19074,Caspueñas,Guadalajara,Caspueñas
19075,Castejón de Henares,Guadalajara,Castejón de Henares
19076,Castellar de la Muela,Guadalajara,Castellar de la Muela
19078,Castilforte,Guadalajara,Castilforte
19079,Castilnuevo,Guadalajara,Castilnuevo
19080,Cendejas de Enmedio,Guadalajara,Cendejas de Enmedio
19081,Cendejas de la Torre,Guadalajara,Cendejas de la Torre
19082,Centenera,Guadalajara,Centenera
19103,Checa,Guadalajara,Checa
19104,Chequilla,Guadalajara,Chequilla
19106,Chillarón del Rey,Guadalajara,Chillarón del Rey
19105,Chiloeches,Guadalajara,Chiloeches
19086,Cifuentes,Guadalajara,Cifuentes
19087,Cincovillas,Guadalajara,Cincovillas
19088,Ciruelas,Guadalajara,Ciruelas
19089,Ciruelos del Pinar,Guadalajara,Ciruelos del Pinar
19090,Cobeta,Guadalajara,Cobeta
19091,Cogollor,Guadalajara,Cogollor
19092,Cogolludo,Guadalajara,Cogolludo
19095,Condemios de Abajo,Guadalajara,Condemios de Abajo
19096,Condemios de Arriba,Guadalajara,Condemios de Arriba
19097,Congostrina,Guadalajara,Congostrina
19098,Copernal,Guadalajara,Copernal
19099,Corduente,Guadalajara,Corduente
19102,El Cubillo de Uceda,Guadalajara,"Cubillo de Uceda, El"
19107,Driebes,Guadalajara,Driebes
19108,Durón,Guadalajara,Durón
19109,Embid,Guadalajara,Embid
19110,Escamilla,Guadalajara,Escamilla
19111,Escariche,Guadalajara,Escariche
19112,Escopete,Guadalajara,Escopete
19113,Espinosa de Henares,Guadalajara,Espinosa de Henares
19114,Esplegares,Guadalajara,Esplegares
19115,Establés,Guadalajara,Establés
19116,Estriégana,Guadalajara,Estriégana
19117,Fontanar,Guadalajara,Fontanar
19118,Fuembellida,Guadalajara,Fuembellida
19119,Fuencemillán,Guadalajara,Fuencemillán
19120,Fuentelahiguera de Albatages,Guadalajara,Fuentelahiguera de Albatages
19121,Fuentelencina,Guadalajara,Fuentelencina
19122,Fuentelsaz,Guadalajara,Fuentelsaz
19123,Fuentelviejo,Guadalajara,Fuentelviejo
19124,Fuentenovilla,Guadalajara,Fuentenovilla
19125,Gajanejos,Guadalajara,Gajanejos
19126,Galápagos,Guadalajara,Galápagos
19127,Galve de Sorbe,Guadalajara,Galve de Sorbe
19129,Gascueña de Bornova,Guadalajara,Gascueña de Bornova
19130,Guadalajara,Guadalajara,Guadalajara
19132,Henche,Guadalajara,Henche
19133,Heras de Ayuso,Guadalajara,Heras de Ayuso
19134,Herrería,Guadalajara,Herrería
19135,Hiendelaencina,Guadalajara,Hiendelaencina
19136,Hijes,Guadalajara,Hijes
19138,Hita,Guadalajara,Hita
19139,Hombrados,Guadalajara,Hombrados
19142,Hontoba,Guadalajara,Hontoba
19143,Horche,Guadalajara,Horche
19145,Hortezuela de Océn,Guadalajara,Hortezuela de Océn
19146,La Huerce,Guadalajara,"Huerce, La"
19147,Huérmeces del Cerro,Guadalajara,Huérmeces del Cerro
19148,Huertahernando,Guadalajara,Huertahernando
19150,Hueva,Guadalajara,Hueva
19151,Humanes,Guadalajara,Humanes
19152,Illana,Guadalajara,Illana
19153,Iniéstola,Guadalajara,Iniéstola
19154,Las Inviernas,Guadalajara,"Inviernas, Las"
19155,Irueste,Guadalajara,Irueste
19156,Jadraque,Guadalajara,Jadraque
19157,Jirueque,Guadalajara,Jirueque
19159,Ledanca,Guadalajara,Ledanca
19160,Loranca de Tajuña,Guadalajara,Loranca de Tajuña
19161,Lupiana,Guadalajara,Lupiana
19162,Luzaga,Guadalajara,Luzaga
19163,Luzón,Guadalajara,Luzón
19165,Majaelrayo,Guadalajara,Majaelrayo
19166,Málaga del Fresno,Guadalajara,Málaga del Fresno
19167,Malaguilla,Guadalajara,Malaguilla
19168,Mandayona,Guadalajara,Mandayona
19169,Mantiel,Guadalajara,Mantiel
19170,Maranchón,Guadalajara,Maranchón
19171,Marchamalo,Guadalajara,Marchamalo
19172,Masegoso de Tajuña,Guadalajara,Masegoso de Tajuña
19173,Matarrubia,Guadalajara,Matarrubia
19174,Matillas,Guadalajara,Matillas
19175,Mazarete,Guadalajara,Mazarete
19176,Mazuecos,Guadalajara,Mazuecos
19177,Medranda,Guadalajara,Medranda
19178,Megina,Guadalajara,Megina
19179,Membrillera,Guadalajara,Membrillera
19181,Miedes de Atienza,Guadalajara,Miedes de Atienza
19182,La Mierla,Guadalajara,"Mierla, La"
19184,Millana,Guadalajara,Millana
19183,Milmarcos,Guadalajara,Milmarcos
19185,La Miñosa,Guadalajara,"Miñosa, La"
19186,Mirabueno,Guadalajara,Mirabueno
19187,Miralrío,Guadalajara,Miralrío
19188,Mochales,Guadalajara,Mochales
19189,Mohernando,Guadalajara,Mohernando
19190,Molina de Aragón,Guadalajara,Molina de Aragón
19191,Monasterio,Guadalajara,Monasterio
19192,Mondéjar,Guadalajara,Mondéjar
19193,Montarrón,Guadalajara,Montarrón
19194,Moratilla de los Meleros,Guadalajara,Moratilla de los Meleros
19195,Morenilla,Guadalajara,Morenilla
19196,Muduex,Guadalajara,Muduex
19197,Las Navas de Jadraque,Guadalajara,"Navas de Jadraque, Las"
19198,Negredo,Guadalajara,Negredo
19199,Ocentejo,Guadalajara,Ocentejo
19200,El Olivar,Guadalajara,"Olivar, El"
19201,Olmeda de Cobeta,Guadalajara,Olmeda de Cobeta
19202,La Olmeda de Jadraque,Guadalajara,"Olmeda de Jadraque, La"
19203,El Ordial,Guadalajara,"Ordial, El"
19204,Orea,Guadalajara,Orea
19208,Pálmaces de Jadraque,Guadalajara,Pálmaces de Jadraque
19209,Pardos,Guadalajara,Pardos
19210,Paredes de Sigüenza,Guadalajara,Paredes de Sigüenza
19211,Pareja,Guadalajara,Pareja
19212,Pastrana,Guadalajara,Pastrana
19213,El Pedregal,Guadalajara,"Pedregal, El"
19214,Peñalén,Guadalajara,Peñalén
19215,Peñalver,Guadalajara,Peñalver
19216,Peralejos de las Truchas,Guadalajara,Peralejos de las Truchas
19217,Peralveche,Guadalajara,Peralveche
19218,Pinilla de Jadraque,Guadalajara,Pinilla de Jadraque
19219,Pinilla de Molina,Guadalajara,Pinilla de Molina
19220,Pioz,Guadalajara,Pioz
19221,Piqueras,Guadalajara,Piqueras
19222,El Pobo de Dueñas,Guadalajara,"Pobo de Dueñas, El"
19223,Poveda de la Sierra,Guadalajara,Poveda de la Sierra
19224,Pozo de Almoguera,Guadalajara,Pozo de Almoguera
19225,Pozo de Guadalajara,Guadalajara,Pozo de Guadalajara
19226,Prádena de Atienza,Guadalajara,Prádena de Atienza
19227,Prados Redondos,Guadalajara,Prados Redondos
19228,Puebla de Beleña,Guadalajara,Puebla de Beleña
19229,Puebla de Valles,Guadalajara,Puebla de Valles
19230,Quer,Guadalajara,Quer
19231,Rebollosa de Jadraque,Guadalajara,Rebollosa de Jadraque
19232,El Recuenco,Guadalajara,"Recuenco, El"
19233,Renera,Guadalajara,Renera
19234,Retiendas,Guadalajara,Retiendas
19235,Riba de Saelices,Guadalajara,Riba de Saelices
19237,Rillo de Gallo,Guadalajara,Rillo de Gallo
19238,Riofrío del Llano,Guadalajara,Riofrío del Llano
19239,Robledillo de Mohernando,Guadalajara,Robledillo de Mohernando
19240,Robledo de Corpes,Guadalajara,Robledo de Corpes
19241,Romanillos de Atienza,Guadalajara,Romanillos de Atienza
19242,Romanones,Guadalajara,Romanones
19243,Rueda de la Sierra,Guadalajara,Rueda de la Sierra
19244,Sacecorbo,Guadalajara,Sacecorbo
19245,Sacedón,Guadalajara,Sacedón
19246,Saelices de la Sal,Guadalajara,Saelices de la Sal
19247,Salmerón,Guadalajara,Salmerón
19248,San Andrés del Congosto,Guadalajara,San Andrés del Congosto
19249,San Andrés del Rey,Guadalajara,San Andrés del Rey
19250,Santiuste,Guadalajara,Santiuste
19251,Saúca,Guadalajara,Saúca
19252,Sayatón,Guadalajara,Sayatón
19254,Selas,Guadalajara,Selas
19901,Semillas,Guadalajara,Semillas
19255,Setiles,Guadalajara,Setiles
19256,Sienes,Guadalajara,Sienes
19257,Sigüenza,Guadalajara,Sigüenza
19258,Solanillos del Extremo,Guadalajara,Solanillos del Extremo
19259,Somolinos,Guadalajara,Somolinos
19260,El Sotillo,Guadalajara,"Sotillo, El"
19261,Sotodosos,Guadalajara,Sotodosos
19262,Tamajón,Guadalajara,Tamajón
19263,Taragudo,Guadalajara,Taragudo
19264,Taravilla,Guadalajara,Taravilla
19265,Tartanedo,Guadalajara,Tartanedo
19266,Tendilla,Guadalajara,Tendilla
19267,Terzaga,Guadalajara,Terzaga
19268,Tierzo,Guadalajara,Tierzo
19269,La Toba,Guadalajara,"Toba, La"
19271,Tordellego,Guadalajara,Tordellego
19270,Tordelrábano,Guadalajara,Tordelrábano
19272,Tordesilos,Guadalajara,Tordesilos
19274,Torija,Guadalajara,Torija
19279,Torre del Burgo,Guadalajara,Torre del Burgo
19277,Torrecuadrada de Molina,Guadalajara,Torrecuadrada de Molina
19278,Torrecuadradilla,Guadalajara,Torrecuadradilla
19280,Torrejón del Rey,Guadalajara,Torrejón del Rey
19281,Torremocha de Jadraque,Guadalajara,Torremocha de Jadraque
19282,Torremocha del Campo,Guadalajara,Torremocha del Campo
19283,Torremocha del Pinar,Guadalajara,Torremocha del Pinar
19284,Torremochuela,Guadalajara,Torremochuela
19285,Torrubia,Guadalajara,Torrubia
19286,Tórtola de Henares,Guadalajara,Tórtola de Henares
19287,Tortuera,Guadalajara,Tortuera
19288,Tortuero,Guadalajara,Tortuero
19289,Traíd,Guadalajara,Traíd
19290,Trijueque,Guadalajara,Trijueque
19291,Trillo,Guadalajara,Trillo
19293,Uceda,Guadalajara,Uceda
19294,Ujados,Guadalajara,Ujados
19296,Utande,Guadalajara,Utande
19297,Valdarachas,Guadalajara,Valdarachas
19298,Valdearenas,Guadalajara,Valdearenas
19299,Valdeavellano,Guadalajara,Valdeavellano
19300,Valdeaveruelo,Guadalajara,Valdeaveruelo
19301,Valdeconcha,Guadalajara,Valdeconcha
19302,Valdegrudas,Guadalajara,Valdegrudas
19303,Valdelcubo,Guadalajara,Valdelcubo
19304,Valdenuño Fernández,Guadalajara,Valdenuño Fernández
19305,Valdepeñas de la Sierra,Guadalajara,Valdepeñas de la Sierra
19306,Valderrebollo,Guadalajara,Valderrebollo
19307,Valdesotos,Guadalajara,Valdesotos
19308,Valfermoso de Tajuña,Guadalajara,Valfermoso de Tajuña
19309,Valhermoso,Guadalajara,Valhermoso
19310,Valtablado del Río,Guadalajara,Valtablado del Río
19311,Valverde de los Arroyos,Guadalajara,Valverde de los Arroyos
19314,Viana de Jadraque,Guadalajara,Viana de Jadraque
19317,Villanueva de Alcorón,Guadalajara,Villanueva de Alcorón
19318,Villanueva de Argecilla,Guadalajara,Villanueva de Argecilla
19319,Villanueva de la Torre,Guadalajara,Villanueva de la Torre
19321,Villares de Jadraque,Guadalajara,Villares de Jadraque
19322,Villaseca de Henares,Guadalajara,Villaseca de Henares
19323,Villaseca de Uceda,Guadalajara,Villaseca de Uceda
19324,Villel de Mesa,Guadalajara,Villel de Mesa
19325,Viñuelas,Guadalajara,Viñuelas
19326,Yebes,Guadalajara,Yebes
19327,Yebra,Guadalajara,Yebra
19329,Yélamos de Abajo,Guadalajara,Yélamos de Abajo
19330,Yélamos de Arriba,Guadalajara,Yélamos de Arriba
19331,Yunquera de Henares,Guadalajara,Yunquera de Henares
19332,La Yunta,Guadalajara,"Yunta, La"
19333,Zaorejas,Guadalajara,Zaorejas
19334,Zarzuela de Jadraque,Guadalajara,Zarzuela de Jadraque
19335,Zorita de los Canes,Guadalajara,Zorita de los Canes
20001,Abaltzisketa,Gipuzkoa,Abaltzisketa
20002,Aduna,Gipuzkoa,Aduna
20016,Aia,Gipuzkoa,Aia
20003,Aizarnazabal,Gipuzkoa,Aizarnazabal
20004,Albiztur,Gipuzkoa,Albiztur
20005,Alegia,Gipuzkoa,Alegia
20006,Alkiza,Gipuzkoa,Alkiza
20906,Altzaga,Gipuzkoa,Altzaga
20007,Altzo,Gipuzkoa,Altzo
20008,Amezketa,Gipuzkoa,Amezketa
20009,Andoain,Gipuzkoa,Andoain
20010,Anoeta,Gipuzkoa,Anoeta
20011,Antzuola,Gipuzkoa,Antzuola
20012,Arama,Gipuzkoa,Arama
20013,Aretxabaleta,Gipuzkoa,Aretxabaleta
20055,Arrasate,Gipuzkoa,Arrasate/Mondragón
20014,Asteasu,Gipuzkoa,Asteasu
20903,Astigarraga,Gipuzkoa,Astigarraga
20015,Ataun,Gipuzkoa,Ataun
20017,Azkoitia,Gipuzkoa,Azkoitia
20018,Azpeitia,Gipuzkoa,Azpeitia
20904,Baliarrain,Gipuzkoa,Baliarrain
20019,Beasain,Gipuzkoa,Beasain
20020,Beizama,Gipuzkoa,Beizama
20021,Belauntza,Gipuzkoa,Belauntza
20022,Berastegi,Gipuzkoa,Berastegi
20074,Bergara,Gipuzkoa,Bergara
20023,Berrobi,Gipuzkoa,Berrobi
20024,Bidania-Goiatz,Gipuzkoa,Bidania-Goiatz
20029,Deba,Gipuzkoa,Deba
20069,Donostia,Gipuzkoa,Donostia/San Sebastián
20030,Eibar,Gipuzkoa,Eibar
20031,Elduain,Gipuzkoa,Elduain
20033,Elgeta,Gipuzkoa,Elgeta
20032,Elgoibar,Gipuzkoa,Elgoibar
20067,Errenteria,Gipuzkoa,Errenteria
20066,Errezil,Gipuzkoa,Errezil
20034,Eskoriatza,Gipuzkoa,Eskoriatza
20035,Ezkio-Itsaso,Gipuzkoa,Ezkio-Itsaso
20038,Gabiria,Gipuzkoa,Gabiria
20037,Gaintza,Gipuzkoa,Gaintza
20907,Gaztelu,Gipuzkoa,Gaztelu
20039,Getaria,Gipuzkoa,Getaria
20040,Hernani,Gipuzkoa,Hernani
20041,Hernialde,Gipuzkoa,Hernialde
20036,Hondarribia,Gipuzkoa,Hondarribia
20042,Ibarra,Gipuzkoa,Ibarra
20043,Idiazabal,Gipuzkoa,Idiazabal
20044,Ikaztegieta,Gipuzkoa,Ikaztegieta
20045,Irun,Gipuzkoa,Irun
20046,Irura,Gipuzkoa,Irura
20047,Itsasondo,Gipuzkoa,Itsasondo
20048,Larraul,Gipuzkoa,Larraul
20902,Lasarte-Oria,Gipuzkoa,Lasarte-Oria
20049,Lazkao,Gipuzkoa,Lazkao
20050,Leaburu,Gipuzkoa,Leaburu
20051,Legazpi,Gipuzkoa,Legazpi
20052,Legorreta,Gipuzkoa,Legorreta
20068,Leintz-Gatzaga,Gipuzkoa,Leintz-Gatzaga
20053,Lezo,Gipuzkoa,Lezo
20054,Lizartza,Gipuzkoa,Lizartza
20901,Mendaro,Gipuzkoa,Mendaro
20057,Mutiloa,Gipuzkoa,Mutiloa
20056,Mutriku,Gipuzkoa,Mutriku
20063,Oiartzun,Gipuzkoa,Oiartzun
20058,Olaberria,Gipuzkoa,Olaberria
20059,Oñati,Gipuzkoa,Oñati
20076,Ordizia,Gipuzkoa,Ordizia
20905,Orendain,Gipuzkoa,Orendain
20060,Orexa,Gipuzkoa,Orexa
20061,Orio,Gipuzkoa,Orio
20062,Ormaiztegi,Gipuzkoa,Ormaiztegi
20064,Pasaia,Gipuzkoa,Pasaia
20070,Segura,Gipuzkoa,Segura
20065,Soraluze-Placencia de las Armas,Gipuzkoa,Soraluze-Placencia de las Armas
20071,Tolosa,Gipuzkoa,Tolosa
20072,Urnieta,Gipuzkoa,Urnieta
20077,Urretxu,Gipuzkoa,Urretxu
20073,Usurbil,Gipuzkoa,Usurbil
20075,Villabona,Gipuzkoa,Villabona
20078,Zaldibia,Gipuzkoa,Zaldibia
20079,Zarautz,Gipuzkoa,Zarautz
20025,Zegama,Gipuzkoa,Zegama
20026,Zerain,Gipuzkoa,Zerain
20027,Zestoa,Gipuzkoa,Zestoa
20028,Zizurkil,Gipuzkoa,Zizurkil
20081,Zumaia,Gipuzkoa,Zumaia
20080,Zumarraga,Gipuzkoa,Zumarraga
21001,Alájar,Huelva,Alájar
21002,Aljaraque,Huelva,Aljaraque
21003,El Almendro,Huelva,"Almendro, El"
21004,Almonaster la Real,Huelva,Almonaster la Real
21005,Almonte,Huelva,Almonte
21006,Alosno,Huelva,Alosno
21007,Aracena,Huelva,Aracena
21008,Aroche,Huelva,Aroche
21009,Arroyomolinos de León,Huelva,Arroyomolinos de León
21010,Ayamonte,Huelva,Ayamonte
21011,Beas,Huelva,Beas
21012,Berrocal,Huelva,Berrocal
21013,Bollullos Par del Condado,Huelva,Bollullos Par del Condado
21014,Bonares,Huelva,Bonares
21015,Cabezas Rubias,Huelva,Cabezas Rubias
21016,Cala,Huelva,Cala
21017,Calañas,Huelva,Calañas
21018,El Campillo,Huelva,"Campillo, El"
21019,Campofrío,Huelva,Campofrío
21020,Cañaveral de León,Huelva,Cañaveral de León
21021,Cartaya,Huelva,Cartaya
21022,Castaño del Robledo,Huelva,Castaño del Robledo
21023,El Cerro de Andévalo,Huelva,"Cerro de Andévalo, El"
21030,Chucena,Huelva,Chucena
21024,Corteconcepción,Huelva,Corteconcepción
21025,Cortegana,Huelva,Cortegana
21026,Cortelazor,Huelva,Cortelazor
21027,Cumbres de Enmedio,Huelva,Cumbres de Enmedio
21028,Cumbres de San Bartolomé,Huelva,Cumbres de San Bartolomé
21029,Cumbres Mayores,Huelva,Cumbres Mayores
21031,Encinasola,Huelva,Encinasola
21032,Escacena del Campo,Huelva,Escacena del Campo
21033,Fuenteheridos,Huelva,Fuenteheridos
21034,Galaroza,Huelva,Galaroza
21035,Gibraleón,Huelva,Gibraleón
21036,La Granada de Río-Tinto,Huelva,"Granada de Río-Tinto, La"
21037,El Granado,Huelva,"Granado, El"
21038,Higuera de la Sierra,Huelva,Higuera de la Sierra
21039,Hinojales,Huelva,Hinojales
21040,Hinojos,Huelva,Hinojos
21041,Huelva,Huelva,Huelva
21042,Isla Cristina,Huelva,Isla Cristina
21043,Jabugo,Huelva,Jabugo
21044,Lepe,Huelva,Lepe
21045,Linares de la Sierra,Huelva,Linares de la Sierra
21046,Lucena del Puerto,Huelva,Lucena del Puerto
21047,Manzanilla,Huelva,Manzanilla
21048,Los Marines,Huelva,"Marines, Los"
21049,Minas de Riotinto,Huelva,Minas de Riotinto
21050,Moguer,Huelva,Moguer
21051,La Nava,Huelva,"Nava, La"
21052,Nerva,Huelva,Nerva
21053,Niebla,Huelva,Niebla
21054,La Palma del Condado,Huelva,"Palma del Condado, La"
21055,Palos de la Frontera,Huelva,Palos de la Frontera
21056,Paterna del Campo,Huelva,Paterna del Campo
21057,Paymogo,Huelva,Paymogo
21058,Puebla de Guzmán,Huelva,Puebla de Guzmán
21059,Puerto Moral,Huelva,Puerto Moral
21060,Punta Umbría,Huelva,Punta Umbría
21061,Rociana del Condado,Huelva,Rociana del Condado
21062,Rosal de la Frontera,Huelva,Rosal de la Frontera
21063,San Bartolomé de la Torre,Huelva,San Bartolomé de la Torre
21064,San Juan del Puerto,Huelva,San Juan del Puerto
21066,San Silvestre de Guzmán,Huelva,San Silvestre de Guzmán
21065,Sanlúcar de Guadiana,Huelva,Sanlúcar de Guadiana
21067,Santa Ana la Real,Huelva,Santa Ana la Real
21068,Santa Bárbara de Casa,Huelva,Santa Bárbara de Casa
21069,Santa Olalla del Cala,Huelva,Santa Olalla del Cala
21070,Trigueros,Huelva,Trigueros
21071,Valdelarco,Huelva,Valdelarco
21072,Valverde del Camino,Huelva,Valverde del Camino
21073,Villablanca,Huelva,Villablanca
21074,Villalba del Alcor,Huelva,Villalba del Alcor
21075,Villanueva de las Cruces,Huelva,Villanueva de las Cruces
21076,Villanueva de los Castillejos,Huelva,Villanueva de los Castillejos
21077,Villarrasa,Huelva,Villarrasa
21078,Zalamea la Real,Huelva,Zalamea la Real
21902,La Zarza-Perrunal,Huelva,"Zarza-Perrunal, La"
21079,Zufre,Huelva,Zufre
22001,Abiego,Huesca,Abiego
22002,Abizanda,Huesca,Abizanda
22003,Adahuesca,Huesca,Adahuesca
22004,Agüero,Huesca,Agüero
22907,Aínsa-Sobrarbe,Huesca,Aínsa-Sobrarbe
22006,Aisa,Huesca,Aisa
22007,Albalate de Cinca,Huesca,Albalate de Cinca
22008,Albalatillo,Huesca,Albalatillo
22009,Albelda,Huesca,Albelda
22011,Albero Alto,Huesca,Albero Alto
22012,Albero Bajo,Huesca,Albero Bajo
22013,Alberuela de Tubo,Huesca,Alberuela de Tubo
22014,Alcalá de Gurrea,Huesca,Alcalá de Gurrea
22015,Alcalá del Obispo,Huesca,Alcalá del Obispo
22016,Alcampell,Huesca,Alcampell
22017,Alcolea de Cinca,Huesca,Alcolea de Cinca
22018,Alcubierre,Huesca,Alcubierre
22019,Alerre,Huesca,Alerre
22020,Alfántega,Huesca,Alfántega
22021,Almudévar,Huesca,Almudévar
22022,Almunia de San Juan,Huesca,Almunia de San Juan
22023,Almuniente,Huesca,Almuniente
22024,Alquézar,Huesca,Alquézar
22025,Altorricón,Huesca,Altorricón
22027,Angüés,Huesca,Angüés
22028,Ansó,Huesca,Ansó
22029,Antillón,Huesca,Antillón
22032,Aragüés del Puerto,Huesca,Aragüés del Puerto
22035,Arén,Huesca,Arén
22036,Argavieso,Huesca,Argavieso
22037,Arguis,Huesca,Arguis
22039,Ayerbe,Huesca,Ayerbe
22040,Azanuy-Alins,Huesca,Azanuy-Alins
22041,Azara,Huesca,Azara
22042,Azlor,Huesca,Azlor
22043,Baélls,Huesca,Baélls
22044,Bailo,Huesca,Bailo
22045,Baldellou,Huesca,Baldellou
22046,Ballobar,Huesca,Ballobar
22047,Banastás,Huesca,Banastás
22048,Barbastro,Huesca,Barbastro
22049,Barbués,Huesca,Barbués
22050,Barbuñales,Huesca,Barbuñales
22051,Bárcabo,Huesca,Bárcabo
22052,Belver de Cinca,Huesca,Belver de Cinca
22053,Benabarre,Huesca,Benabarre
22054,Benasque,Huesca,Benasque
22246,Beranuy,Huesca,Beranuy
22055,Berbegal,Huesca,Berbegal
22057,Bielsa,Huesca,Bielsa
22058,Bierge,Huesca,Bierge
22059,Biescas,Huesca,Biescas
22060,Binaced,Huesca,Binaced
22061,Binéfar,Huesca,Binéfar
22062,Bisaurri,Huesca,Bisaurri
22063,Biscarrués,Huesca,Biscarrués
22064,Blecua y Torres,Huesca,Blecua y Torres
22066,Boltaña,Huesca,Boltaña
22067,Bonansa,Huesca,Bonansa
22068,Borau,Huesca,Borau
22069,Broto,Huesca,Broto
22072,Caldearenas,Huesca,Caldearenas
22074,Campo,Huesca,Campo
22075,Camporrélls,Huesca,Camporrélls
22076,Canal de Berdún,Huesca,Canal de Berdún
22077,Candasnos,Huesca,Candasnos
22078,Canfranc,Huesca,Canfranc
22079,Capdesaso,Huesca,Capdesaso
22080,Capella,Huesca,Capella
22081,Casbas de Huesca,Huesca,Casbas de Huesca
22083,Castejón de Monegros,Huesca,Castejón de Monegros
22084,Castejón de Sos,Huesca,Castejón de Sos
22082,Castejón del Puente,Huesca,Castejón del Puente
22085,Castelflorite,Huesca,Castelflorite
22086,Castiello de Jaca,Huesca,Castiello de Jaca
22087,Castigaleu,Huesca,Castigaleu
22088,Castillazuelo,Huesca,Castillazuelo
22089,Castillonroy,Huesca,Castillonroy
22094,Chalamera,Huesca,Chalamera
22095,Chía,Huesca,Chía
22096,Chimillas,Huesca,Chimillas
22090,Colungo,Huesca,Colungo
22099,Esplús,Huesca,Esplús
22102,Estada,Huesca,Estada
22103,Estadilla,Huesca,Estadilla
22105,Estopiñán del Castillo,Huesca,Estopiñán del Castillo
22106,Fago,Huesca,Fago
22107,Fanlo,Huesca,Fanlo
22109,Fiscal,Huesca,Fiscal
22110,Fonz,Huesca,Fonz
22111,Foradada del Toscar,Huesca,Foradada del Toscar
22112,Fraga,Huesca,Fraga
22113,La Fueva,Huesca,"Fueva, La"
22114,Gistaín,Huesca,Gistaín
22115,El Grado,Huesca,"Grado, El"
22116,Grañén,Huesca,Grañén
22117,Graus,Huesca,Graus
22119,Gurrea de Gállego,Huesca,Gurrea de Gállego
22122,Hoz de Jaca,Huesca,Hoz de Jaca
22908,Hoz y Costean,Huesca,Hoz y Costean
22124,Huerto,Huesca,Huerto
22125,Huesca,Huesca,Huesca
22126,Ibieca,Huesca,Ibieca
22127,Igriés,Huesca,Igriés
22128,Ilche,Huesca,Ilche
22129,Isábena,Huesca,Isábena
22130,Jaca,Huesca,Jaca
22131,Jasa,Huesca,Jasa
22133,Labuerda,Huesca,Labuerda
22135,Laluenga,Huesca,Laluenga
22136,Lalueza,Huesca,Lalueza
22137,Lanaja,Huesca,Lanaja
22139,Laperdiguera,Huesca,Laperdiguera
22141,Lascellas-Ponzano,Huesca,Lascellas-Ponzano
22142,Lascuarre,Huesca,Lascuarre
22143,Laspaúles,Huesca,Laspaúles
22144,Laspuña,Huesca,Laspuña
22149,Loarre,Huesca,Loarre
22150,Loporzano,Huesca,Loporzano
22151,Loscorrales,Huesca,Loscorrales
22905,Lupiñén-Ortilla,Huesca,Lupiñén-Ortilla
22155,Monesma y Cajigar,Huesca,Monesma y Cajigar
22156,Monflorite-Lascasas,Huesca,Monflorite-Lascasas
22157,Montanuy,Huesca,Montanuy
22158,Monzón,Huesca,Monzón
22160,Naval,Huesca,Naval
22162,Novales,Huesca,Novales
22163,Nueno,Huesca,Nueno
22164,Olvena,Huesca,Olvena
22165,Ontiñena,Huesca,Ontiñena
22167,Osso de Cinca,Huesca,Osso de Cinca
22168,Palo,Huesca,Palo
22170,Panticosa,Huesca,Panticosa
22172,Peñalba,Huesca,Peñalba
22173,Las Peñas de Riglos,Huesca,"Peñas de Riglos, Las"
22174,Peralta de Alcofea,Huesca,Peralta de Alcofea
22175,Peralta de Calasanz,Huesca,Peralta de Calasanz
22176,Peraltilla,Huesca,Peraltilla
22177,Perarrúa,Huesca,Perarrúa
22178,Pertusa,Huesca,Pertusa
22181,Piracés,Huesca,Piracés
22182,Plan,Huesca,Plan
22184,Poleñino,Huesca,Poleñino
22186,Pozán de Vero,Huesca,Pozán de Vero
22187,La Puebla de Castro,Huesca,"Puebla de Castro, La"
22188,Puente de Montañana,Huesca,Puente de Montañana
22902,Puente la Reina de Jaca,Huesca,Puente la Reina de Jaca
22189,Puértolas,Huesca,Puértolas
22190,El Pueyo de Araguás,Huesca,"Pueyo de Araguás, El"
22193,Pueyo de Santa Cruz,Huesca,Pueyo de Santa Cruz
22195,Quicena,Huesca,Quicena
22197,Robres,Huesca,Robres
22199,Sabiñánigo,Huesca,Sabiñánigo
22200,Sahún,Huesca,Sahún
22201,Salas Altas,Huesca,Salas Altas
22202,Salas Bajas,Huesca,Salas Bajas
22203,Salillas,Huesca,Salillas
22204,Sallent de Gállego,Huesca,Sallent de Gállego
22205,San Esteban de Litera,Huesca,San Esteban de Litera
22207,San Juan de Plan,Huesca,San Juan de Plan
22903,San Miguel del Cinca,Huesca,San Miguel del Cinca
22206,Sangarrén,Huesca,Sangarrén
22208,Santa Cilia,Huesca,Santa Cilia
22209,Santa Cruz de la Serós,Huesca,Santa Cruz de la Serós
22906,Santa María de Dulcis,Huesca,Santa María de Dulcis
22212,Santaliestra y San Quílez,Huesca,Santaliestra y San Quílez
22213,Sariñena,Huesca,Sariñena
22214,Secastilla,Huesca,Secastilla
22215,Seira,Huesca,Seira
22217,Sena,Huesca,Sena
22218,Senés de Alcubierre,Huesca,Senés de Alcubierre
22220,Sesa,Huesca,Sesa
22221,Sesué,Huesca,Sesué
22222,Siétamo,Huesca,Siétamo
22223,Sopeira,Huesca,Sopeira
22904,La Sotonera,Huesca,"Sotonera, La"
22225,Tamarite de Litera,Huesca,Tamarite de Litera
22226,Tardienta,Huesca,Tardienta
22227,Tella-Sin,Huesca,Tella-Sin
22228,Tierz,Huesca,Tierz
22229,Tolva,Huesca,Tolva
22230,Torla-Ordesa,Huesca,Torla-Ordesa
22232,Torralba de Aragón,Huesca,Torralba de Aragón
22233,Torre la Ribera,Huesca,Torre la Ribera
22234,Torrente de Cinca,Huesca,Torrente de Cinca
22235,Torres de Alcanadre,Huesca,Torres de Alcanadre
22236,Torres de Barbués,Huesca,Torres de Barbués
22239,Tramaced,Huesca,Tramaced
22242,Valfarta,Huesca,Valfarta
22243,Valle de Bardají,Huesca,Valle de Bardají
22901,Valle de Hecho,Huesca,Valle de Hecho
22244,Valle de Lierp,Huesca,Valle de Lierp
22245,Velilla de Cinca,Huesca,Velilla de Cinca
22909,Vencillón,Huesca,Vencillón
22247,Viacamp y Litera,Huesca,Viacamp y Litera
22248,Vicién,Huesca,Vicién
22249,Villanova,Huesca,Villanova
22250,Villanúa,Huesca,Villanúa
22251,Villanueva de Sigena,Huesca,Villanueva de Sigena
22252,Yebra de Basa,Huesca,Yebra de Basa
22253,Yésero,Huesca,Yésero
22254,Zaidín,Huesca,Zaidín
23001,Albanchez de Mágina,Jaén,Albanchez de Mágina
23002,Alcalá la Real,Jaén,Alcalá la Real
23003,Alcaudete,Jaén,Alcaudete
23004,Aldeaquemada,Jaén,Aldeaquemada
23005,Andújar,Jaén,Andújar
23006,Arjona,Jaén,Arjona
23007,Arjonilla,Jaén,Arjonilla
23008,Arquillos,Jaén,Arquillos
23905,Arroyo del Ojanco,Jaén,Arroyo del Ojanco
23009,Baeza,Jaén,Baeza
23010,Bailén,Jaén,Bailén
23011,Baños de la Encina,Jaén,Baños de la Encina
23012,Beas de Segura,Jaén,Beas de Segura
23902,Bedmar y Garcíez,Jaén,Bedmar y Garcíez
23014,Begíjar,Jaén,Begíjar
23015,Bélmez de la Moraleda,Jaén,Bélmez de la Moraleda
23016,Benatae,Jaén,Benatae
23017,Cabra del Santo Cristo,Jaén,Cabra del Santo Cristo
23018,Cambil,Jaén,Cambil
23019,Campillo de Arenas,Jaén,Campillo de Arenas
23020,Canena,Jaén,Canena
23021,Carboneros,Jaén,Carboneros
23901,Cárcheles,Jaén,Cárcheles
23024,La Carolina,Jaén,"Carolina, La"
23025,Castellar,Jaén,Castellar
23026,Castillo de Locubín,Jaén,Castillo de Locubín
23027,Cazalilla,Jaén,Cazalilla
23028,Cazorla,Jaén,Cazorla
23029,Chiclana de Segura,Jaén,Chiclana de Segura
23030,Chilluévar,Jaén,Chilluévar
23031,Escañuela,Jaén,Escañuela
23032,Espeluy,Jaén,Espeluy
23033,Frailes,Jaén,Frailes
23034,Fuensanta de Martos,Jaén,Fuensanta de Martos
23035,Fuerte del Rey,Jaén,Fuerte del Rey
23037,Génave,Jaén,Génave
23038,La Guardia de Jaén,Jaén,"Guardia de Jaén, La"
23039,Guarromán,Jaén,Guarromán
23041,Higuera de Calatrava,Jaén,Higuera de Calatrava
23042,Hinojares,Jaén,Hinojares
23043,Hornos,Jaén,Hornos
23044,Huelma,Jaén,Huelma
23045,Huesa,Jaén,Huesa
23046,Ibros,Jaén,Ibros
23047,La Iruela,Jaén,"Iruela, La"
23048,Iznatoraf,Jaén,Iznatoraf
23049,Jabalquinto,Jaén,Jabalquinto
23050,Jaén,Jaén,Jaén
23051,Jamilena,Jaén,Jamilena
23052,Jimena,Jaén,Jimena
23053,Jódar,Jaén,Jódar
23040,Lahiguera,Jaén,Lahiguera
23054,Larva,Jaén,Larva
23055,Linares,Jaén,Linares
23056,Lopera,Jaén,Lopera
23057,Lupión,Jaén,Lupión
23058,Mancha Real,Jaén,Mancha Real
23059,Marmolejo,Jaén,Marmolejo
23060,Martos,Jaén,Martos
23061,Mengíbar,Jaén,Mengíbar
23062,Montizón,Jaén,Montizón
23063,Navas de San Juan,Jaén,Navas de San Juan
23064,Noalejo,Jaén,Noalejo
23065,Orcera,Jaén,Orcera
23066,Peal de Becerro,Jaén,Peal de Becerro
23067,Pegalajar,Jaén,Pegalajar
23069,Porcuna,Jaén,Porcuna
23070,Pozo Alcón,Jaén,Pozo Alcón
23071,Puente de Génave,Jaén,Puente de Génave
23072,La Puerta de Segura,Jaén,"Puerta de Segura, La"
23073,Quesada,Jaén,Quesada
23074,Rus,Jaén,Rus
23075,Sabiote,Jaén,Sabiote
23076,Santa Elena,Jaén,Santa Elena
23077,Santiago de Calatrava,Jaén,Santiago de Calatrava
23904,Santiago-Pontones,Jaén,Santiago-Pontones
23079,Santisteban del Puerto,Jaén,Santisteban del Puerto
23080,Santo Tomé,Jaén,Santo Tomé
23081,Segura de la Sierra,Jaén,Segura de la Sierra
23082,Siles,Jaén,Siles
23084,Sorihuela del Guadalimar,Jaén,Sorihuela del Guadalimar
23085,Torreblascopedro,Jaén,Torreblascopedro
23086,Torredelcampo,Jaén,Torredelcampo
23087,Torredonjimeno,Jaén,Torredonjimeno
23088,Torreperogil,Jaén,Torreperogil
23090,Torres,Jaén,Torres
23091,Torres de Albánchez,Jaén,Torres de Albánchez
23092,Úbeda,Jaén,Úbeda
23093,Valdepeñas de Jaén,Jaén,Valdepeñas de Jaén
23094,Vilches,Jaén,Vilches
23095,Villacarrillo,Jaén,Villacarrillo
23096,Villanueva de la Reina,Jaén,Villanueva de la Reina
23097,Villanueva del Arzobispo,Jaén,Villanueva del Arzobispo
23098,Villardompardo,Jaén,Villardompardo
23099,Los Villares,Jaén,"Villares, Los"
23101,Villarrodrigo,Jaén,Villarrodrigo
23903,Villatorres,Jaén,Villatorres
24001,Acebedo,León,Acebedo
24002,Algadefe,León,Algadefe
24003,Alija del Infantado,León,Alija del Infantado
24004,Almanza,León,Almanza
24005,La Antigua,León,"Antigua, La"
24006,Ardón,León,Ardón
24007,Arganza,León,Arganza
24008,Astorga,León,Astorga
24009,Balboa,León,Balboa
24010,La Bañeza,León,"Bañeza, La"
24011,Barjas,León,Barjas
24012,Los Barrios de Luna,León,"Barrios de Luna, Los"
24014,Bembibre,León,Bembibre
24015,Benavides,León,Benavides
24016,Benuza,León,Benuza
24017,Bercianos del Páramo,León,Bercianos del Páramo
24018,Bercianos del Real Camino,León,Bercianos del Real Camino
24019,Berlanga del Bierzo,León,Berlanga del Bierzo
24020,Boca de Huérgano,León,Boca de Huérgano
24021,Boñar,León,Boñar
24022,Borrenes,León,Borrenes
24023,Brazuelo,León,Brazuelo
24024,El Burgo Ranero,León,"Burgo Ranero, El"
24025,Burón,León,Burón
24026,Bustillo del Páramo,León,Bustillo del Páramo
24027,Cabañas Raras,León,Cabañas Raras
24028,Cabreros del Río,León,Cabreros del Río
24029,Cabrillanes,León,Cabrillanes
24030,Cacabelos,León,Cacabelos
24031,Calzada del Coto,León,Calzada del Coto
24032,Campazas,León,Campazas
24033,Campo de Villavidel,León,Campo de Villavidel
24034,Camponaraya,León,Camponaraya
24037,Cármenes,León,Cármenes
24038,Carracedelo,León,Carracedelo
24039,Carrizo,León,Carrizo
24040,Carrocera,León,Carrocera
24041,Carucedo,León,Carucedo
24042,Castilfalé,León,Castilfalé
24043,Castrillo de Cabrera,León,Castrillo de Cabrera
24044,Castrillo de la Valduerna,León,Castrillo de la Valduerna
24046,Castrocalbón,León,Castrocalbón
24047,Castrocontrigo,León,Castrocontrigo
24049,Castropodame,León,Castropodame
24050,Castrotierra de Valmadrigal,León,Castrotierra de Valmadrigal
24051,Cea,León,Cea
24052,Cebanico,León,Cebanico
24053,Cebrones del Río,León,Cebrones del Río
24065,Chozas de Abajo,León,Chozas de Abajo
24054,Cimanes de la Vega,León,Cimanes de la Vega
24055,Cimanes del Tejar,León,Cimanes del Tejar
24056,Cistierna,León,Cistierna
24057,Congosto,León,Congosto
24058,Corbillos de los Oteros,León,Corbillos de los Oteros
24059,Corullón,León,Corullón
24060,Crémenes,León,Crémenes
24061,Cuadros,León,Cuadros
24062,Cubillas de los Oteros,León,Cubillas de los Oteros
24063,Cubillas de Rueda,León,Cubillas de Rueda
24064,Cubillos del Sil,León,Cubillos del Sil
24066,Destriana,León,Destriana
24067,Encinedo,León,Encinedo
24068,La Ercina,León,"Ercina, La"
24069,Escobar de Campos,León,Escobar de Campos
24070,Fabero,León,Fabero
24071,Folgoso de la Ribera,León,Folgoso de la Ribera
24073,Fresno de la Vega,León,Fresno de la Vega
24074,Fuentes de Carbajal,León,Fuentes de Carbajal
24076,Garrafe de Torío,León,Garrafe de Torío
24077,Gordaliza del Pino,León,Gordaliza del Pino
24078,Gordoncillo,León,Gordoncillo
24079,Gradefes,León,Gradefes
24080,Grajal de Campos,León,Grajal de Campos
24081,Gusendos de los Oteros,León,Gusendos de los Oteros
24082,Hospital de Órbigo,León,Hospital de Órbigo
24083,Igüeña,León,Igüeña
24084,Izagre,León,Izagre
24086,Joarilla de las Matas,León,Joarilla de las Matas
24087,Laguna Dalga,León,Laguna Dalga
24088,Laguna de Negrillos,León,Laguna de Negrillos
24089,León,León,León
24092,Llamas de la Ribera,León,Llamas de la Ribera
24090,Lucillo,León,Lucillo
24091,Luyego,León,Luyego
24093,Magaz de Cepeda,León,Magaz de Cepeda
24094,Mansilla de las Mulas,León,Mansilla de las Mulas
24095,Mansilla Mayor,León,Mansilla Mayor
24096,Maraña,León,Maraña
24097,Matadeón de los Oteros,León,Matadeón de los Oteros
24098,Matallana de Torío,León,Matallana de Torío
24099,Matanza,León,Matanza
24100,Molinaseca,León,Molinaseca
24101,Murias de Paredes,León,Murias de Paredes
24102,Noceda del Bierzo,León,Noceda del Bierzo
24103,Oencia,León,Oencia
24104,Las Omañas,León,"Omañas, Las"
24105,Onzonilla,León,Onzonilla
24106,Oseja de Sajambre,León,Oseja de Sajambre
24107,Pajares de los Oteros,León,Pajares de los Oteros
24108,Palacios de la Valduerna,León,Palacios de la Valduerna
24109,Palacios del Sil,León,Palacios del Sil
24110,Páramo del Sil,León,Páramo del Sil
24112,Peranzanes,León,Peranzanes
24113,Pobladura de Pelayo García,León,Pobladura de Pelayo García
24114,La Pola de Gordón,León,"Pola de Gordón, La"
24115,Ponferrada,León,Ponferrada
24116,Posada de Valdeón,León,Posada de Valdeón
24117,Pozuelo del Páramo,León,Pozuelo del Páramo
24118,Prado de la Guzpeña,León,Prado de la Guzpeña
24119,Priaranza del Bierzo,León,Priaranza del Bierzo
24120,Prioro,León,Prioro
24121,Puebla de Lillo,León,Puebla de Lillo
24122,Puente de Domingo Flórez,León,Puente de Domingo Flórez
24123,Quintana del Castillo,León,Quintana del Castillo
24124,Quintana del Marco,León,Quintana del Marco
24125,Quintana y Congosto,León,Quintana y Congosto
24127,Regueras de Arriba,León,Regueras de Arriba
24129,Reyero,León,Reyero
24130,Riaño,León,Riaño
24131,Riego de la Vega,León,Riego de la Vega
24132,Riello,León,Riello
24133,Rioseco de Tapia,León,Rioseco de Tapia
24134,La Robla,León,"Robla, La"
24136,Roperuelos del Páramo,León,Roperuelos del Páramo
24137,Sabero,León,Sabero
24139,Sahagún,León,Sahagún
24141,San Adrián del Valle,León,San Adrián del Valle
24142,San Andrés del Rabanedo,León,San Andrés del Rabanedo
24144,San Cristóbal de la Polantera,León,San Cristóbal de la Polantera
24145,San Emiliano,León,San Emiliano
24146,San Esteban de Nogales,León,San Esteban de Nogales
24148,San Justo de la Vega,León,San Justo de la Vega
24149,San Millán de los Caballeros,León,San Millán de los Caballeros
24150,San Pedro Bercianos,León,San Pedro Bercianos
24143,Sancedo,León,Sancedo
24151,Santa Colomba de Curueño,León,Santa Colomba de Curueño
24152,Santa Colomba de Somoza,León,Santa Colomba de Somoza
24153,Santa Cristina de Valmadrigal,León,Santa Cristina de Valmadrigal
24154,Santa Elena de Jamuz,León,Santa Elena de Jamuz
24155,Santa María de la Isla,León,Santa María de la Isla
24158,Santa María de Ordás,León,Santa María de Ordás
24156,Santa María del Monte de Cea,León,Santa María del Monte de Cea
24157,Santa María del Páramo,León,Santa María del Páramo
24159,Santa Marina del Rey,León,Santa Marina del Rey
24160,Santas Martas,León,Santas Martas
24161,Santiago Millas,León,Santiago Millas
24162,Santovenia de la Valdoncina,León,Santovenia de la Valdoncina
24163,Sariegos,León,Sariegos
24164,Sena de Luna,León,Sena de Luna
24165,Sobrado,León,Sobrado
24166,Soto de la Vega,León,Soto de la Vega
24167,Soto y Amío,León,Soto y Amío
24168,Toral de los Guzmanes,León,Toral de los Guzmanes
24206,Toral de los Vados,León,Toral de los Vados
24169,Toreno,León,Toreno
24170,Torre del Bierzo,León,Torre del Bierzo
24171,Trabadelo,León,Trabadelo
24172,Truchas,León,Truchas
24173,Turcia,León,Turcia
24174,Urdiales del Páramo,León,Urdiales del Páramo
24185,Val de San Lorenzo,León,Val de San Lorenzo
24175,Valdefresno,León,Valdefresno
24176,Valdefuentes del Páramo,León,Valdefuentes del Páramo
24177,Valdelugueros,León,Valdelugueros
24178,Valdemora,León,Valdemora
24179,Valdepiélago,León,Valdepiélago
24180,Valdepolo,León,Valdepolo
24181,Valderas,León,Valderas
24182,Valderrey,León,Valderrey
24183,Valderrueda,León,Valderrueda
24184,Valdesamario,León,Valdesamario
24187,Valdevimbre,León,Valdevimbre
24188,Valencia de Don Juan,León,Valencia de Don Juan
24036,Valle de Ancares,León,Valle de Ancares
24191,Vallecillo,León,Vallecillo
24189,Valverde de la Virgen,León,Valverde de la Virgen
24190,Valverde-Enrique,León,Valverde-Enrique
24193,La Vecilla,León,"Vecilla, La"
24196,Vega de Espinareda,León,Vega de Espinareda
24197,Vega de Infanzones,León,Vega de Infanzones
24198,Vega de Valcarce,León,Vega de Valcarce
24194,Vegacervera,León,Vegacervera
24199,Vegaquemada,León,Vegaquemada
24201,Vegas del Condado,León,Vegas del Condado
24202,Villablino,León,Villablino
24203,Villabraz,León,Villabraz
24205,Villadangos del Páramo,León,Villadangos del Páramo
24207,Villademor de la Vega,León,Villademor de la Vega
24209,Villafranca del Bierzo,León,Villafranca del Bierzo
24210,Villagatón,León,Villagatón
24211,Villamandos,León,Villamandos
24901,Villamanín,León,Villamanín
24212,Villamañán,León,Villamañán
24213,Villamartín de Don Sancho,León,Villamartín de Don Sancho
24214,Villamejil,León,Villamejil
24215,Villamol,León,Villamol
24216,Villamontán de la Valduerna,León,Villamontán de la Valduerna
24217,Villamoratiel de las Matas,León,Villamoratiel de las Matas
24218,Villanueva de las Manzanas,León,Villanueva de las Manzanas
24219,Villaobispo de Otero,León,Villaobispo de Otero
24902,Villaornate y Castro,León,Villaornate y Castro
24221,Villaquejida,León,Villaquejida
24222,Villaquilambre,León,Villaquilambre
24223,Villarejo de Órbigo,León,Villarejo de Órbigo
24224,Villares de Órbigo,León,Villares de Órbigo
24225,Villasabariego,León,Villasabariego
24226,Villaselán,León,Villaselán
24227,Villaturiel,León,Villaturiel
24228,Villazala,León,Villazala
24229,Villazanzo de Valderaduey,León,Villazanzo de Valderaduey
24230,Zotes del Páramo,León,Zotes del Páramo
25001,Abella de la Conca,Lleida,Abella de la Conca
25002,Àger,Lleida,Àger
25003,Agramunt,Lleida,Agramunt
25038,Aitona,Lleida,Aitona
25004,Els Alamús,Lleida,"Alamús, Els"
25005,Alàs i Cerc,Lleida,Alàs i Cerc
25006,L'Albagés,Lleida,"Albagés, L'"
25007,Albatàrrec,Lleida,Albatàrrec
25008,Albesa,Lleida,Albesa
25009,L'Albi,Lleida,"Albi, L'"
25010,Alcanó,Lleida,Alcanó
25011,Alcarràs,Lleida,Alcarràs
25012,Alcoletge,Lleida,Alcoletge
25013,Alfarràs,Lleida,Alfarràs
25014,Alfés,Lleida,Alfés
25015,Algerri,Lleida,Algerri
25016,Alguaire,Lleida,Alguaire
25017,Alins,Lleida,Alins
25019,Almacelles,Lleida,Almacelles
25020,Almatret,Lleida,Almatret
25021,Almenar,Lleida,Almenar
25022,Alòs de Balaguer,Lleida,Alòs de Balaguer
25023,Alpicat,Lleida,Alpicat
25024,Alt Àneu,Lleida,Alt Àneu
25027,Anglesola,Lleida,Anglesola
25029,Arbeca,Lleida,Arbeca
25031,Arres,Lleida,Arres
25032,Arsèguel,Lleida,Arsèguel
25033,Artesa de Lleida,Lleida,Artesa de Lleida
25034,Artesa de Segre,Lleida,Artesa de Segre
25036,Aspa,Lleida,Aspa
25037,Les Avellanes i Santa Linya,Lleida,"Avellanes i Santa Linya, Les"
25039,Baix Pallars,Lleida,Baix Pallars
25040,Balaguer,Lleida,Balaguer
25041,Barbens,Lleida,Barbens
25042,La Baronia de Rialb,Lleida,"Baronia de Rialb, La"
25044,Bassella,Lleida,Bassella
25045,Bausen,Lleida,Bausen
25046,Belianes,Lleida,Belianes
25170,Bellaguarda,Lleida,Bellaguarda
25047,Bellcaire d'Urgell,Lleida,Bellcaire d'Urgell
25048,Bell-lloc d'Urgell,Lleida,Bell-lloc d'Urgell
25049,Bellmunt d'Urgell,Lleida,Bellmunt d'Urgell
25050,Bellpuig,Lleida,Bellpuig
25051,Bellver de Cerdanya,Lleida,Bellver de Cerdanya
25052,Bellvís,Lleida,Bellvís
25053,Benavent de Segrià,Lleida,Benavent de Segrià
25055,Biosca,Lleida,Biosca
25057,Es Bòrdes,Lleida,"Bòrdes, Es"
25058,Les Borges Blanques,Lleida,"Borges Blanques, Les"
25059,Bossòst,Lleida,Bossòst
25056,Bovera,Lleida,Bovera
25060,Cabanabona,Lleida,Cabanabona
25061,Cabó,Lleida,Cabó
25062,Camarasa,Lleida,Camarasa
25063,Canejan,Lleida,Canejan
25904,Castell de Mur,Lleida,Castell de Mur
25064,Castellar de la Ribera,Lleida,Castellar de la Ribera
25067,Castelldans,Lleida,Castelldans
25068,Castellnou de Seana,Lleida,Castellnou de Seana
25069,Castelló de Farfanya,Lleida,Castelló de Farfanya
25070,Castellserà,Lleida,Castellserà
25071,Cava,Lleida,Cava
25072,Cervera,Lleida,Cervera
25073,Cervià de les Garrigues,Lleida,Cervià de les Garrigues
25074,Ciutadilla,Lleida,Ciutadilla
25075,Clariana de Cardener,Lleida,Clariana de Cardener
25076,El Cogul,Lleida,"Cogul, El"
25077,Coll de Nargó,Lleida,Coll de Nargó
25163,La Coma i la Pedra,Lleida,"Coma i la Pedra, La"
25161,Conca de Dalt,Lleida,Conca de Dalt
25078,Corbins,Lleida,Corbins
25079,Cubells,Lleida,Cubells
25081,L'Espluga Calba,Lleida,"Espluga Calba, L'"
25082,Espot,Lleida,Espot
25088,Estamariu,Lleida,Estamariu
25085,Estaràs,Lleida,Estaràs
25086,Esterri d'Àneu,Lleida,Esterri d'Àneu
25087,Esterri de Cardós,Lleida,Esterri de Cardós
25089,Farrera,Lleida,Farrera
25908,Fígols i Alinyà,Lleida,Fígols i Alinyà
25092,La Floresta,Lleida,"Floresta, La"
25093,Fondarella,Lleida,Fondarella
25094,Foradada,Lleida,Foradada
25096,La Fuliola,Lleida,"Fuliola, La"
25097,Fulleda,Lleida,Fulleda
25098,Gavet de la Conca,Lleida,Gavet de la Conca
25912,Gimenells i el Pla de la Font,Lleida,Gimenells i el Pla de la Font
25099,Golmés,Lleida,Golmés
25100,Gósol,Lleida,Gósol
25101,La Granadella,Lleida,"Granadella, La"
25102,La Granja d'Escarp,Lleida,"Granja d'Escarp, La"
25103,Granyanella,Lleida,Granyanella
25105,Granyena de les Garrigues,Lleida,Granyena de les Garrigues
25104,Granyena de Segarra,Lleida,Granyena de Segarra
25109,Guimerà,Lleida,Guimerà
25903,La Guingueta d'Àneu,Lleida,"Guingueta d'Àneu, La"
25110,Guissona,Lleida,Guissona
25111,Guixers,Lleida,Guixers
25115,Isona i Conca Dellà,Lleida,Isona i Conca Dellà
25112,Ivars de Noguera,Lleida,Ivars de Noguera
25113,Ivars d'Urgell,Lleida,Ivars d'Urgell
25114,Ivorra,Lleida,Ivorra
25910,Josa i Tuixén,Lleida,Josa i Tuixén
25118,Juncosa,Lleida,Juncosa
25119,Juneda,Lleida,Juneda
25121,Les,Lleida,Les
25122,Linyola,Lleida,Linyola
25123,Lladorre,Lleida,Lladorre
25124,Lladurs,Lleida,Lladurs
25125,Llardecans,Lleida,Llardecans
25126,Llavorsí,Lleida,Llavorsí
25120,Lleida,Lleida,Lleida
25127,Lles de Cerdanya,Lleida,Lles de Cerdanya
25128,Llimiana,Lleida,Llimiana
25129,Llobera,Lleida,Llobera
25133,Maials,Lleida,Maials
25130,Maldà,Lleida,Maldà
25131,Massalcoreig,Lleida,Massalcoreig
25132,Massoteres,Lleida,Massoteres
25134,Menàrguens,Lleida,Menàrguens
25135,Miralcamp,Lleida,Miralcamp
25137,Mollerussa,Lleida,Mollerussa
25136,La Molsosa,Lleida,"Molsosa, La"
25139,Montellà i Martinet,Lleida,Montellà i Martinet
25140,Montferrer i Castellbò,Lleida,Montferrer i Castellbò
25138,Montgai,Lleida,Montgai
25142,Montoliu de Lleida,Lleida,Montoliu de Lleida
25141,Montoliu de Segarra,Lleida,Montoliu de Segarra
25143,Montornès de Segarra,Lleida,Montornès de Segarra
25145,Nalec,Lleida,Nalec
25025,Naut Aran,Lleida,Naut Aran
25146,Navès,Lleida,Navès
25148,Odèn,Lleida,Odèn
25149,Oliana,Lleida,Oliana
25150,Oliola,Lleida,Oliola
25151,Olius,Lleida,Olius
25152,Les Oluges,Lleida,"Oluges, Les"
25153,Els Omellons,Lleida,"Omellons, Els"
25154,Els Omells de na Gaia,Lleida,"Omells de na Gaia, Els"
25155,Organyà,Lleida,Organyà
25156,Os de Balaguer,Lleida,Os de Balaguer
25157,Ossó de Sió,Lleida,Ossó de Sió
25158,El Palau d'Anglesola,Lleida,"Palau d'Anglesola, El"
25164,Penelles,Lleida,Penelles
25165,Peramola,Lleida,Peramola
25166,Pinell de Solsonès,Lleida,Pinell de Solsonès
25167,Pinós,Lleida,Pinós
25911,Els Plans de Sió,Lleida,"Plans de Sió, Els"
25168,El Poal,Lleida,"Poal, El"
25169,La Pobla de Cérvoles,Lleida,"Pobla de Cérvoles, La"
25171,La Pobla de Segur,Lleida,"Pobla de Segur, La"
25030,El Pont de Bar,Lleida,"Pont de Bar, El"
25173,El Pont de Suert,Lleida,"Pont de Suert, El"
25172,Ponts,Lleida,Ponts
25174,La Portella,Lleida,"Portella, La"
25175,Prats i Sansor,Lleida,Prats i Sansor
25176,Preixana,Lleida,Preixana
25177,Preixens,Lleida,Preixens
25179,Prullans,Lleida,Prullans
25180,Puiggròs,Lleida,Puiggròs
25181,Puigverd d'Agramunt,Lleida,Puigverd d'Agramunt
25182,Puigverd de Lleida,Lleida,Puigverd de Lleida
25183,Rialp,Lleida,Rialp
25905,Ribera d'Ondara,Lleida,Ribera d'Ondara
25185,Ribera d'Urgellet,Lleida,Ribera d'Urgellet
25186,Riner,Lleida,Riner
25913,Riu de Cerdanya,Lleida,Riu de Cerdanya
25189,Rosselló,Lleida,Rosselló
25190,Salàs de Pallars,Lleida,Salàs de Pallars
25191,Sanaüja,Lleida,Sanaüja
25196,Sant Esteve de la Sarga,Lleida,Sant Esteve de la Sarga
25192,Sant Guim de Freixenet,Lleida,Sant Guim de Freixenet
25197,Sant Guim de la Plana,Lleida,Sant Guim de la Plana
25193,Sant Llorenç de Morunys,Lleida,Sant Llorenç de Morunys
25902,Sant Martí de Riucorb,Lleida,Sant Martí de Riucorb
25194,Sant Ramon,Lleida,Sant Ramon
25201,Sarroca de Bellera,Lleida,Sarroca de Bellera
25200,Sarroca de Lleida,Lleida,Sarroca de Lleida
25202,Senterada,Lleida,Senterada
25035,La Sentiu de Sió,Lleida,"Sentiu de Sió, La"
25204,Seròs,Lleida,Seròs
25203,La Seu d'Urgell,Lleida,"Seu d'Urgell, La"
25205,Sidamon,Lleida,Sidamon
25206,El Soleràs,Lleida,"Soleràs, El"
25207,Solsona,Lleida,Solsona
25208,Soriguera,Lleida,Soriguera
25209,Sort,Lleida,Sort
25210,Soses,Lleida,Soses
25211,Sudanell,Lleida,Sudanell
25212,Sunyer,Lleida,Sunyer
25215,Talarn,Lleida,Talarn
25216,Talavera,Lleida,Talavera
25217,Tàrrega,Lleida,Tàrrega
25218,Tarrés,Lleida,Tarrés
25219,Tarroja de Segarra,Lleida,Tarroja de Segarra
25220,Térmens,Lleida,Térmens
25221,Tírvia,Lleida,Tírvia
25222,Tiurana,Lleida,Tiurana
25223,Torà,Lleida,Torà
25224,Els Torms,Lleida,"Torms, Els"
25225,Tornabous,Lleida,Tornabous
25227,La Torre de Cabdella,Lleida,"Torre de Cabdella, La"
25226,Torrebesses,Lleida,Torrebesses
25228,Torrefarrera,Lleida,Torrefarrera
25907,Torrefeta i Florejacs,Lleida,Torrefeta i Florejacs
25230,Torregrossa,Lleida,Torregrossa
25231,Torrelameu,Lleida,Torrelameu
25232,Torres de Segre,Lleida,Torres de Segre
25233,Torre-serona,Lleida,Torre-serona
25234,Tremp,Lleida,Tremp
25043,La Vall de Boí,Lleida,"Vall de Boí, La"
25901,Vall de Cardós,Lleida,Vall de Cardós
25238,Vallbona de les Monges,Lleida,Vallbona de les Monges
25240,Vallfogona de Balaguer,Lleida,Vallfogona de Balaguer
25906,Les Valls d'Aguilar,Lleida,"Valls d'Aguilar, Les"
25239,Les Valls de Valira,Lleida,"Valls de Valira, Les"
25909,La Vansa i Fórnols,Lleida,"Vansa i Fórnols, La"
25242,Verdú,Lleida,Verdú
25243,Vielha e Mijaran,Lleida,Vielha e Mijaran
25244,Vilagrassa,Lleida,Vilagrassa
25245,Vilaller,Lleida,Vilaller
25247,Vilamòs,Lleida,Vilamòs
25248,Vilanova de Bellpuig,Lleida,Vilanova de Bellpuig
25254,Vilanova de la Barca,Lleida,Vilanova de la Barca
25249,Vilanova de l'Aguda,Lleida,Vilanova de l'Aguda
25250,Vilanova de Meià,Lleida,Vilanova de Meià
25251,Vilanova de Segrià,Lleida,Vilanova de Segrià
25252,Vila-sana,Lleida,Vila-sana
25253,El Vilosell,Lleida,"Vilosell, El"
25255,Vinaixa,Lleida,Vinaixa
26001,Ábalos,La Rioja,Ábalos
26002,Agoncillo,La Rioja,Agoncillo
26003,Aguilar del Río Alhama,La Rioja,Aguilar del Río Alhama
26004,Ajamil de Cameros,La Rioja,Ajamil de Cameros
26005,Albelda de Iregua,La Rioja,Albelda de Iregua
26006,Alberite,La Rioja,Alberite
26007,Alcanadre,La Rioja,Alcanadre
26008,Aldeanueva de Ebro,La Rioja,Aldeanueva de Ebro
26009,Alesanco,La Rioja,Alesanco
26010,Alesón,La Rioja,Alesón
26011,Alfaro,La Rioja,Alfaro
26012,Almarza de Cameros,La Rioja,Almarza de Cameros
26013,Anguciana,La Rioja,Anguciana
26014,Anguiano,La Rioja,Anguiano
26015,Arenzana de Abajo,La Rioja,Arenzana de Abajo
26016,Arenzana de Arriba,La Rioja,Arenzana de Arriba
26017,Arnedillo,La Rioja,Arnedillo
26018,Arnedo,La Rioja,Arnedo
26019,Arrúbal,La Rioja,Arrúbal
26020,Ausejo,La Rioja,Ausejo
26021,Autol,La Rioja,Autol
26022,Azofra,La Rioja,Azofra
26023,Badarán,La Rioja,Badarán
26024,Bañares,La Rioja,Bañares
26026,Baños de Río Tobía,La Rioja,Baños de Río Tobía
26025,Baños de Rioja,La Rioja,Baños de Rioja
26027,Berceo,La Rioja,Berceo
26028,Bergasa,La Rioja,Bergasa
26029,Bergasillas Bajera,La Rioja,Bergasillas Bajera
26030,Bezares,La Rioja,Bezares
26031,Bobadilla,La Rioja,Bobadilla
26032,Brieva de Cameros,La Rioja,Brieva de Cameros
26033,Briñas,La Rioja,Briñas
26034,Briones,La Rioja,Briones
26035,Cabezón de Cameros,La Rioja,Cabezón de Cameros
26036,Calahorra,La Rioja,Calahorra
26037,Camprovín,La Rioja,Camprovín
26038,Canales de la Sierra,La Rioja,Canales de la Sierra
26039,Canillas de Río Tuerto,La Rioja,Canillas de Río Tuerto
26040,Cañas,La Rioja,Cañas
26041,Cárdenas,La Rioja,Cárdenas
26042,Casalarreina,La Rioja,Casalarreina
26043,Castañares de Rioja,La Rioja,Castañares de Rioja
26044,Castroviejo,La Rioja,Castroviejo
26045,Cellorigo,La Rioja,Cellorigo
26046,Cenicero,La Rioja,Cenicero
26047,Cervera del Río Alhama,La Rioja,Cervera del Río Alhama
26048,Cidamón,La Rioja,Cidamón
26049,Cihuri,La Rioja,Cihuri
26050,Cirueña,La Rioja,Cirueña
26051,Clavijo,La Rioja,Clavijo
26052,Cordovín,La Rioja,Cordovín
26053,Corera,La Rioja,Corera
26054,Cornago,La Rioja,Cornago
26055,Corporales,La Rioja,Corporales
26056,Cuzcurrita de Río Tirón,La Rioja,Cuzcurrita de Río Tirón
26057,Daroca de Rioja,La Rioja,Daroca de Rioja
26058,Enciso,La Rioja,Enciso
26059,Entrena,La Rioja,Entrena
26060,Estollo,La Rioja,Estollo
26061,Ezcaray,La Rioja,Ezcaray
26062,Foncea,La Rioja,Foncea
26063,Fonzaleche,La Rioja,Fonzaleche
26064,Fuenmayor,La Rioja,Fuenmayor
26065,Galbárruli,La Rioja,Galbárruli
26066,Galilea,La Rioja,Galilea
26067,Gallinero de Cameros,La Rioja,Gallinero de Cameros
26068,Gimileo,La Rioja,Gimileo
26069,Grañón,La Rioja,Grañón
26070,Grávalos,La Rioja,Grávalos
26071,Haro,La Rioja,Haro
26072,Herce,La Rioja,Herce
26073,Herramélluri,La Rioja,Herramélluri
26074,Hervías,La Rioja,Hervías
26075,Hormilla,La Rioja,Hormilla
26076,Hormilleja,La Rioja,Hormilleja
26077,Hornillos de Cameros,La Rioja,Hornillos de Cameros
26078,Hornos de Moncalvillo,La Rioja,Hornos de Moncalvillo
26079,Huércanos,La Rioja,Huércanos
26080,Igea,La Rioja,Igea
26081,Jalón de Cameros,La Rioja,Jalón de Cameros
26082,Laguna de Cameros,La Rioja,Laguna de Cameros
26083,Lagunilla del Jubera,La Rioja,Lagunilla del Jubera
26084,Lardero,La Rioja,Lardero
26086,Ledesma de la Cogolla,La Rioja,Ledesma de la Cogolla
26087,Leiva,La Rioja,Leiva
26088,Leza de Río Leza,La Rioja,Leza de Río Leza
26089,Logroño,La Rioja,Logroño
26091,Lumbreras de Cameros,La Rioja,Lumbreras de Cameros
26092,Manjarrés,La Rioja,Manjarrés
26093,Mansilla de la Sierra,La Rioja,Mansilla de la Sierra
26094,Manzanares de Rioja,La Rioja,Manzanares de Rioja
26095,Matute,La Rioja,Matute
26096,Medrano,La Rioja,Medrano
26098,Munilla,La Rioja,Munilla
26099,Murillo de Río Leza,La Rioja,Murillo de Río Leza
26100,Muro de Aguas,La Rioja,Muro de Aguas
26101,Muro en Cameros,La Rioja,Muro en Cameros
26102,Nájera,La Rioja,Nájera
26103,Nalda,La Rioja,Nalda
26104,Navajún,La Rioja,Navajún
26105,Navarrete,La Rioja,Navarrete
26106,Nestares,La Rioja,Nestares
26107,Nieva de Cameros,La Rioja,Nieva de Cameros
26109,Ochánduri,La Rioja,Ochánduri
26108,Ocón,La Rioja,Ocón
26110,Ojacastro,La Rioja,Ojacastro
26111,Ollauri,La Rioja,Ollauri
26112,Ortigosa de Cameros,La Rioja,Ortigosa de Cameros
26113,Pazuengos,La Rioja,Pazuengos
26114,Pedroso,La Rioja,Pedroso
26115,Pinillos,La Rioja,Pinillos
26117,Pradejón,La Rioja,Pradejón
26118,Pradillo,La Rioja,Pradillo
26119,Préjano,La Rioja,Préjano
26120,Quel,La Rioja,Quel
26121,Rabanera,La Rioja,Rabanera
26122,El Rasillo de Cameros,La Rioja,"Rasillo de Cameros, El"
26123,El Redal,La Rioja,"Redal, El"
26124,Ribafrecha,La Rioja,Ribafrecha
26125,Rincón de Soto,La Rioja,Rincón de Soto
26126,Robres del Castillo,La Rioja,Robres del Castillo
26127,Rodezno,La Rioja,Rodezno
26128,Sajazarra,La Rioja,Sajazarra
26129,San Asensio,La Rioja,San Asensio
26130,San Millán de la Cogolla,La Rioja,San Millán de la Cogolla
26131,San Millán de Yécora,La Rioja,San Millán de Yécora
26132,San Román de Cameros,La Rioja,San Román de Cameros
26139,San Torcuato,La Rioja,San Torcuato
26142,San Vicente de la Sonsierra,La Rioja,San Vicente de la Sonsierra
26134,Santa Coloma,La Rioja,Santa Coloma
26135,Santa Engracia del Jubera,La Rioja,Santa Engracia del Jubera
26136,Santa Eulalia Bajera,La Rioja,Santa Eulalia Bajera
26138,Santo Domingo de la Calzada,La Rioja,Santo Domingo de la Calzada
26140,Santurde de Rioja,La Rioja,Santurde de Rioja
26141,Santurdejo,La Rioja,Santurdejo
26143,Sojuela,La Rioja,Sojuela
26144,Sorzano,La Rioja,Sorzano
26145,Sotés,La Rioja,Sotés
26146,Soto en Cameros,La Rioja,Soto en Cameros
26147,Terroba,La Rioja,Terroba
26148,Tirgo,La Rioja,Tirgo
26149,Tobía,La Rioja,Tobía
26150,Tormantos,La Rioja,Tormantos
26153,Torre en Cameros,La Rioja,Torre en Cameros
26151,Torrecilla en Cameros,La Rioja,Torrecilla en Cameros
26152,Torrecilla sobre Alesanco,La Rioja,Torrecilla sobre Alesanco
26154,Torremontalbo,La Rioja,Torremontalbo
26155,Treviana,La Rioja,Treviana
26157,Tricio,La Rioja,Tricio
26158,Tudelilla,La Rioja,Tudelilla
26160,Uruñuela,La Rioja,Uruñuela
26161,Valdemadera,La Rioja,Valdemadera
26162,Valgañón,La Rioja,Valgañón
26163,Ventosa,La Rioja,Ventosa
26164,Ventrosa,La Rioja,Ventrosa
26165,Viguera,La Rioja,Viguera
26166,Villalba de Rioja,La Rioja,Villalba de Rioja
26167,Villalobar de Rioja,La Rioja,Villalobar de Rioja
26168,Villamediana de Iregua,La Rioja,Villamediana de Iregua
26169,Villanueva de Cameros,La Rioja,Villanueva de Cameros
26170,El Villar de Arnedo,La Rioja,"Villar de Arnedo, El"
26171,Villar de Torre,La Rioja,Villar de Torre
26172,Villarejo,La Rioja,Villarejo
26173,Villarroya,La Rioja,Villarroya
26174,Villarta-Quintana,La Rioja,Villarta-Quintana
26175,Villavelayo,La Rioja,Villavelayo
26176,Villaverde de Rioja,La Rioja,Villaverde de Rioja
26177,Villoslada de Cameros,La Rioja,Villoslada de Cameros
26178,Viniegra de Abajo,La Rioja,Viniegra de Abajo
26179,Viniegra de Arriba,La Rioja,Viniegra de Arriba
26180,Zarratón,La Rioja,Zarratón
26181,Zarzosa,La Rioja,Zarzosa
26183,Zorraquín,La Rioja,Zorraquín
27001,Abadín,Lugo,Abadín
27002,Alfoz,Lugo,Alfoz
27003,Antas de Ulla,Lugo,Antas de Ulla
27004,Baleira,Lugo,Baleira
27901,Baralla,Lugo,Baralla
27005,Barreiros,Lugo,Barreiros
27006,Becerreá,Lugo,Becerreá
27007,Begonte,Lugo,Begonte
27008,Bóveda,Lugo,Bóveda
27902,Burela,Lugo,Burela
27009,Carballedo,Lugo,Carballedo
27010,Castro de Rei,Lugo,Castro de Rei
27011,Castroverde,Lugo,Castroverde
27012,Cervantes,Lugo,Cervantes
27013,Cervo,Lugo,Cervo
27016,Chantada,Lugo,Chantada
27014,O Corgo,Lugo,"Corgo, O"
27015,Cospeito,Lugo,Cospeito
27017,Folgoso do Courel,Lugo,Folgoso do Courel
27018,A Fonsagrada,Lugo,"Fonsagrada, A"
27019,Foz,Lugo,Foz
27020,Friol,Lugo,Friol
27022,Guitiriz,Lugo,Guitiriz
27023,Guntín,Lugo,Guntín
27024,O Incio,Lugo,"Incio, O"
27026,Láncara,Lugo,Láncara
27027,Lourenzá,Lugo,Lourenzá
27028,Lugo,Lugo,Lugo
27029,Meira,Lugo,Meira
27030,Mondoñedo,Lugo,Mondoñedo
27031,Monforte de Lemos,Lugo,Monforte de Lemos
27032,Monterroso,Lugo,Monterroso
27033,Muras,Lugo,Muras
27034,Navia de Suarna,Lugo,Navia de Suarna
27035,Negueira de Muñiz,Lugo,Negueira de Muñiz
27037,As Nogais,Lugo,"Nogais, As"
27038,Ourol,Lugo,Ourol
27039,Outeiro de Rei,Lugo,Outeiro de Rei
27040,Palas de Rei,Lugo,Palas de Rei
27041,Pantón,Lugo,Pantón
27042,Paradela,Lugo,Paradela
27043,O Páramo,Lugo,"Páramo, O"
27044,A Pastoriza,Lugo,"Pastoriza, A"
27045,Pedrafita do Cebreiro,Lugo,Pedrafita do Cebreiro
27047,A Pobra do Brollón,Lugo,"Pobra do Brollón, A"
27046,Pol,Lugo,Pol
27048,A Pontenova,Lugo,"Pontenova, A"
27049,Portomarín,Lugo,Portomarín
27050,Quiroga,Lugo,Quiroga
27056,Rábade,Lugo,Rábade
27051,Ribadeo,Lugo,Ribadeo
27052,Ribas de Sil,Lugo,Ribas de Sil
27053,Ribeira de Piquín,Lugo,Ribeira de Piquín
27054,Riotorto,Lugo,Riotorto
27055,Samos,Lugo,Samos
27057,Sarria,Lugo,Sarria
27058,O Saviñao,Lugo,"Saviñao, O"
27059,Sober,Lugo,Sober
27060,Taboada,Lugo,Taboada
27061,Trabada,Lugo,Trabada
27062,Triacastela,Lugo,Triacastela
27063,O Valadouro,Lugo,"Valadouro, O"
27064,O Vicedo,Lugo,"Vicedo, O"
27065,Vilalba,Lugo,Vilalba
27066,Viveiro,Lugo,Viveiro
27021,Xermade,Lugo,Xermade
27025,Xove,Lugo,Xove
28001,La Acebeda,Madrid,"Acebeda, La"
28002,Ajalvir,Madrid,Ajalvir
28003,Alameda del Valle,Madrid,Alameda del Valle
28004,El Álamo,Madrid,"Álamo, El"
28005,Alcalá de Henares,Madrid,Alcalá de Henares
28006,Alcobendas,Madrid,Alcobendas
28007,Alcorcón,Madrid,Alcorcón
28008,Aldea del Fresno,Madrid,Aldea del Fresno
28009,Algete,Madrid,Algete
28010,Alpedrete,Madrid,Alpedrete
28011,Ambite,Madrid,Ambite
28012,Anchuelo,Madrid,Anchuelo
28013,Aranjuez,Madrid,Aranjuez
28014,Arganda del Rey,Madrid,Arganda del Rey
28015,Arroyomolinos,Madrid,Arroyomolinos
28016,El Atazar,Madrid,"Atazar, El"
28017,Batres,Madrid,Batres
28018,Becerril de la Sierra,Madrid,Becerril de la Sierra
28019,Belmonte de Tajo,Madrid,Belmonte de Tajo
28021,El Berrueco,Madrid,"Berrueco, El"
28020,Berzosa del Lozoya,Madrid,Berzosa del Lozoya
28022,Boadilla del Monte,Madrid,Boadilla del Monte
28023,El Boalo,Madrid,"Boalo, El"
28024,Braojos,Madrid,Braojos
28025,Brea de Tajo,Madrid,Brea de Tajo
28026,Brunete,Madrid,Brunete
28027,Buitrago del Lozoya,Madrid,Buitrago del Lozoya
28028,Bustarviejo,Madrid,Bustarviejo
28029,Cabanillas de la Sierra,Madrid,Cabanillas de la Sierra
28030,La Cabrera,Madrid,"Cabrera, La"
28031,Cadalso de los Vidrios,Madrid,Cadalso de los Vidrios
28032,Camarma de Esteruelas,Madrid,Camarma de Esteruelas
28033,Campo Real,Madrid,Campo Real
28034,Canencia,Madrid,Canencia
28035,Carabaña,Madrid,Carabaña
28036,Casarrubuelos,Madrid,Casarrubuelos
28037,Cenicientos,Madrid,Cenicientos
28038,Cercedilla,Madrid,Cercedilla
28039,Cervera de Buitrago,Madrid,Cervera de Buitrago
28051,Chapinería,Madrid,Chapinería
28052,Chinchón,Madrid,Chinchón
28040,Ciempozuelos,Madrid,Ciempozuelos
28041,Cobeña,Madrid,Cobeña
28046,Collado Mediano,Madrid,Collado Mediano
28047,Collado Villalba,Madrid,Collado Villalba
28043,Colmenar de Oreja,Madrid,Colmenar de Oreja
28042,Colmenar del Arroyo,Madrid,Colmenar del Arroyo
28045,Colmenar Viejo,Madrid,Colmenar Viejo
28044,Colmenarejo,Madrid,Colmenarejo
28048,Corpa,Madrid,Corpa
28049,Coslada,Madrid,Coslada
28050,Cubas de la Sagra,Madrid,Cubas de la Sagra
28053,Daganzo de Arriba,Madrid,Daganzo de Arriba
28054,El Escorial,Madrid,"Escorial, El"
28055,Estremera,Madrid,Estremera
28056,Fresnedillas de la Oliva,Madrid,Fresnedillas de la Oliva
28057,Fresno de Torote,Madrid,Fresno de Torote
28058,Fuenlabrada,Madrid,Fuenlabrada
28059,Fuente el Saz de Jarama,Madrid,Fuente el Saz de Jarama
28060,Fuentidueña de Tajo,Madrid,Fuentidueña de Tajo
28061,Galapagar,Madrid,Galapagar
28062,Garganta de los Montes,Madrid,Garganta de los Montes
28063,Gargantilla del Lozoya y Pinilla de Buitrago,Madrid,Gargantilla del Lozoya y Pinilla de Buitrago
28064,Gascones,Madrid,Gascones
28065,Getafe,Madrid,Getafe
28066,Griñón,Madrid,Griñón
28067,Guadalix de la Sierra,Madrid,Guadalix de la Sierra
28068,Guadarrama,Madrid,Guadarrama
28069,La Hiruela,Madrid,"Hiruela, La"
28070,Horcajo de la Sierra-Aoslos,Madrid,Horcajo de la Sierra-Aoslos
28071,Horcajuelo de la Sierra,Madrid,Horcajuelo de la Sierra
28072,Hoyo de Manzanares,Madrid,Hoyo de Manzanares
28073,Humanes de Madrid,Madrid,Humanes de Madrid
28074,Leganés,Madrid,Leganés
28075,Loeches,Madrid,Loeches
28076,Lozoya,Madrid,Lozoya
28901,Lozoyuela-Navas-Sieteiglesias,Madrid,Lozoyuela-Navas-Sieteiglesias
28078,Madarcos,Madrid,Madarcos
28079,Madrid,Madrid,Madrid
28080,Majadahonda,Madrid,Majadahonda
28082,Manzanares el Real,Madrid,Manzanares el Real
28083,Meco,Madrid,Meco
28084,Mejorada del Campo,Madrid,Mejorada del Campo
28085,Miraflores de la Sierra,Madrid,Miraflores de la Sierra
28086,El Molar,Madrid,"Molar, El"
28087,Los Molinos,Madrid,"Molinos, Los"
28088,Montejo de la Sierra,Madrid,Montejo de la Sierra
28089,Moraleja de Enmedio,Madrid,Moraleja de Enmedio
28090,Moralzarzal,Madrid,Moralzarzal
28091,Morata de Tajuña,Madrid,Morata de Tajuña
28092,Móstoles,Madrid,Móstoles
28093,Navacerrada,Madrid,Navacerrada
28094,Navalafuente,Madrid,Navalafuente
28095,Navalagamella,Madrid,Navalagamella
28096,Navalcarnero,Madrid,Navalcarnero
28097,Navarredonda y San Mamés,Madrid,Navarredonda y San Mamés
28099,Navas del Rey,Madrid,Navas del Rey
28100,Nuevo Baztán,Madrid,Nuevo Baztán
28101,Olmeda de las Fuentes,Madrid,Olmeda de las Fuentes
28102,Orusco de Tajuña,Madrid,Orusco de Tajuña
28104,Paracuellos de Jarama,Madrid,Paracuellos de Jarama
28106,Parla,Madrid,Parla
28107,Patones,Madrid,Patones
28108,Pedrezuela,Madrid,Pedrezuela
28109,Pelayos de la Presa,Madrid,Pelayos de la Presa
28110,Perales de Tajuña,Madrid,Perales de Tajuña
28111,Pezuela de las Torres,Madrid,Pezuela de las Torres
28112,Pinilla del Valle,Madrid,Pinilla del Valle
28113,Pinto,Madrid,Pinto
28114,Piñuécar-Gandullas,Madrid,Piñuécar-Gandullas
28115,Pozuelo de Alarcón,Madrid,Pozuelo de Alarcón
28116,Pozuelo del Rey,Madrid,Pozuelo del Rey
28117,Prádena del Rincón,Madrid,Prádena del Rincón
28118,Puebla de la Sierra,Madrid,Puebla de la Sierra
28902,Puentes Viejas,Madrid,Puentes Viejas
28119,Quijorna,Madrid,Quijorna
28120,Rascafría,Madrid,Rascafría
28121,Redueña,Madrid,Redueña
28122,Ribatejada,Madrid,Ribatejada
28123,Rivas-Vaciamadrid,Madrid,Rivas-Vaciamadrid
28124,Robledillo de la Jara,Madrid,Robledillo de la Jara
28125,Robledo de Chavela,Madrid,Robledo de Chavela
28126,Robregordo,Madrid,Robregordo
28127,Las Rozas de Madrid,Madrid,"Rozas de Madrid, Las"
28128,Rozas de Puerto Real,Madrid,Rozas de Puerto Real
28129,San Agustín del Guadalix,Madrid,San Agustín del Guadalix
28130,San Fernando de Henares,Madrid,San Fernando de Henares
28131,San Lorenzo de El Escorial,Madrid,San Lorenzo de El Escorial
28132,San Martín de la Vega,Madrid,San Martín de la Vega
28133,San Martín de Valdeiglesias,Madrid,San Martín de Valdeiglesias
28134,San Sebastián de los Reyes,Madrid,San Sebastián de los Reyes
28135,Santa María de la Alameda,Madrid,Santa María de la Alameda
28136,Santorcaz,Madrid,Santorcaz
28137,Los Santos de la Humosa,Madrid,"Santos de la Humosa, Los"
28138,La Serna del Monte,Madrid,"Serna del Monte, La"
28140,Serranillos del Valle,Madrid,Serranillos del Valle
28141,Sevilla la Nueva,Madrid,Sevilla la Nueva
28143,Somosierra,Madrid,Somosierra
28144,Soto del Real,Madrid,Soto del Real
28145,Talamanca de Jarama,Madrid,Talamanca de Jarama
28146,Tielmes,Madrid,Tielmes
28147,Titulcia,Madrid,Titulcia
28148,Torrejón de Ardoz,Madrid,Torrejón de Ardoz
28149,Torrejón de la Calzada,Madrid,Torrejón de la Calzada
28150,Torrejón de Velasco,Madrid,Torrejón de Velasco
28151,Torrelaguna,Madrid,Torrelaguna
28152,Torrelodones,Madrid,Torrelodones
28153,Torremocha de Jarama,Madrid,Torremocha de Jarama
28154,Torres de la Alameda,Madrid,Torres de la Alameda
28903,Tres Cantos,Madrid,Tres Cantos
28155,Valdaracete,Madrid,Valdaracete
28156,Valdeavero,Madrid,Valdeavero
28157,Valdelaguna,Madrid,Valdelaguna
28158,Valdemanco,Madrid,Valdemanco
28159,Valdemaqueda,Madrid,Valdemaqueda
28160,Valdemorillo,Madrid,Valdemorillo
28161,Valdemoro,Madrid,Valdemoro
28162,Valdeolmos-Alalpardo,Madrid,Valdeolmos-Alalpardo
28163,Valdepiélagos,Madrid,Valdepiélagos
28164,Valdetorres de Jarama,Madrid,Valdetorres de Jarama
28165,Valdilecha,Madrid,Valdilecha
28166,Valverde de Alcalá,Madrid,Valverde de Alcalá
28167,Velilla de San Antonio,Madrid,Velilla de San Antonio
28168,El Vellón,Madrid,"Vellón, El"
28169,Venturada,Madrid,Venturada
28171,Villa del Prado,Madrid,Villa del Prado
28170,Villaconejos,Madrid,Villaconejos
28172,Villalbilla,Madrid,Villalbilla
28173,Villamanrique de Tajo,Madrid,Villamanrique de Tajo
28174,Villamanta,Madrid,Villamanta
28175,Villamantilla,Madrid,Villamantilla
28176,Villanueva de la Cañada,Madrid,Villanueva de la Cañada
28178,Villanueva de Perales,Madrid,Villanueva de Perales
28177,Villanueva del Pardillo,Madrid,Villanueva del Pardillo
28179,Villar del Olmo,Madrid,Villar del Olmo
28180,Villarejo de Salvanés,Madrid,Villarejo de Salvanés
28181,Villaviciosa de Odón,Madrid,Villaviciosa de Odón
28182,Villavieja del Lozoya,Madrid,Villavieja del Lozoya
28183,Zarzalejo,Madrid,Zarzalejo
29001,Alameda,Málaga,Alameda
29002,Alcaucín,Málaga,Alcaucín
29003,Alfarnate,Málaga,Alfarnate
29004,Alfarnatejo,Málaga,Alfarnatejo
29005,Algarrobo,Málaga,Algarrobo
29006,Algatocín,Málaga,Algatocín
29007,Alhaurín de la Torre,Málaga,Alhaurín de la Torre
29008,Alhaurín el Grande,Málaga,Alhaurín el Grande
29009,Almáchar,Málaga,Almáchar
29010,Almargen,Málaga,Almargen
29011,Almogía,Málaga,Almogía
29012,Álora,Málaga,Álora
29013,Alozaina,Málaga,Alozaina
29014,Alpandeire,Málaga,Alpandeire
29015,Antequera,Málaga,Antequera
29016,Árchez,Málaga,Árchez
29017,Archidona,Málaga,Archidona
29018,Ardales,Málaga,Ardales
29019,Arenas,Málaga,Arenas
29020,Arriate,Málaga,Arriate
29021,Atajate,Málaga,Atajate
29022,Benadalid,Málaga,Benadalid
29023,Benahavís,Málaga,Benahavís
29024,Benalauría,Málaga,Benalauría
29025,Benalmádena,Málaga,Benalmádena
29026,Benamargosa,Málaga,Benamargosa
29027,Benamocarra,Málaga,Benamocarra
29028,Benaoján,Málaga,Benaoján
29029,Benarrabá,Málaga,Benarrabá
29030,El Borge,Málaga,"Borge, El"
29031,El Burgo,Málaga,"Burgo, El"
29032,Campillos,Málaga,Campillos
29033,Canillas de Aceituno,Málaga,Canillas de Aceituno
29034,Canillas de Albaida,Málaga,Canillas de Albaida
29035,Cañete la Real,Málaga,Cañete la Real
29036,Carratraca,Málaga,Carratraca
29037,Cartajima,Málaga,Cartajima
29038,Cártama,Málaga,Cártama
29039,Casabermeja,Málaga,Casabermeja
29040,Casarabonela,Málaga,Casarabonela
29041,Casares,Málaga,Casares
29042,Coín,Málaga,Coín
29043,Colmenar,Málaga,Colmenar
29044,Comares,Málaga,Comares
29045,Cómpeta,Málaga,Cómpeta
29046,Cortes de la Frontera,Málaga,Cortes de la Frontera
29047,Cuevas Bajas,Málaga,Cuevas Bajas
29049,Cuevas de San Marcos,Málaga,Cuevas de San Marcos
29048,Cuevas del Becerro,Málaga,Cuevas del Becerro
29050,Cútar,Málaga,Cútar
29051,Estepona,Málaga,Estepona
29052,Faraján,Málaga,Faraján
29053,Frigiliana,Málaga,Frigiliana
29054,Fuengirola,Málaga,Fuengirola
29055,Fuente de Piedra,Málaga,Fuente de Piedra
29056,Gaucín,Málaga,Gaucín
29057,Genalguacil,Málaga,Genalguacil
29058,Guaro,Málaga,Guaro
29059,Humilladero,Málaga,Humilladero
29060,Igualeja,Málaga,Igualeja
29061,Istán,Málaga,Istán
29062,Iznate,Málaga,Iznate
29063,Jimera de Líbar,Málaga,Jimera de Líbar
29064,Jubrique,Málaga,Jubrique
29065,Júzcar,Málaga,Júzcar
29066,Macharaviaya,Málaga,Macharaviaya
29067,Málaga,Málaga,Málaga
29068,Manilva,Málaga,Manilva
29069,Marbella,Málaga,Marbella
29070,Mijas,Málaga,Mijas
29071,Moclinejo,Málaga,Moclinejo
29072,Mollina,Málaga,Mollina
29073,Monda,Málaga,Monda
29903,Montecorto,Málaga,Montecorto
29074,Montejaque,Málaga,Montejaque
29075,Nerja,Málaga,Nerja
29076,Ojén,Málaga,Ojén
29077,Parauta,Málaga,Parauta
29079,Periana,Málaga,Periana
29080,Pizarra,Málaga,Pizarra
29081,Pujerra,Málaga,Pujerra
29082,Rincón de la Victoria,Málaga,Rincón de la Victoria
29083,Riogordo,Málaga,Riogordo
29084,Ronda,Málaga,Ronda
29085,Salares,Málaga,Salares
29086,Sayalonga,Málaga,Sayalonga
29087,Sedella,Málaga,Sedella
29904,Serrato,Málaga,Serrato
29088,Sierra de Yeguas,Málaga,Sierra de Yeguas
29089,Teba,Málaga,Teba
29090,Tolox,Málaga,Tolox
29901,Torremolinos,Málaga,Torremolinos
29091,Torrox,Málaga,Torrox
29092,Totalán,Málaga,Totalán
29093,Valle de Abdalajís,Málaga,Valle de Abdalajís
29094,Vélez-Málaga,Málaga,Vélez-Málaga
29095,Villanueva de Algaidas,Málaga,Villanueva de Algaidas
29902,Villanueva de la Concepción,Málaga,Villanueva de la Concepción
29098,Villanueva de Tapia,Málaga,Villanueva de Tapia
29096,Villanueva del Rosario,Málaga,Villanueva del Rosario
29097,Villanueva del Trabuco,Málaga,Villanueva del Trabuco
29099,Viñuela,Málaga,Viñuela
29100,Yunquera,Málaga,Yunquera
30001,Abanilla,Murcia,Abanilla
30002,Abarán,Murcia,Abarán
30003,Águilas,Murcia,Águilas
30004,Albudeite,Murcia,Albudeite
30005,Alcantarilla,Murcia,Alcantarilla
30902,Los Alcázares,Murcia,"Alcázares, Los"
30006,Aledo,Murcia,Aledo
30007,Alguazas,Murcia,Alguazas
30008,Alhama de Murcia,Murcia,Alhama de Murcia
30009,Archena,Murcia,Archena
30010,Beniel,Murcia,Beniel
30011,Blanca,Murcia,Blanca
30012,Bullas,Murcia,Bullas
30013,Calasparra,Murcia,Calasparra
30014,Campos del Río,Murcia,Campos del Río
30015,Caravaca de la Cruz,Murcia,Caravaca de la Cruz
30016,Cartagena,Murcia,Cartagena
30017,Cehegín,Murcia,Cehegín
30018,Ceutí,Murcia,Ceutí
30019,Cieza,Murcia,Cieza
30020,Fortuna,Murcia,Fortuna
30021,Fuente Álamo de Murcia,Murcia,Fuente Álamo de Murcia
30022,Jumilla,Murcia,Jumilla
30023,Librilla,Murcia,Librilla
30024,Lorca,Murcia,Lorca
30025,Lorquí,Murcia,Lorquí
30026,Mazarrón,Murcia,Mazarrón
30027,Molina de Segura,Murcia,Molina de Segura
30028,Moratalla,Murcia,Moratalla
30029,Mula,Murcia,Mula
30030,Murcia,Murcia,Murcia
30031,Ojós,Murcia,Ojós
30032,Pliego,Murcia,Pliego
30033,Puerto Lumbreras,Murcia,Puerto Lumbreras
30034,Ricote,Murcia,Ricote
30035,San Javier,Murcia,San Javier
30036,San Pedro del Pinatar,Murcia,San Pedro del Pinatar
30901,Santomera,Murcia,Santomera
30037,Torre-Pacheco,Murcia,Torre-Pacheco
30038,Las Torres de Cotillas,Murcia,"Torres de Cotillas, Las"
30039,Totana,Murcia,Totana
30040,Ulea,Murcia,Ulea
30041,La Unión,Murcia,"Unión, La"
30042,Villanueva del Río Segura,Murcia,Villanueva del Río Segura
30043,Yecla,Murcia,Yecla
31001,Abáigar,Navarra,Abáigar
31002,Abárzuza,Navarra,Abárzuza/Abartzuza
31003,Abaurregaina,Navarra,Abaurregaina/Abaurrea Alta
31004,Abaurrepea,Navarra,Abaurrepea/Abaurrea Baja
31005,Aberin,Navarra,Aberin
31006,Ablitas,Navarra,Ablitas
31007,Adiós,Navarra,Adiós
31008,Aguilar de Codés,Navarra,Aguilar de Codés
31009,Aibar,Navarra,Aibar/Oibar
31011,Allín,Navarra,Allín/Allin
31012,Allo,Navarra,Allo
31010,Altsasu,Navarra,Altsasu/Alsasua
31013,Améscoa Baja,Navarra,Améscoa Baja
31014,Ancín,Navarra,Ancín/Antzin
31015,Andosilla,Navarra,Andosilla
31016,Ansoáin,Navarra,Ansoáin/Antsoain
31017,Anue,Navarra,Anue
31018,Añorbe,Navarra,Añorbe
31019,Aoiz,Navarra,Aoiz/Agoitz
31020,Araitz,Navarra,Araitz
31025,Arakil,Navarra,Arakil
31021,Aranarache,Navarra,Aranarache/Aranaratxe
31023,Aranguren,Navarra,Aranguren
31024,Arano,Navarra,Arano
31022,Arantza,Navarra,Arantza
31026,Aras,Navarra,Aras
31027,Arbizu,Navarra,Arbizu
31028,Arce,Navarra,Arce/Artzi
31029,Los Arcos,Navarra,"Arcos, Los"
31030,Arellano,Navarra,Arellano
31031,Areso,Navarra,Areso
31032,Arguedas,Navarra,Arguedas
31033,Aria,Navarra,Aria
31034,Aribe,Navarra,Aribe
31035,Armañanzas,Navarra,Armañanzas
31036,Arróniz,Navarra,Arróniz
31037,Arruazu,Navarra,Arruazu
31038,Artajona,Navarra,Artajona
31039,Artazu,Navarra,Artazu
31040,Atetz,Navarra,Atetz
31058,Auritz,Navarra,Auritz/Burguete
31041,Ayegui,Navarra,Ayegui/Aiegi
31042,Azagra,Navarra,Azagra
31043,Azuelo,Navarra,Azuelo
31044,Bakaiku,Navarra,Bakaiku
31901,Barañáin,Navarra,Barañáin/Barañain
31045,Barásoain,Navarra,Barásoain
31046,Barbarin,Navarra,Barbarin
31047,Bargota,Navarra,Bargota
31048,Barillas,Navarra,Barillas
31049,Basaburua,Navarra,Basaburua
31050,Baztan,Navarra,Baztan
31137,Beintza-Labaien,Navarra,Beintza-Labaien
31051,Beire,Navarra,Beire
31052,Belascoáin,Navarra,Belascoáin
31250,Bera,Navarra,Bera
31053,Berbinzana,Navarra,Berbinzana
31905,Beriáin,Navarra,Beriáin
31902,Berrioplano,Navarra,Berrioplano/Berriobeiti
31903,Berriozar,Navarra,Berriozar
31054,Bertizarana,Navarra,Bertizarana
31055,Betelu,Navarra,Betelu
31253,Bidaurreta,Navarra,Bidaurreta
31056,Biurrun-Olcoz,Navarra,Biurrun-Olcoz
31057,Buñuel,Navarra,Buñuel
31059,Burgui,Navarra,Burgui/Burgi
31060,Burlada,Navarra,Burlada/Burlata
31061,El Busto,Navarra,"Busto, El"
31062,Cabanillas,Navarra,Cabanillas
31063,Cabredo,Navarra,Cabredo
31064,Cadreita,Navarra,Cadreita
31065,Caparroso,Navarra,Caparroso
31066,Cárcar,Navarra,Cárcar
31067,Carcastillo,Navarra,Carcastillo
31068,Cascante,Navarra,Cascante
31069,Cáseda,Navarra,Cáseda
31070,Castejón,Navarra,Castejón
31071,Castillonuevo,Navarra,Castillonuevo/Gazteluberri
31193,Cendea de Olza,Navarra,Cendea de Olza/Oltza Zendea
31072,Cintruénigo,Navarra,Cintruénigo
31074,Cirauqui,Navarra,Cirauqui/Zirauki
31075,Ciriza,Navarra,Ciriza/Ziritza
31076,Cizur,Navarra,Cizur
31077,Corella,Navarra,Corella
31078,Cortes,Navarra,Cortes
31079,Desojo,Navarra,Desojo
31080,Dicastillo,Navarra,Dicastillo
31081,Donamaria,Navarra,Donamaria
31221,Doneztebe,Navarra,Doneztebe/Santesteban
31083,Echarri,Navarra,Echarri/Etxarri
31087,Elgorriaga,Navarra,Elgorriaga
31089,Enériz,Navarra,Enériz/Eneritz
31090,Eratsun,Navarra,Eratsun
31091,Ergoiena,Navarra,Ergoiena
31092,Erro,Navarra,Erro
31094,Eslava,Navarra,Eslava
31095,Esparza de Salazar,Navarra,Esparza de Salazar/Espartza Zaraitzu
31096,Espronceda,Navarra,Espronceda
31097,Estella-Lizarra,Navarra,Estella-Lizarra
31098,Esteribar,Navarra,Esteribar
31099,Etayo,Navarra,Etayo
31082,Etxalar,Navarra,Etxalar
31084,Etxarri Aranatz,Navarra,Etxarri Aranatz
31085,Etxauri,Navarra,Etxauri
31100,Eulate,Navarra,Eulate
31101,Ezcabarte,Navarra,Ezcabarte
31093,Ezcároz,Navarra,Ezcároz/Ezkaroze
31102,Ezkurra,Navarra,Ezkurra
31103,Ezprogui,Navarra,Ezprogui
31104,Falces,Navarra,Falces
31105,Fitero,Navarra,Fitero
31106,Fontellas,Navarra,Fontellas
31107,Funes,Navarra,Funes
31108,Fustiñana,Navarra,Fustiñana
31109,Galar,Navarra,Galar
31110,Gallipienzo,Navarra,Gallipienzo/Galipentzu
31111,Gallués,Navarra,Gallués/Galoze
31112,Garaioa,Navarra,Garaioa
31113,Garde,Navarra,Garde
31114,Garínoain,Navarra,Garínoain
31115,Garralda,Navarra,Garralda
31116,Genevilla,Navarra,Genevilla
31117,Goizueta,Navarra,Goizueta
31119,Güesa,Navarra,Güesa/Gorza
31120,Guesálaz,Navarra,Guesálaz/Gesalatz
31121,Guirguillano,Navarra,Guirguillano
31256,Hiriberri,Navarra,Hiriberri/Villanueva de Aezkoa
31122,Huarte,Navarra,Huarte/Uharte
31124,Ibargoiti,Navarra,Ibargoiti
31259,Igantzi,Navarra,Igantzi
31125,Igúzquiza,Navarra,Igúzquiza
31126,Imotz,Navarra,Imotz
31127,Irañeta,Navarra,Irañeta
31904,Irurtzun,Navarra,Irurtzun
31128,Isaba,Navarra,Isaba/Izaba
31129,Ituren,Navarra,Ituren
31130,Iturmendi,Navarra,Iturmendi
31131,Iza,Navarra,Iza/Itza
31132,Izagaondoa,Navarra,Izagaondoa
31133,Izalzu,Navarra,Izalzu/Itzaltzu
31134,Jaurrieta,Navarra,Jaurrieta
31135,Javier,Navarra,Javier
31136,Juslapeña,Navarra,Juslapeña/Txulapain
31138,Lakuntza,Navarra,Lakuntza
31139,Lana,Navarra,Lana
31140,Lantz,Navarra,Lantz
31141,Lapoblación,Navarra,Lapoblación
31142,Larraga,Navarra,Larraga
31143,Larraona,Navarra,Larraona
31144,Larraun,Navarra,Larraun
31145,Lazagurría,Navarra,Lazagurría
31146,Leache,Navarra,Leache/Leatxe
31147,Legarda,Navarra,Legarda
31148,Legaria,Navarra,Legaria
31149,Leitza,Navarra,Leitza
31908,Lekunberri,Navarra,Lekunberri
31150,Leoz,Navarra,Leoz/Leotz
31151,Lerga,Navarra,Lerga
31152,Lerín,Navarra,Lerín
31153,Lesaka,Navarra,Lesaka
31154,Lezaun,Navarra,Lezaun
31155,Liédena,Navarra,Liédena
31156,Lizoain-Arriasgoiti,Navarra,Lizoain-Arriasgoiti/Lizoainibar-Arriasgoiti
31157,Lodosa,Navarra,Lodosa
31158,Lónguida,Navarra,Lónguida/Longida
31159,Lumbier,Navarra,Lumbier
31160,Luquin,Navarra,Luquin
31248,Luzaide,Navarra,Luzaide/Valcarlos
31161,Mañeru,Navarra,Mañeru
31162,Marañón,Navarra,Marañón
31163,Marcilla,Navarra,Marcilla
31164,Mélida,Navarra,Mélida
31165,Mendavia,Navarra,Mendavia
31166,Mendaza,Navarra,Mendaza
31167,Mendigorria,Navarra,Mendigorria
31168,Metauten,Navarra,Metauten
31169,Milagro,Navarra,Milagro
31170,Mirafuentes,Navarra,Mirafuentes
31171,Miranda de Arga,Navarra,Miranda de Arga
31172,Monreal,Navarra,Monreal/Elo
31173,Monteagudo,Navarra,Monteagudo
31174,Morentin,Navarra,Morentin
31175,Mues,Navarra,Mues
31176,Murchante,Navarra,Murchante
31177,Murieta,Navarra,Murieta
31178,Murillo el Cuende,Navarra,Murillo el Cuende
31179,Murillo el Fruto,Navarra,Murillo el Fruto
31180,Muruzábal,Navarra,Muruzábal
31181,Navascués,Navarra,Navascués/Nabaskoze
31182,Nazar,Navarra,Nazar
31183,Obanos,Navarra,Obanos
31185,Ochagavía,Navarra,Ochagavía/Otsagabia
31184,Oco,Navarra,Oco
31186,Odieta,Navarra,Odieta
31187,Oiz,Navarra,Oiz
31188,Olaibar,Navarra,Olaibar
31189,Olazti,Navarra,Olazti/Olazagutía
31190,Olejua,Navarra,Olejua
31191,Olite,Navarra,Olite/Erriberri
31192,Olóriz,Navarra,Olóriz/Oloritz
31195,Orbaizeta,Navarra,Orbaizeta
31196,Orbara,Navarra,Orbara
31197,Orísoain,Navarra,Orísoain
31906,Orkoien,Navarra,Orkoien
31198,Oronz,Navarra,Oronz/Orontze
31199,Oroz-Betelu,Navarra,Oroz-Betelu/Orotz-Betelu
31211,Orreaga,Navarra,Orreaga/Roncesvalles
31200,Oteiza,Navarra,Oteiza
31201,Pamplona,Navarra,Pamplona/Iruña
31202,Peralta,Navarra,Peralta/Azkoien
31203,Petilla de Aragón,Navarra,Petilla de Aragón
31204,Piedramillera,Navarra,Piedramillera
31205,Pitillas,Navarra,Pitillas
31206,Puente la Reina,Navarra,Puente la Reina/Gares
31207,Pueyo,Navarra,Pueyo/Puiu
31208,Ribaforada,Navarra,Ribaforada
31209,Romanzado,Navarra,Romanzado/Erromantzatua
31210,Roncal,Navarra,Roncal/Erronkari
31212,Sada,Navarra,Sada
31213,Saldías,Navarra,Saldías
31214,Salinas de Oro,Navarra,Salinas de Oro/Jaitz
31215,San Adrián,Navarra,San Adrián
31217,San Martín de Unx,Navarra,San Martín de Unx
31216,Sangüesa,Navarra,Sangüesa/Zangoza
31219,Sansol,Navarra,Sansol
31220,Santacara,Navarra,Santacara
31222,Sarriés,Navarra,Sarriés/Sartze
31223,Sartaguda,Navarra,Sartaguda
31224,Sesma,Navarra,Sesma
31225,Sorlada,Navarra,Sorlada
31226,Sunbilla,Navarra,Sunbilla
31227,Tafalla,Navarra,Tafalla
31228,Tiebas-Muruarte de Reta,Navarra,Tiebas-Muruarte de Reta
31229,Tirapu,Navarra,Tirapu
31230,Torralba del Río,Navarra,Torralba del Río
31231,Torres del Río,Navarra,Torres del Río
31232,Tudela,Navarra,Tudela
31233,Tulebras,Navarra,Tulebras
31234,Ucar,Navarra,Ucar
31123,Uharte Arakil,Navarra,Uharte Arakil
31235,Ujué,Navarra,Ujué/Uxue
31236,Ultzama,Navarra,Ultzama
31237,Unciti,Navarra,Unciti
31238,Unzué,Navarra,Unzué/Untzue
31239,Urdazubi,Navarra,Urdazubi/Urdax
31240,Urdiain,Navarra,Urdiain
31241,Urraul Alto,Navarra,Urraul Alto
31242,Urraul Bajo,Navarra,Urraul Bajo
31244,Urroz,Navarra,Urroz
31243,Urroz-Villa,Navarra,Urroz-Villa
31245,Urzainqui,Navarra,Urzainqui/Urzainki
31246,Uterga,Navarra,Uterga
31247,Uztárroz,Navarra,Uztárroz/Uztarroze
31118,Val de Goñi,Navarra,Val de Goñi/Goñerri
31086,Valle de Egüés,Navarra,Valle de Egüés/Eguesibar
31088,Valle de Elorz,Navarra,Valle de Elorz/Elortzibar
31194,Valle de Ollo,Navarra,Valle de Ollo/Ollaran
31260,Valle de Yerri,Navarra,Valle de Yerri/Deierri
31249,Valtierra,Navarra,Valtierra
31251,Viana,Navarra,Viana
31252,Vidángoz,Navarra,Vidángoz/Bidankoze
31254,Villafranca,Navarra,Villafranca
31255,Villamayor de Monjardín,Navarra,Villamayor de Monjardín
31257,Villatuerta,Navarra,Villatuerta
31258,Villava,Navarra,Villava/Atarrabia
31261,Yesa,Navarra,Yesa
31262,Zabalza,Navarra,Zabalza/Zabaltza
31073,Ziordia,Navarra,Ziordia
31907,Zizur Mayor,Navarra,Zizur Mayor/Zizur Nagusia
31263,Zubieta,Navarra,Zubieta
31264,Zugarramurdi,Navarra,Zugarramurdi
31265,Zúñiga,Navarra,Zúñiga
32001,Allariz,Ourense,Allariz
32002,Amoeiro,Ourense,Amoeiro
32003,A Arnoia,Ourense,"Arnoia, A"
32004,Avión,Ourense,Avión
32005,Baltar,Ourense,Baltar
32006,Bande,Ourense,Bande
32007,Baños de Molgas,Ourense,Baños de Molgas
32008,Barbadás,Ourense,Barbadás
32009,O Barco de Valdeorras,Ourense,"Barco de Valdeorras, O"
32010,Beade,Ourense,Beade
32011,Beariz,Ourense,Beariz
32012,Os Blancos,Ourense,"Blancos, Os"
32013,Boborás,Ourense,Boborás
32014,A Bola,Ourense,"Bola, A"
32015,O Bolo,Ourense,"Bolo, O"
32016,Calvos de Randín,Ourense,Calvos de Randín
32018,Carballeda de Avia,Ourense,Carballeda de Avia
32017,Carballeda de Valdeorras,Ourense,Carballeda de Valdeorras
32019,O Carballiño,Ourense,"Carballiño, O"
32020,Cartelle,Ourense,Cartelle
32022,Castrelo de Miño,Ourense,Castrelo de Miño
32021,Castrelo do Val,Ourense,Castrelo do Val
32023,Castro Caldelas,Ourense,Castro Caldelas
32024,Celanova,Ourense,Celanova
32025,Cenlle,Ourense,Cenlle
32029,Chandrexa de Queixa,Ourense,Chandrexa de Queixa
32026,Coles,Ourense,Coles
32027,Cortegada,Ourense,Cortegada
32028,Cualedro,Ourense,Cualedro
32030,Entrimo,Ourense,Entrimo
32031,Esgos,Ourense,Esgos
32033,Gomesende,Ourense,Gomesende
32034,A Gudiña,Ourense,"Gudiña, A"
32035,O Irixo,Ourense,"Irixo, O"
32038,Larouco,Ourense,Larouco
32039,Laza,Ourense,Laza
32040,Leiro,Ourense,Leiro
32041,Lobeira,Ourense,Lobeira
32042,Lobios,Ourense,Lobios
32043,Maceda,Ourense,Maceda
32044,Manzaneda,Ourense,Manzaneda
32045,Maside,Ourense,Maside
32046,Melón,Ourense,Melón
32047,A Merca,Ourense,"Merca, A"
32048,A Mezquita,Ourense,"Mezquita, A"
32049,Montederramo,Ourense,Montederramo
32050,Monterrei,Ourense,Monterrei
32051,Muíños,Ourense,Muíños
32052,Nogueira de Ramuín,Ourense,Nogueira de Ramuín
32053,Oímbra,Ourense,Oímbra
32054,Ourense,Ourense,Ourense
32055,Paderne de Allariz,Ourense,Paderne de Allariz
32056,Padrenda,Ourense,Padrenda
32057,Parada de Sil,Ourense,Parada de Sil
32058,O Pereiro de Aguiar,Ourense,"Pereiro de Aguiar, O"
32059,A Peroxa,Ourense,"Peroxa, A"
32060,Petín,Ourense,Petín
32061,Piñor,Ourense,Piñor
32063,A Pobra de Trives,Ourense,"Pobra de Trives, A"
32064,Pontedeva,Ourense,Pontedeva
32062,Porqueira,Ourense,Porqueira
32065,Punxín,Ourense,Punxín
32066,Quintela de Leirado,Ourense,Quintela de Leirado
32067,Rairiz de Veiga,Ourense,Rairiz de Veiga
32068,Ramirás,Ourense,Ramirás
32069,Ribadavia,Ourense,Ribadavia
32071,Riós,Ourense,Riós
32072,A Rúa,Ourense,"Rúa, A"
32073,Rubiá,Ourense,Rubiá
32074,San Amaro,Ourense,San Amaro
32075,San Cibrao das Viñas,Ourense,San Cibrao das Viñas
32076,San Cristovo de Cea,Ourense,San Cristovo de Cea
32070,San Xoán de Río,Ourense,San Xoán de Río
32077,Sandiás,Ourense,Sandiás
32078,Sarreaus,Ourense,Sarreaus
32079,Taboadela,Ourense,Taboadela
32080,A Teixeira,Ourense,"Teixeira, A"
32081,Toén,Ourense,Toén
32082,Trasmiras,Ourense,Trasmiras
32083,A Veiga,Ourense,"Veiga, A"
32084,Verea,Ourense,Verea
32085,Verín,Ourense,Verín
32086,Viana do Bolo,Ourense,Viana do Bolo
32087,Vilamarín,Ourense,Vilamarín
32088,Vilamartín de Valdeorras,Ourense,Vilamartín de Valdeorras
32089,Vilar de Barrio,Ourense,Vilar de Barrio
32090,Vilar de Santos,Ourense,Vilar de Santos
32091,Vilardevós,Ourense,Vilardevós
32092,Vilariño de Conso,Ourense,Vilariño de Conso
32032,Xinzo de Limia,Ourense,Xinzo de Limia
32036,Xunqueira de Ambía,Ourense,Xunqueira de Ambía
32037,Xunqueira de Espadanedo,Ourense,Xunqueira de Espadanedo
33001,Allande,Asturias,Allande
33002,Aller,Asturias,Aller
33003,Amieva,Asturias,Amieva
33004,Avilés,Asturias,Avilés
33005,Belmonte de Miranda,Asturias,Belmonte de Miranda
33006,Bimenes,Asturias,Bimenes
33007,Boal,Asturias,Boal
33008,Cabrales,Asturias,Cabrales
33009,Cabranes,Asturias,Cabranes
33010,Candamo,Asturias,Candamo
33012,Cangas de Onís,Asturias,Cangas de Onís
33011,Cangas del Narcea,Asturias,Cangas del Narcea
33013,Caravia,Asturias,Caravia
33014,Carreño,Asturias,Carreño
33015,Caso,Asturias,Caso
33016,Castrillón,Asturias,Castrillón
33017,Castropol,Asturias,Castropol
33018,Coaña,Asturias,Coaña
33019,Colunga,Asturias,Colunga
33020,Corvera de Asturias,Asturias,Corvera de Asturias
33021,Cudillero,Asturias,Cudillero
33022,Degaña,Asturias,Degaña
33023,El Franco,Asturias,"Franco, El"
33024,Gijón,Asturias,Gijón
33025,Gozón,Asturias,Gozón
33026,Grado,Asturias,Grado
33027,Grandas de Salime,Asturias,Grandas de Salime
33028,Ibias,Asturias,Ibias
33029,Illano,Asturias,Illano
33030,Illas,Asturias,Illas
33031,Langreo,Asturias,Langreo
33032,Laviana,Asturias,Laviana
33033,Lena,Asturias,Lena
33035,Llanera,Asturias,Llanera
33036,Llanes,Asturias,Llanes
33037,Mieres,Asturias,Mieres
33038,Morcín,Asturias,Morcín
33039,Muros de Nalón,Asturias,Muros de Nalón
33040,Nava,Asturias,Nava
33041,Navia,Asturias,Navia
33042,Noreña,Asturias,Noreña
33043,Onís,Asturias,Onís
33044,Oviedo,Asturias,Oviedo
33045,Parres,Asturias,Parres
33046,Peñamellera Alta,Asturias,Peñamellera Alta
33047,Peñamellera Baja,Asturias,Peñamellera Baja
33048,Pesoz,Asturias,Pesoz
33049,Piloña,Asturias,Piloña
33050,Ponga,Asturias,Ponga
33051,Pravia,Asturias,Pravia
33052,Proaza,Asturias,Proaza
33053,Quirós,Asturias,Quirós
33054,Las Regueras,Asturias,"Regueras, Las"
33055,Ribadedeva,Asturias,Ribadedeva
33056,Ribadesella,Asturias,Ribadesella
33057,Ribera de Arriba,Asturias,Ribera de Arriba
33058,Riosa,Asturias,Riosa
33059,Salas,Asturias,Salas
33061,San Martín de Oscos,Asturias,San Martín de Oscos
33060,San Martín del Rey Aurelio,Asturias,San Martín del Rey Aurelio
33063,San Tirso de Abres,Asturias,San Tirso de Abres
33062,Santa Eulalia de Oscos,Asturias,Santa Eulalia de Oscos
33064,Santo Adriano,Asturias,Santo Adriano
33065,Sariego,Asturias,Sariego
33066,Siero,Asturias,Siero
33067,Sobrescobio,Asturias,Sobrescobio
33068,Somiedo,Asturias,Somiedo
33069,Soto del Barco,Asturias,Soto del Barco
33070,Tapia de Casariego,Asturias,Tapia de Casariego
33071,Taramundi,Asturias,Taramundi
33072,Teverga,Asturias,Teverga
33073,Tineo,Asturias,Tineo
33034,Valdés,Asturias,Valdés
33074,Vegadeo,Asturias,Vegadeo
33075,Villanueva de Oscos,Asturias,Villanueva de Oscos
33076,Villaviciosa,Asturias,Villaviciosa
33077,Villayón,Asturias,Villayón
33078,Yernes y Tameza,Asturias,Yernes y Tameza
34001,Abarca de Campos,Palencia,Abarca de Campos
34003,Abia de las Torres,Palencia,Abia de las Torres
34004,Aguilar de Campoo,Palencia,Aguilar de Campoo
34005,Alar del Rey,Palencia,Alar del Rey
34006,Alba de Cerrato,Palencia,Alba de Cerrato
34009,Amayuelas de Arriba,Palencia,Amayuelas de Arriba
34010,Ampudia,Palencia,Ampudia
34011,Amusco,Palencia,Amusco
34012,Antigüedad,Palencia,Antigüedad
34015,Arconada,Palencia,Arconada
34017,Astudillo,Palencia,Astudillo
34018,Autilla del Pino,Palencia,Autilla del Pino
34019,Autillo de Campos,Palencia,Autillo de Campos
34020,Ayuela,Palencia,Ayuela
34022,Baltanás,Palencia,Baltanás
34024,Baquerín de Campos,Palencia,Baquerín de Campos
34025,Bárcena de Campos,Palencia,Bárcena de Campos
34027,Barruelo de Santullán,Palencia,Barruelo de Santullán
34028,Báscones de Ojeda,Palencia,Báscones de Ojeda
34029,Becerril de Campos,Palencia,Becerril de Campos
34031,Belmonte de Campos,Palencia,Belmonte de Campos
34032,Berzosilla,Palencia,Berzosilla
34033,Boada de Campos,Palencia,Boada de Campos
34035,Boadilla de Rioseco,Palencia,Boadilla de Rioseco
34034,Boadilla del Camino,Palencia,Boadilla del Camino
34036,Brañosera,Palencia,Brañosera
34037,Buenavista de Valdavia,Palencia,Buenavista de Valdavia
34038,Bustillo de la Vega,Palencia,Bustillo de la Vega
34039,Bustillo del Páramo de Carrión,Palencia,Bustillo del Páramo de Carrión
34041,Calahorra de Boedo,Palencia,Calahorra de Boedo
34042,Calzada de los Molinos,Palencia,Calzada de los Molinos
34045,Capillas,Palencia,Capillas
34046,Cardeñosa de Volpejera,Palencia,Cardeñosa de Volpejera
34047,Carrión de los Condes,Palencia,Carrión de los Condes
34048,Castil de Vela,Palencia,Castil de Vela
34049,Castrejón de la Peña,Palencia,Castrejón de la Peña
34050,Castrillo de Don Juan,Palencia,Castrillo de Don Juan
34051,Castrillo de Onielo,Palencia,Castrillo de Onielo
34052,Castrillo de Villavega,Palencia,Castrillo de Villavega
34053,Castromocho,Palencia,Castromocho
34055,Cervatos de la Cueza,Palencia,Cervatos de la Cueza
34056,Cervera de Pisuerga,Palencia,Cervera de Pisuerga
34057,Cevico de la Torre,Palencia,Cevico de la Torre
34058,Cevico Navero,Palencia,Cevico Navero
34059,Cisneros,Palencia,Cisneros
34060,Cobos de Cerrato,Palencia,Cobos de Cerrato
34061,Collazos de Boedo,Palencia,Collazos de Boedo
34062,Congosto de Valdavia,Palencia,Congosto de Valdavia
34063,Cordovilla la Real,Palencia,Cordovilla la Real
34066,Cubillas de Cerrato,Palencia,Cubillas de Cerrato
34067,Dehesa de Montejo,Palencia,Dehesa de Montejo
34068,Dehesa de Romanos,Palencia,Dehesa de Romanos
34069,Dueñas,Palencia,Dueñas
34070,Espinosa de Cerrato,Palencia,Espinosa de Cerrato
34071,Espinosa de Villagonzalo,Palencia,Espinosa de Villagonzalo
34072,Frechilla,Palencia,Frechilla
34073,Fresno del Río,Palencia,Fresno del Río
34074,Frómista,Palencia,Frómista
34076,Fuentes de Nava,Palencia,Fuentes de Nava
34077,Fuentes de Valdepero,Palencia,Fuentes de Valdepero
34079,Grijota,Palencia,Grijota
34080,Guardo,Palencia,Guardo
34081,Guaza de Campos,Palencia,Guaza de Campos
34082,Hérmedes de Cerrato,Palencia,Hérmedes de Cerrato
34083,Herrera de Pisuerga,Palencia,Herrera de Pisuerga
34084,Herrera de Valdecañas,Palencia,Herrera de Valdecañas
34086,Hontoria de Cerrato,Palencia,Hontoria de Cerrato
34087,Hornillos de Cerrato,Palencia,Hornillos de Cerrato
34088,Husillos,Palencia,Husillos
34089,Itero de la Vega,Palencia,Itero de la Vega
34091,Lagartos,Palencia,Lagartos
34092,Lantadilla,Palencia,Lantadilla
34094,Ledigos,Palencia,Ledigos
34903,Loma de Ucieza,Palencia,Loma de Ucieza
34096,Lomas,Palencia,Lomas
34098,Magaz de Pisuerga,Palencia,Magaz de Pisuerga
34099,Manquillos,Palencia,Manquillos
34100,Mantinos,Palencia,Mantinos
34101,Marcilla de Campos,Palencia,Marcilla de Campos
34102,Mazariegos,Palencia,Mazariegos
34103,Mazuecos de Valdeginate,Palencia,Mazuecos de Valdeginate
34104,Melgar de Yuso,Palencia,Melgar de Yuso
34106,Meneses de Campos,Palencia,Meneses de Campos
34107,Micieces de Ojeda,Palencia,Micieces de Ojeda
34108,Monzón de Campos,Palencia,Monzón de Campos
34109,Moratinos,Palencia,Moratinos
34110,Mudá,Palencia,Mudá
34112,Nogal de las Huertas,Palencia,Nogal de las Huertas
34113,Olea de Boedo,Palencia,Olea de Boedo
34114,Olmos de Ojeda,Palencia,Olmos de Ojeda
34116,Osornillo,Palencia,Osornillo
34901,Osorno la Mayor,Palencia,Osorno la Mayor
34120,Palencia,Palencia,Palencia
34121,Palenzuela,Palencia,Palenzuela
34122,Páramo de Boedo,Palencia,Páramo de Boedo
34123,Paredes de Nava,Palencia,Paredes de Nava
34124,Payo de Ojeda,Palencia,Payo de Ojeda
34125,Pedraza de Campos,Palencia,Pedraza de Campos
34126,Pedrosa de la Vega,Palencia,Pedrosa de la Vega
34127,Perales,Palencia,Perales
34904,La Pernía,Palencia,"Pernía, La"
34129,Pino del Río,Palencia,Pino del Río
34130,Piña de Campos,Palencia,Piña de Campos
34131,Población de Arroyo,Palencia,Población de Arroyo
34132,Población de Campos,Palencia,Población de Campos
34133,Población de Cerrato,Palencia,Población de Cerrato
34134,Polentinos,Palencia,Polentinos
34135,Pomar de Valdivia,Palencia,Pomar de Valdivia
34136,Poza de la Vega,Palencia,Poza de la Vega
34137,Pozo de Urama,Palencia,Pozo de Urama
34139,Prádanos de Ojeda,Palencia,Prádanos de Ojeda
34140,La Puebla de Valdavia,Palencia,"Puebla de Valdavia, La"
34141,Quintana del Puente,Palencia,Quintana del Puente
34143,Quintanilla de Onsoña,Palencia,Quintanilla de Onsoña
34146,Reinoso de Cerrato,Palencia,Reinoso de Cerrato
34147,Renedo de la Vega,Palencia,Renedo de la Vega
34149,Requena de Campos,Palencia,Requena de Campos
34151,Respenda de la Peña,Palencia,Respenda de la Peña
34152,Revenga de Campos,Palencia,Revenga de Campos
34154,Revilla de Collazos,Palencia,Revilla de Collazos
34155,Ribas de Campos,Palencia,Ribas de Campos
34156,Riberos de la Cueza,Palencia,Riberos de la Cueza
34157,Saldaña,Palencia,Saldaña
34158,Salinas de Pisuerga,Palencia,Salinas de Pisuerga
34159,San Cebrián de Campos,Palencia,San Cebrián de Campos
34160,San Cebrián de Mudá,Palencia,San Cebrián de Mudá
34161,San Cristóbal de Boedo,Palencia,San Cristóbal de Boedo
34163,San Mamés de Campos,Palencia,San Mamés de Campos
34165,San Román de la Cuba,Palencia,San Román de la Cuba
34167,Santa Cecilia del Alcor,Palencia,Santa Cecilia del Alcor
34168,Santa Cruz de Boedo,Palencia,Santa Cruz de Boedo
34169,Santervás de la Vega,Palencia,Santervás de la Vega
34170,Santibáñez de Ecla,Palencia,Santibáñez de Ecla
34171,Santibáñez de la Peña,Palencia,Santibáñez de la Peña
34174,Santoyo,Palencia,Santoyo
34175,La Serna,Palencia,"Serna, La"
34177,Soto de Cerrato,Palencia,Soto de Cerrato
34176,Sotobañado y Priorato,Palencia,Sotobañado y Priorato
34178,Tabanera de Cerrato,Palencia,Tabanera de Cerrato
34179,Tabanera de Valdavia,Palencia,Tabanera de Valdavia
34180,Támara de Campos,Palencia,Támara de Campos
34181,Tariego de Cerrato,Palencia,Tariego de Cerrato
34182,Torquemada,Palencia,Torquemada
34184,Torremormojón,Palencia,Torremormojón
34185,Triollo,Palencia,Triollo
34186,Valbuena de Pisuerga,Palencia,Valbuena de Pisuerga
34189,Valdeolmillos,Palencia,Valdeolmillos
34190,Valderrábano,Palencia,Valderrábano
34192,Valde-Ucieza,Palencia,Valde-Ucieza
34196,Valle de Cerrato,Palencia,Valle de Cerrato
34902,Valle del Retortillo,Palencia,Valle del Retortillo
34199,Velilla del Río Carrión,Palencia,Velilla del Río Carrión
34023,Venta de Baños,Palencia,Venta de Baños
34201,Vertavillo,Palencia,Vertavillo
34093,La Vid de Ojeda,Palencia,"Vid de Ojeda, La"
34202,Villabasta de Valdavia,Palencia,Villabasta de Valdavia
34204,Villacidaler,Palencia,Villacidaler
34205,Villaconancio,Palencia,Villaconancio
34206,Villada,Palencia,Villada
34208,Villaeles de Valdavia,Palencia,Villaeles de Valdavia
34210,Villahán,Palencia,Villahán
34211,Villaherreros,Palencia,Villaherreros
34213,Villalaco,Palencia,Villalaco
34214,Villalba de Guardo,Palencia,Villalba de Guardo
34215,Villalcázar de Sirga,Palencia,Villalcázar de Sirga
34216,Villalcón,Palencia,Villalcón
34217,Villalobón,Palencia,Villalobón
34218,Villaluenga de la Vega,Palencia,Villaluenga de la Vega
34220,Villamartín de Campos,Palencia,Villamartín de Campos
34221,Villamediana,Palencia,Villamediana
34222,Villameriel,Palencia,Villameriel
34223,Villamoronta,Palencia,Villamoronta
34224,Villamuera de la Cueza,Palencia,Villamuera de la Cueza
34225,Villamuriel de Cerrato,Palencia,Villamuriel de Cerrato
34227,Villanueva del Rebollar,Palencia,Villanueva del Rebollar
34228,Villanuño de Valdavia,Palencia,Villanuño de Valdavia
34229,Villaprovedo,Palencia,Villaprovedo
34230,Villarmentero de Campos,Palencia,Villarmentero de Campos
34231,Villarrabé,Palencia,Villarrabé
34232,Villarramiel,Palencia,Villarramiel
34233,Villasarracino,Palencia,Villasarracino
34234,Villasila de Valdavia,Palencia,Villasila de Valdavia
34236,Villaturde,Palencia,Villaturde
34237,Villaumbrales,Palencia,Villaumbrales
34238,Villaviudas,Palencia,Villaviudas
34240,Villerías de Campos,Palencia,Villerías de Campos
34241,Villodre,Palencia,Villodre
34242,Villodrigo,Palencia,Villodrigo
34243,Villoldo,Palencia,Villoldo
34245,Villota del Páramo,Palencia,Villota del Páramo
34246,Villovieco,Palencia,Villovieco
35001,Agaete,Las Palmas,Agaete
35002,Agüimes,Las Palmas,Agüimes
35020,La Aldea de San Nicolás,Las Palmas,"Aldea de San Nicolás, La"
35003,Antigua,Las Palmas,Antigua
35004,Arrecife,Las Palmas,Arrecife
35005,Artenara,Las Palmas,Artenara
35006,Arucas,Las Palmas,Arucas
35007,Betancuria,Las Palmas,Betancuria
35008,Firgas,Las Palmas,Firgas
35009,Gáldar,Las Palmas,Gáldar
35010,Haría,Las Palmas,Haría
35011,Ingenio,Las Palmas,Ingenio
35012,Mogán,Las Palmas,Mogán
35013,Moya,Las Palmas,Moya
35014,La Oliva,Las Palmas,"Oliva, La"
35015,Pájara,Las Palmas,Pájara
35016,Las Palmas de Gran Canaria,Las Palmas,"Palmas de Gran Canaria, Las"
35017,Puerto del Rosario,Las Palmas,Puerto del Rosario
35018,San Bartolomé,Las Palmas,San Bartolomé
35019,San Bartolomé de Tirajana,Las Palmas,San Bartolomé de Tirajana
35021,Santa Brígida,Las Palmas,Santa Brígida
35022,Santa Lucía de Tirajana,Las Palmas,Santa Lucía de Tirajana
35023,Santa María de Guía de Gran Canaria,Las Palmas,Santa María de Guía de Gran Canaria
35024,Teguise,Las Palmas,Teguise
35025,Tejeda,Las Palmas,Tejeda
35026,Telde,Las Palmas,Telde
35027,Teror,Las Palmas,Teror
35028,Tías,Las Palmas,Tías
35029,Tinajo,Las Palmas,Tinajo
35030,Tuineje,Las Palmas,Tuineje
35032,Valleseco,Las Palmas,Valleseco
35031,Valsequillo de Gran Canaria,Las Palmas,Valsequillo de Gran Canaria
35033,Vega de San Mateo,Las Palmas,Vega de San Mateo
35034,Yaiza,Las Palmas,Yaiza
36020,Agolada,Pontevedra,Agolada
36001,Arbo,Pontevedra,Arbo
36003,Baiona,Pontevedra,Baiona
36002,Barro,Pontevedra,Barro
36004,Bueu,Pontevedra,Bueu
36005,Caldas de Reis,Pontevedra,Caldas de Reis
36006,Cambados,Pontevedra,Cambados
36007,Campo Lameiro,Pontevedra,Campo Lameiro
36008,Cangas,Pontevedra,Cangas
36009,A Cañiza,Pontevedra,"Cañiza, A"
36010,Catoira,Pontevedra,Catoira
36902,Cerdedo-Cotobade,Pontevedra,Cerdedo-Cotobade
36013,Covelo,Pontevedra,Covelo
36014,Crecente,Pontevedra,Crecente
36015,Cuntis,Pontevedra,Cuntis
36016,Dozón,Pontevedra,Dozón
36017,A Estrada,Pontevedra,"Estrada, A"
36018,Forcarei,Pontevedra,Forcarei
36019,Fornelos de Montes,Pontevedra,Fornelos de Montes
36021,Gondomar,Pontevedra,Gondomar
36022,O Grove,Pontevedra,"Grove, O"
36023,A Guarda,Pontevedra,"Guarda, A"
36901,A Illa de Arousa,Pontevedra,"Illa de Arousa, A"
36024,Lalín,Pontevedra,Lalín
36025,A Lama,Pontevedra,"Lama, A"
36026,Marín,Pontevedra,Marín
36027,Meaño,Pontevedra,Meaño
36028,Meis,Pontevedra,Meis
36029,Moaña,Pontevedra,Moaña
36030,Mondariz,Pontevedra,Mondariz
36031,Mondariz-Balneario,Pontevedra,Mondariz-Balneario
36032,Moraña,Pontevedra,Moraña
36033,Mos,Pontevedra,Mos
36034,As Neves,Pontevedra,"Neves, As"
36035,Nigrán,Pontevedra,Nigrán
36036,Oia,Pontevedra,Oia
36037,Pazos de Borbén,Pontevedra,Pazos de Borbén
36041,Poio,Pontevedra,Poio
36043,Ponte Caldelas,Pontevedra,Ponte Caldelas
36042,Ponteareas,Pontevedra,Ponteareas
36044,Pontecesures,Pontevedra,Pontecesures
36038,Pontevedra,Pontevedra,Pontevedra
36039,O Porriño,Pontevedra,"Porriño, O"
36040,Portas,Pontevedra,Portas
36045,Redondela,Pontevedra,Redondela
36046,Ribadumia,Pontevedra,Ribadumia
36047,Rodeiro,Pontevedra,Rodeiro
36048,O Rosal,Pontevedra,"Rosal, O"
36049,Salceda de Caselas,Pontevedra,Salceda de Caselas
36050,Salvaterra de Miño,Pontevedra,Salvaterra de Miño
36051,Sanxenxo,Pontevedra,Sanxenxo
36052,Silleda,Pontevedra,Silleda
36053,Soutomaior,Pontevedra,Soutomaior
36054,Tomiño,Pontevedra,Tomiño
36055,Tui,Pontevedra,Tui
36056,Valga,Pontevedra,Valga
36057,Vigo,Pontevedra,Vigo
36059,Vila de Cruces,Pontevedra,Vila de Cruces
36058,Vilaboa,Pontevedra,Vilaboa
36060,Vilagarcía de Arousa,Pontevedra,Vilagarcía de Arousa
36061,Vilanova de Arousa,Pontevedra,Vilanova de Arousa
37001,Abusejo,Salamanca,Abusejo
37002,Agallas,Salamanca,Agallas
37003,Ahigal de los Aceiteros,Salamanca,Ahigal de los Aceiteros
37004,Ahigal de Villarino,Salamanca,Ahigal de Villarino
37005,La Alameda de Gardón,Salamanca,"Alameda de Gardón, La"
37006,La Alamedilla,Salamanca,"Alamedilla, La"
37007,Alaraz,Salamanca,Alaraz
37008,Alba de Tormes,Salamanca,Alba de Tormes
37009,Alba de Yeltes,Salamanca,Alba de Yeltes
37010,La Alberca,Salamanca,"Alberca, La"
37011,La Alberguería de Argañán,Salamanca,"Alberguería de Argañán, La"
37012,Alconada,Salamanca,Alconada
37015,Aldea del Obispo,Salamanca,Aldea del Obispo
37013,Aldeacipreste,Salamanca,Aldeacipreste
37014,Aldeadávila de la Ribera,Salamanca,Aldeadávila de la Ribera
37016,Aldealengua,Salamanca,Aldealengua
37017,Aldeanueva de Figueroa,Salamanca,Aldeanueva de Figueroa
37018,Aldeanueva de la Sierra,Salamanca,Aldeanueva de la Sierra
37019,Aldearrodrigo,Salamanca,Aldearrodrigo
37020,Aldearrubia,Salamanca,Aldearrubia
37021,Aldeaseca de Alba,Salamanca,Aldeaseca de Alba
37022,Aldeaseca de la Frontera,Salamanca,Aldeaseca de la Frontera
37023,Aldeatejada,Salamanca,Aldeatejada
37024,Aldeavieja de Tormes,Salamanca,Aldeavieja de Tormes
37025,Aldehuela de la Bóveda,Salamanca,Aldehuela de la Bóveda
37026,Aldehuela de Yeltes,Salamanca,Aldehuela de Yeltes
37027,Almenara de Tormes,Salamanca,Almenara de Tormes
37028,Almendra,Salamanca,Almendra
37029,Anaya de Alba,Salamanca,Anaya de Alba
37030,Añover de Tormes,Salamanca,Añover de Tormes
37031,Arabayona de Mógica,Salamanca,Arabayona de Mógica
37032,Arapiles,Salamanca,Arapiles
37033,Arcediano,Salamanca,Arcediano
37034,El Arco,Salamanca,"Arco, El"
37035,Armenteros,Salamanca,Armenteros
37037,La Atalaya,Salamanca,"Atalaya, La"
37038,Babilafuente,Salamanca,Babilafuente
37039,Bañobárez,Salamanca,Bañobárez
37040,Barbadillo,Salamanca,Barbadillo
37041,Barbalos,Salamanca,Barbalos
37042,Barceo,Salamanca,Barceo
37044,Barruecopardo,Salamanca,Barruecopardo
37045,La Bastida,Salamanca,"Bastida, La"
37046,Béjar,Salamanca,Béjar
37047,Beleña,Salamanca,Beleña
37049,Bermellar,Salamanca,Bermellar
37050,Berrocal de Huebra,Salamanca,Berrocal de Huebra
37051,Berrocal de Salvatierra,Salamanca,Berrocal de Salvatierra
37052,Boada,Salamanca,Boada
37054,El Bodón,Salamanca,"Bodón, El"
37055,Bogajo,Salamanca,Bogajo
37056,La Bouza,Salamanca,"Bouza, La"
37057,Bóveda del Río Almar,Salamanca,Bóveda del Río Almar
37058,Brincones,Salamanca,Brincones
37059,Buenamadre,Salamanca,Buenamadre
37060,Buenavista,Salamanca,Buenavista
37061,El Cabaco,Salamanca,"Cabaco, El"
37063,La Cabeza de Béjar,Salamanca,"Cabeza de Béjar, La"
37065,Cabeza del Caballo,Salamanca,Cabeza del Caballo
37062,Cabezabellosa de la Calzada,Salamanca,Cabezabellosa de la Calzada
37067,Cabrerizos,Salamanca,Cabrerizos
37068,Cabrillas,Salamanca,Cabrillas
37069,Calvarrasa de Abajo,Salamanca,Calvarrasa de Abajo
37070,Calvarrasa de Arriba,Salamanca,Calvarrasa de Arriba
37071,La Calzada de Béjar,Salamanca,"Calzada de Béjar, La"
37072,Calzada de Don Diego,Salamanca,Calzada de Don Diego
37073,Calzada de Valdunciel,Salamanca,Calzada de Valdunciel
37074,Campillo de Azaba,Salamanca,Campillo de Azaba
37077,El Campo de Peñaranda,Salamanca,"Campo de Peñaranda, El"
37078,Candelario,Salamanca,Candelario
37079,Canillas de Abajo,Salamanca,Canillas de Abajo
37080,Cantagallo,Salamanca,Cantagallo
37081,Cantalapiedra,Salamanca,Cantalapiedra
37082,Cantalpino,Salamanca,Cantalpino
37083,Cantaracillo,Salamanca,Cantaracillo
37085,Carbajosa de la Sagrada,Salamanca,Carbajosa de la Sagrada
37086,Carpio de Azaba,Salamanca,Carpio de Azaba
37087,Carrascal de Barregas,Salamanca,Carrascal de Barregas
37088,Carrascal del Obispo,Salamanca,Carrascal del Obispo
37089,Casafranca,Salamanca,Casafranca
37090,Las Casas del Conde,Salamanca,"Casas del Conde, Las"
37091,Casillas de Flores,Salamanca,Casillas de Flores
37092,Castellanos de Moriscos,Salamanca,Castellanos de Moriscos
37185,Castellanos de Villiquera,Salamanca,Castellanos de Villiquera
37096,Castillejo de Martín Viejo,Salamanca,Castillejo de Martín Viejo
37097,Castraz,Salamanca,Castraz
37098,Cepeda,Salamanca,Cepeda
37099,Cereceda de la Sierra,Salamanca,Cereceda de la Sierra
37100,Cerezal de Peñahorcada,Salamanca,Cerezal de Peñahorcada
37101,Cerralbo,Salamanca,Cerralbo
37102,El Cerro,Salamanca,"Cerro, El"
37103,Cespedosa de Tormes,Salamanca,Cespedosa de Tormes
37114,Chagarcía Medianero,Salamanca,Chagarcía Medianero
37104,Cilleros de la Bastida,Salamanca,Cilleros de la Bastida
37106,Cipérez,Salamanca,Cipérez
37107,Ciudad Rodrigo,Salamanca,Ciudad Rodrigo
37108,Coca de Alba,Salamanca,Coca de Alba
37109,Colmenar de Montemayor,Salamanca,Colmenar de Montemayor
37110,Cordovilla,Salamanca,Cordovilla
37112,Cristóbal,Salamanca,Cristóbal
37113,El Cubo de Don Sancho,Salamanca,"Cubo de Don Sancho, El"
37115,Dios le Guarde,Salamanca,Dios le Guarde
37116,Doñinos de Ledesma,Salamanca,Doñinos de Ledesma
37117,Doñinos de Salamanca,Salamanca,Doñinos de Salamanca
37118,Éjeme,Salamanca,Éjeme
37120,Encina de San Silvestre,Salamanca,Encina de San Silvestre
37119,La Encina,Salamanca,"Encina, La"
37121,Encinas de Abajo,Salamanca,Encinas de Abajo
37122,Encinas de Arriba,Salamanca,Encinas de Arriba
37123,Encinasola de los Comendadores,Salamanca,Encinasola de los Comendadores
37124,Endrinal,Salamanca,Endrinal
37125,Escurial de la Sierra,Salamanca,Escurial de la Sierra
37126,Espadaña,Salamanca,Espadaña
37127,Espeja,Salamanca,Espeja
37128,Espino de la Orbada,Salamanca,Espino de la Orbada
37129,Florida de Liébana,Salamanca,Florida de Liébana
37130,Forfoleda,Salamanca,Forfoleda
37131,Frades de la Sierra,Salamanca,Frades de la Sierra
37132,La Fregeneda,Salamanca,"Fregeneda, La"
37133,Fresnedoso,Salamanca,Fresnedoso
37134,Fresno Alhándiga,Salamanca,Fresno Alhándiga
37135,La Fuente de San Esteban,Salamanca,"Fuente de San Esteban, La"
37136,Fuenteguinaldo,Salamanca,Fuenteguinaldo
37137,Fuenteliante,Salamanca,Fuenteliante
37138,Fuenterroble de Salvatierra,Salamanca,Fuenterroble de Salvatierra
37139,Fuentes de Béjar,Salamanca,Fuentes de Béjar
37140,Fuentes de Oñoro,Salamanca,Fuentes de Oñoro
37141,Gajates,Salamanca,Gajates
37142,Galindo y Perahuy,Salamanca,Galindo y Perahuy
37143,Galinduste,Salamanca,Galinduste
37144,Galisancho,Salamanca,Galisancho
37145,Gallegos de Argañán,Salamanca,Gallegos de Argañán
37146,Gallegos de Solmirón,Salamanca,Gallegos de Solmirón
37147,Garcibuey,Salamanca,Garcibuey
37148,Garcihernández,Salamanca,Garcihernández
37149,Garcirrey,Salamanca,Garcirrey
37150,Gejuelo del Barro,Salamanca,Gejuelo del Barro
37151,Golpejas,Salamanca,Golpejas
37152,Gomecello,Salamanca,Gomecello
37154,Guadramiro,Salamanca,Guadramiro
37155,Guijo de Ávila,Salamanca,Guijo de Ávila
37156,Guijuelo,Salamanca,Guijuelo
37157,Herguijuela de Ciudad Rodrigo,Salamanca,Herguijuela de Ciudad Rodrigo
37158,Herguijuela de la Sierra,Salamanca,Herguijuela de la Sierra
37159,Herguijuela del Campo,Salamanca,Herguijuela del Campo
37160,Hinojosa de Duero,Salamanca,Hinojosa de Duero
37161,Horcajo de Montemayor,Salamanca,Horcajo de Montemayor
37162,Horcajo Medianero,Salamanca,Horcajo Medianero
37163,La Hoya,Salamanca,"Hoya, La"
37164,Huerta,Salamanca,Huerta
37165,Iruelos,Salamanca,Iruelos
37166,Ituero de Azaba,Salamanca,Ituero de Azaba
37167,Juzbado,Salamanca,Juzbado
37168,Lagunilla,Salamanca,Lagunilla
37169,Larrodrigo,Salamanca,Larrodrigo
37170,Ledesma,Salamanca,Ledesma
37171,Ledrada,Salamanca,Ledrada
37172,Linares de Riofrío,Salamanca,Linares de Riofrío
37173,Lumbrales,Salamanca,Lumbrales
37175,Machacón,Salamanca,Machacón
37174,Macotera,Salamanca,Macotera
37176,Madroñal,Salamanca,Madroñal
37177,El Maíllo,Salamanca,"Maíllo, El"
37178,Malpartida,Salamanca,Malpartida
37179,Mancera de Abajo,Salamanca,Mancera de Abajo
37180,El Manzano,Salamanca,"Manzano, El"
37181,Martiago,Salamanca,Martiago
37183,Martín de Yeltes,Salamanca,Martín de Yeltes
37182,Martinamor,Salamanca,Martinamor
37184,Masueco,Salamanca,Masueco
37186,La Mata de Ledesma,Salamanca,"Mata de Ledesma, La"
37187,Matilla de los Caños del Río,Salamanca,Matilla de los Caños del Río
37188,La Maya,Salamanca,"Maya, La"
37189,Membribe de la Sierra,Salamanca,Membribe de la Sierra
37190,Mieza,Salamanca,Mieza
37191,El Milano,Salamanca,"Milano, El"
37192,Miranda de Azán,Salamanca,Miranda de Azán
37193,Miranda del Castañar,Salamanca,Miranda del Castañar
37194,Mogarraz,Salamanca,Mogarraz
37195,Molinillo,Salamanca,Molinillo
37196,Monforte de la Sierra,Salamanca,Monforte de la Sierra
37197,Monleón,Salamanca,Monleón
37198,Monleras,Salamanca,Monleras
37199,Monsagro,Salamanca,Monsagro
37200,Montejo,Salamanca,Montejo
37201,Montemayor del Río,Salamanca,Montemayor del Río
37202,Monterrubio de Armuña,Salamanca,Monterrubio de Armuña
37203,Monterrubio de la Sierra,Salamanca,Monterrubio de la Sierra
37204,Morasverdes,Salamanca,Morasverdes
37205,Morille,Salamanca,Morille
37206,Moríñigo,Salamanca,Moríñigo
37207,Moriscos,Salamanca,Moriscos
37208,Moronta,Salamanca,Moronta
37209,Mozárbez,Salamanca,Mozárbez
37211,Narros de Matalayegua,Salamanca,Narros de Matalayegua
37213,Nava de Béjar,Salamanca,Nava de Béjar
37214,Nava de Francia,Salamanca,Nava de Francia
37215,Nava de Sotrobal,Salamanca,Nava de Sotrobal
37212,Navacarros,Salamanca,Navacarros
37216,Navales,Salamanca,Navales
37217,Navalmoral de Béjar,Salamanca,Navalmoral de Béjar
37218,Navamorales,Salamanca,Navamorales
37219,Navarredonda de la Rinconada,Salamanca,Navarredonda de la Rinconada
37221,Navasfrías,Salamanca,Navasfrías
37222,Negrilla de Palencia,Salamanca,Negrilla de Palencia
37223,Olmedo de Camaces,Salamanca,Olmedo de Camaces
37224,La Orbada,Salamanca,"Orbada, La"
37225,Pajares de la Laguna,Salamanca,Pajares de la Laguna
37226,Palacios del Arzobispo,Salamanca,Palacios del Arzobispo
37228,Palaciosrubios,Salamanca,Palaciosrubios
37229,Palencia de Negrilla,Salamanca,Palencia de Negrilla
37230,Parada de Arriba,Salamanca,Parada de Arriba
37231,Parada de Rubiales,Salamanca,Parada de Rubiales
37232,Paradinas de San Juan,Salamanca,Paradinas de San Juan
37233,Pastores,Salamanca,Pastores
37234,El Payo,Salamanca,"Payo, El"
37235,Pedraza de Alba,Salamanca,Pedraza de Alba
37236,Pedrosillo de Alba,Salamanca,Pedrosillo de Alba
37237,Pedrosillo de los Aires,Salamanca,Pedrosillo de los Aires
37238,Pedrosillo el Ralo,Salamanca,Pedrosillo el Ralo
37239,El Pedroso de la Armuña,Salamanca,"Pedroso de la Armuña, El"
37240,Pelabravo,Salamanca,Pelabravo
37241,Pelarrodríguez,Salamanca,Pelarrodríguez
37242,Pelayos,Salamanca,Pelayos
37243,La Peña,Salamanca,"Peña, La"
37244,Peñacaballera,Salamanca,Peñacaballera
37245,Peñaparda,Salamanca,Peñaparda
37246,Peñaranda de Bracamonte,Salamanca,Peñaranda de Bracamonte
37247,Peñarandilla,Salamanca,Peñarandilla
37248,Peralejos de Abajo,Salamanca,Peralejos de Abajo
37249,Peralejos de Arriba,Salamanca,Peralejos de Arriba
37250,Pereña de la Ribera,Salamanca,Pereña de la Ribera
37251,Peromingo,Salamanca,Peromingo
37252,Pinedas,Salamanca,Pinedas
37253,El Pino de Tormes,Salamanca,"Pino de Tormes, El"
37254,Pitiegua,Salamanca,Pitiegua
37255,Pizarral,Salamanca,Pizarral
37256,Poveda de las Cintas,Salamanca,Poveda de las Cintas
37257,Pozos de Hinojo,Salamanca,Pozos de Hinojo
37258,Puebla de Azaba,Salamanca,Puebla de Azaba
37259,Puebla de San Medel,Salamanca,Puebla de San Medel
37260,Puebla de Yeltes,Salamanca,Puebla de Yeltes
37261,Puente del Congosto,Salamanca,Puente del Congosto
37262,Puertas,Salamanca,Puertas
37263,Puerto de Béjar,Salamanca,Puerto de Béjar
37264,Puerto Seguro,Salamanca,Puerto Seguro
37265,Rágama,Salamanca,Rágama
37266,La Redonda,Salamanca,"Redonda, La"
37267,Retortillo,Salamanca,Retortillo
37268,La Rinconada de la Sierra,Salamanca,"Rinconada de la Sierra, La"
37269,Robleda,Salamanca,Robleda
37270,Robliza de Cojos,Salamanca,Robliza de Cojos
37271,Rollán,Salamanca,Rollán
37272,Saelices el Chico,Salamanca,Saelices el Chico
37273,La Sagrada,Salamanca,"Sagrada, La"
37303,El Sahugo,Salamanca,"Sahugo, El"
37274,Salamanca,Salamanca,Salamanca
37275,Saldeana,Salamanca,Saldeana
37276,Salmoral,Salamanca,Salmoral
37277,Salvatierra de Tormes,Salamanca,Salvatierra de Tormes
37278,San Cristóbal de la Cuesta,Salamanca,San Cristóbal de la Cuesta
37284,San Esteban de la Sierra,Salamanca,San Esteban de la Sierra
37285,San Felices de los Gallegos,Salamanca,San Felices de los Gallegos
37286,San Martín del Castañar,Salamanca,San Martín del Castañar
37287,San Miguel de Valero,Salamanca,San Miguel de Valero
37036,San Miguel del Robledo,Salamanca,San Miguel del Robledo
37288,San Morales,Salamanca,San Morales
37289,San Muñoz,Salamanca,San Muñoz
37291,San Pedro de Rozados,Salamanca,San Pedro de Rozados
37290,San Pedro del Valle,Salamanca,San Pedro del Valle
37292,San Pelayo de Guareña,Salamanca,San Pelayo de Guareña
37280,Sanchón de la Ribera,Salamanca,Sanchón de la Ribera
37281,Sanchón de la Sagrada,Salamanca,Sanchón de la Sagrada
37282,Sanchotello,Salamanca,Sanchotello
37279,Sancti-Spíritus,Salamanca,Sancti-Spíritus
37283,Sando,Salamanca,Sando
37293,Santa María de Sando,Salamanca,Santa María de Sando
37294,Santa Marta de Tormes,Salamanca,Santa Marta de Tormes
37296,Santiago de la Puebla,Salamanca,Santiago de la Puebla
37297,Santibáñez de Béjar,Salamanca,Santibáñez de Béjar
37298,Santibáñez de la Sierra,Salamanca,Santibáñez de la Sierra
37299,Santiz,Salamanca,Santiz
37300,Los Santos,Salamanca,"Santos, Los"
37301,Sardón de los Frailes,Salamanca,Sardón de los Frailes
37302,Saucelle,Salamanca,Saucelle
37304,Sepulcro-Hilario,Salamanca,Sepulcro-Hilario
37305,Sequeros,Salamanca,Sequeros
37306,Serradilla del Arroyo,Salamanca,Serradilla del Arroyo
37307,Serradilla del Llano,Salamanca,Serradilla del Llano
37309,La Sierpe,Salamanca,"Sierpe, La"
37310,Sieteiglesias de Tormes,Salamanca,Sieteiglesias de Tormes
37311,Sobradillo,Salamanca,Sobradillo
37312,Sorihuela,Salamanca,Sorihuela
37313,Sotoserrano,Salamanca,Sotoserrano
37314,Tabera de Abajo,Salamanca,Tabera de Abajo
37315,La Tala,Salamanca,"Tala, La"
37316,Tamames,Salamanca,Tamames
37317,Tarazona de Guareña,Salamanca,Tarazona de Guareña
37318,Tardáguila,Salamanca,Tardáguila
37319,El Tejado,Salamanca,"Tejado, El"
37320,Tejeda y Segoyuela,Salamanca,Tejeda y Segoyuela
37321,Tenebrón,Salamanca,Tenebrón
37322,Terradillos,Salamanca,Terradillos
37323,Topas,Salamanca,Topas
37324,Tordillos,Salamanca,Tordillos
37325,El Tornadizo,Salamanca,"Tornadizo, El"
37327,Torresmenudas,Salamanca,Torresmenudas
37328,Trabanca,Salamanca,Trabanca
37329,Tremedal de Tormes,Salamanca,Tremedal de Tormes
37330,Valdecarros,Salamanca,Valdecarros
37331,Valdefuentes de Sangusín,Salamanca,Valdefuentes de Sangusín
37332,Valdehijaderos,Salamanca,Valdehijaderos
37333,Valdelacasa,Salamanca,Valdelacasa
37334,Valdelageve,Salamanca,Valdelageve
37335,Valdelosa,Salamanca,Valdelosa
37336,Valdemierque,Salamanca,Valdemierque
37337,Valderrodrigo,Salamanca,Valderrodrigo
37338,Valdunciel,Salamanca,Valdunciel
37339,Valero,Salamanca,Valero
37343,Vallejera de Riofrío,Salamanca,Vallejera de Riofrío
37340,Valsalabroso,Salamanca,Valsalabroso
37341,Valverde de Valdelacasa,Salamanca,Valverde de Valdelacasa
37342,Valverdón,Salamanca,Valverdón
37344,Vecinos,Salamanca,Vecinos
37345,Vega de Tirados,Salamanca,Vega de Tirados
37346,Las Veguillas,Salamanca,"Veguillas, Las"
37347,La Vellés,Salamanca,"Vellés, La"
37348,Ventosa del Río Almar,Salamanca,Ventosa del Río Almar
37349,La Vídola,Salamanca,"Vídola, La"
37351,Villaflores,Salamanca,Villaflores
37352,Villagonzalo de Tormes,Salamanca,Villagonzalo de Tormes
37353,Villalba de los Llanos,Salamanca,Villalba de los Llanos
37354,Villamayor,Salamanca,Villamayor
37355,Villanueva del Conde,Salamanca,Villanueva del Conde
37356,Villar de Argañán,Salamanca,Villar de Argañán
37357,Villar de Ciervo,Salamanca,Villar de Ciervo
37358,Villar de Gallimazo,Salamanca,Villar de Gallimazo
37359,Villar de la Yegua,Salamanca,Villar de la Yegua
37360,Villar de Peralonso,Salamanca,Villar de Peralonso
37361,Villar de Samaniego,Salamanca,Villar de Samaniego
37362,Villares de la Reina,Salamanca,Villares de la Reina
37363,Villares de Yeltes,Salamanca,Villares de Yeltes
37364,Villarino de los Aires,Salamanca,Villarino de los Aires
37365,Villarmayor,Salamanca,Villarmayor
37366,Villarmuerto,Salamanca,Villarmuerto
37367,Villasbuenas,Salamanca,Villasbuenas
37368,Villasdardo,Salamanca,Villasdardo
37369,Villaseco de los Gamitos,Salamanca,Villaseco de los Gamitos
37370,Villaseco de los Reyes,Salamanca,Villaseco de los Reyes
37371,Villasrubias,Salamanca,Villasrubias
37372,Villaverde de Guareña,Salamanca,Villaverde de Guareña
37373,Villavieja de Yeltes,Salamanca,Villavieja de Yeltes
37374,Villoria,Salamanca,Villoria
37375,Villoruela,Salamanca,Villoruela
37350,Vilvestre,Salamanca,Vilvestre
37376,Vitigudino,Salamanca,Vitigudino
37377,Yecla de Yeltes,Salamanca,Yecla de Yeltes
37378,Zamarra,Salamanca,Zamarra
37379,Zamayón,Salamanca,Zamayón
37380,Zarapicos,Salamanca,Zarapicos
37381,La Zarza de Pumareda,Salamanca,"Zarza de Pumareda, La"
37382,Zorita de la Frontera,Salamanca,Zorita de la Frontera
38001,Adeje,Santa Cruz de Tenerife,Adeje
38002,Agulo,Santa Cruz de Tenerife,Agulo
38003,Alajeró,Santa Cruz de Tenerife,Alajeró
38004,Arafo,Santa Cruz de Tenerife,Arafo
38005,Arico,Santa Cruz de Tenerife,Arico
38006,Arona,Santa Cruz de Tenerife,Arona
38007,Barlovento,Santa Cruz de Tenerife,Barlovento
38008,Breña Alta,Santa Cruz de Tenerife,Breña Alta
38009,Breña Baja,Santa Cruz de Tenerife,Breña Baja
38010,Buenavista del Norte,Santa Cruz de Tenerife,Buenavista del Norte
38011,Candelaria,Santa Cruz de Tenerife,Candelaria
38012,Fasnia,Santa Cruz de Tenerife,Fasnia
38013,Frontera,Santa Cruz de Tenerife,Frontera
38014,Fuencaliente de la Palma,Santa Cruz de Tenerife,Fuencaliente de la Palma
38015,Garachico,Santa Cruz de Tenerife,Garachico
38016,Garafía,Santa Cruz de Tenerife,Garafía
38017,Granadilla de Abona,Santa Cruz de Tenerife,Granadilla de Abona
38018,La Guancha,Santa Cruz de Tenerife,"Guancha, La"
38019,Guía de Isora,Santa Cruz de Tenerife,Guía de Isora
38020,Güímar,Santa Cruz de Tenerife,Güímar
38021,Hermigua,Santa Cruz de Tenerife,Hermigua
38022,Icod de los Vinos,Santa Cruz de Tenerife,Icod de los Vinos
38024,Los Llanos de Aridane,Santa Cruz de Tenerife,"Llanos de Aridane, Los"
38025,La Matanza de Acentejo,Santa Cruz de Tenerife,"Matanza de Acentejo, La"
38026,La Orotava,Santa Cruz de Tenerife,"Orotava, La"
38027,El Paso,Santa Cruz de Tenerife,"Paso, El"
38901,El Pinar de El Hierro,Santa Cruz de Tenerife,"Pinar de El Hierro, El"
38028,Puerto de la Cruz,Santa Cruz de Tenerife,Puerto de la Cruz
38029,Puntagorda,Santa Cruz de Tenerife,Puntagorda
38030,Puntallana,Santa Cruz de Tenerife,Puntallana
38031,Los Realejos,Santa Cruz de Tenerife,"Realejos, Los"
38032,El Rosario,Santa Cruz de Tenerife,"Rosario, El"
38033,San Andrés y Sauces,Santa Cruz de Tenerife,San Andrés y Sauces
38023,San Cristóbal de La Laguna,Santa Cruz de Tenerife,San Cristóbal de La Laguna
38034,San Juan de la Rambla,Santa Cruz de Tenerife,San Juan de la Rambla
38035,San Miguel de Abona,Santa Cruz de Tenerife,San Miguel de Abona
38036,San Sebastián de la Gomera,Santa Cruz de Tenerife,San Sebastián de la Gomera
38037,Santa Cruz de la Palma,Santa Cruz de Tenerife,Santa Cruz de la Palma
38038,Santa Cruz de Tenerife,Santa Cruz de Tenerife,Santa Cruz de Tenerife
38039,Santa Úrsula,Santa Cruz de Tenerife,Santa Úrsula
38040,Santiago del Teide,Santa Cruz de Tenerife,Santiago del Teide
38041,El Sauzal,Santa Cruz de Tenerife,"Sauzal, El"
38042,Los Silos,Santa Cruz de Tenerife,"Silos, Los"
38043,Tacoronte,Santa Cruz de Tenerife,Tacoronte
38044,El Tanque,Santa Cruz de Tenerife,"Tanque, El"
38045,Tazacorte,Santa Cruz de Tenerife,Tazacorte
38046,Tegueste,Santa Cruz de Tenerife,Tegueste
38047,Tijarafe,Santa Cruz de Tenerife,Tijarafe
38049,Valle Gran Rey,Santa Cruz de Tenerife,Valle Gran Rey
38050,Vallehermoso,Santa Cruz de Tenerife,Vallehermoso
38048,Valverde,Santa Cruz de Tenerife,Valverde
38051,La Victoria de Acentejo,Santa Cruz de Tenerife,"Victoria de Acentejo, La"
38052,Vilaflor de Chasna,Santa Cruz de Tenerife,Vilaflor de Chasna
38053,Villa de Mazo,Santa Cruz de Tenerife,Villa de Mazo
39001,Alfoz de Lloredo,Cantabria,Alfoz de Lloredo
39002,Ampuero,Cantabria,Ampuero
39003,Anievas,Cantabria,Anievas
39004,Arenas de Iguña,Cantabria,Arenas de Iguña
39005,Argoños,Cantabria,Argoños
39006,Arnuero,Cantabria,Arnuero
39007,Arredondo,Cantabria,Arredondo
39008,El Astillero,Cantabria,"Astillero, El"
39009,Bárcena de Cicero,Cantabria,Bárcena de Cicero
39010,Bárcena de Pie de Concha,Cantabria,Bárcena de Pie de Concha
39011,Bareyo,Cantabria,Bareyo
39012,Cabezón de la Sal,Cantabria,Cabezón de la Sal
39013,Cabezón de Liébana,Cantabria,Cabezón de Liébana
39014,Cabuérniga,Cantabria,Cabuérniga
39015,Camaleño,Cantabria,Camaleño
39016,Camargo,Cantabria,Camargo
39027,Campoo de Enmedio,Cantabria,Campoo de Enmedio
39017,Campoo de Yuso,Cantabria,Campoo de Yuso
39018,Cartes,Cantabria,Cartes
39019,Castañeda,Cantabria,Castañeda
39020,Castro-Urdiales,Cantabria,Castro-Urdiales
39021,Cieza,Cantabria,Cieza
39022,Cillorigo de Liébana,Cantabria,Cillorigo de Liébana
39023,Colindres,Cantabria,Colindres
39024,Comillas,Cantabria,Comillas
39025,Los Corrales de Buelna,Cantabria,"Corrales de Buelna, Los"
39026,Corvera de Toranzo,Cantabria,Corvera de Toranzo
39028,Entrambasaguas,Cantabria,Entrambasaguas
39029,Escalante,Cantabria,Escalante
39030,Guriezo,Cantabria,Guriezo
39031,Hazas de Cesto,Cantabria,Hazas de Cesto
39032,Hermandad de Campoo de Suso,Cantabria,Hermandad de Campoo de Suso
39033,Herrerías,Cantabria,Herrerías
39034,Lamasón,Cantabria,Lamasón
39035,Laredo,Cantabria,Laredo
39036,Liendo,Cantabria,Liendo
39037,Liérganes,Cantabria,Liérganes
39038,Limpias,Cantabria,Limpias
39039,Luena,Cantabria,Luena
39040,Marina de Cudeyo,Cantabria,Marina de Cudeyo
39041,Mazcuerras,Cantabria,Mazcuerras
39042,Medio Cudeyo,Cantabria,Medio Cudeyo
39043,Meruelo,Cantabria,Meruelo
39044,Miengo,Cantabria,Miengo
39045,Miera,Cantabria,Miera
39046,Molledo,Cantabria,Molledo
39047,Noja,Cantabria,Noja
39048,Penagos,Cantabria,Penagos
39049,Peñarrubia,Cantabria,Peñarrubia
39050,Pesaguero,Cantabria,Pesaguero
39051,Pesquera,Cantabria,Pesquera
39052,Piélagos,Cantabria,Piélagos
39053,Polaciones,Cantabria,Polaciones
39054,Polanco,Cantabria,Polanco
39055,Potes,Cantabria,Potes
39056,Puente Viesgo,Cantabria,Puente Viesgo
39057,Ramales de la Victoria,Cantabria,Ramales de la Victoria
39058,Rasines,Cantabria,Rasines
39059,Reinosa,Cantabria,Reinosa
39060,Reocín,Cantabria,Reocín
39061,Ribamontán al Mar,Cantabria,Ribamontán al Mar
39062,Ribamontán al Monte,Cantabria,Ribamontán al Monte
39063,Rionansa,Cantabria,Rionansa
39064,Riotuerto,Cantabria,Riotuerto
39065,Las Rozas de Valdearroyo,Cantabria,"Rozas de Valdearroyo, Las"
39066,Ruente,Cantabria,Ruente
39067,Ruesga,Cantabria,Ruesga
39068,Ruiloba,Cantabria,Ruiloba
39069,San Felices de Buelna,Cantabria,San Felices de Buelna
39070,San Miguel de Aguayo,Cantabria,San Miguel de Aguayo
39071,San Pedro del Romeral,Cantabria,San Pedro del Romeral
39072,San Roque de Riomiera,Cantabria,San Roque de Riomiera
39080,San Vicente de la Barquera,Cantabria,San Vicente de la Barquera
39073,Santa Cruz de Bezana,Cantabria,Santa Cruz de Bezana
39074,Santa María de Cayón,Cantabria,Santa María de Cayón
39075,Santander,Cantabria,Santander
39076,Santillana del Mar,Cantabria,Santillana del Mar
39077,Santiurde de Reinosa,Cantabria,Santiurde de Reinosa
39078,Santiurde de Toranzo,Cantabria,Santiurde de Toranzo
39079,Santoña,Cantabria,Santoña
39081,Saro,Cantabria,Saro
39082,Selaya,Cantabria,Selaya
39083,Soba,Cantabria,Soba
39084,Solórzano,Cantabria,Solórzano
39085,Suances,Cantabria,Suances
39086,Los Tojos,Cantabria,"Tojos, Los"
39087,Torrelavega,Cantabria,Torrelavega
39088,Tresviso,Cantabria,Tresviso
39089,Tudanca,Cantabria,Tudanca
39090,Udías,Cantabria,Udías
39095,Val de San Vicente,Cantabria,Val de San Vicente
39091,Valdáliga,Cantabria,Valdáliga
39092,Valdeolea,Cantabria,Valdeolea
39093,Valdeprado del Río,Cantabria,Valdeprado del Río
39094,Valderredible,Cantabria,Valderredible
39101,Valle de Villaverde,Cantabria,Valle de Villaverde
39096,Vega de Liébana,Cantabria,Vega de Liébana
39097,Vega de Pas,Cantabria,Vega de Pas
39098,Villacarriedo,Cantabria,Villacarriedo
39099,Villaescusa,Cantabria,Villaescusa
39100,Villafufre,Cantabria,Villafufre
39102,Voto,Cantabria,Voto
40001,Abades,Segovia,Abades
40002,Adrada de Pirón,Segovia,Adrada de Pirón
40003,Adrados,Segovia,Adrados
40004,Aguilafuente,Segovia,Aguilafuente
40005,Alconada de Maderuelo,Segovia,Alconada de Maderuelo
40012,Aldea Real,Segovia,Aldea Real
40006,Aldealcorvo,Segovia,Aldealcorvo
40007,Aldealengua de Pedraza,Segovia,Aldealengua de Pedraza
40008,Aldealengua de Santa María,Segovia,Aldealengua de Santa María
40009,Aldeanueva de la Serrezuela,Segovia,Aldeanueva de la Serrezuela
40010,Aldeanueva del Codonal,Segovia,Aldeanueva del Codonal
40013,Aldeasoña,Segovia,Aldeasoña
40014,Aldehorno,Segovia,Aldehorno
40015,Aldehuela del Codonal,Segovia,Aldehuela del Codonal
40016,Aldeonte,Segovia,Aldeonte
40017,Anaya,Segovia,Anaya
40018,Añe,Segovia,Añe
40019,Arahuetes,Segovia,Arahuetes
40020,Arcones,Segovia,Arcones
40021,Arevalillo de Cega,Segovia,Arevalillo de Cega
40022,Armuña,Segovia,Armuña
40024,Ayllón,Segovia,Ayllón
40025,Barbolla,Segovia,Barbolla
40026,Basardilla,Segovia,Basardilla
40028,Bercial,Segovia,Bercial
40029,Bercimuel,Segovia,Bercimuel
40030,Bernardos,Segovia,Bernardos
40031,Bernuy de Porreros,Segovia,Bernuy de Porreros
40032,Boceguillas,Segovia,Boceguillas
40033,Brieva,Segovia,Brieva
40034,Caballar,Segovia,Caballar
40035,Cabañas de Polendos,Segovia,Cabañas de Polendos
40036,Cabezuela,Segovia,Cabezuela
40037,Calabazas de Fuentidueña,Segovia,Calabazas de Fuentidueña
40039,Campo de San Pedro,Segovia,Campo de San Pedro
40040,Cantalejo,Segovia,Cantalejo
40041,Cantimpalos,Segovia,Cantimpalos
40161,Carabias,Segovia,Carabias
40043,Carbonero el Mayor,Segovia,Carbonero el Mayor
40044,Carrascal del Río,Segovia,Carrascal del Río
40045,Casla,Segovia,Casla
40046,Castillejo de Mesleón,Segovia,Castillejo de Mesleón
40047,Castro de Fuentidueña,Segovia,Castro de Fuentidueña
40048,Castrojimeno,Segovia,Castrojimeno
40049,Castroserna de Abajo,Segovia,Castroserna de Abajo
40051,Castroserracín,Segovia,Castroserracín
40052,Cedillo de la Torre,Segovia,Cedillo de la Torre
40053,Cerezo de Abajo,Segovia,Cerezo de Abajo
40054,Cerezo de Arriba,Segovia,Cerezo de Arriba
40065,Chañe,Segovia,Chañe
40055,Cilleruelo de San Mamés,Segovia,Cilleruelo de San Mamés
40056,Cobos de Fuentidueña,Segovia,Cobos de Fuentidueña
40057,Coca,Segovia,Coca
40058,Codorniz,Segovia,Codorniz
40059,Collado Hermoso,Segovia,Collado Hermoso
40060,Condado de Castilnovo,Segovia,Condado de Castilnovo
40061,Corral de Ayllón,Segovia,Corral de Ayllón
40902,Cozuelos de Fuentidueña,Segovia,Cozuelos de Fuentidueña
40062,Cubillo,Segovia,Cubillo
40063,Cuéllar,Segovia,Cuéllar
40905,Cuevas de Provanco,Segovia,Cuevas de Provanco
40068,Domingo García,Segovia,Domingo García
40069,Donhierro,Segovia,Donhierro
40070,Duruelo,Segovia,Duruelo
40071,Encinas,Segovia,Encinas
40072,Encinillas,Segovia,Encinillas
40073,Escalona del Prado,Segovia,Escalona del Prado
40074,Escarabajosa de Cabezas,Segovia,Escarabajosa de Cabezas
40075,Escobar de Polendos,Segovia,Escobar de Polendos
40076,El Espinar,Segovia,"Espinar, El"
40077,Espirdo,Segovia,Espirdo
40078,Fresneda de Cuéllar,Segovia,Fresneda de Cuéllar
40079,Fresno de Cantespino,Segovia,Fresno de Cantespino
40080,Fresno de la Fuente,Segovia,Fresno de la Fuente
40081,Frumales,Segovia,Frumales
40082,Fuente de Santa Cruz,Segovia,Fuente de Santa Cruz
40083,Fuente el Olmo de Fuentidueña,Segovia,Fuente el Olmo de Fuentidueña
40084,Fuente el Olmo de Íscar,Segovia,Fuente el Olmo de Íscar
40086,Fuentepelayo,Segovia,Fuentepelayo
40087,Fuentepiñel,Segovia,Fuentepiñel
40088,Fuenterrebollo,Segovia,Fuenterrebollo
40089,Fuentesaúco de Fuentidueña,Segovia,Fuentesaúco de Fuentidueña
40091,Fuentesoto,Segovia,Fuentesoto
40092,Fuentidueña,Segovia,Fuentidueña
40093,Gallegos,Segovia,Gallegos
40094,Garcillán,Segovia,Garcillán
40095,Gomezserracín,Segovia,Gomezserracín
40097,Grajera,Segovia,Grajera
40099,Honrubia de la Cuesta,Segovia,Honrubia de la Cuesta
40100,Hontalbilla,Segovia,Hontalbilla
40101,Hontanares de Eresma,Segovia,Hontanares de Eresma
40103,Los Huertos,Segovia,"Huertos, Los"
40104,Ituero y Lama,Segovia,Ituero y Lama
40105,Juarros de Riomoros,Segovia,Juarros de Riomoros
40106,Juarros de Voltoya,Segovia,Juarros de Voltoya
40107,Labajos,Segovia,Labajos
40108,Laguna de Contreras,Segovia,Laguna de Contreras
40109,Languilla,Segovia,Languilla
40110,Lastras de Cuéllar,Segovia,Lastras de Cuéllar
40111,Lastras del Pozo,Segovia,Lastras del Pozo
40112,La Lastrilla,Segovia,"Lastrilla, La"
40113,La Losa,Segovia,"Losa, La"
40115,Maderuelo,Segovia,Maderuelo
40903,Marazoleja,Segovia,Marazoleja
40118,Marazuela,Segovia,Marazuela
40119,Martín Miguel,Segovia,Martín Miguel
40120,Martín Muñoz de la Dehesa,Segovia,Martín Muñoz de la Dehesa
40121,Martín Muñoz de las Posadas,Segovia,Martín Muñoz de las Posadas
40122,Marugán,Segovia,Marugán
40124,Mata de Cuéllar,Segovia,Mata de Cuéllar
40123,Matabuena,Segovia,Matabuena
40125,La Matilla,Segovia,"Matilla, La"
40126,Melque de Cercos,Segovia,Melque de Cercos
40127,Membibre de la Hoz,Segovia,Membibre de la Hoz
40128,Migueláñez,Segovia,Migueláñez
40129,Montejo de Arévalo,Segovia,Montejo de Arévalo
40130,Montejo de la Vega de la Serrezuela,Segovia,Montejo de la Vega de la Serrezuela
40131,Monterrubio,Segovia,Monterrubio
40132,Moral de Hornuez,Segovia,Moral de Hornuez
40134,Mozoncillo,Segovia,Mozoncillo
40135,Muñopedro,Segovia,Muñopedro
40136,Muñoveros,Segovia,Muñoveros
40138,Nava de la Asunción,Segovia,Nava de la Asunción
40139,Navafría,Segovia,Navafría
40140,Navalilla,Segovia,Navalilla
40141,Navalmanzano,Segovia,Navalmanzano
40142,Navares de Ayuso,Segovia,Navares de Ayuso
40143,Navares de Enmedio,Segovia,Navares de Enmedio
40144,Navares de las Cuevas,Segovia,Navares de las Cuevas
40145,Navas de Oro,Segovia,Navas de Oro
40904,Navas de Riofrío,Segovia,Navas de Riofrío
40146,Navas de San Antonio,Segovia,Navas de San Antonio
40148,Nieva,Segovia,Nieva
40149,Olombrada,Segovia,Olombrada
40150,Orejana,Segovia,Orejana
40151,Ortigosa de Pestaño,Segovia,Ortigosa de Pestaño
40901,Ortigosa del Monte,Segovia,Ortigosa del Monte
40152,Otero de Herreros,Segovia,Otero de Herreros
40154,Pajarejos,Segovia,Pajarejos
40155,Palazuelos de Eresma,Segovia,Palazuelos de Eresma
40156,Pedraza,Segovia,Pedraza
40157,Pelayos del Arroyo,Segovia,Pelayos del Arroyo
40158,Perosillo,Segovia,Perosillo
40159,Pinarejos,Segovia,Pinarejos
40160,Pinarnegrillo,Segovia,Pinarnegrillo
40162,Prádena,Segovia,Prádena
40163,Puebla de Pedraza,Segovia,Puebla de Pedraza
40164,Rapariegos,Segovia,Rapariegos
40181,Real Sitio de San Ildefonso,Segovia,Real Sitio de San Ildefonso
40165,Rebollo,Segovia,Rebollo
40166,Remondo,Segovia,Remondo
40168,Riaguas de San Bartolomé,Segovia,Riaguas de San Bartolomé
40170,Riaza,Segovia,Riaza
40171,Ribota,Segovia,Ribota
40172,Riofrío de Riaza,Segovia,Riofrío de Riaza
40173,Roda de Eresma,Segovia,Roda de Eresma
40174,Sacramenia,Segovia,Sacramenia
40176,Samboal,Segovia,Samboal
40177,San Cristóbal de Cuéllar,Segovia,San Cristóbal de Cuéllar
40178,San Cristóbal de la Vega,Segovia,San Cristóbal de la Vega
40906,San Cristóbal de Segovia,Segovia,San Cristóbal de Segovia
40182,San Martín y Mudrián,Segovia,San Martín y Mudrián
40183,San Miguel de Bernuy,Segovia,San Miguel de Bernuy
40184,San Pedro de Gaíllos,Segovia,San Pedro de Gaíllos
40179,Sanchonuño,Segovia,Sanchonuño
40180,Sangarcía,Segovia,Sangarcía
40185,Santa María la Real de Nieva,Segovia,Santa María la Real de Nieva
40186,Santa Marta del Cerro,Segovia,Santa Marta del Cerro
40188,Santiuste de Pedraza,Segovia,Santiuste de Pedraza
40189,Santiuste de San Juan Bautista,Segovia,Santiuste de San Juan Bautista
40190,Santo Domingo de Pirón,Segovia,Santo Domingo de Pirón
40191,Santo Tomé del Puerto,Segovia,Santo Tomé del Puerto
40192,Sauquillo de Cabezas,Segovia,Sauquillo de Cabezas
40193,Sebúlcor,Segovia,Sebúlcor
40194,Segovia,Segovia,Segovia
40195,Sepúlveda,Segovia,Sepúlveda
40196,Sequera de Fresno,Segovia,Sequera de Fresno
40198,Sotillo,Segovia,Sotillo
40199,Sotosalbos,Segovia,Sotosalbos
40200,Tabanera la Luenga,Segovia,Tabanera la Luenga
40201,Tolocirio,Segovia,Tolocirio
40206,Torre Val de San Pedro,Segovia,Torre Val de San Pedro
40202,Torreadrada,Segovia,Torreadrada
40203,Torrecaballeros,Segovia,Torrecaballeros
40204,Torrecilla del Pinar,Segovia,Torrecilla del Pinar
40205,Torreiglesias,Segovia,Torreiglesias
40207,Trescasas,Segovia,Trescasas
40208,Turégano,Segovia,Turégano
40210,Urueñas,Segovia,Urueñas
40211,Valdeprados,Segovia,Valdeprados
40212,Valdevacas de Montejo,Segovia,Valdevacas de Montejo
40213,Valdevacas y Guijar,Segovia,Valdevacas y Guijar
40218,Valle de Tabladillo,Segovia,Valle de Tabladillo
40219,Vallelado,Segovia,Vallelado
40220,Valleruela de Pedraza,Segovia,Valleruela de Pedraza
40221,Valleruela de Sepúlveda,Segovia,Valleruela de Sepúlveda
40214,Valseca,Segovia,Valseca
40215,Valtiendas,Segovia,Valtiendas
40216,Valverde del Majano,Segovia,Valverde del Majano
40222,Veganzones,Segovia,Veganzones
40223,Vegas de Matute,Segovia,Vegas de Matute
40224,Ventosilla y Tejadilla,Segovia,Ventosilla y Tejadilla
40225,Villacastín,Segovia,Villacastín
40228,Villaverde de Íscar,Segovia,Villaverde de Íscar
40229,Villaverde de Montejo,Segovia,Villaverde de Montejo
40230,Villeguillo,Segovia,Villeguillo
40231,Yanguas de Eresma,Segovia,Yanguas de Eresma
40233,Zarzuela del Monte,Segovia,Zarzuela del Monte
40234,Zarzuela del Pinar,Segovia,Zarzuela del Pinar
41001,Aguadulce,Sevilla,Aguadulce
41002,Alanís,Sevilla,Alanís
41003,Albaida del Aljarafe,Sevilla,Albaida del Aljarafe
41004,Alcalá de Guadaíra,Sevilla,Alcalá de Guadaíra
41005,Alcalá del Río,Sevilla,Alcalá del Río
41006,Alcolea del Río,Sevilla,Alcolea del Río
41007,La Algaba,Sevilla,"Algaba, La"
41008,Algámitas,Sevilla,Algámitas
41009,Almadén de la Plata,Sevilla,Almadén de la Plata
41010,Almensilla,Sevilla,Almensilla
41011,Arahal,Sevilla,Arahal
41012,Aznalcázar,Sevilla,Aznalcázar
41013,Aznalcóllar,Sevilla,Aznalcóllar
41014,Badolatosa,Sevilla,Badolatosa
41015,Benacazón,Sevilla,Benacazón
41016,Bollullos de la Mitación,Sevilla,Bollullos de la Mitación
41017,Bormujos,Sevilla,Bormujos
41018,Brenes,Sevilla,Brenes
41019,Burguillos,Sevilla,Burguillos
41020,Las Cabezas de San Juan,Sevilla,"Cabezas de San Juan, Las"
41021,Camas,Sevilla,Camas
41022,La Campana,Sevilla,"Campana, La"
41023,Cantillana,Sevilla,Cantillana
41901,Cañada Rosal,Sevilla,Cañada Rosal
41024,Carmona,Sevilla,Carmona
41025,Carrión de los Céspedes,Sevilla,Carrión de los Céspedes
41026,Casariche,Sevilla,Casariche
41027,Castilblanco de los Arroyos,Sevilla,Castilblanco de los Arroyos
41028,Castilleja de Guzmán,Sevilla,Castilleja de Guzmán
41029,Castilleja de la Cuesta,Sevilla,Castilleja de la Cuesta
41030,Castilleja del Campo,Sevilla,Castilleja del Campo
41031,El Castillo de las Guardas,Sevilla,"Castillo de las Guardas, El"
41032,Cazalla de la Sierra,Sevilla,Cazalla de la Sierra
41033,Constantina,Sevilla,Constantina
41034,Coria del Río,Sevilla,Coria del Río
41035,Coripe,Sevilla,Coripe
41036,El Coronil,Sevilla,"Coronil, El"
41037,Los Corrales,Sevilla,"Corrales, Los"
41903,El Cuervo de Sevilla,Sevilla,"Cuervo de Sevilla, El"
41038,Dos Hermanas,Sevilla,Dos Hermanas
41039,Écija,Sevilla,Écija
41040,Espartinas,Sevilla,Espartinas
41041,Estepa,Sevilla,Estepa
41042,Fuentes de Andalucía,Sevilla,Fuentes de Andalucía
41043,El Garrobo,Sevilla,"Garrobo, El"
41044,Gelves,Sevilla,Gelves
41045,Gerena,Sevilla,Gerena
41046,Gilena,Sevilla,Gilena
41047,Gines,Sevilla,Gines
41048,Guadalcanal,Sevilla,Guadalcanal
41049,Guillena,Sevilla,Guillena
41050,Herrera,Sevilla,Herrera
41051,Huévar del Aljarafe,Sevilla,Huévar del Aljarafe
41902,Isla Mayor,Sevilla,Isla Mayor
41052,Lantejuela,Sevilla,Lantejuela
41053,Lebrija,Sevilla,Lebrija
41054,Lora de Estepa,Sevilla,Lora de Estepa
41055,Lora del Río,Sevilla,Lora del Río
41056,La Luisiana,Sevilla,"Luisiana, La"
41057,El Madroño,Sevilla,"Madroño, El"
41058,Mairena del Alcor,Sevilla,Mairena del Alcor
41059,Mairena del Aljarafe,Sevilla,Mairena del Aljarafe
41060,Marchena,Sevilla,Marchena
41061,Marinaleda,Sevilla,Marinaleda
41062,Martín de la Jara,Sevilla,Martín de la Jara
41063,Los Molares,Sevilla,"Molares, Los"
41064,Montellano,Sevilla,Montellano
41065,Morón de la Frontera,Sevilla,Morón de la Frontera
41066,Las Navas de la Concepción,Sevilla,"Navas de la Concepción, Las"
41067,Olivares,Sevilla,Olivares
41068,Osuna,Sevilla,Osuna
41069,Los Palacios y Villafranca,Sevilla,"Palacios y Villafranca, Los"
41904,El Palmar de Troya,Sevilla,"Palmar de Troya, El"
41070,Palomares del Río,Sevilla,Palomares del Río
41071,Paradas,Sevilla,Paradas
41072,Pedrera,Sevilla,Pedrera
41073,El Pedroso,Sevilla,"Pedroso, El"
41074,Peñaflor,Sevilla,Peñaflor
41075,Pilas,Sevilla,Pilas
41076,Pruna,Sevilla,Pruna
41077,La Puebla de Cazalla,Sevilla,"Puebla de Cazalla, La"
41078,La Puebla de los Infantes,Sevilla,"Puebla de los Infantes, La"
41079,La Puebla del Río,Sevilla,"Puebla del Río, La"
41080,El Real de la Jara,Sevilla,"Real de la Jara, El"
41081,La Rinconada,Sevilla,"Rinconada, La"
41082,La Roda de Andalucía,Sevilla,"Roda de Andalucía, La"
41083,El Ronquillo,Sevilla,"Ronquillo, El"
41084,El Rubio,Sevilla,"Rubio, El"
41085,Salteras,Sevilla,Salteras
41086,San Juan de Aznalfarache,Sevilla,San Juan de Aznalfarache
41088,San Nicolás del Puerto,Sevilla,San Nicolás del Puerto
41087,Sanlúcar la Mayor,Sevilla,Sanlúcar la Mayor
41089,Santiponce,Sevilla,Santiponce
41090,El Saucejo,Sevilla,"Saucejo, El"
41091,Sevilla,Sevilla,Sevilla
41092,Tocina,Sevilla,Tocina
41093,Tomares,Sevilla,Tomares
41094,Umbrete,Sevilla,Umbrete
41095,Utrera,Sevilla,Utrera
41096,Valencina de la Concepción,Sevilla,Valencina de la Concepción
41097,Villamanrique de la Condesa,Sevilla,Villamanrique de la Condesa
41100,Villanueva de San Juan,Sevilla,Villanueva de San Juan
41098,Villanueva del Ariscal,Sevilla,Villanueva del Ariscal
41099,Villanueva del Río y Minas,Sevilla,Villanueva del Río y Minas
41101,Villaverde del Río,Sevilla,Villaverde del Río
41102,El Viso del Alcor,Sevilla,"Viso del Alcor, El"
42001,Abejar,Soria,Abejar
42003,Adradas,Soria,Adradas
42004,Ágreda,Soria,Ágreda
42006,Alconaba,Soria,Alconaba
42007,Alcubilla de Avellaneda,Soria,Alcubilla de Avellaneda
42008,Alcubilla de las Peñas,Soria,Alcubilla de las Peñas
42009,Aldealafuente,Soria,Aldealafuente
42010,Aldealices,Soria,Aldealices
42011,Aldealpozo,Soria,Aldealpozo
42012,Aldealseñor,Soria,Aldealseñor
42013,Aldehuela de Periáñez,Soria,Aldehuela de Periáñez
42014,Las Aldehuelas,Soria,"Aldehuelas, Las"
42015,Alentisque,Soria,Alentisque
42016,Aliud,Soria,Aliud
42017,Almajano,Soria,Almajano
42018,Almaluez,Soria,Almaluez
42019,Almarza,Soria,Almarza
42020,Almazán,Soria,Almazán
42021,Almazul,Soria,Almazul
42022,Almenar de Soria,Soria,Almenar de Soria
42023,Alpanseque,Soria,Alpanseque
42024,Arancón,Soria,Arancón
42025,Arcos de Jalón,Soria,Arcos de Jalón
42026,Arenillas,Soria,Arenillas
42027,Arévalo de la Sierra,Soria,Arévalo de la Sierra
42028,Ausejo de la Sierra,Soria,Ausejo de la Sierra
42029,Baraona,Soria,Baraona
42030,Barca,Soria,Barca
42031,Barcones,Soria,Barcones
42032,Bayubas de Abajo,Soria,Bayubas de Abajo
42033,Bayubas de Arriba,Soria,Bayubas de Arriba
42034,Beratón,Soria,Beratón
42035,Berlanga de Duero,Soria,Berlanga de Duero
42036,Blacos,Soria,Blacos
42037,Bliecos,Soria,Bliecos
42038,Borjabad,Soria,Borjabad
42039,Borobia,Soria,Borobia
42041,Buberos,Soria,Buberos
42042,Buitrago,Soria,Buitrago
42043,Burgo de Osma-Ciudad de Osma,Soria,Burgo de Osma-Ciudad de Osma
42044,Cabrejas del Campo,Soria,Cabrejas del Campo
42045,Cabrejas del Pinar,Soria,Cabrejas del Pinar
42046,Calatañazor,Soria,Calatañazor
42048,Caltojar,Soria,Caltojar
42049,Candilichera,Soria,Candilichera
42050,Cañamaque,Soria,Cañamaque
42051,Carabantes,Soria,Carabantes
42052,Caracena,Soria,Caracena
42053,Carrascosa de Abajo,Soria,Carrascosa de Abajo
42054,Carrascosa de la Sierra,Soria,Carrascosa de la Sierra
42055,Casarejos,Soria,Casarejos
42056,Castilfrío de la Sierra,Soria,Castilfrío de la Sierra
42058,Castillejo de Robledo,Soria,Castillejo de Robledo
42057,Castilruiz,Soria,Castilruiz
42059,Centenera de Andaluz,Soria,Centenera de Andaluz
42060,Cerbón,Soria,Cerbón
42061,Cidones,Soria,Cidones
42062,Cigudosa,Soria,Cigudosa
42063,Cihuela,Soria,Cihuela
42064,Ciria,Soria,Ciria
42065,Cirujales del Río,Soria,Cirujales del Río
42068,Coscurita,Soria,Coscurita
42069,Covaleda,Soria,Covaleda
42070,Cubilla,Soria,Cubilla
42071,Cubo de la Solana,Soria,Cubo de la Solana
42073,Cueva de Ágreda,Soria,Cueva de Ágreda
42075,Dévanos,Soria,Dévanos
42076,Deza,Soria,Deza
42078,Duruelo de la Sierra,Soria,Duruelo de la Sierra
42079,Escobosa de Almazán,Soria,Escobosa de Almazán
42080,Espeja de San Marcelino,Soria,Espeja de San Marcelino
42081,Espejón,Soria,Espejón
42082,Estepa de San Juan,Soria,Estepa de San Juan
42083,Frechilla de Almazán,Soria,Frechilla de Almazán
42084,Fresno de Caracena,Soria,Fresno de Caracena
42085,Fuentearmegil,Soria,Fuentearmegil
42086,Fuentecambrón,Soria,Fuentecambrón
42087,Fuentecantos,Soria,Fuentecantos
42088,Fuentelmonge,Soria,Fuentelmonge
42089,Fuentelsaz de Soria,Soria,Fuentelsaz de Soria
42090,Fuentepinilla,Soria,Fuentepinilla
42092,Fuentes de Magaña,Soria,Fuentes de Magaña
42093,Fuentestrún,Soria,Fuentestrún
42094,Garray,Soria,Garray
42095,Golmayo,Soria,Golmayo
42096,Gómara,Soria,Gómara
42097,Gormaz,Soria,Gormaz
42098,Herrera de Soria,Soria,Herrera de Soria
42100,Hinojosa del Campo,Soria,Hinojosa del Campo
42103,Langa de Duero,Soria,Langa de Duero
42105,Liceras,Soria,Liceras
42106,La Losilla,Soria,"Losilla, La"
42107,Magaña,Soria,Magaña
42108,Maján,Soria,Maján
42110,Matalebreras,Soria,Matalebreras
42111,Matamala de Almazán,Soria,Matamala de Almazán
42113,Medinaceli,Soria,Medinaceli
42115,Miño de Medinaceli,Soria,Miño de Medinaceli
42116,Miño de San Esteban,Soria,Miño de San Esteban
42117,Molinos de Duero,Soria,Molinos de Duero
42118,Momblona,Soria,Momblona
42119,Monteagudo de las Vicarías,Soria,Monteagudo de las Vicarías
42120,Montejo de Tiermes,Soria,Montejo de Tiermes
42121,Montenegro de Cameros,Soria,Montenegro de Cameros
42123,Morón de Almazán,Soria,Morón de Almazán
42124,Muriel de la Fuente,Soria,Muriel de la Fuente
42125,Muriel Viejo,Soria,Muriel Viejo
42127,Nafría de Ucero,Soria,Nafría de Ucero
42128,Narros,Soria,Narros
42129,Navaleno,Soria,Navaleno
42130,Nepas,Soria,Nepas
42131,Nolay,Soria,Nolay
42132,Noviercas,Soria,Noviercas
42134,Ólvega,Soria,Ólvega
42135,Oncala,Soria,Oncala
42139,Pinilla del Campo,Soria,Pinilla del Campo
42140,Portillo de Soria,Soria,Portillo de Soria
42141,La Póveda de Soria,Soria,"Póveda de Soria, La"
42142,Pozalmuro,Soria,Pozalmuro
42144,Quintana Redonda,Soria,Quintana Redonda
42145,Quintanas de Gormaz,Soria,Quintanas de Gormaz
42148,Quiñonería,Soria,Quiñonería
42149,Los Rábanos,Soria,"Rábanos, Los"
42151,Rebollar,Soria,Rebollar
42152,Recuerda,Soria,Recuerda
42153,Rello,Soria,Rello
42154,Renieblas,Soria,Renieblas
42155,Retortillo de Soria,Soria,Retortillo de Soria
42156,Reznos,Soria,Reznos
42157,La Riba de Escalote,Soria,"Riba de Escalote, La"
42158,Rioseco de Soria,Soria,Rioseco de Soria
42159,Rollamienta,Soria,Rollamienta
42160,El Royo,Soria,"Royo, El"
42161,Salduero,Soria,Salduero
42162,San Esteban de Gormaz,Soria,San Esteban de Gormaz
42163,San Felices,Soria,San Felices
42164,San Leonardo de Yagüe,Soria,San Leonardo de Yagüe
42165,San Pedro Manrique,Soria,San Pedro Manrique
42166,Santa Cruz de Yanguas,Soria,Santa Cruz de Yanguas
42167,Santa María de Huerta,Soria,Santa María de Huerta
42168,Santa María de las Hoyas,Soria,Santa María de las Hoyas
42171,Serón de Nágima,Soria,Serón de Nágima
42172,Soliedra,Soria,Soliedra
42173,Soria,Soria,Soria
42174,Sotillo del Rincón,Soria,Sotillo del Rincón
42175,Suellacabras,Soria,Suellacabras
42176,Tajahuerce,Soria,Tajahuerce
42177,Tajueco,Soria,Tajueco
42178,Talveila,Soria,Talveila
42181,Tardelcuende,Soria,Tardelcuende
42182,Taroda,Soria,Taroda
42183,Tejado,Soria,Tejado
42184,Torlengua,Soria,Torlengua
42185,Torreblacos,Soria,Torreblacos
42187,Torrubia de Soria,Soria,Torrubia de Soria
42188,Trévago,Soria,Trévago
42189,Ucero,Soria,Ucero
42190,Vadillo,Soria,Vadillo
42191,Valdeavellano de Tera,Soria,Valdeavellano de Tera
42192,Valdegeña,Soria,Valdegeña
42193,Valdelagua del Cerro,Soria,Valdelagua del Cerro
42194,Valdemaluque,Soria,Valdemaluque
42195,Valdenebro,Soria,Valdenebro
42196,Valdeprado,Soria,Valdeprado
42197,Valderrodilla,Soria,Valderrodilla
42198,Valtajeros,Soria,Valtajeros
42200,Velamazán,Soria,Velamazán
42201,Velilla de la Sierra,Soria,Velilla de la Sierra
42202,Velilla de los Ajos,Soria,Velilla de los Ajos
42204,Viana de Duero,Soria,Viana de Duero
42205,Villaciervos,Soria,Villaciervos
42206,Villanueva de Gormaz,Soria,Villanueva de Gormaz
42207,Villar del Ala,Soria,Villar del Ala
42208,Villar del Campo,Soria,Villar del Campo
42209,Villar del Río,Soria,Villar del Río
42211,Los Villares de Soria,Soria,"Villares de Soria, Los"
42212,Villasayas,Soria,Villasayas
42213,Villaseca de Arciel,Soria,Villaseca de Arciel
42215,Vinuesa,Soria,Vinuesa
42216,Vizmanos,Soria,Vizmanos
42217,Vozmediano,Soria,Vozmediano
42218,Yanguas,Soria,Yanguas
42219,Yelo,Soria,Yelo
43001,Aiguamúrcia,Tarragona,Aiguamúrcia
43002,Albinyana,Tarragona,Albinyana
43003,L'Albiol,Tarragona,"Albiol, L'"
43004,Alcanar,Tarragona,Alcanar
43005,Alcover,Tarragona,Alcover
43904,L'Aldea,Tarragona,"Aldea, L'"
43006,Aldover,Tarragona,Aldover
43007,L'Aleixar,Tarragona,"Aleixar, L'"
43008,Alfara de Carles,Tarragona,Alfara de Carles
43009,Alforja,Tarragona,Alforja
43010,Alió,Tarragona,Alió
43011,Almoster,Tarragona,Almoster
43012,Altafulla,Tarragona,Altafulla
43013,L'Ametlla de Mar,Tarragona,"Ametlla de Mar, L'"
43906,L'Ampolla,Tarragona,"Ampolla, L'"
43014,Amposta,Tarragona,Amposta
43016,L'Arboç,Tarragona,"Arboç, L'"
43015,Arbolí,Tarragona,Arbolí
43017,L'Argentera,Tarragona,"Argentera, L'"
43018,Arnes,Tarragona,Arnes
43019,Ascó,Tarragona,Ascó
43020,Banyeres del Penedès,Tarragona,Banyeres del Penedès
43021,Barberà de la Conca,Tarragona,Barberà de la Conca
43022,Batea,Tarragona,Batea
43023,Bellmunt del Priorat,Tarragona,Bellmunt del Priorat
43024,Bellvei,Tarragona,Bellvei
43025,Benifallet,Tarragona,Benifallet
43026,Benissanet,Tarragona,Benissanet
43027,La Bisbal de Montsant,Tarragona,"Bisbal de Montsant, La"
43028,La Bisbal del Penedès,Tarragona,"Bisbal del Penedès, La"
43029,Blancafort,Tarragona,Blancafort
43030,Bonastre,Tarragona,Bonastre
43031,Les Borges del Camp,Tarragona,"Borges del Camp, Les"
43032,Bot,Tarragona,Bot
43033,Botarell,Tarragona,Botarell
43034,Bràfim,Tarragona,Bràfim
43035,Cabacés,Tarragona,Cabacés
43036,Cabra del Camp,Tarragona,Cabra del Camp
43037,Calafell,Tarragona,Calafell
43903,Camarles,Tarragona,Camarles
43038,Cambrils,Tarragona,Cambrils
43907,La Canonja,Tarragona,"Canonja, La"
43039,Capafonts,Tarragona,Capafonts
43040,Capçanes,Tarragona,Capçanes
43041,Caseres,Tarragona,Caseres
43042,Castellvell del Camp,Tarragona,Castellvell del Camp
43043,El Catllar,Tarragona,"Catllar, El"
43045,Colldejou,Tarragona,Colldejou
43046,Conesa,Tarragona,Conesa
43047,Constantí,Tarragona,Constantí
43048,Corbera d'Ebre,Tarragona,Corbera d'Ebre
43049,Cornudella de Montsant,Tarragona,Cornudella de Montsant
43050,Creixell,Tarragona,Creixell
43051,Cunit,Tarragona,Cunit
43901,Deltebre,Tarragona,Deltebre
43053,Duesaigües,Tarragona,Duesaigües
43054,L'Espluga de Francolí,Tarragona,"Espluga de Francolí, L'"
43055,Falset,Tarragona,Falset
43056,La Fatarella,Tarragona,"Fatarella, La"
43057,La Febró,Tarragona,"Febró, La"
43058,La Figuera,Tarragona,"Figuera, La"
43059,Figuerola del Camp,Tarragona,Figuerola del Camp
43060,Flix,Tarragona,Flix
43061,Forès,Tarragona,Forès
43062,Freginals,Tarragona,Freginals
43063,La Galera,Tarragona,"Galera, La"
43064,Gandesa,Tarragona,Gandesa
43065,Garcia,Tarragona,Garcia
43066,Els Garidells,Tarragona,"Garidells, Els"
43067,Ginestar,Tarragona,Ginestar
43068,Godall,Tarragona,Godall
43069,Gratallops,Tarragona,Gratallops
43070,Els Guiamets,Tarragona,"Guiamets, Els"
43071,Horta de Sant Joan,Tarragona,Horta de Sant Joan
43072,El Lloar,Tarragona,"Lloar, El"
43073,Llorac,Tarragona,Llorac
43074,Llorenç del Penedès,Tarragona,Llorenç del Penedès
43076,Marçà,Tarragona,Marçà
43075,Margalef,Tarragona,Margalef
43077,Mas de Barberans,Tarragona,Mas de Barberans
43078,Masdenverge,Tarragona,Masdenverge
43079,Masllorenç,Tarragona,Masllorenç
43080,La Masó,Tarragona,"Masó, La"
43081,Maspujols,Tarragona,Maspujols
43082,El Masroig,Tarragona,"Masroig, El"
43083,El Milà,Tarragona,"Milà, El"
43084,Miravet,Tarragona,Miravet
43085,El Molar,Tarragona,"Molar, El"
43086,Montblanc,Tarragona,Montblanc
43088,Montbrió del Camp,Tarragona,Montbrió del Camp
43089,Montferri,Tarragona,Montferri
43090,El Montmell,Tarragona,"Montmell, El"
43091,Mont-ral,Tarragona,Mont-ral
43092,Mont-roig del Camp,Tarragona,Mont-roig del Camp
43093,Móra d'Ebre,Tarragona,Móra d'Ebre
43094,Móra la Nova,Tarragona,Móra la Nova
43095,El Morell,Tarragona,"Morell, El"
43096,La Morera de Montsant,Tarragona,"Morera de Montsant, La"
43097,La Nou de Gaià,Tarragona,"Nou de Gaià, La"
43098,Nulles,Tarragona,Nulles
43100,Els Pallaresos,Tarragona,"Pallaresos, Els"
43099,La Palma d'Ebre,Tarragona,"Palma d'Ebre, La"
43101,Passanant i Belltall,Tarragona,Passanant i Belltall
43102,Paüls,Tarragona,Paüls
43103,Perafort,Tarragona,Perafort
43104,El Perelló,Tarragona,"Perelló, El"
43105,Les Piles,Tarragona,"Piles, Les"
43106,El Pinell de Brai,Tarragona,"Pinell de Brai, El"
43107,Pira,Tarragona,Pira
43108,El Pla de Santa Maria,Tarragona,"Pla de Santa Maria, El"
43109,La Pobla de Mafumet,Tarragona,"Pobla de Mafumet, La"
43110,La Pobla de Massaluca,Tarragona,"Pobla de Massaluca, La"
43111,La Pobla de Montornès,Tarragona,"Pobla de Montornès, La"
43112,Poboleda,Tarragona,Poboleda
43113,El Pont d'Armentera,Tarragona,"Pont d'Armentera, El"
43141,Pontils,Tarragona,Pontils
43114,Porrera,Tarragona,Porrera
43115,Pradell de la Teixeta,Tarragona,Pradell de la Teixeta
43116,Prades,Tarragona,Prades
43117,Prat de Comte,Tarragona,Prat de Comte
43118,Pratdip,Tarragona,Pratdip
43119,Puigpelat,Tarragona,Puigpelat
43120,Querol,Tarragona,Querol
43136,La Ràpita,Tarragona,"Ràpita, La"
43121,Rasquera,Tarragona,Rasquera
43122,Renau,Tarragona,Renau
43123,Reus,Tarragona,Reus
43124,La Riba,Tarragona,"Riba, La"
43125,Riba-roja d'Ebre,Tarragona,Riba-roja d'Ebre
43126,La Riera de Gaià,Tarragona,"Riera de Gaià, La"
43127,Riudecanyes,Tarragona,Riudecanyes
43128,Riudecols,Tarragona,Riudecols
43129,Riudoms,Tarragona,Riudoms
43130,Rocafort de Queralt,Tarragona,Rocafort de Queralt
43131,Roda de Berà,Tarragona,Roda de Berà
43132,Rodonyà,Tarragona,Rodonyà
43133,Roquetes,Tarragona,Roquetes
43134,El Rourell,Tarragona,"Rourell, El"
43135,Salomó,Tarragona,Salomó
43905,Salou,Tarragona,Salou
43137,Sant Jaume dels Domenys,Tarragona,Sant Jaume dels Domenys
43902,Sant Jaume d'Enveja,Tarragona,Sant Jaume d'Enveja
43138,Santa Bàrbara,Tarragona,Santa Bàrbara
43139,Santa Coloma de Queralt,Tarragona,Santa Coloma de Queralt
43140,Santa Oliva,Tarragona,Santa Oliva
43142,Sarral,Tarragona,Sarral
43143,Savallà del Comtat,Tarragona,Savallà del Comtat
43144,La Secuita,Tarragona,"Secuita, La"
43145,La Selva del Camp,Tarragona,"Selva del Camp, La"
43146,Senan,Tarragona,Senan
43044,La Sénia,Tarragona,"Sénia, La"
43147,Solivella,Tarragona,Solivella
43148,Tarragona,Tarragona,Tarragona
43149,Tivenys,Tarragona,Tivenys
43150,Tivissa,Tarragona,Tivissa
43151,La Torre de Fontaubella,Tarragona,"Torre de Fontaubella, La"
43152,La Torre de l'Espanyol,Tarragona,"Torre de l'Espanyol, La"
43153,Torredembarra,Tarragona,Torredembarra
43154,Torroja del Priorat,Tarragona,Torroja del Priorat
43155,Tortosa,Tarragona,Tortosa
43156,Ulldecona,Tarragona,Ulldecona
43157,Ulldemolins,Tarragona,Ulldemolins
43158,Vallclara,Tarragona,Vallclara
43159,Vallfogona de Riucorb,Tarragona,Vallfogona de Riucorb
43160,Vallmoll,Tarragona,Vallmoll
43161,Valls,Tarragona,Valls
43162,Vandellòs i l'Hospitalet de l'Infant,Tarragona,Vandellòs i l'Hospitalet de l'Infant
43163,El Vendrell,Tarragona,"Vendrell, El"
43164,Vespella de Gaià,Tarragona,Vespella de Gaià
43165,Vilabella,Tarragona,Vilabella
43175,Vilalba dels Arcs,Tarragona,Vilalba dels Arcs
43166,Vilallonga del Camp,Tarragona,Vilallonga del Camp
43168,Vilanova de Prades,Tarragona,Vilanova de Prades
43167,Vilanova d'Escornalbou,Tarragona,Vilanova d'Escornalbou
43169,Vilaplana,Tarragona,Vilaplana
43170,Vila-rodona,Tarragona,Vila-rodona
43171,Vila-seca,Tarragona,Vila-seca
43172,Vilaverd,Tarragona,Vilaverd
43173,La Vilella Alta,Tarragona,"Vilella Alta, La"
43174,La Vilella Baixa,Tarragona,"Vilella Baixa, La"
43176,Vimbodí i Poblet,Tarragona,Vimbodí i Poblet
43177,Vinebre,Tarragona,Vinebre
43178,Vinyols i els Arcs,Tarragona,Vinyols i els Arcs
43052,Xerta,Tarragona,Xerta
44001,Ababuj,Teruel,Ababuj
44002,Abejuela,Teruel,Abejuela
44003,Aguatón,Teruel,Aguatón
44004,Aguaviva,Teruel,Aguaviva
44005,Aguilar del Alfambra,Teruel,Aguilar del Alfambra
44006,Alacón,Teruel,Alacón
44007,Alba,Teruel,Alba
44008,Albalate del Arzobispo,Teruel,Albalate del Arzobispo
44009,Albarracín,Teruel,Albarracín
44010,Albentosa,Teruel,Albentosa
44011,Alcaine,Teruel,Alcaine
44012,Alcalá de la Selva,Teruel,Alcalá de la Selva
44013,Alcañiz,Teruel,Alcañiz
44014,Alcorisa,Teruel,Alcorisa
44016,Alfambra,Teruel,Alfambra
44017,Aliaga,Teruel,Aliaga
44021,Allepuz,Teruel,Allepuz
44022,Alloza,Teruel,Alloza
44023,Allueva,Teruel,Allueva
44018,Almohaja,Teruel,Almohaja
44019,Alobras,Teruel,Alobras
44020,Alpeñés,Teruel,Alpeñés
44024,Anadón,Teruel,Anadón
44025,Andorra,Teruel,Andorra
44026,Arcos de las Salinas,Teruel,Arcos de las Salinas
44027,Arens de Lledó,Teruel,Arens de Lledó
44028,Argente,Teruel,Argente
44029,Ariño,Teruel,Ariño
44031,Azaila,Teruel,Azaila
44032,Bádenas,Teruel,Bádenas
44033,Báguena,Teruel,Báguena
44034,Bañón,Teruel,Bañón
44035,Barrachina,Teruel,Barrachina
44036,Bea,Teruel,Bea
44037,Beceite,Teruel,Beceite
44039,Bello,Teruel,Bello
44038,Belmonte de San José,Teruel,Belmonte de San José
44040,Berge,Teruel,Berge
44041,Bezas,Teruel,Bezas
44042,Blancas,Teruel,Blancas
44043,Blesa,Teruel,Blesa
44044,Bordón,Teruel,Bordón
44045,Bronchales,Teruel,Bronchales
44046,Bueña,Teruel,Bueña
44047,Burbáguena,Teruel,Burbáguena
44048,Cabra de Mora,Teruel,Cabra de Mora
44049,Calaceite,Teruel,Calaceite
44050,Calamocha,Teruel,Calamocha
44051,Calanda,Teruel,Calanda
44052,Calomarde,Teruel,Calomarde
44053,Camañas,Teruel,Camañas
44054,Camarena de la Sierra,Teruel,Camarena de la Sierra
44055,Camarillas,Teruel,Camarillas
44056,Caminreal,Teruel,Caminreal
44059,Cantavieja,Teruel,Cantavieja
44060,Cañada de Benatanduz,Teruel,Cañada de Benatanduz
44061,La Cañada de Verich,Teruel,"Cañada de Verich, La"
44062,Cañada Vellida,Teruel,Cañada Vellida
44063,Cañizar del Olivar,Teruel,Cañizar del Olivar
44064,Cascante del Río,Teruel,Cascante del Río
44065,Castejón de Tornos,Teruel,Castejón de Tornos
44066,Castel de Cabra,Teruel,Castel de Cabra
44070,El Castellar,Teruel,"Castellar, El"
44071,Castellote,Teruel,Castellote
44067,Castelnou,Teruel,Castelnou
44068,Castelserás,Teruel,Castelserás
44074,Cedrillas,Teruel,Cedrillas
44075,Celadas,Teruel,Celadas
44076,Cella,Teruel,Cella
44077,La Cerollera,Teruel,"Cerollera, La"
44080,La Codoñera,Teruel,"Codoñera, La"
44082,Corbalán,Teruel,Corbalán
44084,Cortes de Aragón,Teruel,Cortes de Aragón
44085,Cosa,Teruel,Cosa
44086,Cretas,Teruel,Cretas
44087,Crivillén,Teruel,Crivillén
44088,La Cuba,Teruel,"Cuba, La"
44089,Cubla,Teruel,Cubla
44090,Cucalón,Teruel,Cucalón
44092,El Cuervo,Teruel,"Cuervo, El"
44093,Cuevas de Almudén,Teruel,Cuevas de Almudén
44094,Cuevas Labradas,Teruel,Cuevas Labradas
44096,Ejulve,Teruel,Ejulve
44097,Escorihuela,Teruel,Escorihuela
44099,Escucha,Teruel,Escucha
44100,Estercuel,Teruel,Estercuel
44101,Ferreruela de Huerva,Teruel,Ferreruela de Huerva
44102,Fonfría,Teruel,Fonfría
44103,Formiche Alto,Teruel,Formiche Alto
44105,Fórnoles,Teruel,Fórnoles
44106,Fortanete,Teruel,Fortanete
44107,Foz-Calanda,Teruel,Foz-Calanda
44108,La Fresneda,Teruel,"Fresneda, La"
44109,Frías de Albarracín,Teruel,Frías de Albarracín
44110,Fuenferrada,Teruel,Fuenferrada
44111,Fuentes Calientes,Teruel,Fuentes Calientes
44112,Fuentes Claras,Teruel,Fuentes Claras
44113,Fuentes de Rubielos,Teruel,Fuentes de Rubielos
44114,Fuentespalda,Teruel,Fuentespalda
44115,Galve,Teruel,Galve
44116,Gargallo,Teruel,Gargallo
44117,Gea de Albarracín,Teruel,Gea de Albarracín
44118,La Ginebrosa,Teruel,"Ginebrosa, La"
44119,Griegos,Teruel,Griegos
44120,Guadalaviar,Teruel,Guadalaviar
44121,Gúdar,Teruel,Gúdar
44122,Híjar,Teruel,Híjar
44123,Hinojosa de Jarque,Teruel,Hinojosa de Jarque
44124,La Hoz de la Vieja,Teruel,"Hoz de la Vieja, La"
44125,Huesa del Común,Teruel,Huesa del Común
44126,La Iglesuela del Cid,Teruel,"Iglesuela del Cid, La"
44127,Jabaloyas,Teruel,Jabaloyas
44128,Jarque de la Val,Teruel,Jarque de la Val
44129,Jatiel,Teruel,Jatiel
44130,Jorcas,Teruel,Jorcas
44131,Josa,Teruel,Josa
44132,Lagueruela,Teruel,Lagueruela
44133,Lanzuela,Teruel,Lanzuela
44135,Libros,Teruel,Libros
44136,Lidón,Teruel,Lidón
44137,Linares de Mora,Teruel,Linares de Mora
44141,Lledó,Teruel,Lledó
44138,Loscos,Teruel,Loscos
44142,Maicas,Teruel,Maicas
44143,Manzanera,Teruel,Manzanera
44144,Martín del Río,Teruel,Martín del Río
44145,Mas de las Matas,Teruel,Mas de las Matas
44146,La Mata de los Olmos,Teruel,"Mata de los Olmos, La"
44147,Mazaleón,Teruel,Mazaleón
44148,Mezquita de Jarque,Teruel,Mezquita de Jarque
44149,Mirambel,Teruel,Mirambel
44150,Miravete de la Sierra,Teruel,Miravete de la Sierra
44151,Molinos,Teruel,Molinos
44152,Monforte de Moyuela,Teruel,Monforte de Moyuela
44153,Monreal del Campo,Teruel,Monreal del Campo
44154,Monroyo,Teruel,Monroyo
44155,Montalbán,Teruel,Montalbán
44156,Monteagudo del Castillo,Teruel,Monteagudo del Castillo
44157,Monterde de Albarracín,Teruel,Monterde de Albarracín
44158,Mora de Rubielos,Teruel,Mora de Rubielos
44159,Moscardón,Teruel,Moscardón
44160,Mosqueruela,Teruel,Mosqueruela
44161,Muniesa,Teruel,Muniesa
44163,Noguera de Albarracín,Teruel,Noguera de Albarracín
44164,Nogueras,Teruel,Nogueras
44165,Nogueruelas,Teruel,Nogueruelas
44167,Obón,Teruel,Obón
44168,Odón,Teruel,Odón
44169,Ojos Negros,Teruel,Ojos Negros
44171,Olba,Teruel,Olba
44172,Oliete,Teruel,Oliete
44173,Los Olmos,Teruel,"Olmos, Los"
44174,Orihuela del Tremedal,Teruel,Orihuela del Tremedal
44175,Orrios,Teruel,Orrios
44176,Palomar de Arroyos,Teruel,Palomar de Arroyos
44177,Pancrudo,Teruel,Pancrudo
44178,Las Parras de Castellote,Teruel,"Parras de Castellote, Las"
44179,Peñarroya de Tastavins,Teruel,Peñarroya de Tastavins
44180,Peracense,Teruel,Peracense
44181,Peralejos,Teruel,Peralejos
44182,Perales del Alfambra,Teruel,Perales del Alfambra
44183,Pitarque,Teruel,Pitarque
44184,Plou,Teruel,Plou
44185,El Pobo,Teruel,"Pobo, El"
44187,La Portellada,Teruel,"Portellada, La"
44189,Pozondón,Teruel,Pozondón
44190,Pozuel del Campo,Teruel,Pozuel del Campo
44191,La Puebla de Híjar,Teruel,"Puebla de Híjar, La"
44192,La Puebla de Valverde,Teruel,"Puebla de Valverde, La"
44193,Puertomingalvo,Teruel,Puertomingalvo
44194,Ráfales,Teruel,Ráfales
44195,Rillo,Teruel,Rillo
44196,Riodeva,Teruel,Riodeva
44197,Ródenas,Teruel,Ródenas
44198,Royuela,Teruel,Royuela
44199,Rubiales,Teruel,Rubiales
44200,Rubielos de la Cérida,Teruel,Rubielos de la Cérida
44201,Rubielos de Mora,Teruel,Rubielos de Mora
44203,Salcedillo,Teruel,Salcedillo
44204,Saldón,Teruel,Saldón
44205,Samper de Calanda,Teruel,Samper de Calanda
44206,San Agustín,Teruel,San Agustín
44207,San Martín del Río,Teruel,San Martín del Río
44208,Santa Cruz de Nogueras,Teruel,Santa Cruz de Nogueras
44209,Santa Eulalia,Teruel,Santa Eulalia
44210,Sarrión,Teruel,Sarrión
44211,Segura de los Baños,Teruel,Segura de los Baños
44212,Seno,Teruel,Seno
44213,Singra,Teruel,Singra
44215,Terriente,Teruel,Terriente
44216,Teruel,Teruel,Teruel
44217,Toril y Masegoso,Teruel,Toril y Masegoso
44218,Tormón,Teruel,Tormón
44219,Tornos,Teruel,Tornos
44220,Torralba de los Sisones,Teruel,Torralba de los Sisones
44223,Torre de Arcas,Teruel,Torre de Arcas
44224,Torre de las Arcas,Teruel,Torre de las Arcas
44225,Torre del Compte,Teruel,Torre del Compte
44227,Torre los Negros,Teruel,Torre los Negros
44221,Torrecilla de Alcañiz,Teruel,Torrecilla de Alcañiz
44222,Torrecilla del Rebollar,Teruel,Torrecilla del Rebollar
44226,Torrelacárcel,Teruel,Torrelacárcel
44228,Torremocha de Jiloca,Teruel,Torremocha de Jiloca
44229,Torres de Albarracín,Teruel,Torres de Albarracín
44230,Torrevelilla,Teruel,Torrevelilla
44231,Torrijas,Teruel,Torrijas
44232,Torrijo del Campo,Teruel,Torrijo del Campo
44234,Tramacastiel,Teruel,Tramacastiel
44235,Tramacastilla,Teruel,Tramacastilla
44236,Tronchón,Teruel,Tronchón
44237,Urrea de Gaén,Teruel,Urrea de Gaén
44238,Utrillas,Teruel,Utrillas
44239,Valacloche,Teruel,Valacloche
44240,Valbona,Teruel,Valbona
44241,Valdealgorfa,Teruel,Valdealgorfa
44243,Valdecuenca,Teruel,Valdecuenca
44244,Valdelinares,Teruel,Valdelinares
44245,Valdeltormo,Teruel,Valdeltormo
44246,Valderrobres,Teruel,Valderrobres
44247,Valjunquera,Teruel,Valjunquera
44249,El Vallecillo,Teruel,"Vallecillo, El"
44250,Veguillas de la Sierra,Teruel,Veguillas de la Sierra
44251,Villafranca del Campo,Teruel,Villafranca del Campo
44252,Villahermosa del Campo,Teruel,Villahermosa del Campo
44256,Villanueva del Rebollar de la Sierra,Teruel,Villanueva del Rebollar de la Sierra
44257,Villar del Cobo,Teruel,Villar del Cobo
44258,Villar del Salz,Teruel,Villar del Salz
44260,Villarluengo,Teruel,Villarluengo
44261,Villarquemado,Teruel,Villarquemado
44262,Villarroya de los Pinares,Teruel,Villarroya de los Pinares
44263,Villastar,Teruel,Villastar
44264,Villel,Teruel,Villel
44265,Vinaceite,Teruel,Vinaceite
44266,Visiedo,Teruel,Visiedo
44267,Vivel del Río Martín,Teruel,Vivel del Río Martín
44268,La Zoma,Teruel,"Zoma, La"
45001,Ajofrín,Toledo,Ajofrín
45002,Alameda de la Sagra,Toledo,Alameda de la Sagra
45003,Albarreal de Tajo,Toledo,Albarreal de Tajo
45004,Alcabón,Toledo,Alcabón
45005,Alcañizo,Toledo,Alcañizo
45006,Alcaudete de la Jara,Toledo,Alcaudete de la Jara
45007,Alcolea de Tajo,Toledo,Alcolea de Tajo
45008,Aldea en Cabo,Toledo,Aldea en Cabo
45009,Aldeanueva de Barbarroya,Toledo,Aldeanueva de Barbarroya
45010,Aldeanueva de San Bartolomé,Toledo,Aldeanueva de San Bartolomé
45011,Almendral de la Cañada,Toledo,Almendral de la Cañada
45012,Almonacid de Toledo,Toledo,Almonacid de Toledo
45013,Almorox,Toledo,Almorox
45014,Añover de Tajo,Toledo,Añover de Tajo
45015,Arcicóllar,Toledo,Arcicóllar
45016,Argés,Toledo,Argés
45017,Azután,Toledo,Azután
45018,Barcience,Toledo,Barcience
45019,Bargas,Toledo,Bargas
45020,Belvís de la Jara,Toledo,Belvís de la Jara
45021,Borox,Toledo,Borox
45022,Buenaventura,Toledo,Buenaventura
45023,Burguillos de Toledo,Toledo,Burguillos de Toledo
45024,Burujón,Toledo,Burujón
45025,Cabañas de la Sagra,Toledo,Cabañas de la Sagra
45026,Cabañas de Yepes,Toledo,Cabañas de Yepes
45027,Cabezamesada,Toledo,Cabezamesada
45028,Calera y Chozas,Toledo,Calera y Chozas
45029,Caleruela,Toledo,Caleruela
45030,Calzada de Oropesa,Toledo,Calzada de Oropesa
45031,Camarena,Toledo,Camarena
45032,Camarenilla,Toledo,Camarenilla
45033,El Campillo de la Jara,Toledo,"Campillo de la Jara, El"
45034,Camuñas,Toledo,Camuñas
45035,Cardiel de los Montes,Toledo,Cardiel de los Montes
45036,Carmena,Toledo,Carmena
45037,El Carpio de Tajo,Toledo,"Carpio de Tajo, El"
45038,Carranque,Toledo,Carranque
45039,Carriches,Toledo,Carriches
45040,El Casar de Escalona,Toledo,"Casar de Escalona, El"
45041,Casarrubios del Monte,Toledo,Casarrubios del Monte
45042,Casasbuenas,Toledo,Casasbuenas
45043,Castillo de Bayuela,Toledo,Castillo de Bayuela
45045,Cazalegas,Toledo,Cazalegas
45046,Cebolla,Toledo,Cebolla
45047,Cedillo del Condado,Toledo,Cedillo del Condado
45048,Los Cerralbos,Toledo,"Cerralbos, Los"
45049,Cervera de los Montes,Toledo,Cervera de los Montes
45056,Chozas de Canales,Toledo,Chozas de Canales
45057,Chueca,Toledo,Chueca
45050,Ciruelos,Toledo,Ciruelos
45051,Cobeja,Toledo,Cobeja
45052,Cobisa,Toledo,Cobisa
45053,Consuegra,Toledo,Consuegra
45054,Corral de Almaguer,Toledo,Corral de Almaguer
45055,Cuerva,Toledo,Cuerva
45058,Domingo Pérez,Toledo,Domingo Pérez
45059,Dosbarrios,Toledo,Dosbarrios
45060,Erustes,Toledo,Erustes
45061,Escalona,Toledo,Escalona
45062,Escalonilla,Toledo,Escalonilla
45063,Espinoso del Rey,Toledo,Espinoso del Rey
45064,Esquivias,Toledo,Esquivias
45065,La Estrella,Toledo,"Estrella, La"
45066,Fuensalida,Toledo,Fuensalida
45067,Gálvez,Toledo,Gálvez
45068,Garciotum,Toledo,Garciotum
45069,Gerindote,Toledo,Gerindote
45070,Guadamur,Toledo,Guadamur
45071,La Guardia,Toledo,"Guardia, La"
45072,Las Herencias,Toledo,"Herencias, Las"
45073,Herreruela de Oropesa,Toledo,Herreruela de Oropesa
45074,Hinojosa de San Vicente,Toledo,Hinojosa de San Vicente
45075,Hontanar,Toledo,Hontanar
45076,Hormigos,Toledo,Hormigos
45077,Huecas,Toledo,Huecas
45078,Huerta de Valdecarábanos,Toledo,Huerta de Valdecarábanos
45079,La Iglesuela del Tiétar,Toledo,"Iglesuela del Tiétar, La"
45080,Illán de Vacas,Toledo,Illán de Vacas
45081,Illescas,Toledo,Illescas
45082,Lagartera,Toledo,Lagartera
45083,Layos,Toledo,Layos
45084,Lillo,Toledo,Lillo
45085,Lominchar,Toledo,Lominchar
45086,Lucillos,Toledo,Lucillos
45087,Madridejos,Toledo,Madridejos
45088,Magán,Toledo,Magán
45089,Malpica de Tajo,Toledo,Malpica de Tajo
45090,Manzaneque,Toledo,Manzaneque
45091,Maqueda,Toledo,Maqueda
45092,Marjaliza,Toledo,Marjaliza
45093,Marrupe,Toledo,Marrupe
45094,Mascaraque,Toledo,Mascaraque
45095,La Mata,Toledo,"Mata, La"
45096,Mazarambroz,Toledo,Mazarambroz
45097,Mejorada,Toledo,Mejorada
45098,Menasalbas,Toledo,Menasalbas
45099,Méntrida,Toledo,Méntrida
45100,Mesegar de Tajo,Toledo,Mesegar de Tajo
45101,Miguel Esteban,Toledo,Miguel Esteban
45102,Mocejón,Toledo,Mocejón
45103,Mohedas de la Jara,Toledo,Mohedas de la Jara
45104,Montearagón,Toledo,Montearagón
45105,Montesclaros,Toledo,Montesclaros
45106,Mora,Toledo,Mora
45107,Nambroca,Toledo,Nambroca
45108,La Nava de Ricomalillo,Toledo,"Nava de Ricomalillo, La"
45109,Navahermosa,Toledo,Navahermosa
45110,Navalcán,Toledo,Navalcán
45111,Navalmoralejo,Toledo,Navalmoralejo
45112,Los Navalmorales,Toledo,"Navalmorales, Los"
45113,Los Navalucillos,Toledo,"Navalucillos, Los"
45114,Navamorcuende,Toledo,Navamorcuende
45115,Noblejas,Toledo,Noblejas
45116,Noez,Toledo,Noez
45117,Nombela,Toledo,Nombela
45118,Novés,Toledo,Novés
45119,Numancia de la Sagra,Toledo,Numancia de la Sagra
45120,Nuño Gómez,Toledo,Nuño Gómez
45121,Ocaña,Toledo,Ocaña
45122,Olías del Rey,Toledo,Olías del Rey
45123,Ontígola,Toledo,Ontígola
45124,Orgaz,Toledo,Orgaz
45125,Oropesa,Toledo,Oropesa
45126,Otero,Toledo,Otero
45127,Palomeque,Toledo,Palomeque
45128,Pantoja,Toledo,Pantoja
45129,Paredes de Escalona,Toledo,Paredes de Escalona
45130,Parrillas,Toledo,Parrillas
45131,Pelahustán,Toledo,Pelahustán
45132,Pepino,Toledo,Pepino
45133,Polán,Toledo,Polán
45134,Portillo de Toledo,Toledo,Portillo de Toledo
45135,La Puebla de Almoradiel,Toledo,"Puebla de Almoradiel, La"
45136,La Puebla de Montalbán,Toledo,"Puebla de Montalbán, La"
45137,La Pueblanueva,Toledo,"Pueblanueva, La"
45138,El Puente del Arzobispo,Toledo,"Puente del Arzobispo, El"
45139,Puerto de San Vicente,Toledo,Puerto de San Vicente
45140,Pulgar,Toledo,Pulgar
45141,Quero,Toledo,Quero
45142,Quintanar de la Orden,Toledo,Quintanar de la Orden
45143,Quismondo,Toledo,Quismondo
45144,El Real de San Vicente,Toledo,"Real de San Vicente, El"
45145,Recas,Toledo,Recas
45146,Retamoso de la Jara,Toledo,Retamoso de la Jara
45147,Rielves,Toledo,Rielves
45148,Robledo del Mazo,Toledo,Robledo del Mazo
45149,El Romeral,Toledo,"Romeral, El"
45150,San Bartolomé de las Abiertas,Toledo,San Bartolomé de las Abiertas
45151,San Martín de Montalbán,Toledo,San Martín de Montalbán
45152,San Martín de Pusa,Toledo,San Martín de Pusa
45153,San Pablo de los Montes,Toledo,San Pablo de los Montes
45154,San Román de los Montes,Toledo,San Román de los Montes
45155,Santa Ana de Pusa,Toledo,Santa Ana de Pusa
45156,Santa Cruz de la Zarza,Toledo,Santa Cruz de la Zarza
45157,Santa Cruz del Retamar,Toledo,Santa Cruz del Retamar
45158,Santa Olalla,Toledo,Santa Olalla
45901,Santo Domingo-Caudilla,Toledo,Santo Domingo-Caudilla
45159,Sartajada,Toledo,Sartajada
45160,Segurilla,Toledo,Segurilla
45161,Seseña,Toledo,Seseña
45162,Sevilleja de la Jara,Toledo,Sevilleja de la Jara
45163,Sonseca,Toledo,Sonseca
45164,Sotillo de las Palomas,Toledo,Sotillo de las Palomas
45165,Talavera de la Reina,Toledo,Talavera de la Reina
45166,Tembleque,Toledo,Tembleque
45167,El Toboso,Toledo,"Toboso, El"
45168,Toledo,Toledo,Toledo
45169,Torralba de Oropesa,Toledo,Torralba de Oropesa
45171,La Torre de Esteban Hambrán,Toledo,"Torre de Esteban Hambrán, La"
45170,Torrecilla de la Jara,Toledo,Torrecilla de la Jara
45172,Torrico,Toledo,Torrico
45173,Torrijos,Toledo,Torrijos
45174,Totanés,Toledo,Totanés
45175,Turleque,Toledo,Turleque
45176,Ugena,Toledo,Ugena
45177,Urda,Toledo,Urda
45179,Valdeverdeja,Toledo,Valdeverdeja
45180,Valmojado,Toledo,Valmojado
45181,Velada,Toledo,Velada
45182,Las Ventas con Peña Aguilera,Toledo,"Ventas con Peña Aguilera, Las"
45183,Las Ventas de Retamosa,Toledo,"Ventas de Retamosa, Las"
45184,Las Ventas de San Julián,Toledo,"Ventas de San Julián, Las"
45186,La Villa de Don Fadrique,Toledo,"Villa de Don Fadrique, La"
45185,Villacañas,Toledo,Villacañas
45187,Villafranca de los Caballeros,Toledo,Villafranca de los Caballeros
45188,Villaluenga de la Sagra,Toledo,Villaluenga de la Sagra
45189,Villamiel de Toledo,Toledo,Villamiel de Toledo
45190,Villaminaya,Toledo,Villaminaya
45191,Villamuelas,Toledo,Villamuelas
45192,Villanueva de Alcardete,Toledo,Villanueva de Alcardete
45193,Villanueva de Bogas,Toledo,Villanueva de Bogas
45194,Villarejo de Montalbán,Toledo,Villarejo de Montalbán
45195,Villarrubia de Santiago,Toledo,Villarrubia de Santiago
45196,Villaseca de la Sagra,Toledo,Villaseca de la Sagra
45197,Villasequilla,Toledo,Villasequilla
45198,Villatobas,Toledo,Villatobas
45199,El Viso de San Juan,Toledo,"Viso de San Juan, El"
45200,Los Yébenes,Toledo,"Yébenes, Los"
45201,Yeles,Toledo,Yeles
45202,Yepes,Toledo,Yepes
45203,Yuncler,Toledo,Yuncler
45204,Yunclillos,Toledo,Yunclillos
45205,Yuncos,Toledo,Yuncos
46001,Ademuz,Valencia,Ademuz
46002,Ador,Valencia,Ador
46004,Agullent,Valencia,Agullent
46042,Aielo de Malferit,Valencia,Aielo de Malferit
46043,Aielo de Rugat,Valencia,Aielo de Rugat
46005,Alaquàs,Valencia,Alaquàs
46006,Albaida,Valencia,Albaida
46007,Albal,Valencia,Albal
46008,Albalat de la Ribera,Valencia,Albalat de la Ribera
46009,Albalat dels Sorells,Valencia,Albalat dels Sorells
46010,Albalat dels Tarongers,Valencia,Albalat dels Tarongers
46011,Alberic,Valencia,Alberic
46012,Alborache,Valencia,Alborache
46013,Alboraia,Valencia,Alboraia/Alboraya
46014,Albuixech,Valencia,Albuixech
46016,Alcàntera de Xúquer,Valencia,Alcàntera de Xúquer
46015,Alcàsser,Valencia,Alcàsser
46018,Alcublas,Valencia,Alcublas
46020,l'Alcúdia de Crespins,Valencia,"Alcúdia de Crespins, l'"
46019,l'Alcúdia,Valencia,"Alcúdia, l'"
46021,Aldaia,Valencia,Aldaia
46022,Alfafar,Valencia,Alfafar
46024,Alfara de la Baronia,Valencia,Alfara de la Baronia
46025,Alfara del Patriarca,Valencia,Alfara del Patriarca
46026,Alfarb,Valencia,Alfarb
46027,Alfarrasí,Valencia,Alfarrasí
46023,Alfauir,Valencia,Alfauir
46028,Algar de Palància,Valencia,Algar de Palància
46029,Algemesí,Valencia,Algemesí
46030,Algímia d'Alfara,Valencia,Algímia d'Alfara
46031,Alginet,Valencia,Alginet
46032,Almàssera,Valencia,Almàssera
46033,Almiserà,Valencia,Almiserà
46034,Almoines,Valencia,Almoines
46035,Almussafes,Valencia,Almussafes
46036,Alpuente,Valencia,Alpuente
46037,l'Alqueria de la Comtessa,Valencia,"Alqueria de la Comtessa, l'"
46017,Alzira,Valencia,Alzira
46038,Andilla,Valencia,Andilla
46039,Anna,Valencia,Anna
46040,Antella,Valencia,Antella
46041,Aras de los Olmos,Valencia,Aras de los Olmos
46003,Atzeneta d'Albaida,Valencia,Atzeneta d'Albaida
46044,Ayora,Valencia,Ayora
46046,Barx,Valencia,Barx
46045,Barxeta,Valencia,Barxeta
46047,Bèlgida,Valencia,Bèlgida
46048,Bellreguard,Valencia,Bellreguard
46049,Bellús,Valencia,Bellús
46050,Benagéber,Valencia,Benagéber
46051,Benaguasil,Valencia,Benaguasil
46052,Benavites,Valencia,Benavites
46053,Beneixida,Valencia,Beneixida
46054,Benetússer,Valencia,Benetússer
46055,Beniarjó,Valencia,Beniarjó
46056,Beniatjar,Valencia,Beniatjar
46057,Benicolet,Valencia,Benicolet
46904,Benicull de Xúquer,Valencia,Benicull de Xúquer
46060,Benifaió,Valencia,Benifaió
46059,Benifairó de la Valldigna,Valencia,Benifairó de la Valldigna
46058,Benifairó de les Valls,Valencia,Benifairó de les Valls
46061,Beniflá,Valencia,Beniflá
46062,Benigànim,Valencia,Benigànim
46063,Benimodo,Valencia,Benimodo
46064,Benimuslem,Valencia,Benimuslem
46065,Beniparrell,Valencia,Beniparrell
46066,Benirredrà,Valencia,Benirredrà
46067,Benissanó,Valencia,Benissanó
46068,Benissoda,Valencia,Benissoda
46069,Benissuera,Valencia,Benissuera
46070,Bétera,Valencia,Bétera
46071,Bicorp,Valencia,Bicorp
46072,Bocairent,Valencia,Bocairent
46073,Bolbaite,Valencia,Bolbaite
46074,Bonrepòs i Mirambell,Valencia,Bonrepòs i Mirambell
46075,Bufali,Valencia,Bufali
46076,Bugarra,Valencia,Bugarra
46077,Buñol,Valencia,Buñol
46078,Burjassot,Valencia,Burjassot
46079,Calles,Valencia,Calles
46080,Camporrobles,Valencia,Camporrobles
46081,Canals,Valencia,Canals
46082,Canet d'En Berenguer,Valencia,Canet d'En Berenguer
46083,Carcaixent,Valencia,Carcaixent
46084,Càrcer,Valencia,Càrcer
46085,Carlet,Valencia,Carlet
46086,Carrícola,Valencia,Carrícola
46087,Casas Altas,Valencia,Casas Altas
46088,Casas Bajas,Valencia,Casas Bajas
46089,Casinos,Valencia,Casinos
46257,Castelló,Valencia,Castelló
46090,Castelló de Rugat,Valencia,Castelló de Rugat
46091,Castellonet de la Conquesta,Valencia,Castellonet de la Conquesta
46092,Castielfabib,Valencia,Castielfabib
46093,Catadau,Valencia,Catadau
46094,Catarroja,Valencia,Catarroja
46095,Caudete de las Fuentes,Valencia,Caudete de las Fuentes
46096,Cerdà,Valencia,Cerdà
46107,Chella,Valencia,Chella
46106,Chelva,Valencia,Chelva
46108,Chera,Valencia,Chera
46109,Cheste,Valencia,Cheste
46111,Chiva,Valencia,Chiva
46112,Chulilla,Valencia,Chulilla
46097,Cofrentes,Valencia,Cofrentes
46098,Corbera,Valencia,Corbera
46099,Cortes de Pallás,Valencia,Cortes de Pallás
46100,Cotes,Valencia,Cotes
46105,Cullera,Valencia,Cullera
46113,Daimús,Valencia,Daimús
46114,Domeño,Valencia,Domeño
46115,Dos Aguas,Valencia,Dos Aguas
46116,l'Eliana,Valencia,"Eliana, l'"
46117,Emperador,Valencia,Emperador
46118,Enguera,Valencia,Enguera
46119,l'Énova,Valencia,"Énova, l'"
46120,Estivella,Valencia,Estivella
46121,Estubeny,Valencia,Estubeny
46122,Faura,Valencia,Faura
46123,Favara,Valencia,Favara
46126,Foios,Valencia,Foios
46128,la Font de la Figuera,Valencia,"Font de la Figuera, la"
46127,la Font d'en Carròs,Valencia,"Font d'en Carròs, la"
46124,Fontanars dels Alforins,Valencia,Fontanars dels Alforins
46125,Fortaleny,Valencia,Fortaleny
46129,Fuenterrobles,Valencia,Fuenterrobles
46131,Gandia,Valencia,Gandia
46902,Gátova,Valencia,Gátova
46130,Gavarda,Valencia,Gavarda
46132,el Genovés,Valencia,"Genovés, el"
46133,Gestalgar,Valencia,Gestalgar
46134,Gilet,Valencia,Gilet
46135,Godella,Valencia,Godella
46136,Godelleta,Valencia,Godelleta
46137,la Granja de la Costera,Valencia,"Granja de la Costera, la"
46138,Guadasséquies,Valencia,Guadasséquies
46139,Guadassuar,Valencia,Guadassuar
46140,Guardamar de la Safor,Valencia,Guardamar de la Safor
46141,Higueruelas,Valencia,Higueruelas
46142,Jalance,Valencia,Jalance
46144,Jarafuel,Valencia,Jarafuel
46154,Llanera de Ranes,Valencia,Llanera de Ranes
46155,Llaurí,Valencia,Llaurí
46147,Llíria,Valencia,Llíria
46152,Llocnou de la Corona,Valencia,Llocnou de la Corona
46153,Llocnou de Sant Jeroni,Valencia,Llocnou de Sant Jeroni
46151,Llocnou d'En Fenollet,Valencia,Llocnou d'En Fenollet
46156,Llombai,Valencia,Llombai
46157,la Llosa de Ranes,Valencia,"Llosa de Ranes, la"
46150,Llutxent,Valencia,Llutxent
46148,Loriguilla,Valencia,Loriguilla
46149,Losa del Obispo,Valencia,Losa del Obispo
46158,Macastre,Valencia,Macastre
46159,Manises,Valencia,Manises
46160,Manuel,Valencia,Manuel
46161,Marines,Valencia,Marines
46162,Massalavés,Valencia,Massalavés
46163,Massalfassar,Valencia,Massalfassar
46164,Massamagrell,Valencia,Massamagrell
46165,Massanassa,Valencia,Massanassa
46166,Meliana,Valencia,Meliana
46167,Millares,Valencia,Millares
46168,Miramar,Valencia,Miramar
46169,Mislata,Valencia,Mislata
46170,Moixent,Valencia,Moixent/Mogente
46171,Montcada,Valencia,Montcada/Moncada
46173,Montaverner,Valencia,Montaverner
46174,Montesa,Valencia,Montesa
46175,Montitxelvo,Valencia,Montitxelvo/Montichelvo
46176,Montroi,Valencia,Montroi/Montroy
46172,Montserrat,Valencia,Montserrat
46177,Museros,Valencia,Museros
46178,Nàquera,Valencia,Nàquera/Náquera
46179,Navarrés,Valencia,Navarrés
46180,Novetlè,Valencia,Novetlè
46181,Oliva,Valencia,Oliva
46183,l'Olleria,Valencia,"Olleria, l'"
46182,Olocau,Valencia,Olocau
46184,Ontinyent,Valencia,Ontinyent
46185,Otos,Valencia,Otos
46186,Paiporta,Valencia,Paiporta
46187,Palma de Gandía,Valencia,Palma de Gandía
46188,Palmera,Valencia,Palmera
46189,el Palomar,Valencia,"Palomar, el"
46190,Paterna,Valencia,Paterna
46191,Pedralba,Valencia,Pedralba
46192,Petrés,Valencia,Petrés
46193,Picanya,Valencia,Picanya
46194,Picassent,Valencia,Picassent
46195,Piles,Valencia,Piles
46196,Pinet,Valencia,Pinet
46199,la Pobla de Farnals,Valencia,"Pobla de Farnals, la"
46202,la Pobla de Vallbona,Valencia,"Pobla de Vallbona, la"
46200,la Pobla del Duc,Valencia,"Pobla del Duc, la"
46203,la Pobla Llarga,Valencia,"Pobla Llarga, la"
46197,Polinyà de Xúquer,Valencia,Polinyà de Xúquer
46198,Potries,Valencia,Potries
46205,Puçol,Valencia,Puçol
46201,Puebla de San Miguel,Valencia,Puebla de San Miguel
46204,el Puig de Santa Maria,Valencia,"Puig de Santa Maria, el"
46101,Quart de les Valls,Valencia,Quart de les Valls
46102,Quart de Poblet,Valencia,Quart de Poblet
46103,Quartell,Valencia,Quartell
46104,Quatretonda,Valencia,Quatretonda
46206,Quesa,Valencia,Quesa
46207,Rafelbunyol,Valencia,Rafelbunyol
46208,Rafelcofer,Valencia,Rafelcofer
46209,Rafelguaraf,Valencia,Rafelguaraf
46210,Ráfol de Salem,Valencia,Ráfol de Salem
46212,Real,Valencia,Real
46211,el Real de Gandia,Valencia,"Real de Gandia, el"
46213,Requena,Valencia,Requena
46214,Riba-roja de Túria,Valencia,Riba-roja de Túria
46215,Riola,Valencia,Riola
46216,Rocafort,Valencia,Rocafort
46217,Rotglà i Corberà,Valencia,Rotglà i Corberà
46218,Ròtova,Valencia,Ròtova
46219,Rugat,Valencia,Rugat
46220,Sagunt,Valencia,Sagunt/Sagunto
46221,Salem,Valencia,Salem
46903,San Antonio de Benagéber,Valencia,San Antonio de Benagéber
46222,Sant Joanet,Valencia,Sant Joanet
46223,Sedaví,Valencia,Sedaví
46224,Segart,Valencia,Segart
46225,Sellent,Valencia,Sellent
46226,Sempere,Valencia,Sempere
46227,Senyera,Valencia,Senyera
46228,Serra,Valencia,Serra
46229,Siete Aguas,Valencia,Siete Aguas
46230,Silla,Valencia,Silla
46231,Simat de la Valldigna,Valencia,Simat de la Valldigna
46232,Sinarcas,Valencia,Sinarcas
46233,Sollana,Valencia,Sollana
46234,Sot de Chera,Valencia,Sot de Chera
46235,Sueca,Valencia,Sueca
46236,Sumacàrcer,Valencia,Sumacàrcer
46237,Tavernes Blanques,Valencia,Tavernes Blanques
46238,Tavernes de la Valldigna,Valencia,Tavernes de la Valldigna
46239,Teresa de Cofrentes,Valencia,Teresa de Cofrentes
46240,Terrateig,Valencia,Terrateig
46241,Titaguas,Valencia,Titaguas
46242,Torrebaja,Valencia,Torrebaja
46243,Torrella,Valencia,Torrella
46244,Torrent,Valencia,Torrent
46245,Torres Torres,Valencia,Torres Torres
46246,Tous,Valencia,Tous
46247,Tuéjar,Valencia,Tuéjar
46248,Turís,Valencia,Turís
46249,Utiel,Valencia,Utiel
46250,València,Valencia,València
46251,Vallada,Valencia,Vallada
46252,Vallanca,Valencia,Vallanca
46253,Vallés,Valencia,Vallés
46254,Venta del Moro,Valencia,Venta del Moro
46255,Vilallonga,Valencia,Vilallonga/Villalonga
46256,Vilamarxant,Valencia,Vilamarxant
46258,Villar del Arzobispo,Valencia,Villar del Arzobispo
46259,Villargordo del Cabriel,Valencia,Villargordo del Cabriel
46260,Vinalesa,Valencia,Vinalesa
46145,Xàtiva,Valencia,Xàtiva
46143,Xeraco,Valencia,Xeraco
46146,Xeresa,Valencia,Xeresa
46110,Xirivella,Valencia,Xirivella
46261,Yátova,Valencia,Yátova
46262,La Yesa,Valencia,"Yesa, La"
46263,Zarra,Valencia,Zarra
47001,Adalia,Valladolid,Adalia
47002,Aguasal,Valladolid,Aguasal
47003,Aguilar de Campos,Valladolid,Aguilar de Campos
47004,Alaejos,Valladolid,Alaejos
47005,Alcazarén,Valladolid,Alcazarén
47006,Aldea de San Miguel,Valladolid,Aldea de San Miguel
47007,Aldeamayor de San Martín,Valladolid,Aldeamayor de San Martín
47008,Almenara de Adaja,Valladolid,Almenara de Adaja
47009,Amusquillo,Valladolid,Amusquillo
47010,Arroyo de la Encomienda,Valladolid,Arroyo de la Encomienda
47011,Ataquines,Valladolid,Ataquines
47012,Bahabón,Valladolid,Bahabón
47013,Barcial de la Loma,Valladolid,Barcial de la Loma
47014,Barruelo del Valle,Valladolid,Barruelo del Valle
47015,Becilla de Valderaduey,Valladolid,Becilla de Valderaduey
47016,Benafarces,Valladolid,Benafarces
47017,Bercero,Valladolid,Bercero
47018,Berceruelo,Valladolid,Berceruelo
47019,Berrueces,Valladolid,Berrueces
47020,Bobadilla del Campo,Valladolid,Bobadilla del Campo
47021,Bocigas,Valladolid,Bocigas
47022,Bocos de Duero,Valladolid,Bocos de Duero
47023,Boecillo,Valladolid,Boecillo
47024,Bolaños de Campos,Valladolid,Bolaños de Campos
47025,Brahojos de Medina,Valladolid,Brahojos de Medina
47026,Bustillo de Chaves,Valladolid,Bustillo de Chaves
47027,Cabezón de Pisuerga,Valladolid,Cabezón de Pisuerga
47028,Cabezón de Valderaduey,Valladolid,Cabezón de Valderaduey
47029,Cabreros del Monte,Valladolid,Cabreros del Monte
47030,Campaspero,Valladolid,Campaspero
47031,El Campillo,Valladolid,"Campillo, El"
47032,Camporredondo,Valladolid,Camporredondo
47033,Canalejas de Peñafiel,Valladolid,Canalejas de Peñafiel
47034,Canillas de Esgueva,Valladolid,Canillas de Esgueva
47035,Carpio,Valladolid,Carpio
47036,Casasola de Arión,Valladolid,Casasola de Arión
47037,Castrejón de Trabancos,Valladolid,Castrejón de Trabancos
47038,Castrillo de Duero,Valladolid,Castrillo de Duero
47039,Castrillo-Tejeriego,Valladolid,Castrillo-Tejeriego
47040,Castrobol,Valladolid,Castrobol
47041,Castrodeza,Valladolid,Castrodeza
47042,Castromembibre,Valladolid,Castromembibre
47043,Castromonte,Valladolid,Castromonte
47044,Castronuevo de Esgueva,Valladolid,Castronuevo de Esgueva
47045,Castronuño,Valladolid,Castronuño
47046,Castroponce,Valladolid,Castroponce
47047,Castroverde de Cerrato,Valladolid,Castroverde de Cerrato
47048,Ceinos de Campos,Valladolid,Ceinos de Campos
47049,Cervillego de la Cruz,Valladolid,Cervillego de la Cruz
47050,Cigales,Valladolid,Cigales
47051,Ciguñuela,Valladolid,Ciguñuela
47052,Cistérniga,Valladolid,Cistérniga
47053,Cogeces de Íscar,Valladolid,Cogeces de Íscar
47054,Cogeces del Monte,Valladolid,Cogeces del Monte
47055,Corcos,Valladolid,Corcos
47056,Corrales de Duero,Valladolid,Corrales de Duero
47057,Cubillas de Santa Marta,Valladolid,Cubillas de Santa Marta
47058,Cuenca de Campos,Valladolid,Cuenca de Campos
47059,Curiel de Duero,Valladolid,Curiel de Duero
47060,Encinas de Esgueva,Valladolid,Encinas de Esgueva
47061,Esguevillas de Esgueva,Valladolid,Esguevillas de Esgueva
47062,Fombellida,Valladolid,Fombellida
47063,Fompedraza,Valladolid,Fompedraza
47064,Fontihoyuelo,Valladolid,Fontihoyuelo
47065,Fresno el Viejo,Valladolid,Fresno el Viejo
47066,Fuensaldaña,Valladolid,Fuensaldaña
47067,Fuente el Sol,Valladolid,Fuente el Sol
47068,Fuente-Olmedo,Valladolid,Fuente-Olmedo
47069,Gallegos de Hornija,Valladolid,Gallegos de Hornija
47070,Gatón de Campos,Valladolid,Gatón de Campos
47071,Geria,Valladolid,Geria
47073,Herrín de Campos,Valladolid,Herrín de Campos
47074,Hornillos de Eresma,Valladolid,Hornillos de Eresma
47075,Íscar,Valladolid,Íscar
47076,Laguna de Duero,Valladolid,Laguna de Duero
47077,Langayo,Valladolid,Langayo
47079,Llano de Olmedo,Valladolid,Llano de Olmedo
47078,Lomoviejo,Valladolid,Lomoviejo
47080,Manzanillo,Valladolid,Manzanillo
47081,Marzales,Valladolid,Marzales
47082,Matapozuelos,Valladolid,Matapozuelos
47083,Matilla de los Caños,Valladolid,Matilla de los Caños
47084,Mayorga,Valladolid,Mayorga
47086,Medina de Rioseco,Valladolid,Medina de Rioseco
47085,Medina del Campo,Valladolid,Medina del Campo
47087,Megeces,Valladolid,Megeces
47088,Melgar de Abajo,Valladolid,Melgar de Abajo
47089,Melgar de Arriba,Valladolid,Melgar de Arriba
47090,Mojados,Valladolid,Mojados
47091,Monasterio de Vega,Valladolid,Monasterio de Vega
47092,Montealegre de Campos,Valladolid,Montealegre de Campos
47093,Montemayor de Pililla,Valladolid,Montemayor de Pililla
47094,Moral de la Reina,Valladolid,Moral de la Reina
47095,Moraleja de las Panaderas,Valladolid,Moraleja de las Panaderas
47096,Morales de Campos,Valladolid,Morales de Campos
47097,Mota del Marqués,Valladolid,Mota del Marqués
47098,Mucientes,Valladolid,Mucientes
47099,La Mudarra,Valladolid,"Mudarra, La"
47100,Muriel,Valladolid,Muriel
47101,Nava del Rey,Valladolid,Nava del Rey
47102,Nueva Villa de las Torres,Valladolid,Nueva Villa de las Torres
47103,Olivares de Duero,Valladolid,Olivares de Duero
47104,Olmedo,Valladolid,Olmedo
47105,Olmos de Esgueva,Valladolid,Olmos de Esgueva
47106,Olmos de Peñafiel,Valladolid,Olmos de Peñafiel
47109,Palazuelo de Vedija,Valladolid,Palazuelo de Vedija
47110,La Parrilla,Valladolid,"Parrilla, La"
47111,La Pedraja de Portillo,Valladolid,"Pedraja de Portillo, La"
47112,Pedrajas de San Esteban,Valladolid,Pedrajas de San Esteban
47113,Pedrosa del Rey,Valladolid,Pedrosa del Rey
47114,Peñafiel,Valladolid,Peñafiel
47115,Peñaflor de Hornija,Valladolid,Peñaflor de Hornija
47116,Pesquera de Duero,Valladolid,Pesquera de Duero
47117,Piña de Esgueva,Valladolid,Piña de Esgueva
47118,Piñel de Abajo,Valladolid,Piñel de Abajo
47119,Piñel de Arriba,Valladolid,Piñel de Arriba
47121,Pollos,Valladolid,Pollos
47122,Portillo,Valladolid,Portillo
47123,Pozal de Gallinas,Valladolid,Pozal de Gallinas
47124,Pozaldez,Valladolid,Pozaldez
47125,Pozuelo de la Orden,Valladolid,Pozuelo de la Orden
47126,Puras,Valladolid,Puras
47127,Quintanilla de Arriba,Valladolid,Quintanilla de Arriba
47129,Quintanilla de Onésimo,Valladolid,Quintanilla de Onésimo
47130,Quintanilla de Trigueros,Valladolid,Quintanilla de Trigueros
47128,Quintanilla del Molar,Valladolid,Quintanilla del Molar
47131,Rábano,Valladolid,Rábano
47132,Ramiro,Valladolid,Ramiro
47133,Renedo de Esgueva,Valladolid,Renedo de Esgueva
47134,Roales de Campos,Valladolid,Roales de Campos
47135,Robladillo,Valladolid,Robladillo
47137,Roturas,Valladolid,Roturas
47138,Rubí de Bracamonte,Valladolid,Rubí de Bracamonte
47139,Rueda,Valladolid,Rueda
47140,Saelices de Mayorga,Valladolid,Saelices de Mayorga
47141,Salvador de Zapardiel,Valladolid,Salvador de Zapardiel
47142,San Cebrián de Mazote,Valladolid,San Cebrián de Mazote
47143,San Llorente,Valladolid,San Llorente
47144,San Martín de Valvení,Valladolid,San Martín de Valvení
47145,San Miguel del Arroyo,Valladolid,San Miguel del Arroyo
47146,San Miguel del Pino,Valladolid,San Miguel del Pino
47147,San Pablo de la Moraleja,Valladolid,San Pablo de la Moraleja
47148,San Pedro de Latarce,Valladolid,San Pedro de Latarce
47149,San Pelayo,Valladolid,San Pelayo
47150,San Román de Hornija,Valladolid,San Román de Hornija
47151,San Salvador,Valladolid,San Salvador
47156,San Vicente del Palacio,Valladolid,San Vicente del Palacio
47152,Santa Eufemia del Arroyo,Valladolid,Santa Eufemia del Arroyo
47153,Santervás de Campos,Valladolid,Santervás de Campos
47154,Santibáñez de Valcorba,Valladolid,Santibáñez de Valcorba
47155,Santovenia de Pisuerga,Valladolid,Santovenia de Pisuerga
47157,Sardón de Duero,Valladolid,Sardón de Duero
47158,La Seca,Valladolid,"Seca, La"
47159,Serrada,Valladolid,Serrada
47160,Siete Iglesias de Trabancos,Valladolid,Siete Iglesias de Trabancos
47161,Simancas,Valladolid,Simancas
47162,Tamariz de Campos,Valladolid,Tamariz de Campos
47163,Tiedra,Valladolid,Tiedra
47164,Tordehumos,Valladolid,Tordehumos
47165,Tordesillas,Valladolid,Tordesillas
47169,Torre de Esgueva,Valladolid,Torre de Esgueva
47170,Torre de Peñafiel,Valladolid,Torre de Peñafiel
47166,Torrecilla de la Abadesa,Valladolid,Torrecilla de la Abadesa
47167,Torrecilla de la Orden,Valladolid,Torrecilla de la Orden
47168,Torrecilla de la Torre,Valladolid,Torrecilla de la Torre
47171,Torrelobatón,Valladolid,Torrelobatón
47172,Torrescárcela,Valladolid,Torrescárcela
47173,Traspinedo,Valladolid,Traspinedo
47174,Trigueros del Valle,Valladolid,Trigueros del Valle
47175,Tudela de Duero,Valladolid,Tudela de Duero
47176,La Unión de Campos,Valladolid,"Unión de Campos, La"
47177,Urones de Castroponce,Valladolid,Urones de Castroponce
47178,Urueña,Valladolid,Urueña
47179,Valbuena de Duero,Valladolid,Valbuena de Duero
47180,Valdearcos de la Vega,Valladolid,Valdearcos de la Vega
47181,Valdenebro de los Valles,Valladolid,Valdenebro de los Valles
47182,Valdestillas,Valladolid,Valdestillas
47183,Valdunquillo,Valladolid,Valdunquillo
47186,Valladolid,Valladolid,Valladolid
47184,Valoria la Buena,Valladolid,Valoria la Buena
47185,Valverde de Campos,Valladolid,Valverde de Campos
47187,Vega de Ruiponce,Valladolid,Vega de Ruiponce
47188,Vega de Valdetronco,Valladolid,Vega de Valdetronco
47189,Velascálvaro,Valladolid,Velascálvaro
47190,Velilla,Valladolid,Velilla
47191,Velliza,Valladolid,Velliza
47192,Ventosa de la Cuesta,Valladolid,Ventosa de la Cuesta
47193,Viana de Cega,Valladolid,Viana de Cega
47195,Villabáñez,Valladolid,Villabáñez
47196,Villabaruz de Campos,Valladolid,Villabaruz de Campos
47197,Villabrágima,Valladolid,Villabrágima
47198,Villacarralón,Valladolid,Villacarralón
47199,Villacid de Campos,Valladolid,Villacid de Campos
47200,Villaco,Valladolid,Villaco
47203,Villafrades de Campos,Valladolid,Villafrades de Campos
47204,Villafranca de Duero,Valladolid,Villafranca de Duero
47205,Villafrechós,Valladolid,Villafrechós
47206,Villafuerte,Valladolid,Villafuerte
47207,Villagarcía de Campos,Valladolid,Villagarcía de Campos
47208,Villagómez la Nueva,Valladolid,Villagómez la Nueva
47209,Villalán de Campos,Valladolid,Villalán de Campos
47210,Villalar de los Comuneros,Valladolid,Villalar de los Comuneros
47211,Villalba de la Loma,Valladolid,Villalba de la Loma
47212,Villalba de los Alcores,Valladolid,Villalba de los Alcores
47213,Villalbarba,Valladolid,Villalbarba
47214,Villalón de Campos,Valladolid,Villalón de Campos
47215,Villamuriel de Campos,Valladolid,Villamuriel de Campos
47216,Villán de Tordesillas,Valladolid,Villán de Tordesillas
47217,Villanubla,Valladolid,Villanubla
47218,Villanueva de Duero,Valladolid,Villanueva de Duero
47219,Villanueva de la Condesa,Valladolid,Villanueva de la Condesa
47220,Villanueva de los Caballeros,Valladolid,Villanueva de los Caballeros
47221,Villanueva de los Infantes,Valladolid,Villanueva de los Infantes
47222,Villanueva de San Mancio,Valladolid,Villanueva de San Mancio
47223,Villardefrades,Valladolid,Villardefrades
47224,Villarmentero de Esgueva,Valladolid,Villarmentero de Esgueva
47225,Villasexmir,Valladolid,Villasexmir
47226,Villavaquerín,Valladolid,Villavaquerín
47227,Villavellid,Valladolid,Villavellid
47228,Villaverde de Medina,Valladolid,Villaverde de Medina
47229,Villavicencio de los Caballeros,Valladolid,Villavicencio de los Caballeros
47194,Viloria,Valladolid,Viloria
47230,Wamba,Valladolid,Wamba
47231,Zaratán,Valladolid,Zaratán
47232,La Zarza,Valladolid,"Zarza, La"
48001,Abadiño,Bizkaia,Abadiño
48002,Abanto y Ciérvana-Abanto Zierbena,Bizkaia,Abanto y Ciérvana-Abanto Zierbena
48911,Ajangiz,Bizkaia,Ajangiz
48912,Alonsotegi,Bizkaia,Alonsotegi
48003,Amorebieta-Etxano,Bizkaia,Amorebieta-Etxano
48004,Amoroto,Bizkaia,Amoroto
48005,Arakaldo,Bizkaia,Arakaldo
48006,Arantzazu,Bizkaia,Arantzazu
48093,Areatza,Bizkaia,Areatza
48009,Arrankudiaga-Zollo,Bizkaia,Arrankudiaga-Zollo
48914,Arratzu,Bizkaia,Arratzu
48010,Arrieta,Bizkaia,Arrieta
48011,Arrigorriaga,Bizkaia,Arrigorriaga
48023,Artea,Bizkaia,Artea
48008,Artzentales,Bizkaia,Artzentales
48091,Atxondo,Bizkaia,Atxondo
48070,Aulesti,Bizkaia,Aulesti
48012,Bakio,Bizkaia,Bakio
48090,Balmaseda,Bizkaia,Balmaseda
48013,Barakaldo,Bizkaia,Barakaldo
48014,Barrika,Bizkaia,Barrika
48015,Basauri,Bizkaia,Basauri
48092,Bedia,Bizkaia,Bedia
48016,Berango,Bizkaia,Berango
48017,Bermeo,Bizkaia,Bermeo
48018,Berriatua,Bizkaia,Berriatua
48019,Berriz,Bizkaia,Berriz
48020,Bilbao,Bizkaia,Bilbao
48021,Busturia,Bizkaia,Busturia
48901,Derio,Bizkaia,Derio
48026,Dima,Bizkaia,Dima
48027,Durango,Bizkaia,Durango
48028,Ea,Bizkaia,Ea
48031,Elantxobe,Bizkaia,Elantxobe
48032,Elorrio,Bizkaia,Elorrio
48902,Erandio,Bizkaia,Erandio
48033,Ereño,Bizkaia,Ereño
48034,Ermua,Bizkaia,Ermua
48079,Errigoiti,Bizkaia,Errigoiti
48029,Etxebarri,Bizkaia,Etxebarri
48030,Etxebarria,Bizkaia,Etxebarria
48906,Forua,Bizkaia,Forua
48035,Fruiz,Bizkaia,Fruiz
48036,Galdakao,Bizkaia,Galdakao
48037,Galdames,Bizkaia,Galdames
48038,Gamiz-Fika,Bizkaia,Gamiz-Fika
48039,Garai,Bizkaia,Garai
48040,Gatika,Bizkaia,Gatika
48041,Gautegiz Arteaga,Bizkaia,Gautegiz Arteaga
48046,Gernika-Lumo,Bizkaia,Gernika-Lumo
48044,Getxo,Bizkaia,Getxo
48047,Gizaburuaga,Bizkaia,Gizaburuaga
48042,Gordexola,Bizkaia,Gordexola
48043,Gorliz,Bizkaia,Gorliz
48045,Güeñes,Bizkaia,Güeñes
48048,Ibarrangelu,Bizkaia,Ibarrangelu
48094,Igorre,Bizkaia,Igorre
48049,Ispaster,Bizkaia,Ispaster
48910,Iurreta,Bizkaia,Iurreta
48050,Izurtza,Bizkaia,Izurtza
48022,Karrantza Harana,Bizkaia,Karrantza Harana/Valle de Carranza
48907,Kortezubi,Bizkaia,Kortezubi
48051,Lanestosa,Bizkaia,Lanestosa
48052,Larrabetzu,Bizkaia,Larrabetzu
48053,Laukiz,Bizkaia,Laukiz
48054,Leioa,Bizkaia,Leioa
48057,Lekeitio,Bizkaia,Lekeitio
48055,Lemoa,Bizkaia,Lemoa
48056,Lemoiz,Bizkaia,Lemoiz
48081,Lezama,Bizkaia,Lezama
48903,Loiu,Bizkaia,Loiu
48058,Mallabia,Bizkaia,Mallabia
48059,Mañaria,Bizkaia,Mañaria
48060,Markina-Xemein,Bizkaia,Markina-Xemein
48061,Maruri-Jatabe,Bizkaia,Maruri-Jatabe
48062,Mendata,Bizkaia,Mendata
48063,Mendexa,Bizkaia,Mendexa
48064,Meñaka,Bizkaia,Meñaka
48066,Morga,Bizkaia,Morga
48068,Mundaka,Bizkaia,Mundaka
48069,Mungia,Bizkaia,Mungia
48007,Munitibar-Arbatzegi Gerrikaitz,Bizkaia,Munitibar-Arbatzegi Gerrikaitz
48908,Murueta,Bizkaia,Murueta
48071,Muskiz,Bizkaia,Muskiz
48067,Muxika,Bizkaia,Muxika
48909,Nabarniz,Bizkaia,Nabarniz
48073,Ondarroa,Bizkaia,Ondarroa
48075,Orozko,Bizkaia,Orozko
48083,Ortuella,Bizkaia,Ortuella
48072,Otxandio,Bizkaia,Otxandio
48077,Plentzia,Bizkaia,Plentzia
48078,Portugalete,Bizkaia,Portugalete
48082,Santurtzi,Bizkaia,Santurtzi
48084,Sestao,Bizkaia,Sestao
48904,Sondika,Bizkaia,Sondika
48085,Sopela,Bizkaia,Sopela
48086,Sopuerta,Bizkaia,Sopuerta
48076,Sukarrieta,Bizkaia,Sukarrieta
48087,Trucios-Turtzioz,Bizkaia,Trucios-Turtzioz
48088,Ubide,Bizkaia,Ubide
48065,Ugao-Miraballes,Bizkaia,Ugao-Miraballes
48089,Urduliz,Bizkaia,Urduliz
48074,Urduña,Bizkaia,Urduña/Orduña
48916,Usansolo,Bizkaia,Usansolo
48080,Valle de Trápaga-Trapagaran,Bizkaia,Valle de Trápaga-Trapagaran
48095,Zaldibar,Bizkaia,Zaldibar
48096,Zalla,Bizkaia,Zalla
48905,Zamudio,Bizkaia,Zamudio
48097,Zaratamo,Bizkaia,Zaratamo
48024,Zeanuri,Bizkaia,Zeanuri
48025,Zeberio,Bizkaia,Zeberio
48913,Zierbena,Bizkaia,Zierbena
48915,Ziortza-Bolibar,Bizkaia,Ziortza-Bolibar
49002,Abezames,Zamora,Abezames
49003,Alcañices,Zamora,Alcañices
49004,Alcubilla de Nogales,Zamora,Alcubilla de Nogales
49005,Alfaraz de Sayago,Zamora,Alfaraz de Sayago
49006,Algodre,Zamora,Algodre
49007,Almaraz de Duero,Zamora,Almaraz de Duero
49008,Almeida de Sayago,Zamora,Almeida de Sayago
49009,Andavías,Zamora,Andavías
49010,Arcenillas,Zamora,Arcenillas
49011,Arcos de la Polvorosa,Zamora,Arcos de la Polvorosa
49012,Argañín,Zamora,Argañín
49013,Argujillo,Zamora,Argujillo
49014,Arquillinos,Zamora,Arquillinos
49015,Arrabalde,Zamora,Arrabalde
49016,Aspariegos,Zamora,Aspariegos
49017,Asturianos,Zamora,Asturianos
49018,Ayoó de Vidriales,Zamora,Ayoó de Vidriales
49019,Barcial del Barco,Zamora,Barcial del Barco
49020,Belver de los Montes,Zamora,Belver de los Montes
49021,Benavente,Zamora,Benavente
49022,Benegiles,Zamora,Benegiles
49023,Bermillo de Sayago,Zamora,Bermillo de Sayago
49024,La Bóveda de Toro,Zamora,"Bóveda de Toro, La"
49025,Bretó,Zamora,Bretó
49026,Bretocino,Zamora,Bretocino
49027,Brime de Sog,Zamora,Brime de Sog
49028,Brime de Urz,Zamora,Brime de Urz
49029,Burganes de Valverde,Zamora,Burganes de Valverde
49030,Bustillo del Oro,Zamora,Bustillo del Oro
49031,Cabañas de Sayago,Zamora,Cabañas de Sayago
49032,Calzadilla de Tera,Zamora,Calzadilla de Tera
49033,Camarzana de Tera,Zamora,Camarzana de Tera
49034,Cañizal,Zamora,Cañizal
49035,Cañizo,Zamora,Cañizo
49036,Carbajales de Alba,Zamora,Carbajales de Alba
49037,Carbellino,Zamora,Carbellino
49038,Casaseca de Campeán,Zamora,Casaseca de Campeán
49039,Casaseca de las Chanas,Zamora,Casaseca de las Chanas
49040,Castrillo de la Guareña,Zamora,Castrillo de la Guareña
49041,Castrogonzalo,Zamora,Castrogonzalo
49042,Castronuevo,Zamora,Castronuevo
49043,Castroverde de Campos,Zamora,Castroverde de Campos
49044,Cazurra,Zamora,Cazurra
49046,Cerecinos de Campos,Zamora,Cerecinos de Campos
49047,Cerecinos del Carrizal,Zamora,Cerecinos del Carrizal
49048,Cernadilla,Zamora,Cernadilla
49050,Cobreros,Zamora,Cobreros
49052,Coomonte,Zamora,Coomonte
49053,Coreses,Zamora,Coreses
49054,Corrales del Vino,Zamora,Corrales del Vino
49055,Cotanes del Monte,Zamora,Cotanes del Monte
49056,Cubillos,Zamora,Cubillos
49057,Cubo de Benavente,Zamora,Cubo de Benavente
49058,El Cubo de Tierra del Vino,Zamora,"Cubo de Tierra del Vino, El"
49059,Cuelgamures,Zamora,Cuelgamures
49061,Entrala,Zamora,Entrala
49062,Espadañedo,Zamora,Espadañedo
49063,Faramontanos de Tábara,Zamora,Faramontanos de Tábara
49064,Fariza,Zamora,Fariza
49065,Fermoselle,Zamora,Fermoselle
49066,Ferreras de Abajo,Zamora,Ferreras de Abajo
49067,Ferreras de Arriba,Zamora,Ferreras de Arriba
49068,Ferreruela,Zamora,Ferreruela
49069,Figueruela de Arriba,Zamora,Figueruela de Arriba
49071,Fonfría,Zamora,Fonfría
49075,Fresno de la Polvorosa,Zamora,Fresno de la Polvorosa
49076,Fresno de la Ribera,Zamora,Fresno de la Ribera
49077,Fresno de Sayago,Zamora,Fresno de Sayago
49078,Friera de Valverde,Zamora,Friera de Valverde
49079,Fuente Encalada,Zamora,Fuente Encalada
49080,Fuentelapeña,Zamora,Fuentelapeña
49082,Fuentes de Ropel,Zamora,Fuentes de Ropel
49081,Fuentesaúco,Zamora,Fuentesaúco
49083,Fuentesecas,Zamora,Fuentesecas
49084,Fuentespreadas,Zamora,Fuentespreadas
49085,Galende,Zamora,Galende
49086,Gallegos del Pan,Zamora,Gallegos del Pan
49087,Gallegos del Río,Zamora,Gallegos del Río
49088,Gamones,Zamora,Gamones
49090,Gema,Zamora,Gema
49091,Granja de Moreruela,Zamora,Granja de Moreruela
49092,Granucillo,Zamora,Granucillo
49093,Guarrate,Zamora,Guarrate
49094,Hermisende,Zamora,Hermisende
49095,La Hiniesta,Zamora,"Hiniesta, La"
49096,Jambrina,Zamora,Jambrina
49097,Justel,Zamora,Justel
49098,Losacino,Zamora,Losacino
49099,Losacio,Zamora,Losacio
49100,Lubián,Zamora,Lubián
49101,Luelmo,Zamora,Luelmo
49102,El Maderal,Zamora,"Maderal, El"
49103,Madridanos,Zamora,Madridanos
49104,Mahide,Zamora,Mahide
49105,Maire de Castroponce,Zamora,Maire de Castroponce
49107,Malva,Zamora,Malva
49108,Manganeses de la Lampreana,Zamora,Manganeses de la Lampreana
49109,Manganeses de la Polvorosa,Zamora,Manganeses de la Polvorosa
49110,Manzanal de Arriba,Zamora,Manzanal de Arriba
49112,Manzanal de los Infantes,Zamora,Manzanal de los Infantes
49111,Manzanal del Barco,Zamora,Manzanal del Barco
49113,Matilla de Arzón,Zamora,Matilla de Arzón
49114,Matilla la Seca,Zamora,Matilla la Seca
49115,Mayalde,Zamora,Mayalde
49116,Melgar de Tera,Zamora,Melgar de Tera
49117,Micereces de Tera,Zamora,Micereces de Tera
49118,Milles de la Polvorosa,Zamora,Milles de la Polvorosa
49119,Molacillos,Zamora,Molacillos
49120,Molezuelas de la Carballeda,Zamora,Molezuelas de la Carballeda
49121,Mombuey,Zamora,Mombuey
49122,Monfarracinos,Zamora,Monfarracinos
49123,Montamarta,Zamora,Montamarta
49124,Moral de Sayago,Zamora,Moral de Sayago
49126,Moraleja de Sayago,Zamora,Moraleja de Sayago
49125,Moraleja del Vino,Zamora,Moraleja del Vino
49128,Morales de Rey,Zamora,Morales de Rey
49129,Morales de Toro,Zamora,Morales de Toro
49130,Morales de Valverde,Zamora,Morales de Valverde
49127,Morales del Vino,Zamora,Morales del Vino
49131,Moralina,Zamora,Moralina
49132,Moreruela de los Infanzones,Zamora,Moreruela de los Infanzones
49133,Moreruela de Tábara,Zamora,Moreruela de Tábara
49134,Muelas de los Caballeros,Zamora,Muelas de los Caballeros
49135,Muelas del Pan,Zamora,Muelas del Pan
49136,Muga de Sayago,Zamora,Muga de Sayago
49137,Navianos de Valverde,Zamora,Navianos de Valverde
49138,Olmillos de Castro,Zamora,Olmillos de Castro
49139,Otero de Bodas,Zamora,Otero de Bodas
49141,Pajares de la Lampreana,Zamora,Pajares de la Lampreana
49143,Palacios de Sanabria,Zamora,Palacios de Sanabria
49142,Palacios del Pan,Zamora,Palacios del Pan
49145,Pedralba de la Pradería,Zamora,Pedralba de la Pradería
49146,El Pego,Zamora,"Pego, El"
49147,Peleagonzalo,Zamora,Peleagonzalo
49148,Peleas de Abajo,Zamora,Peleas de Abajo
49149,Peñausende,Zamora,Peñausende
49150,Peque,Zamora,Peque
49151,El Perdigón,Zamora,"Perdigón, El"
49152,Pereruela,Zamora,Pereruela
49153,Perilla de Castro,Zamora,Perilla de Castro
49154,Pías,Zamora,Pías
49155,Piedrahita de Castro,Zamora,Piedrahita de Castro
49156,Pinilla de Toro,Zamora,Pinilla de Toro
49157,Pino del Oro,Zamora,Pino del Oro
49158,El Piñero,Zamora,"Piñero, El"
49160,Pobladura de Valderaduey,Zamora,Pobladura de Valderaduey
49159,Pobladura del Valle,Zamora,Pobladura del Valle
49162,Porto,Zamora,Porto
49163,Pozoantiguo,Zamora,Pozoantiguo
49164,Pozuelo de Tábara,Zamora,Pozuelo de Tábara
49165,Prado,Zamora,Prado
49166,Puebla de Sanabria,Zamora,Puebla de Sanabria
49167,Pueblica de Valverde,Zamora,Pueblica de Valverde
49170,Quintanilla de Urz,Zamora,Quintanilla de Urz
49168,Quintanilla del Monte,Zamora,Quintanilla del Monte
49169,Quintanilla del Olmo,Zamora,Quintanilla del Olmo
49171,Quiruelas de Vidriales,Zamora,Quiruelas de Vidriales
49172,Rabanales,Zamora,Rabanales
49173,Rábano de Aliste,Zamora,Rábano de Aliste
49174,Requejo,Zamora,Requejo
49175,Revellinos,Zamora,Revellinos
49176,Riofrío de Aliste,Zamora,Riofrío de Aliste
49177,Rionegro del Puente,Zamora,Rionegro del Puente
49178,Roales,Zamora,Roales
49179,Robleda-Cervantes,Zamora,Robleda-Cervantes
49180,Roelos de Sayago,Zamora,Roelos de Sayago
49181,Rosinos de la Requejada,Zamora,Rosinos de la Requejada
49183,Salce,Zamora,Salce
49184,Samir de los Caños,Zamora,Samir de los Caños
49185,San Agustín del Pozo,Zamora,San Agustín del Pozo
49186,San Cebrián de Castro,Zamora,San Cebrián de Castro
49187,San Cristóbal de Entreviñas,Zamora,San Cristóbal de Entreviñas
49188,San Esteban del Molar,Zamora,San Esteban del Molar
49189,San Justo,Zamora,San Justo
49190,San Martín de Valderaduey,Zamora,San Martín de Valderaduey
49191,San Miguel de la Ribera,Zamora,San Miguel de la Ribera
49192,San Miguel del Valle,Zamora,San Miguel del Valle
49193,San Pedro de Ceque,Zamora,San Pedro de Ceque
49194,San Pedro de la Nave-Almendra,Zamora,San Pedro de la Nave-Almendra
49208,San Vicente de la Cabeza,Zamora,San Vicente de la Cabeza
49209,San Vitero,Zamora,San Vitero
49197,Santa Clara de Avedillo,Zamora,Santa Clara de Avedillo
49199,Santa Colomba de las Monjas,Zamora,Santa Colomba de las Monjas
49200,Santa Cristina de la Polvorosa,Zamora,Santa Cristina de la Polvorosa
49201,Santa Croya de Tera,Zamora,Santa Croya de Tera
49202,Santa Eufemia del Barco,Zamora,Santa Eufemia del Barco
49203,Santa María de la Vega,Zamora,Santa María de la Vega
49204,Santa María de Valverde,Zamora,Santa María de Valverde
49205,Santibáñez de Tera,Zamora,Santibáñez de Tera
49206,Santibáñez de Vidriales,Zamora,Santibáñez de Vidriales
49207,Santovenia,Zamora,Santovenia
49210,Sanzoles,Zamora,Sanzoles
49214,Tábara,Zamora,Tábara
49216,Tapioles,Zamora,Tapioles
49219,Toro,Zamora,Toro
49220,La Torre del Valle,Zamora,"Torre del Valle, La"
49221,Torregamones,Zamora,Torregamones
49222,Torres del Carrizal,Zamora,Torres del Carrizal
49223,Trabazos,Zamora,Trabazos
49224,Trefacio,Zamora,Trefacio
49225,Uña de Quintana,Zamora,Uña de Quintana
49226,Vadillo de la Guareña,Zamora,Vadillo de la Guareña
49227,Valcabado,Zamora,Valcabado
49228,Valdefinjas,Zamora,Valdefinjas
49229,Valdescorriel,Zamora,Valdescorriel
49230,Vallesa de la Guareña,Zamora,Vallesa de la Guareña
49231,Vega de Tera,Zamora,Vega de Tera
49232,Vega de Villalobos,Zamora,Vega de Villalobos
49233,Vegalatrave,Zamora,Vegalatrave
49234,Venialbo,Zamora,Venialbo
49235,Vezdemarbán,Zamora,Vezdemarbán
49236,Vidayanes,Zamora,Vidayanes
49237,Videmala,Zamora,Videmala
49238,Villabrázaro,Zamora,Villabrázaro
49239,Villabuena del Puente,Zamora,Villabuena del Puente
49240,Villadepera,Zamora,Villadepera
49241,Villaescusa,Zamora,Villaescusa
49242,Villafáfila,Zamora,Villafáfila
49243,Villaferrueña,Zamora,Villaferrueña
49244,Villageriz,Zamora,Villageriz
49245,Villalazán,Zamora,Villalazán
49246,Villalba de la Lampreana,Zamora,Villalba de la Lampreana
49247,Villalcampo,Zamora,Villalcampo
49248,Villalobos,Zamora,Villalobos
49249,Villalonso,Zamora,Villalonso
49250,Villalpando,Zamora,Villalpando
49251,Villalube,Zamora,Villalube
49252,Villamayor de Campos,Zamora,Villamayor de Campos
49255,Villamor de los Escuderos,Zamora,Villamor de los Escuderos
49256,Villanázar,Zamora,Villanázar
49257,Villanueva de Azoague,Zamora,Villanueva de Azoague
49258,Villanueva de Campeán,Zamora,Villanueva de Campeán
49259,Villanueva de las Peras,Zamora,Villanueva de las Peras
49260,Villanueva del Campo,Zamora,Villanueva del Campo
49263,Villar de Fallaves,Zamora,Villar de Fallaves
49264,Villar del Buey,Zamora,Villar del Buey
49261,Villaralbo,Zamora,Villaralbo
49262,Villardeciervos,Zamora,Villardeciervos
49265,Villardiegua de la Ribera,Zamora,Villardiegua de la Ribera
49266,Villárdiga,Zamora,Villárdiga
49267,Villardondiego,Zamora,Villardondiego
49268,Villarrín de Campos,Zamora,Villarrín de Campos
49269,Villaseco del Pan,Zamora,Villaseco del Pan
49270,Villavendimio,Zamora,Villavendimio
49272,Villaveza de Valverde,Zamora,Villaveza de Valverde
49271,Villaveza del Agua,Zamora,Villaveza del Agua
49273,Viñas,Zamora,Viñas
49275,Zamora,Zamora,Zamora
50001,Abanto,Zaragoza,Abanto
50002,Acered,Zaragoza,Acered
50003,Agón,Zaragoza,Agón
50004,Aguarón,Zaragoza,Aguarón
50005,Aguilón,Zaragoza,Aguilón
50006,Ainzón,Zaragoza,Ainzón
50007,Aladrén,Zaragoza,Aladrén
50008,Alagón,Zaragoza,Alagón
50009,Alarba,Zaragoza,Alarba
50010,Alberite de San Juan,Zaragoza,Alberite de San Juan
50011,Albeta,Zaragoza,Albeta
50012,Alborge,Zaragoza,Alborge
50013,Alcalá de Ebro,Zaragoza,Alcalá de Ebro
50014,Alcalá de Moncayo,Zaragoza,Alcalá de Moncayo
50015,Alconchel de Ariza,Zaragoza,Alconchel de Ariza
50016,Aldehuela de Liestos,Zaragoza,Aldehuela de Liestos
50017,Alfajarín,Zaragoza,Alfajarín
50018,Alfamén,Zaragoza,Alfamén
50019,Alforque,Zaragoza,Alforque
50020,Alhama de Aragón,Zaragoza,Alhama de Aragón
50021,Almochuel,Zaragoza,Almochuel
50022,La Almolda,Zaragoza,"Almolda, La"
50023,Almonacid de la Cuba,Zaragoza,Almonacid de la Cuba
50024,Almonacid de la Sierra,Zaragoza,Almonacid de la Sierra
50025,La Almunia de Doña Godina,Zaragoza,"Almunia de Doña Godina, La"
50026,Alpartir,Zaragoza,Alpartir
50027,Ambel,Zaragoza,Ambel
50028,Anento,Zaragoza,Anento
50029,Aniñón,Zaragoza,Aniñón
50030,Añón de Moncayo,Zaragoza,Añón de Moncayo
50031,Aranda de Moncayo,Zaragoza,Aranda de Moncayo
50032,Arándiga,Zaragoza,Arándiga
50033,Ardisa,Zaragoza,Ardisa
50034,Ariza,Zaragoza,Ariza
50035,Artieda,Zaragoza,Artieda
50036,Asín,Zaragoza,Asín
50037,Atea,Zaragoza,Atea
50038,Ateca,Zaragoza,Ateca
50039,Azuara,Zaragoza,Azuara
50040,Badules,Zaragoza,Badules
50041,Bagüés,Zaragoza,Bagüés
50042,Balconchán,Zaragoza,Balconchán
50043,Bárboles,Zaragoza,Bárboles
50044,Bardallur,Zaragoza,Bardallur
50045,Belchite,Zaragoza,Belchite
50046,Belmonte de Gracián,Zaragoza,Belmonte de Gracián
50047,Berdejo,Zaragoza,Berdejo
50048,Berrueco,Zaragoza,Berrueco
50901,Biel,Zaragoza,Biel
50050,Bijuesca,Zaragoza,Bijuesca
50051,Biota,Zaragoza,Biota
50052,Bisimbre,Zaragoza,Bisimbre
50053,Boquiñeni,Zaragoza,Boquiñeni
50054,Bordalba,Zaragoza,Bordalba
50055,Borja,Zaragoza,Borja
50056,Botorrita,Zaragoza,Botorrita
50057,Brea de Aragón,Zaragoza,Brea de Aragón
50058,Bubierca,Zaragoza,Bubierca
50059,Bujaraloz,Zaragoza,Bujaraloz
50060,Bulbuente,Zaragoza,Bulbuente
50061,Bureta,Zaragoza,Bureta
50062,El Burgo de Ebro,Zaragoza,"Burgo de Ebro, El"
50063,El Buste,Zaragoza,"Buste, El"
50064,Cabañas de Ebro,Zaragoza,Cabañas de Ebro
50065,Cabolafuente,Zaragoza,Cabolafuente
50066,Cadrete,Zaragoza,Cadrete
50067,Calatayud,Zaragoza,Calatayud
50068,Calatorao,Zaragoza,Calatorao
50069,Calcena,Zaragoza,Calcena
50070,Calmarza,Zaragoza,Calmarza
50071,Campillo de Aragón,Zaragoza,Campillo de Aragón
50072,Carenas,Zaragoza,Carenas
50073,Cariñena,Zaragoza,Cariñena
50074,Caspe,Zaragoza,Caspe
50075,Castejón de Alarba,Zaragoza,Castejón de Alarba
50076,Castejón de las Armas,Zaragoza,Castejón de las Armas
50077,Castejón de Valdejasa,Zaragoza,Castejón de Valdejasa
50078,Castiliscar,Zaragoza,Castiliscar
50079,Cervera de la Cañada,Zaragoza,Cervera de la Cañada
50080,Cerveruela,Zaragoza,Cerveruela
50081,Cetina,Zaragoza,Cetina
50092,Chiprana,Zaragoza,Chiprana
50093,Chodes,Zaragoza,Chodes
50082,Cimballa,Zaragoza,Cimballa
50083,Cinco Olivas,Zaragoza,Cinco Olivas
50084,Clarés de Ribota,Zaragoza,Clarés de Ribota
50085,Codo,Zaragoza,Codo
50086,Codos,Zaragoza,Codos
50087,Contamina,Zaragoza,Contamina
50088,Cosuenda,Zaragoza,Cosuenda
50089,Cuarte de Huerva,Zaragoza,Cuarte de Huerva
50090,Cubel,Zaragoza,Cubel
50091,Las Cuerlas,Zaragoza,"Cuerlas, Las"
50094,Daroca,Zaragoza,Daroca
50095,Ejea de los Caballeros,Zaragoza,Ejea de los Caballeros
50096,Embid de Ariza,Zaragoza,Embid de Ariza
50098,Encinacorba,Zaragoza,Encinacorba
50099,Épila,Zaragoza,Épila
50100,Erla,Zaragoza,Erla
50101,Escatrón,Zaragoza,Escatrón
50102,Fabara,Zaragoza,Fabara
50104,Farlete,Zaragoza,Farlete
50105,Fayón,Zaragoza,Fayón
50106,Los Fayos,Zaragoza,"Fayos, Los"
50107,Figueruelas,Zaragoza,Figueruelas
50108,Fombuena,Zaragoza,Fombuena
50109,El Frago,Zaragoza,"Frago, El"
50110,El Frasno,Zaragoza,"Frasno, El"
50111,Fréscano,Zaragoza,Fréscano
50113,Fuendejalón,Zaragoza,Fuendejalón
50114,Fuendetodos,Zaragoza,Fuendetodos
50115,Fuentes de Ebro,Zaragoza,Fuentes de Ebro
50116,Fuentes de Jiloca,Zaragoza,Fuentes de Jiloca
50117,Gallocanta,Zaragoza,Gallocanta
50118,Gallur,Zaragoza,Gallur
50119,Gelsa,Zaragoza,Gelsa
50120,Godojos,Zaragoza,Godojos
50121,Gotor,Zaragoza,Gotor
50122,Grisel,Zaragoza,Grisel
50123,Grisén,Zaragoza,Grisén
50124,Herrera de los Navarros,Zaragoza,Herrera de los Navarros
50125,Ibdes,Zaragoza,Ibdes
50126,Illueca,Zaragoza,Illueca
50128,Isuerre,Zaragoza,Isuerre
50129,Jaraba,Zaragoza,Jaraba
50130,Jarque de Moncayo,Zaragoza,Jarque de Moncayo
50131,Jaulín,Zaragoza,Jaulín
50132,La Joyosa,Zaragoza,"Joyosa, La"
50133,Lagata,Zaragoza,Lagata
50134,Langa del Castillo,Zaragoza,Langa del Castillo
50135,Layana,Zaragoza,Layana
50136,Lécera,Zaragoza,Lécera
50138,Lechón,Zaragoza,Lechón
50137,Leciñena,Zaragoza,Leciñena
50139,Letux,Zaragoza,Letux
50140,Litago,Zaragoza,Litago
50141,Lituénigo,Zaragoza,Lituénigo
50142,Lobera de Onsella,Zaragoza,Lobera de Onsella
50143,Longares,Zaragoza,Longares
50144,Longás,Zaragoza,Longás
50146,Lucena de Jalón,Zaragoza,Lucena de Jalón
50147,Luceni,Zaragoza,Luceni
50148,Luesia,Zaragoza,Luesia
50149,Luesma,Zaragoza,Luesma
50150,Lumpiaque,Zaragoza,Lumpiaque
50151,Luna,Zaragoza,Luna
50152,Maella,Zaragoza,Maella
50153,Magallón,Zaragoza,Magallón
50154,Mainar,Zaragoza,Mainar
50155,Malanquilla,Zaragoza,Malanquilla
50156,Maleján,Zaragoza,Maleján
50160,Mallén,Zaragoza,Mallén
50157,Malón,Zaragoza,Malón
50159,Maluenda,Zaragoza,Maluenda
50161,Manchones,Zaragoza,Manchones
50162,Mara,Zaragoza,Mara
50163,María de Huerva,Zaragoza,María de Huerva
50902,Marracos,Zaragoza,Marracos
50164,Mediana de Aragón,Zaragoza,Mediana de Aragón
50165,Mequinenza,Zaragoza,Mequinenza
50166,Mesones de Isuela,Zaragoza,Mesones de Isuela
50167,Mezalocha,Zaragoza,Mezalocha
50168,Mianos,Zaragoza,Mianos
50169,Miedes de Aragón,Zaragoza,Miedes de Aragón
50170,Monegrillo,Zaragoza,Monegrillo
50171,Moneva,Zaragoza,Moneva
50172,Monreal de Ariza,Zaragoza,Monreal de Ariza
50173,Monterde,Zaragoza,Monterde
50174,Montón,Zaragoza,Montón
50175,Morata de Jalón,Zaragoza,Morata de Jalón
50176,Morata de Jiloca,Zaragoza,Morata de Jiloca
50177,Morés,Zaragoza,Morés
50178,Moros,Zaragoza,Moros
50179,Moyuela,Zaragoza,Moyuela
50180,Mozota,Zaragoza,Mozota
50181,Muel,Zaragoza,Muel
50182,La Muela,Zaragoza,"Muela, La"
50183,Munébrega,Zaragoza,Munébrega
50184,Murero,Zaragoza,Murero
50185,Murillo de Gállego,Zaragoza,Murillo de Gállego
50186,Navardún,Zaragoza,Navardún
50187,Nigüella,Zaragoza,Nigüella
50188,Nombrevilla,Zaragoza,Nombrevilla
50189,Nonaspe,Zaragoza,Nonaspe
50190,Novallas,Zaragoza,Novallas
50191,Novillas,Zaragoza,Novillas
50192,Nuévalos,Zaragoza,Nuévalos
50193,Nuez de Ebro,Zaragoza,Nuez de Ebro
50194,Olvés,Zaragoza,Olvés
50195,Orcajo,Zaragoza,Orcajo
50196,Orera,Zaragoza,Orera
50197,Orés,Zaragoza,Orés
50198,Oseja,Zaragoza,Oseja
50199,Osera de Ebro,Zaragoza,Osera de Ebro
50200,Paniza,Zaragoza,Paniza
50201,Paracuellos de Jiloca,Zaragoza,Paracuellos de Jiloca
50202,Paracuellos de la Ribera,Zaragoza,Paracuellos de la Ribera
50203,Pastriz,Zaragoza,Pastriz
50204,Pedrola,Zaragoza,Pedrola
50205,Las Pedrosas,Zaragoza,"Pedrosas, Las"
50206,Perdiguera,Zaragoza,Perdiguera
50207,Piedratajada,Zaragoza,Piedratajada
50208,Pina de Ebro,Zaragoza,Pina de Ebro
50209,Pinseque,Zaragoza,Pinseque
50210,Los Pintanos,Zaragoza,"Pintanos, Los"
50211,Plasencia de Jalón,Zaragoza,Plasencia de Jalón
50212,Pleitas,Zaragoza,Pleitas
50213,Plenas,Zaragoza,Plenas
50214,Pomer,Zaragoza,Pomer
50215,Pozuel de Ariza,Zaragoza,Pozuel de Ariza
50216,Pozuelo de Aragón,Zaragoza,Pozuelo de Aragón
50217,Pradilla de Ebro,Zaragoza,Pradilla de Ebro
50218,Puebla de Albortón,Zaragoza,Puebla de Albortón
50219,La Puebla de Alfindén,Zaragoza,"Puebla de Alfindén, La"
50220,Puendeluna,Zaragoza,Puendeluna
50221,Purujosa,Zaragoza,Purujosa
50222,Quinto,Zaragoza,Quinto
50223,Remolinos,Zaragoza,Remolinos
50224,Retascón,Zaragoza,Retascón
50225,Ricla,Zaragoza,Ricla
50227,Romanos,Zaragoza,Romanos
50228,Rueda de Jalón,Zaragoza,Rueda de Jalón
50229,Ruesca,Zaragoza,Ruesca
50241,Sabiñán,Zaragoza,Sabiñán
50230,Sádaba,Zaragoza,Sádaba
50231,Salillas de Jalón,Zaragoza,Salillas de Jalón
50232,Salvatierra de Esca,Zaragoza,Salvatierra de Esca
50233,Samper del Salz,Zaragoza,Samper del Salz
50234,San Martín de la Virgen de Moncayo,Zaragoza,San Martín de la Virgen de Moncayo
50235,San Mateo de Gállego,Zaragoza,San Mateo de Gállego
50236,Santa Cruz de Grío,Zaragoza,Santa Cruz de Grío
50237,Santa Cruz de Moncayo,Zaragoza,Santa Cruz de Moncayo
50238,Santa Eulalia de Gállego,Zaragoza,Santa Eulalia de Gállego
50239,Santed,Zaragoza,Santed
50240,Sástago,Zaragoza,Sástago
50242,Sediles,Zaragoza,Sediles
50243,Sestrica,Zaragoza,Sestrica
50244,Sierra de Luna,Zaragoza,Sierra de Luna
50245,Sigüés,Zaragoza,Sigüés
50246,Sisamón,Zaragoza,Sisamón
50247,Sobradiel,Zaragoza,Sobradiel
50248,Sos del Rey Católico,Zaragoza,Sos del Rey Católico
50249,Tabuenca,Zaragoza,Tabuenca
50250,Talamantes,Zaragoza,Talamantes
50251,Tarazona,Zaragoza,Tarazona
50252,Tauste,Zaragoza,Tauste
50253,Terrer,Zaragoza,Terrer
50254,Tierga,Zaragoza,Tierga
50255,Tobed,Zaragoza,Tobed
50256,Torralba de los Frailes,Zaragoza,Torralba de los Frailes
50257,Torralba de Ribota,Zaragoza,Torralba de Ribota
50258,Torralbilla,Zaragoza,Torralbilla
50259,Torrehermosa,Zaragoza,Torrehermosa
50260,Torrelapaja,Zaragoza,Torrelapaja
50261,Torrellas,Zaragoza,Torrellas
50262,Torres de Berrellén,Zaragoza,Torres de Berrellén
50263,Torrijo de la Cañada,Zaragoza,Torrijo de la Cañada
50264,Tosos,Zaragoza,Tosos
50265,Trasmoz,Zaragoza,Trasmoz
50266,Trasobares,Zaragoza,Trasobares
50267,Uncastillo,Zaragoza,Uncastillo
50268,Undués de Lerda,Zaragoza,Undués de Lerda
50269,Urrea de Jalón,Zaragoza,Urrea de Jalón
50270,Urriés,Zaragoza,Urriés
50271,Used,Zaragoza,Used
50272,Utebo,Zaragoza,Utebo
50274,Val de San Martín,Zaragoza,Val de San Martín
50273,Valdehorna,Zaragoza,Valdehorna
50275,Valmadrid,Zaragoza,Valmadrid
50276,Valpalmas,Zaragoza,Valpalmas
50277,Valtorres,Zaragoza,Valtorres
50278,Velilla de Ebro,Zaragoza,Velilla de Ebro
50279,Velilla de Jiloca,Zaragoza,Velilla de Jiloca
50280,Vera de Moncayo,Zaragoza,Vera de Moncayo
50281,Vierlas,Zaragoza,Vierlas
50283,Villadoz,Zaragoza,Villadoz
50284,Villafeliche,Zaragoza,Villafeliche
50285,Villafranca de Ebro,Zaragoza,Villafranca de Ebro
50286,Villalba de Perejil,Zaragoza,Villalba de Perejil
50287,Villalengua,Zaragoza,Villalengua
50903,Villamayor de Gállego,Zaragoza,Villamayor de Gállego
50288,Villanueva de Gállego,Zaragoza,Villanueva de Gállego
50290,Villanueva de Huerva,Zaragoza,Villanueva de Huerva
50289,Villanueva de Jiloca,Zaragoza,Villanueva de Jiloca
50291,Villar de los Navarros,Zaragoza,Villar de los Navarros
50292,Villarreal de Huerva,Zaragoza,Villarreal de Huerva
50293,Villarroya de la Sierra,Zaragoza,Villarroya de la Sierra
50294,Villarroya del Campo,Zaragoza,Villarroya del Campo
50282,La Vilueña,Zaragoza,"Vilueña, La"
50295,Vistabella,Zaragoza,Vistabella
50296,La Zaida,Zaragoza,"Zaida, La"
50297,Zaragoza,Zaragoza,Zaragoza
50298,Zuera,Zaragoza,Zuera
51001,Ceuta,Ceuta,Ceuta
52001,Melilla,Melilla,Melilla
