ine,municipio,provincia
01001,Alegria,Álava
01001,Alegria de Alava,Álava
01001,Alegria-Dulantzi,Álava
01001,Alegría,Álava
01001,Alegría de Álava,Álava
01001,Alegría-Dulantzi,Álava
01001,Alegría/Dulantzi,Álava
01001,Dulantzi,Álava
01002,Amurrio,Álava
01002,Amurrio (Alava),Álava
01002,Amurrio (Álava),Álava
01003,Aramaio,Álava
01003,Aramayona,Álava
01004,Arceniega,Álava
01004,Artziniega,Álava
01006,Aramiñon,Álava
01006,Arminon,Álava
01006,Arminón,Álava
01006,Armiñon,Álava
01006,Armiñón,Álava
01008,Arrantzu-Ubarrundia,Álava
01008,Arratzu Ubarrundia,Álava
01008,Arratzu-Ubarrundia,Álava
01008,Arratzua-Ubarrundi,Álava
01008,Arratzua-Ubarrundia,Álava
01008,Arrazua Ubarrundia,Álava
01008,Arrazua-Ubarrundia,Álava
01008,Arrazúa Ubarrundia,Álava
01008,Arrazúa-Ubarrundia,Álava
01009,Asparren,Álava
01009,Asparrena,Álava
01010,Aiara,Álava
01010,Ayala,Álava
01011,Baños de Ebro,Álava
01011,Mañueta,Álava
01013,Barrundia,Álava
01014,Berantebila,Álava
01014,Berantevilla,Álava
01014,Beranturi,Álava
01016,Bernedo,Álava
01017,Campezo,Álava
01017,Campezo Kanpezu,Álava
01017,Campezo/Kanpezu,Álava
01017,Kanpezu,Álava
01018,Cigoitia,Álava
01018,Zigoiti,Álava
01018,Zigoitia,Álava
01019,Cripán,Álava
01019,Kripan,Álava
01019,Kripán,Álava
01020,Cuartango,Álava
01020,Koartango,Álava
01020,Kuartango,Álava
01020,Quartango,Álava
01020,Quartanicum,Álava
01020,Quartanicus,Álava
01020,Quartanigo,Álava
01021,Burgellu,Álava
01021,Burgelu,Álava
01021,Burgo,Álava
01021,Burgu,Álava
01021,El Burgo,Álava
01021,Elburgo,Álava
01021,Elburgo Burgelu,Álava
01021,Elburgo/Burgelu,Álava
01022,Elciego,Álava
01022,Eltziego,Álava
01022,Zieko,Álava
01023,Bilar,Álava
01023,El Villar de Alava,Álava
01023,El Villar de Álava,Álava
01023,Elvillar,Álava
01023,Elvillar Bilar,Álava
01023,Elvillar/Bilar,Álava
01027,Iruraitz Gauna,Álava
01027,Iruraitz-Gauna,Álava
01027,Iruraiz Gauna,Álava
01027,Iruraiz-Gauna,Álava
01028,Bastida,Álava
01028,Labastida,Álava
01030,Lagran,Álava
01030,Lagrán,Álava
01031,Guardia,Álava
01031,La Guardia,Álava
01031,Laguardia,Álava
01032,Lanciego,Álava
01032,Lanciego Lantziego,Álava
01032,Lanciego/Lantziego,Álava
01032,Lantziego,Álava
01033,La Puebla de Labarca,Álava
01033,La Puebla de la Barca,Álava
01033,Lapuebla Labarca,Álava
01033,Lapuebla Labarka,Álava
01033,Lapuebla de Labarca,Álava
01034,Leza,Álava
01035,Lezama (municipio),Álava
01036,Laudio,Álava
01036,Laudio/Llodio,Álava
01036,Llodio,Álava
01037,Arraia Maeztu,Álava
01037,Arraia-Maeztu,Álava
01037,Arraya Maestu,Álava
01039,Arabako Moreda,Álava
01039,Moreda,Álava
01039,Moreda Araba,Álava
01039,Moreda de Alava,Álava
01039,Moreda de Álava,Álava
01039,Moreta,Álava
01041,Nabaridas,Álava
01041,Navaridas,Álava
01042,Okondo,Álava
01042,Oquendo,Álava
01042,Valle de Oquendo,Álava
01043,Oion,Álava
01043,Oyon,Álava
01043,Oyón,Álava
01043,Oyón-Oion,Álava
01044,Penacerrada,Álava
01044,Penacerrada Urizaharra,Álava
01044,Penacerrada-Urizaharra,Álava
01044,Peñacerrada,Álava
01044,Peñacerrada Urizaharra,Álava
01044,Peñacerrada-Urizaharra,Álava
01044,Peñacerrada/Urizaharra,Álava
01044,Urizahar,Álava
01044,Urizaharra,Álava
01046,Erribera Goitia,Álava
01046,Erriberagoiti,Álava
01046,Erriberagoitia,Álava
01046,Ribera Alta,Álava
01047,Erribera Beitia,Álava
01047,Erriberabeiti,Álava
01047,Erriberabeitia,Álava
01047,Ribera Baixa,Álava
01047,Ribera Baja Erribera Beitia,Álava
01047,Ribera Baja/Erribera Beitia,Álava
01049,Anana,Álava
01049,Añana,Álava
01049,Salinas de Anana,Álava
01049,Salinas de Añana,Álava
01051,Agurain,Álava
01051,Agurain/Salvatierra,Álava
01051,Salvatierra,Álava
01051,Salvatierra (Àlaba),Álava
01051,Salvatierra - Agurain,Álava
01051,Salvatierra / Agurain,Álava
01051,Salvatierra Agurain,Álava
01051,Salvatierra de Alava,Álava
01051,Salvatierra de Álava,Álava
01051,Salvatierra/Agurain,Álava
01052,Samaniego,Álava
01053,Donemiliaga,Álava
01053,San Millan,Álava
01053,San Millán,Álava
01053,San Millán/Donemiliaga,Álava
01054,Urcabustaiz,Álava
01054,Urkabustaiz,Álava
01055,Gaubea,Álava
01055,Gobiaran,Álava
01055,Valdegovia,Álava
01055,Valdegovia Gaubea,Álava
01055,Valdegovia/Gaubea,Álava
01055,Valdegovía,Álava
01055,Valdegovía Gaubea,Álava
01055,Valdegovía/Gaubea,Álava
01056,Arana,Álava
01056,Harana,Álava
01056,Harana Valle de Arana,Álava
01056,Harana/Valle de Arana,Álava
01056,Valle de Arana,Álava
01057,Eskuernaga,Álava
01057,Uriona,Álava
01057,Villabuena,Álava
01057,Villabuena Araba,Álava
01057,Villabuena de Alava,Álava
01057,Villabuena de Alava Eskuernaga,Álava
01057,Villabuena de Alava/Eskuernaga,Álava
01057,Villabuena de Álava,Álava
01057,Villabuena de Álava / Eskuernaga,Álava
01057,Villabuena de Álava Eskuernaga,Álava
01057,Villabuena de Álava/Eskuernaga,Álava
01058,Legutiano,Álava
01058,Legutio,Álava
01058,Villarreal de Alava,Álava
01058,Villarreal de Álava,Álava
01059,Gasteiz,Álava
01059,Vitoria,Álava
01059,Vitoria - Gasteiz,Álava
01059,Vitòria,Álava
01060,Ekora,Álava
01060,Iekora,Álava
01060,Yecora,Álava
01060,Yecora - Iekora,Álava
01060,Yecora Iekora,Álava
01060,Yecora-Iekora,Álava
01060,Yecora/Iekora,Álava
01060,Yécora,Álava
01060,Yécora - Iekora,Álava
01060,Yécora Iekora,Álava
01060,Yécora-Iekora,Álava
01061,Zalduendo,Álava
01061,Zalduendo d'Álava,Álava
01061,Zalduendo de Alava,Álava
01061,Zalduendo de Álava,Álava
01061,Zalduondo,Álava
01062,Zambrana,Álava
01062,Zanbrana,Álava
01062,Çembrana,Álava
01063,Zuia,Álava
01063,Zuya,Álava
01901,Iruna Oka,Álava
01901,Iruna Oka Iruna de Oca,Álava
01901,Iruna Oka Iruña de Oca,Álava
01901,Iruna Oka/Iruna de Oca,Álava
01901,Iruna Oka/Iruña de Oca,Álava
01901,Iruna de Oca,Álava
01901,Iruña Oka,Álava
01901,Iruña Oka/Iruña de Oca,Álava
01901,Iruña de Oca,Álava
01901,Iruña-Oka,Álava
01901,Oka Iruña,Álava
01901,Okako Iruña,Álava
01902,Lantaron,Álava
01902,Lantarón,Álava
02001,Abengibre,Albacete
02001,Abenjibre,Albacete
02002,Alatoz,Albacete
02003,Albacet,Albacete
02003,Albacete,Albacete
02004,Albatana,Albacete
02005,Alborea,Albacete
02006,Alcadozo,Albacete
02007,Alcala del Jucar,Albacete
02007,Alcalaeña,Albacete
02007,Alcalaeño,Albacete
02007,Alcalá del Júcar,Albacete
02007,Alcalá del Xúcar,Albacete
02008,Alcaraz,Albacete
02009,Almansa,Albacete
02010,Alpera,Albacete
02011,Aýna,Albacete
02012,Balazote,Albacete
02013,Balsa de Ves,Albacete
02014,Ballestero,Albacete
02014,"Ballestero, El",Albacete
02014,El Ballestero,Albacete
02015,Barrax,Albacete
02016,Bienservida,Albacete
02017,Bogarra,Albacete
02018,Bonet,Albacete
02018,Bonete,Albacete
02019,"Bonillo, El",Albacete
02019,El Bonillo,Albacete
02020,Carcelen,Albacete
02020,Carcelén,Albacete
02021,Casas de Juan Nunez,Albacete
02021,Casas de Juan Nuñez,Albacete
02021,Casas de Juan Núnez,Albacete
02021,Casas de Juan Núñez,Albacete
02022,Casas de Lazaro,Albacete
02022,Casas de Lázaro,Albacete
02023,Casas de Ves,Albacete
02024,Casas-Ibáñez,Albacete
02025,Cabdet,Albacete
02025,Caudet,Albacete
02025,Caudete,Albacete
02025,Caudetenc,Albacete
02025,Caudetenca,Albacete
02026,Cenizate,Albacete
02027,Corral-Rubio,Albacete
02028,Cotillas,Albacete
02029,Chinchiella de Mont Aragón,Albacete
02029,Chinchilla,Albacete
02029,Chinchilla de Monte Aragon,Albacete
02029,Chinchilla de Monte Aragón,Albacete
02029,Chinchilla de Monte-Aragon,Albacete
02029,Chinchilla de Monte-Aragón,Albacete
02029,Chinchilla de Montearagon,Albacete
02029,Chinchilla de Montearagón,Albacete
02030,Elche de la Sierra,Albacete
02031,Ferez,Albacete
02031,Férez,Albacete
02032,Fuensanta,Albacete
02033,Fuente Álamo,Albacete
02033,Fuente-Álamo,Albacete
02034,Fuente-Albilla,Albacete
02034,Fuentealbilla,Albacete
02034,Fuentealvilla,Albacete
02035,"Gineta, La",Albacete
02035,La Gineta,Albacete
02036,Golosalvo,Albacete
02037,Hellin,Albacete
02037,Hellín,Albacete
02038,"Herrera, La",Albacete
02038,La Herrera,Albacete
02039,Higueruela,Albacete
02040,Hoya Gonzalo,Albacete
02040,Hoya-Gonzalo,Albacete
02040,Oya Gonzalo,Albacete
02040,Oya-Gonzalo,Albacete
02041,Exorquera,Albacete
02041,Jorquera,Albacete
02042,Letur,Albacete
02043,Lezuza,Albacete
02044,Liétor,Albacete
02045,Madrigueras,Albacete
02046,Mahora,Albacete
02047,Masegoso,Albacete
02048,Minaya,Albacete
02049,Molinicos,Albacete
02050,Montalbos,Albacete
02050,Montalvos,Albacete
02051,El pueblo de las tres mentiras,Albacete
02051,Montealegre del Castillo,Albacete
02052,Motilleja,Albacete
02053,Munera,Albacete
02054,Navas d'Exorquera,Albacete
02054,Navas de Jorguera,Albacete
02054,Navas de Jorquera,Albacete
02055,Nerpio,Albacete
02056,Ontur,Albacete
02056,Otur,Albacete
02057,Osa de Montiel,Albacete
02057,Ossa de Montiel,Albacete
02058,Paterna del Madera,Albacete
02059,Penascosa,Albacete
02059,Peñascosa,Albacete
02060,Peñas de San Pedro,Albacete
02061,Pétrola,Albacete
02062,Povedilla,Albacete
02063,Pozo Honda,Albacete
02063,Pozo-Honda,Albacete
02063,Pozohondo,Albacete
02064,Pozo Lorente,Albacete
02064,Pozo-Lorente,Albacete
02064,Pozollorente,Albacete
02065,Pozuelo,Albacete
02066,La Recueja,Albacete
02066,"Recueja, La",Albacete
02067,Riopar,Albacete
02067,Riópar,Albacete
02067,San Juan de Riopar,Albacete
02067,San Juan de Riópar,Albacete
02068,Robledo,Albacete
02069,La Roda,Albacete
02069,"Roda, La",Albacete
02070,Reolid,Albacete
02070,Salobre,Albacete
02071,San Pedro,Albacete
02071,San Pedro (Albacete),Albacete
02071,"San Pedro, Albacete",Albacete
02072,Socovos,Albacete
02073,Tarazona de la Mancha,Albacete
02074,Tobarra,Albacete
02075,Valdeganga,Albacete
02076,Vianos,Albacete
02077,Villa de Ves,Albacete
02078,Villagordo del Jucar,Albacete
02078,Villagordo del Júcar,Albacete
02078,Villalgordo del Jucar,Albacete
02078,Villalgordo del Júcar,Albacete
02079,Villamalea,Albacete
02080,Villapalacios,Albacete
02081,Villarobledo,Albacete
02081,Villarrobledo,Albacete
02082,Villatoya,Albacete
02083,Villavaliente,Albacete
02084,Villaverde de Guadalimar,Albacete
02085,Viveros,Albacete
02086,Yeste,Albacete
02901,Pozo Canadá,Albacete
02901,Pozo Cañada,Albacete
03001,Adsubia,Alicante
03001,L'Atsúvia,Alicante
03001,L'Atzúbia,Alicante
03001,L'Atzúvia,Alicante
03001,Vila dels Roques,Alicante
03001,l'Atzúbia,Alicante
03001,l'Atzúbia dels Roques,Alicante
03001,l'Atzúvia,Alicante
03002,Agost,Alicante
03003,Agres,Alicante
03003,NogueAgres,Alicante
03004,Aguas de Busot,Alicante
03004,Aigües,Alicante
03004,Aigües Altes,Alicante
03005,Albatera,Alicante
03006,Alcalali,Alicante
03006,Alcalalí,Alicante
03006,Alcanalí,Alicante
03007,Alcocer de Planes,Alicante
03007,Alcosser,Alicante
03007,Alcosser de Planes,Alicante
03008,Alcoleja,Alicante
03008,Alcoleja d'Aitana,Alicante
03009,Alcoi,Alicante
03009,Alcoy,Alicante
03010,Alfafara,Alicante
03011,Alfaz del Pi,Alicante
03011,L'Alfàs de Dalt,Alicante
03011,L'Alfàs del Pi,Alicante
03011,l'Alfàs,Alicante
03011,l'Alfàs de Polop,Alicante
03011,l'Alfàs del Pi,Alicante
03012,Algorfa,Alicante
03013,Alguena,Alicante
03013,Algueña,Alicante
03013,L'Alguenya,Alicante
03013,l'Alguenya,Alicante
03014,Alacant,Alicante
03014,Alacante,Alicante
03014,Alicant,Alicante
03014,Alicante,Alicante
03015,Almoradí,Alicante
03016,Almudaina,Alicante
03017,Alqueria d'Asnar,Alicante
03017,Alquería de Aznar,Alicante
03017,L'Alqueria d'Asnar,Alicante
03017,Ràfol Blanc,Alicante
03017,l'Alqueria d'Asnar,Alicante
03018,Altea,Alicante
03018,Alteya,Alicante
03019,Aitzpe,Alicante
03019,Asp,Alicante
03019,Asp / Aspe,Alicante
03019,Asp Aspe,Alicante
03019,Aspe,Alicante
03020,Balones,Alicante
03021,Banyeres de Mariola,Alicante
03021,Bañeras,Alicante
03021,Bañeres,Alicante
03022,Benasau,Alicante
03023,Beneixama,Alicante
03023,Benejama,Alicante
03024,Benejússer,Alicante
03024,Benejúzar,Alicante
03025,Benferri,Alicante
03026,Beniarbeig,Alicante
03027,Beniardà,Alicante
03027,Beniardá,Alicante
03028,Beniarres,Alicante
03028,Beniarrés,Alicante
03029,Benichembla,Alicante
03029,Benigembla,Alicante
03030,Benidoleig,Alicante
03031,Benidorm,Alicante
03032,Benifallim,Alicante
03033,Benifato,Alicante
03034,Benijòfar,Alicante
03034,Benijòfer,Alicante
03034,Benijófar,Alicante
03035,Benilloba,Alicante
03036,Benillup,Alicante
03037,Benimantell,Alicante
03038,Benimarfull,Alicante
03039,Benimasot,Alicante
03039,Benimassot,Alicante
03040,Benimeli,Alicante
03041,Benisa,Alicante
03041,Benissa,Alicante
03042,Benitachell,Alicante
03042,Benitatxell,Alicante
03042,El Poble Nou de Benitatxell,Alicante
03042,el Poble Nou de Benitatxell,Alicante
03043,Biar,Alicante
03044,Bigastre,Alicante
03044,Bigastro,Alicante
03045,Bolulla,Alicante
03046,Busot,Alicante
03047,Calp,Alicante
03047,Calpe,Alicante
03048,Callosa d'en Sarrià,Alicante
03048,Callosa de Ensarriá,Alicante
03049,Callosa de Orihuela,Alicante
03049,Callosa de Segura,Alicante
03049,Callosa del Segura,Alicante
03050,Campello,Alicante
03050,El Campello,Alicante
03050,el Campello,Alicante
03051,Camp de Mirra,Alicante
03051,Campo de Mirra,Alicante
03051,Campu de Mirra,Alicante
03051,El Camp de Mirra,Alicante
03051,el Camp de Mirra,Alicante
03052,Cañada,Alicante
03052,La Canyada,Alicante
03052,La Canyada de Biar,Alicante
03052,la Canyada,Alicante
03053,Castalla,Alicante
03054,Castell de Castells,Alicante
03054,Castells de Serrella,Alicante
03055,Catral,Alicante
03056,Cocentaina,Alicante
03056,Concentaina,Alicante
03057,Confrides,Alicante
03058,Coix,Alicante
03058,Cox,Alicante
03059,Crevillent,Alicante
03059,Crevillente,Alicante
03060,Cuatretondeta,Alicante
03060,Quatredondeta de la Serrella,Alicante
03060,Quatretondeta,Alicante
03061,Daia Nova,Alicante
03061,Daya Nueva,Alicante
03062,Daia Vella,Alicante
03062,Daya Vieja,Alicante
03062,Daya Vieya,Alicante
03063,Denia,Alicante
03063,Denya,Alicante
03063,Dénia,Alicante
03064,Dolores,Alicante
03064,Dolors,Alicante
03065,Elch,Alicante
03065,Elche,Alicante
03065,Elx,Alicante
03066,Elda,Alicante
03067,Facheca,Alicante
03067,Fageca,Alicante
03068,Famorca,Alicante
03069,Finestrat,Alicante
03070,Formentera del Segura,Alicante
03071,Gata de Gorgos,Alicante
03072,Gaianes,Alicante
03072,Gayanes,Alicante
03073,Gorga,Alicante
03074,Granja de Rocamora,Alicante
03074,La Granja de Rocamora,Alicante
03074,la Granja de Rocamora,Alicante
03075,Castillo de Guadalest,Alicante
03075,El Castell de Guadalest,Alicante
03075,Guadalest,Alicante
03075,el Castell de Guadalest,Alicante
03076,Guardamar de Segura,Alicante
03076,Guardamar del Segura,Alicante
03077,El Fondó de les Neus,Alicante
03077,Hondón de las Nieves,Alicante
03077,el Fondó de les Neus,Alicante
03078,El Fondó dels Frares,Alicante
03078,Hondón de los Frailes,Alicante
03078,el Fondó dels Frares,Alicante
03079,Ibi,Alicante
03080,Jacarilla,Alicante
03080,Xacarella,Alicante
03080,Xacarellenc,Alicante
03080,Xacarellenca,Alicante
03080,Xacariella,Alicante
03081,Jalón,Alicante
03081,Xaló,Alicante
03082,Jávea,Alicante
03082,Xàbia,Alicante
03083,Jijona,Alicante
03083,Jijona / Xixona,Alicante
03083,Xixona,Alicante
03083,Xixona / Jijona,Alicante
03084,L'Orxa,Alicante
03084,Lorcha,Alicante
03084,Orxa,Alicante
03084,l'Orxa,Alicante
03085,Lliber,Alicante
03085,Llíber,Alicante
03086,Billena del Travadell,Alicante
03086,Billeneta,Alicante
03086,Millena,Alicante
03088,Monforte,Alicante
03088,Monforte del Cid,Alicante
03088,Mont-fort,Alicante
03088,Montfort,Alicante
03088,Montfort del Cid,Alicante
03089,Monovar,Alicante
03089,Monover,Alicante
03089,Monover / Monovar,Alicante
03089,Monover / Monóvar,Alicante
03089,Monover Monovar,Alicante
03089,Monover Monóvar,Alicante
03089,Monòver,Alicante
03089,Monòver - Monóvar,Alicante
03089,Monòver / Monovar,Alicante
03089,Monòver / Monóvar,Alicante
03089,Monòver Monovar,Alicante
03089,Monòver Monóvar,Alicante
03089,Monóvar,Alicante
03090,Muchamiel,Alicante
03090,Mutxamel,Alicante
03091,Murla,Alicante
03092,Muro,Alicante
03092,Muro d'Alcoi,Alicante
03092,Muro de Alcoy,Alicante
03092,Muro de Alcói,Alicante
03092,Muro del Comtat,Alicante
03093,Novelda,Alicante
03094,La Nucia,Alicante
03094,La Nucía,Alicante
03094,la Nucia,Alicante
03095,Ondara,Alicante
03096,Onil,Alicante
03097,Orba,Alicante
03098,Orcheta,Alicante
03098,Orxeta,Alicante
03098,Orxetana,Alicante
03098,Orxetà,Alicante
03099,Orihuela,Alicante
03099,Oriola,Alicante
03099,Oriuela,Alicante
03100,Parcent,Alicante
03101,Pedreguer,Alicante
03102,Pego,Alicante
03103,Penaguila,Alicante
03103,Penàguila,Alicante
03103,Penáguila,Alicante
03104,Petrel,Alicante
03104,Petrer,Alicante
03104,Petrerina,Alicante
03104,Petrerí,Alicante
03105,El Paredó,Alicante
03105,El Pinos,Alicante
03105,El Pinos / Pinoso,Alicante
03105,El Pinos Pinoso,Alicante
03105,El Pinós,Alicante
03105,El Pinós / Pinoso,Alicante
03105,El Pinós Pinoso,Alicante
03105,El Pinós de Monòver,Alicante
03105,Pinosera,Alicante
03105,Pinosero,Alicante
03105,Pinoso,Alicante
03105,el Pinós,Alicante
03106,Planes,Alicante
03106,Planes de la Baronia,Alicante
03106,Planes de la Baronía,Alicante
03107,Polop,Alicante
03107,Polop de la Marina,Alicante
03107,Polopina,Alicante
03107,Polopí,Alicante
03109,Rafal,Alicante
03109,Rafalenc,Alicante
03109,Rafalenca,Alicante
03110,El Ràfol d'Almunia,Alicante
03110,El Ràfol d'Almúnia,Alicante
03110,Ráfol de Almunia,Alicante
03110,el Ràfol d'Almúnia,Alicante
03111,Redovan,Alicante
03111,Redovaner,Alicante
03111,Redovanera,Alicante
03111,Redovà,Alicante
03111,Redován,Alicante
03112,Relleu,Alicante
03112,Relleu de la Marina,Alicante
03113,Rojales,Alicante
03113,Rojals,Alicante
03114,La Romana,Alicante
03114,La Romana de Tarafa,Alicante
03114,la Romana,Alicante
03115,Sagra,Alicante
03116,Les Salines,Alicante
03116,Les Salines d'Elda,Alicante
03116,Salinas,Alicante
03116,Salines,Alicante
03116,les Salines,Alicante
03116,les Salines d'Elda,Alicante
03117,Sanet,Alicante
03117,Sanet i els Negrals,Alicante
03117,Sanet y Negrals,Alicante
03118,San Fulgencio,Alicante
03118,Sant Fulgenci,Alicante
03119,Sant Joan d'Alacant,Alicante
03120,San Miguel de Salinas,Alicante
03120,Sant Miquel de Salines,Alicante
03120,Sant Miquel de les Salines,Alicante
03121,Santa Pola,Alicante
03122,San Vicente del Haspeig,Alicante
03122,San Vicente del Raspeig,Alicante
03122,Sant Vicent del Raspeig,Alicante
03123,Saix,Alicante
03123,Sax,Alicante
03123,"Sax,",Alicante
03123,Xaix,Alicante
03124,Sella,Alicante
03125,Senija,Alicante
03127,Tàrbena,Alicante
03127,Tárbena,Alicante
03128,Teulada,Alicante
03129,Tibi,Alicante
03130,Tollos,Alicante
03131,Tormos,Alicante
03132,La Torre de les Maçanes,Alicante
03132,La Torre de les Maçanes / Torremanzanas,Alicante
03132,La Torremanzanas,Alicante
03132,Torremanzanas,Alicante
03132,Torremanzanas / La Torre de les Maçanes,Alicante
03132,la Torre de les Maçanes,Alicante
03133,Torrevella,Alicante
03133,Torrevella de la Mata,Alicante
03133,Torrevieja,Alicante
03134,Alcalà de la Jovada,Alicante
03134,La Vall d'Alcalà,Alicante
03134,Vall de Alcalá,Alicante
03134,Valle de Alcalá,Alicante
03134,la Vall d'Alcalà,Alicante
03135,Ebo,Alicante
03135,La Vall d'Ebo,Alicante
03135,Vall d'Ebo,Alicante
03135,Vall de Ebo,Alicante
03135,la Vall d'Ebo,Alicante
03136,La Vall de Gallinera,Alicante
03136,Vall de Gallinera,Alicante
03136,la Vall de Gallinera,Alicante
03137,Alaguar,Alicante
03137,La Vall de Laguar,Alicante
03137,Vall de Laguart,Alicante
03137,la Vall de Laguar,Alicante
03138,El Verger,Alicante
03138,Vergel,Alicante
03138,Verger,Alicante
03138,"Verger, el",Alicante
03138,el Verger,Alicante
03139,La Vila,Alicante
03139,La Vila Joiosa,Alicante
03139,La Vila Joiosa - Villajoyosa,Alicante
03139,La Vila Joiosa / Villajoyosa,Alicante
03139,La Vila Joiosa Villajoyosa,Alicante
03139,La Villajoyosa,Alicante
03139,Villajoyosa,Alicante
03139,la Vila,Alicante
03139,la Vila Joiosa,Alicante
03140,Belliena,Alicante
03140,Billena,Alicante
03140,Bilyāna,Alicante
03140,Villena,Alicante
03901,Els Llocs,Alicante
03901,Els Poblets,Alicante
03901,"Setla, Mira-rosa i Miraflor",Alicante
03901,"Setla, Mirarrosa y Miraflor",Alicante
03901,els Poblets,Alicante
03901000100,Miraflor,Alicante
03902,El Pilar de la Foradada,Alicante
03902,Pilar de la Horadada,Alicante
03902,el Pilar de la Foradada,Alicante
03903,Els Montesinos,Alicante
03903,Los Montesinos,Alicante
03903,Montesiner,Alicante
03903,Montesinera,Alicante
03903,Montesinos,Alicante
03903,"Montesinos, Los",Alicante
03903,els Montesinos,Alicante
03903,els Montesins,Alicante
03904,San Isidro,Alicante
03904,San Isidro de Albatera,Alicante
03904,Sant Isidre,Alicante
03904,Sant Isidre d'Albatera,Alicante
03904,Santisidrenc,Alicante
03904,Santisidrenca,Alicante
04001,Abla,Almería
04002,Abrucena,Almería
04003,Adra,Almería
04004,Albanchez,Almería
04004,Albánchez,Almería
04005,Alboloduy,Almería
04006,Albojense,Almería
04006,Albox,Almería
04007,Alcolea,Almería
04007,Alcolea (Almería),Almería
04007,Alcolea Almeria,Almería
04007,Alcolea(Almeria),Almería
04007000200,Darrical,Almería
04007000200,Darrícal,Almería
04008,Alcontar,Almería
04008,Alcóntar,Almería
04009,Alcudia de Monteagud,Almería
04010,Alhabia,Almería
04010,Alhavia,Almería
04011,Alhama de Almeria,Almería
04011,Alhama de Almería,Almería
04011,Alhama de Salmerón,Almería
04011,Alhama la Seca,Almería
04012,Alicun,Almería
04012,Alicún,Almería
04013,Almeria,Almería
04013,Almería,Almería
04014,Almocita,Almería
04014,Almócita,Almería
04015,Alsodux,Almería
04015,Alsoduz,Almería
04016,Antas,Almería
04017,Arboleas,Almería
04018,Armuna de Almanzora,Almería
04018,Armuña de Almanzora,Almería
04018,Armuña del Almanzora,Almería
04019,Bacares,Almería
04020,Bayarcal,Almería
04020,Bayárcal,Almería
04021,Bayarque,Almería
04022,Bedar,Almería
04022,Bédar,Almería
04023,Beires,Almería
04024,Benahadux,Almería
04026,Benitagla,Almería
04026,Benitagle,Almería
04027,Benizalon,Almería
04027,Benizalón,Almería
04028,Bentarique,Almería
04029,Berja,Almería
04029,Vergi,Almería
04029,Vergis,Almería
04030,Canjayar,Almería
04030,Canjáyar,Almería
04031,Cantoria,Almería
04032,Carboneras,Almería
04033,Castro de Filabres,Almería
04034,Cobdar,Almería
04034,Cóbdar,Almería
04035,Cuevas de Almanzora,Almería
04035,Cuevas de Vera,Almería
04035,Cuevas del Almanzora,Almería
04036,Chercos,Almería
04037,Chirivel,Almería
04038,Dalias,Almería
04038,Dalías,Almería
04039,Darrical,Almería
04039,Darrícal,Almería
04041,Enix,Almería
04043,Felix,Almería
04043,Félix,Almería
04044,Fines,Almería
04045,Finana,Almería
04045,Finyana,Almería
04045,Fiñana,Almería
04046,Fondon,Almería
04046,Fondón,Almería
04047,Gádor,Almería
04048,Gallardos,Almería
04048,"Gallardos, Los",Almería
04048,Los Gallardos,Almería
04049,Garrucha,Almería
04050,Gergal,Almería
04050,Gérgal,Almería
04051,Huecija,Almería
04051,Huécija,Almería
04052,Huércal de Almería,Almería
04053,Huercal Obera,Almería
04053,Huercal Overa,Almería
04053,Huercal-Obera,Almería
04053,Huercal-Overa,Almería
04053,Huércal Overa,Almería
04053,Huércal-Obera,Almería
04053,Huércal-Overa,Almería
04054,Illar,Almería
04054,Íllar,Almería
04055,Instincion,Almería
04055,Instinción,Almería
04056,Laroya,Almería
04057,Laujar,Almería
04057,Laujar de Andarax,Almería
04057,Láujar de Andarax,Almería
04058,Lijar,Almería
04058,Líjar,Almería
04059,Lubrin,Almería
04059,Lubrín,Almería
04060,Lucainena de Lastorres,Almería
04060,Lucainena de las Torres,Almería
04061,Lucar,Almería
04061,Lícar,Almería
04061,Lúcar,Almería
04062,Macael,Almería
04063,Maria,Almería
04063,María,Almería
04064,Mojacar,Almería
04064,Mojácar,Almería
04065,Nacimiento,Almería
04066,Nijar,Almería
04066,Níjar,Almería
04067,Ohanes,Almería
04068,Olula de Castro,Almería
04069,Olula del Rio,Almería
04069,Olula del Río,Almería
04070,Oria,Almería
04071,Padules,Almería
04072,Partaloa,Almería
04072,Partaloba,Almería
04073,Paterna del Rio,Almería
04073,Paterna del Río,Almería
04074,Pechina,Almería
04075,Pulpi,Almería
04075,Pulpí,Almería
04076,Purchena,Almería
04077,Ragol,Almería
04077,Rágol,Almería
04078,Rioja,Almería
04079,Roquetas de Mar,Almería
04080,Santa Cruz de Marchena,Almería
04081,Santa Fe de Mondujar,Almería
04081,Santa Fe de Mondújar,Almería
04081,Santa Fé de Mondujar,Almería
04081,Santa Fé de Mondújar,Almería
04082,Senes,Almería
04082,Senés,Almería
04083,Seron,Almería
04083,Serón,Almería
04084,Sierro,Almería
04085,Somontin,Almería
04085,Somontín,Almería
04086,Sorbas,Almería
04087,Sufli,Almería
04087,Suflí,Almería
04088,Tabernas,Almería
04089,Taberno,Almería
04090,Tahal,Almería
04091,Terque,Almería
04092,Tijola,Almería
04092,Tíjola,Almería
04093,Turre,Almería
04093,Villa de Turre,Almería
04094,Turrillas,Almería
04095,Uleila del Campo,Almería
04096,Urracal,Almería
04096,Urrácal,Almería
04097,Velefique,Almería
04098,Velez-Blanco,Almería
04098,Vélez-Blanco,Almería
04099,Velez Rubio,Almería
04099,Velez-Rubio,Almería
04099,Vélez Rubio,Almería
04099,Vélez-Rubio,Almería
04100,Vera,Almería
04101,Viator,Almería
04102,Vicar,Almería
04102,Vícar,Almería
04103,Zurgena,Almería
04901,Doña María,Almería
04901,Escúllar,Almería
04901,Las Tres Villas,Almería
04901,Ocaña,Almería
04901,Ocaña de Alboloduy,Almería
04901,"Tres Villas, Las",Almería
04902,Egido,Almería
04902,Ejido,Almería
04902,"Ejido, El",Almería
04902,El Egido,Almería
04902,El Ejido,Almería
04903,Camponuevo del Caudillo,Almería
04903,La Mojonera,Almería
04903,"Mojonera, La",Almería
04904,Balanegra,Almería
05001,Adanero,Ávila
05002,"Adrada, La",Ávila
05002,La Adrada,Ávila
05005,Albornos,Ávila
05005,Albornos y Ortigosa,Ávila
05007,Aldeanueva de Santa Cruz,Ávila
05008,Aldeaseca,Ávila
05008,Aldeaseca Avila,Ávila
05010,"Aldehuela, La",Ávila
05010,La Aldehuela,Ávila
05012,Amavida,Ávila
05013,"Arenal, El",Ávila
05013,El Arenal,Ávila
05014,Arenas de San Pedro,Ávila
05015,Arevalillo,Ávila
05016,Arevalo,Ávila
05016,Arévalo,Ávila
05017,Aveinte,Ávila
05018,Avellaneda,Ávila
05019,Àvila,Ávila
05019,Ávila,Ávila
05021,Barco de Avila,Ávila
05021,Barco de Ávila,Ávila
05021,"Barco de Ávila, El",Ávila
05021,Barquero,Ávila
05021,Cabrero,Ávila
05021,El Barco de Avila,Ávila
05021,El Barco de Àvila,Ávila
05021,El Barco de Ávila,Ávila
05021,El barco de avila,Ávila
05022,"Barraco, El",Ávila
05022,El Barraco,Ávila
05023,Barroman,Ávila
05023,Barromán,Ávila
05024,Becedas,Ávila
05025,Becedillas,Ávila
05026,Bercial de Zapardiel,Ávila
05027,Berlanas,Ávila
05027,"Berlanas, Las",Ávila
05027,Las Berlanas,Ávila
05029,Bernui Zapardiel,Ávila
05029,Bernuy Zapardiel,Ávila
05029,Bernuy de Zapardiel,Ávila
05029,Bernuy-Zapardiel,Ávila
05030,Berrocalejo Aragona,Ávila
05030,Berrocalejo de Aragona,Ávila
05033,Blascomillan,Ávila
05033,Blascomillán,Ávila
05034,Blasconuno de Matacabras,Ávila
05034,Blasconuño de Matacabras,Ávila
05035,Blasco Sancho,Ávila
05035,Blascosancho,Ávila
05036,Bodón,Ávila
05036,Bohodon,Ávila
05036,Bohodón,Ávila
05036,"Bohodón, El",Ávila
05036,El Bodón,Ávila
05036,El Bohodon,Ávila
05036,El Bohodón,Ávila
05037,Bohoyo,Ávila
05038,Bonilla de la Sierra,Ávila
05039,Brabos,Ávila
05040,Bularros,Ávila
05041,Burgohondo,Ávila
05042,Cabezas de Alambre,Ávila
05043,Cabezas del Pozo,Ávila
05044,Cabezas del Villar,Ávila
05045,Cabizuela,Ávila
05046,Canales,Ávila
05047,Candeleda,Ávila
05048,Cantiveros,Ávila
05049,Cardeñosa,Ávila
05051,"Carrera, La",Ávila
05051,La Carrera,Ávila
05052,Casas del Puerto,Ávila
05052,Casas del Puerto de Villatoro,Ávila
05053,Casasola,Ávila
05054,Casavieja,Ávila
05055,Casillas,Ávila
05056,Castellanos de Zapardiel,Ávila
05057,Cebreros,Ávila
05058,Cepeda de la Mora,Ávila
05058,Cepeda la Mora,Ávila
05059,Cillan,Ávila
05059,Cillán,Ávila
05060,Cisla,Ávila
05061,"Colilla, La",Ávila
05061,La Colilla,Ávila
05062,Collado de Contreras,Ávila
05063,Collado del Miron,Ávila
05063,Collado del Mirón,Ávila
05064,Constanzana,Ávila
05065,Crespos,Ávila
05066,Cuevas del Valle,Ávila
05067,Chamartin,Ávila
05067,Chamartin de la Sierra,Ávila
05067,Chamartín,Ávila
05067,Chamartín de la Sierra,Ávila
05069,Don Jimeno,Ávila
05069,Donjimeno,Ávila
05070,Don Vidas,Ávila
05070,Donvidas,Ávila
05072,Espinosa de los Caballeros,Ávila
05073,Flores de Avila,Ávila
05073,Flores de Àvila,Ávila
05073,Flores de Ávila,Ávila
05074,Fontiveros,Ávila
05075,Fresnedilla,Ávila
05076,El Fresno,Ávila
05076,"Fresno, El",Ávila
05077,Fuente el Salce,Ávila
05077,Fuente el Sauz,Ávila
05077,Fuente el Saúz,Ávila
05078,Fuentes de Ano,Ávila
05078,Fuentes de Año,Ávila
05079,Gallegos de Altamiros,Ávila
05080,Gallegos de Sobrinos,Ávila
05081,Garganta del Villar,Ávila
05082,Gavilanes,Ávila
05083,Gemuño,Ávila
05084,Gilbuena,Ávila
05085,Gil García,Ávila
05085,Gil-Garcia,Ávila
05085,Gil-García,Ávila
05086,Gimialcon,Ávila
05086,Gimialcón,Ávila
05087,Gotarrendura,Ávila
05088,Grandes,Ávila
05088,Grandes y San Martin,Ávila
05088,Grandes y San Martín,Ávila
05089,Guisando,Ávila
05090,Gutierre Munoz,Ávila
05090,Gutierre Muñoz,Ávila
05090,Gutierre-Munoz,Ávila
05090,Gutierre-Muñoz,Ávila
05092,Hernan Sancho,Ávila
05092,Hernansancho,Ávila
05092,Hernán Sancho,Ávila
05093,Herradon de Pinares,Ávila
05093,Herradón de Pinares,Ávila
05094,Herreros de Suso,Ávila
05095,Higuera de las Duenas,Ávila
05095,Higuera de las Dueñas,Ávila
05096,"Hija de Dios, La",Ávila
05096,La Hija,Ávila
05096,La Hija de Dios,Ávila
05097,"Horcajada, La",Ávila
05097,La Horcajada,Ávila
05099,Horcajo de las Torres,Ávila
05100,El Hornillo,Ávila
05100,"Hornillo, El",Ávila
05101,Hoyocasero,Ávila
05102,El Hoyo de Pinares,Ávila
05102,Hoyo de Pinares,Ávila
05102,"Hoyo de Pinares, El",Ávila
05103,Hoyo Redondo,Ávila
05103,Hoyorredondo,Ávila
05104,Hoyos del Collado,Ávila
05105,Hoyos del Espino,Ávila
05106,Hoyos de Miguel Muñoz,Ávila
05107,Hurtumpascual,Ávila
05108,Junciana,Ávila
05109,Langa,Ávila
05110,Lanzahita,Ávila
05110,Lanzahíta,Ávila
05112,El Losar del Barco,Ávila
05112,"Losar del Barco, El",Ávila
05113,"Llanos de Tormes, Los",Ávila
05113,Los Llanos de Tormes,Ávila
05114,Madrigal de las Altas Torres,Ávila
05115,Maello,Ávila
05116,Malpartida de Corneja,Ávila
05117,Mamblas,Ávila
05118,Mancera de Arriba,Ávila
05119,Manjabalago,Ávila
05119,Manjabálago,Ávila
05119,Manjabálago y Ortigosa de Rioalmar,Ávila
05119,Ortigosa de Rioalmar,Ávila
05120,Marlin,Ávila
05120,Marlín,Ávila
05121,Martiherrero,Ávila
05122,Martinez,Ávila
05122,Martínez,Ávila
05123,Mediana,Ávila
05123,Mediana de Voltoya,Ávila
05124,Medinilla,Ávila
05125,Mengamunoz,Ávila
05125,Mengamuñoz,Ávila
05126,Mesegar de Corneja,Ávila
05127,Mijares,Ávila
05128,Mingorria,Ávila
05128,Mingorría,Ávila
05129,El Miron,Ávila
05129,El Mirón,Ávila
05129,"Mirón, El",Ávila
05130,Mironcillo,Ávila
05131,Miruena,Ávila
05131,Miruena de los Infanzones,Ávila
05131,Mirueña,Ávila
05131,Mirueña de los Infanzones,Ávila
05132,Mombeltran,Ávila
05132,Mombeltrán,Ávila
05133,Monsalupe,Ávila
05134,Moraleja de Matacabras,Ávila
05135,Munana,Ávila
05135,Muñana,Ávila
05136,Munico,Ávila
05136,Muñico,Ávila
05138,Muñogalindo,Ávila
05139,Munogrande,Ávila
05139,Muñogrande,Ávila
05140,Muñomer del Peco,Ávila
05141,Munopepe,Ávila
05141,Muñopepe,Ávila
05142,Munosancho,Ávila
05142,Muñosancho,Ávila
05143,Munotello,Ávila
05143,Muñotello,Ávila
05144,Narrillos del Alamo,Ávila
05144,Narrillos del Álamo,Ávila
05145,Narrillos del Rebollar,Ávila
05147,Narros del Castillo,Ávila
05148,Narros del Puerto,Ávila
05149,Narros de Salduena,Ávila
05149,Narros de Saldueña,Ávila
05151,Navacepedilla de Corneja,Ávila
05152,Nava,Ávila
05152,Nava de Arevalo,Ávila
05152,Nava de Arévalo,Ávila
05153,Nava del Barco,Ávila
05154,Navadijos,Ávila
05155,Navaescurial,Ávila
05156,Navahondilla,Ávila
05157,Navalacruz,Ávila
05158,Navalmoral,Ávila
05158,Navalmoral de la Sierra,Ávila
05159,Navalonguilla,Ávila
05160,Navalosa,Ávila
05161,Navalperal de Pinares,Ávila
05162,Navalperal de Tormes,Ávila
05162,Navalperal de Tormes Navalperal de la Rivera,Ávila
05162,Navalperal de Tormes/Navalperal de la Rivera,Ávila
05163,Navaluenga,Ávila
05164,Navaquesera,Ávila
05165,Navarredonda de Gredos,Ávila
05165,Navarredonda de la Sierra,Ávila
05166,Navarredondilla,Ávila
05167,Navarrevisca,Ávila
05168,Las Navas del Marques,Ávila
05168,Las Navas del Marqués,Ávila
05168,Navas del Marques,Ávila
05168,Navas del Marqués,Ávila
05168,"Navas del Marqués, Las",Ávila
05169,Navatalgordo,Ávila
05170,Navatejares,Ávila
05171,Neila de San Miguel,Ávila
05172,Niharra,Ávila
05173,Ojos Albos,Ávila
05173,Ojos-Albos,Ávila
05174,Orbita,Ávila
05175,El Oso,Ávila
05175,"Oso, El",Ávila
05176,Padiernos,Ávila
05177,Pajares de Adaja,Ávila
05178,Palacios de Goda,Ávila
05179,Papatrigo,Ávila
05180,El Parral,Ávila
05180,"Parral, El",Ávila
05181,Pascualcobo,Ávila
05182,Pedro Bernardo,Ávila
05183,Pedro Rodriguez,Ávila
05183,Pedro Rodríguez,Ávila
05183,Pedro-Rodriguez,Ávila
05183,Pedro-Rodríguez,Ávila
05184,Peguerinos,Ávila
05185,Penalba de Avila,Ávila
05185,Penalba de Ávila,Ávila
05185,Peñalba de Avila,Ávila
05185,Peñalba de Ávila,Ávila
05186,Piedrahita,Ávila
05186,Piedrahíta,Ávila
05187,Piedralabes,Ávila
05187,Piedralaves,Ávila
05188,Poveda,Ávila
05189,Poyales del Hoyo,Ávila
05190,Pozanco,Ávila
05191,Pradosegar,Ávila
05191,"Pradosegar, barrio de arriba",Ávila
05192,Casas del Puerto de Tornavacas,Ávila
05192,Puerto Castilla,Ávila
05193,Rasueros,Ávila
05194,Riocabado,Ávila
05195,Riofrio,Ávila
05195,Riofrío,Ávila
05195,Ríofrío,Ávila
05196,Rivilla de Barajas,Ávila
05197,Salobral,Ávila
05198,Salvadios,Ávila
05198,Salvadiós,Ávila
05199,San Bartolome de Bejar,Ávila
05199,San Bartolome de Béjar,Ávila
05199,San Bartolomé de Bejar,Ávila
05199,San Bartolomé de Béjar,Ávila
05200,San Bartolome de Corneja,Ávila
05200,San Bartolomé de Corneja,Ávila
05201,San Bartolome de Pinares,Ávila
05201,San Bartolomé de Pinares,Ávila
05204,Sanchidrian,Ávila
05204,Sanchidrián,Ávila
05205,Sanchorreja,Ávila
05206,San Esteban de los Patos,Ávila
05207,San Esteban del Valle,Ávila
05208,San Esteban de Zapardiel,Ávila
05209,San Garcia de Ingelmos,Ávila
05209,San García de Ingelmos,Ávila
05210,San Juan de la Encinilla,Ávila
05211,San Juan de la Nava,Ávila
05212,San Juan de Molinillo,Ávila
05212,San Juan del Molinillo,Ávila
05213,Grajos,Ávila
05213,San Juan del Olmo,Ávila
05214,San Lorenzo de Tormes,Ávila
05215,San Martin de la Vega del Alberche,Ávila
05215,San Martín de la Vega del Alberche,Ávila
05216,San Martin del Pimpollar,Ávila
05216,San Martín del Pimpollar,Ávila
05217,San Miguel de Corneja,Ávila
05218,San Miguel de Serrezuela,Ávila
05219,San Pascual,Ávila
05220,San Pedro del Arroyo,Ávila
05221,Santa Cruz del Valle,Ávila
05222,Santa Cruz de Pinares,Ávila
05224,Santa Maria del Arroyo,Ávila
05224,Santa María del Arroyo,Ávila
05225,Santa Maria del Berrocal,Ávila
05225,Santa María del Berrocal,Ávila
05226,Santa Maria de los Caballeros,Ávila
05226,Santa María de los Caballeros,Ávila
05227,Escarabajosa,Ávila
05227,Santa Maria del Tietar,Ávila
05227,Santa Maria del Tiétar,Ávila
05227,Santa María del Tietar,Ávila
05227,Santa María del Tiétar,Ávila
05228,Santiago del Collado,Ávila
05229,Santo Domingo de las Posadas,Ávila
05230,Santo Tome de Zabarcos,Ávila
05230,Santo Tomé de Zabarcos,Ávila
05231,San Vicente de Arevalo,Ávila
05231,San Vicente de Arévalo,Ávila
05232,La Serrada,Ávila
05232,"Serrada, La",Ávila
05233,Serranillos,Ávila
05234,Sigeres,Ávila
05235,Sinlabajos,Ávila
05236,Solana de Avila,Ávila
05236,Solana de Bejar,Ávila
05236,Solana de Béjar,Ávila
05236,Solana de Ávila,Ávila
05237,Solana,Ávila
05237,Solana de Rioalmar,Ávila
05237,Solana de Rivalmar,Ávila
05238,Solosancho,Ávila
05239,Sotalbo,Ávila
05239,Sotalvo,Ávila
05240,Sotillo de la Adrada,Ávila
05241,El Tiemblo,Ávila
05241,"Tiemblo, El",Ávila
05242,Tinosillos,Ávila
05242,Tiñosillos,Ávila
05243,Tolbanos,Ávila
05243,Tolbanos de Avila,Ávila
05243,Tolbanos de Ávila,Ávila
05243,Tolbaños,Ávila
05243,Tolbaños de Avila,Ávila
05243,Tolbaños de Ávila,Ávila
05244,Tormellas,Ávila
05245,Tornadizos de Avila,Ávila
05245,Tornadizos de Ávila,Ávila
05246,Tortoles,Ávila
05246,Tortoles de la Sierra,Ávila
05246,Tórtoles,Ávila
05246,Tórtoles de la Sierra,Ávila
05247,La Torre,Ávila
05247,La Torre del Vallablés,Ávila
05247,"Torre, La",Ávila
05249,Umbrias,Ávila
05249,Umbrías,Ávila
05251,Vadillo de la Sierra,Ávila
05252,Valdecasa,Ávila
05253,Vega de Santa Maria,Ávila
05253,Vega de Santa María,Ávila
05254,Velayos,Ávila
05256,Villaflor,Ávila
05257,Villafranca de la Sierra,Ávila
05258,Villanueva de Gomez,Ávila
05258,Villanueva de Gómez,Ávila
05259,Villanueva del Aceral,Ávila
05260,Villanueva del Campillo,Ávila
05261,Villar de Corneja,Ávila
05262,Villarejo del Valle,Ávila
05263,Villatoro,Ávila
05264,Vinegra de Morana,Ávila
05264,Vinegra de Moraña,Ávila
05264,Viñegra de Moraña,Ávila
05265,Vita,Ávila
05266,Zapardiel de la Canada,Ávila
05266,Zapardiel de la Cañada,Ávila
05267,Zapardiel de la Ribera,Ávila
05901,San Juan de Gredos,Ávila
05902,Santa Maria del Cubillo,Ávila
05902,Santa María del Cubillo,Ávila
05903,Diego del Carpio,Ávila
05904,Santiago de Tormes,Ávila
05904,Santiago del Tormes,Ávila
05905,Villanueva de Avila,Ávila
05905,Villanueva de Ávila,Ávila
06001,Acedera,Badajoz
06002,Aceuchal,Badajoz
06003,Ahillones,Badajoz
06004,Alange,Badajoz
06005,"Albuera, La",Badajoz
06005,La Albuera,Badajoz
06006,Albuquerque,Badajoz
06006,Alburquerque,Badajoz
06007,Alconchel,Badajoz
06008,Alconera,Badajoz
06009,Aljucen,Badajoz
06009,Aljucén,Badajoz
06010,Almendral,Badajoz
06011,Almendralejo,Badajoz
06011,Almendralexo,Badajoz
06012,Arroyo de San Servan,Badajoz
06012,Arroyo de San Serván,Badajoz
06013,Atalaya,Badajoz
06014,Azuaga,Badajoz
06015,Badajoz,Badajoz
06015,Badajoz (España),Badajoz
06015,Badaxoz,Badajoz
06015,Badayoz,Badajoz
06016,Barcarrota,Badajoz
06017,Baterno,Badajoz
06018,Benquerencia,Badajoz
06018,Benquerencia de la Serena,Badajoz
06019,Berlanga,Badajoz
06020,Bienvenida,Badajoz
06021,Bodonal,Badajoz
06021,Bodonal de la Sierra,Badajoz
06022,Burguillos,Badajoz
06022,Burguillos del Cerro,Badajoz
06023,Cabeza del Buey,Badajoz
06023,Caputbovense,Badajoz
06024,Cabeza la Vaca,Badajoz
06025,Calamonte,Badajoz
06026,Calera de Leon,Badajoz
06026,Calera de León,Badajoz
06027,Calzadilla de los Barros,Badajoz
06028,Campanario,Badajoz
06029,Campillo,Badajoz
06029,Campillo de Llerena,Badajoz
06030,Capilla,Badajoz
06031,Carmonita,Badajoz
06032,"Carrascalejo, El",Badajoz
06032,El Carrascalejo,Badajoz
06033,Casas de Don Pedro,Badajoz
06034,Casas de Reina,Badajoz
06035,Castilblanco,Badajoz
06036,Castuera,Badajoz
06037,"Codosera, La",Badajoz
06037,La Codosera,Badajoz
06038,Cordobilla,Badajoz
06038,Cordobilla de Lácara,Badajoz
06039,"Coronada, La",Badajoz
06039,La Coronada,Badajoz
06040,Corte de Peleas,Badajoz
06041,Cristina,Badajoz
06042,Cheles,Badajoz
06043,Don Alvaro,Badajoz
06043,Don Álvaro,Badajoz
06044,Don Benito,Badajoz
06045,Entrin Bajo,Badajoz
06045,Entrín Bajo,Badajoz
06046,Esparragalejo,Badajoz
06047,Esparragosa,Badajoz
06047,Esparragosa de la Serena,Badajoz
06048,Esparragosa de Lares,Badajoz
06048,Esparragosa del Caudillo,Badajoz
06049,Feria,Badajoz
06050,Fregenal,Badajoz
06050,Fregenal de la Sierra,Badajoz
06051,Fuenlabrada de los Montes,Badajoz
06052,Fuente de Cantos,Badajoz
06053,Fuente del Arco,Badajoz
06054,Fuente del Maestre,Badajoz
06055,Fuentes,Badajoz
06055,Fuentes de Leon,Badajoz
06055,Fuentes de León,Badajoz
06055,Fuentes de los Danzantes,Badajoz
06056,Garbayuela,Badajoz
06056,Garvayuela,Badajoz
06057,Garlitos,Badajoz
06058,"Garrovilla, La",Badajoz
06058,La Garrovilla,Badajoz
06059,Granja de Torrehermosa,Badajoz
06060,Guareña,Badajoz
06061,"Haba, La",Badajoz
06061,La Haba,Badajoz
06062,Helechosa,Badajoz
06062,Helechosa de los Montes,Badajoz
06063,Herrera del Duque,Badajoz
06064,Higuera de la Serena,Badajoz
06065,Higuera,Badajoz
06065,Higuera de Llerena,Badajoz
06066,Higuera de Vargas,Badajoz
06067,Higuera la Real,Badajoz
06068,Hinojosa del Valle,Badajoz
06069,Hornachos,Badajoz
06070,Jerez,Badajoz
06070,Jerez de los Caballeros,Badajoz
06070,Xerez de Badajoz,Badajoz
06071,La Lapa,Badajoz
06072,Lobon,Badajoz
06072,Lobón,Badajoz
06073,Llera,Badajoz
06074,Llerena,Badajoz
06075,Magacela,Badajoz
06076,Maguilla,Badajoz
06077,Malcocinado,Badajoz
06077,Villanueva de la Victoria,Badajoz
06078,Malpartida de la Serena,Badajoz
06079,Manchita,Badajoz
06080,Medellín,Badajoz
06080,Villa de Medellín,Badajoz
06081,Medina de las Torres,Badajoz
06082,Mengabril,Badajoz
06083,Merida,Badajoz
06083,Mèrida,Badajoz
06083,Méria,Badajoz
06083,Mérida,Badajoz
06084,Mirandilla,Badajoz
06085,Monesterio,Badajoz
06086,Montemolin,Badajoz
06086,Montemolín,Badajoz
06087,Monterrubio de la Serena,Badajoz
06088,Montijo,Badajoz
06089,La Morera,Badajoz
06090,La Nava de Santiago,Badajoz
06090,"Nava de Santiago, La",Badajoz
06091,Navalvillar de Pela,Badajoz
06092,Nogales,Badajoz
06093,Oliva de la Frontera,Badajoz
06093,Olivero/a,Badajoz
06094,Oliva de Merida,Badajoz
06094,Oliva de Mérida,Badajoz
06095,Olivenca,Badajoz
06095,Olivenza,Badajoz
06095,Olivença,Badajoz
06096,Orellana de la Sierra,Badajoz
06096,Orellana de la Sierra u Orellanita,Badajoz
06096,Orellana la Sierra,Badajoz
06097,Orellana la Vieja,Badajoz
06098,Palomas,Badajoz
06099,La Parra,Badajoz
06099,"Parra, La",Badajoz
06100,Penalsordo,Badajoz
06100,Peñalsordo,Badajoz
06101,Peraleda del Zaucejo,Badajoz
06102,Puebla de Alcocer,Badajoz
06103,Puebla de la Calzada,Badajoz
06104,Puebla de la Reina,Badajoz
06105,Puebla del Maestre,Badajoz
06106,Puebla del Prior,Badajoz
06107,Puebla de Obando,Badajoz
06108,Puebla de Sancho Perez,Badajoz
06108,Puebla de Sancho Pérez,Badajoz
06109,Quintana de la Serena,Badajoz
06110,Reina,Badajoz
06111,Rena,Badajoz
06112,Retamal,Badajoz
06112,Retamal de Llerena,Badajoz
06113,Ribera del Fresno,Badajoz
06114,El Risco,Badajoz
06114,Risco,Badajoz
06115,La Roca,Badajoz
06115,La Roca de la Sierra,Badajoz
06115,Roca de la Sierra,Badajoz
06115,"Roca de la Sierra, La",Badajoz
06116,Salvaleon,Badajoz
06116,Salvaleón,Badajoz
06117,Salvatierra de los Barros,Badajoz
06118,Sancti-Spíritus,Badajoz
06119,San Pedro de Merida,Badajoz
06119,San Pedro de Mérida,Badajoz
06120,Santa Amalia,Badajoz
06121,Santa Marta,Badajoz
06121,Santa Marta de los Barros,Badajoz
06122,Los Santos de Maimona,Badajoz
06122,"Santos de Maimona, Los",Badajoz
06123,San Vicente de Alcantara,Badajoz
06123,San Vicente de Alcántara,Badajoz
06124,Segura de Leon,Badajoz
06124,Segura de León,Badajoz
06125,Siruela,Badajoz
06125,Villanueva de Siruela,Badajoz
06126,Solana de los Barros,Badajoz
06127,Talarrubias,Badajoz
06128,Talavera la Real,Badajoz
06129,Taliga,Badajoz
06129,Táliga,Badajoz
06130,Tamurejo,Badajoz
06131,Torre de Miguel Sesmero,Badajoz
06132,Alguijuela,Badajoz
06132,Torremayor,Badajoz
06133,Torremegia,Badajoz
06133,Torremegía,Badajoz
06133,Torremejia,Badajoz
06133,Torremejía,Badajoz
06134,Trasierra,Badajoz
06135,Trujillanos,Badajoz
06136,Usagre,Badajoz
06137,Valdecaballeros,Badajoz
06138,Valdetorres,Badajoz
06139,Valencia de las Torres,Badajoz
06140,Valencia de Mombuey,Badajoz
06140,Valencia del Mombuey,Badajoz
06141,Valencia de Ventosa,Badajoz
06141,Valencia del Ventoso,Badajoz
06142,Valverde de Burguillos,Badajoz
06143,Valverde de Leganes,Badajoz
06143,Valverde de Leganés,Badajoz
06144,Valverde,Badajoz
06144,Valverde de Llerena,Badajoz
06145,Valverde de Merida,Badajoz
06145,Valverde de Mérida,Badajoz
06146,Valle de Serena,Badajoz
06146,Valle de la Serena,Badajoz
06147,Valle de Matamoros,Badajoz
06148,Valle de Santa Ana,Badajoz
06149,Ciudad de la Música,Badajoz
06149,Villafranca,Badajoz
06149,Villafranca de los Barros,Badajoz
06150,Villagarcia de la Torre,Badajoz
06150,Villagarcía de la Torre,Badajoz
06151,Villagonzalo,Badajoz
06152,Puebla de Don Falcon,Badajoz
06152,Puebla de Don Falcón,Badajoz
06152,Villalba de los Barros,Badajoz
06153,Villanueva,Badajoz
06153,Villanueva de la Serena,Badajoz
06154,Villanueva del Fresno,Badajoz
06155,Villar del Rey,Badajoz
06156,Villar de Rena,Badajoz
06157,Villarta de los Montes,Badajoz
06158,Zafra,Badajoz
06159,Zahinos,Badajoz
06159,Zahínos,Badajoz
06160,Zalamea,Badajoz
06160,Zalamea de la Serena,Badajoz
06161,Zarza Capilla,Badajoz
06161,Zarza-Capilla,Badajoz
06162,La Zarza,Badajoz
06162,"Zarza, La",Badajoz
06901,Valdelacalzada,Badajoz
06902,Pueblonuevo del Guadiana,Badajoz
06903,Guadiana,Badajoz
06903,Guadiana del Caudillo,Badajoz
07001,Alaro,Illes Balears
07001,Alaroner,Illes Balears
07001,Alaronera,Illes Balears
07001,Alaró,Illes Balears
07002,Alaior,Illes Balears
07002,Alayor,Illes Balears
07002,Sant Llorenç de Binixems,Illes Balears
07003,Alcúdia,Illes Balears
07004,Algaida,Illes Balears
07004,Es Saig,Illes Balears
07005,Andraitx,Illes Balears
07005,Andratx,Illes Balears
07006,Artà,Illes Balears
07007,Banyalbufar,Illes Balears
07008,Benisalem,Illes Balears
07008,Benisalen,Illes Balears
07008,Benissalem,Illes Balears
07008,Binisalem,Illes Balears
07008,Binissalem,Illes Balears
07008,Binissalem / Binisalem,Illes Balears
07008,Binissalem Binisalem,Illes Balears
07009,Buger,Illes Balears
07009,Búger,Illes Balears
07010,Bunola,Illes Balears
07010,Bunyola,Illes Balears
07011,Calvia,Illes Balears
07011,Calvià,Illes Balears
07011,Calviá,Illes Balears
07012,Campanet,Illes Balears
07012,Campaneter,Illes Balears
07012,Campanetera,Illes Balears
07013,Campos,Illes Balears
07014,Capdepera,Illes Balears
07015,Ciudadela,Illes Balears
07015,Ciutadella,Illes Balears
07015,Ciutadella de Menorca,Illes Balears
07016,Consell,Illes Balears
07016,Consellera,Illes Balears
07017,Costitx,Illes Balears
07018,Deia,Illes Balears
07018,Deià,Illes Balears
07018,Deyà,Illes Balears
07018,dayʿa,Illes Balears
07019,Escorca,Illes Balears
07020,Esporles,Illes Balears
07021,Estellencs,Illes Balears
07022,Felanitx,Illes Balears
07022,Quíbia,Illes Balears
07023,Binidalfà,Illes Balears
07023,Ferrerias,Illes Balears
07023,Ferrerienc,Illes Balears
07023,Ferrerienca,Illes Balears
07023,Ferreries,Illes Balears
07023,Ferrerías,Illes Balears
07024,Formentera,Illes Balears
07025,Fornaluch,Illes Balears
07025,Fornalutx,Illes Balears
07025,fum al-lugg,Illes Balears
07026,Ciudad Ibiza,Illes Balears
07026,Ciudad de Ibiza,Illes Balears
07026,Ciutat d'Eivissa,Illes Balears
07026,Ebusus,Illes Balears
07026,Eivissa,Illes Balears
07026,Eivissa / Ibiza,Illes Balears
07026,Eivissa Ibiza,Illes Balears
07026,Ibiza,Illes Balears
07026,Vila d'Eivissa,Illes Balears
07026,Ybshm / Iboshim,Illes Balears
07027,Inca,Illes Balears
07027,Inca (España),Illes Balears
07027,Inca (municipio),Illes Balears
07027,"Inca, Baleares",Illes Balears
07027,"Inca, España",Illes Balears
07028,Lloret de Vistalegre,Illes Balears
07028,Llorito,Illes Balears
07029,Lloseta,Illes Balears
07030,Llubí,Illes Balears
07031,Lluchmayor,Illes Balears
07031,Llucmajor,Illes Balears
07032,Mahón,Illes Balears
07032,Maó,Illes Balears
07032,Maó-Mahón,Illes Balears
07033,Manacor,Illes Balears
07034,Mancor,Illes Balears
07034,Mancor de la Vall,Illes Balears
07034,Mancor del Valle,Illes Balears
07035,Maria de la Salut,Illes Balears
07036,Marratxi,Illes Balears
07036,Marratxí,Illes Balears
07037,El Mercadal,Illes Balears
07037,Es Mercadal,Illes Balears
07037,Mercadal,Illes Balears
07037,"Mercadal, Es",Illes Balears
07037,es Mercadal,Illes Balears
07038,Montuïri,Illes Balears
07039,Muro,Illes Balears
07040,Cidade de Mallorca,Illes Balears
07040,Ciutat de Mallorca,Illes Balears
07040,Palma,Illes Balears
07040,Palma Mallorcakoa,Illes Balears
07040,Palma de Mallorca,Illes Balears
07041,Petra,Illes Balears
07042,Pollensa,Illes Balears
07042,Pollença,Illes Balears
07043,Porreres,Illes Balears
07044,La Pobla,Illes Balears
07044,La Pobla d'Huialfàs,Illes Balears
07044,La Pobla d'Uialfàs,Illes Balears
07044,La Pobla d’Huialfàs,Illes Balears
07044,La Pobla d’Uialfàs,Illes Balears
07044,La Puebla,Illes Balears
07044,"Pobla, Sa",Illes Balears
07044,Sa Pobla,Illes Balears
07044,sa Pobla,Illes Balears
07045,Puigpunyent,Illes Balears
07045,Puigpuñent,Illes Balears
07045,Puigpuñente,Illes Balears
07046,San Antonio Abad,Illes Balears
07046,San Antonio Abá,Illes Balears
07046,San Antonio de Portmany,Illes Balears
07046,Sant Antoni de Portmany,Illes Balears
07047,Sancellas,Illes Balears
07047,Sencelles,Illes Balears
07048,San José,Illes Balears
07048,San José de la Atalaya,Illes Balears
07048,Sant Josep de la Talaia,Illes Balears
07048,Sant Josep de sa Talaia,Illes Balears
07048,sant Josep de sa Talaia,Illes Balears
07049,San Juan de Sinéu,Illes Balears
07049,Sant Joan,Illes Balears
07049,Sant Joan de Sineu,Illes Balears
07050,Joanina,Illes Balears
07050,Joaní,Illes Balears
07050,San Juan,Illes Balears
07050,San Juan Bautista,Illes Balears
07050,Sant Joan de Labritja,Illes Balears
07050,amai,Illes Balears
07051,San Lorenzo,Illes Balears
07051,Sant Llorenç del Cardassar,Illes Balears
07051,Sant Llorenç des Cardassar,Illes Balears
07051,Sant Llorenç des Cardessar,Illes Balears
07052,San Luis,Illes Balears
07052,Sant Lluis,Illes Balears
07052,Sant Lluís,Illes Balears
07052,Santlluisser,Illes Balears
07052,Santlluissera,Illes Balears
07053,Santa Eugènia,Illes Balears
07054,Eularienc,Illes Balears
07054,Eularienca,Illes Balears
07054,Santa Eulalia,Illes Balears
07054,Santa Eulalia del Río,Illes Balears
07054,Santa Eulàlia del Riu,Illes Balears
07054,Santa Eulària del Riu,Illes Balears
07054,Santa Eulària des Riu,Illes Balears
07055,Santa Margalida,Illes Balears
07055,Santa Margalida / Santa Margarita,Illes Balears
07055,Santa Margalida Santa Margarita,Illes Balears
07055,Santa Margalida d'Hero,Illes Balears
07056,Santa Maria del Camí,Illes Balears
07056,Santa María del Camí,Illes Balears
07057,Santanyí,Illes Balears
07058,Selva,Illes Balears
07059,Ses Salines,Illes Balears
07059,les Salines,Illes Balears
07059,ses Salines,Illes Balears
07060,Sineu,Illes Balears
07061,Sóller,Illes Balears
07062,Son Cervera,Illes Balears
07062,Son Servera,Illes Balears
07063,Valdemosa,Illes Balears
07063,Valldemossa,Illes Balears
07064,"Castell, Es",Illes Balears
07064,Es Castell,Illes Balears
07064,es Castell,Illes Balears
07065,Vilafranca de Bonany,Illes Balears
07065,Villafranca de Bonany,Illes Balears
07901,Ariany,Illes Balears
07901,Arianyer,Illes Balears
07901,Arianyera,Illes Balears
07902,El Migjorn Gran,Illes Balears
07902,Es Migjorn Gran,Illes Balears
07902,Es Mitjorn Gran,Illes Balears
07902,"Migjorn Gran, Es",Illes Balears
07902,Migjorner,Illes Balears
07902,Migjornera,Illes Balears
07902,es Migjorn Gran,Illes Balears
08001,Abrera,Barcelona
08002,Aguilar de Segarra,Barcelona
08003,Alella,Barcelona
08004,Alpens,Barcelona
08005,Ametlla del Vallès,Barcelona
08005,"Ametlla del Vallès, L'",Barcelona
08005,L'Ametlla del Vallès,Barcelona
08005,l'Ametlla,Barcelona
08005,l'Ametlla del Vallès,Barcelona
08006,Arenys de Mar,Barcelona
08006,Sinera,Barcelona
08007,Arenys de Munt,Barcelona
08008,Argençola,Barcelona
08009,Argentona,Barcelona
08010,Artes,Barcelona
08010,Artés,Barcelona
08011,Avia,Barcelona
08011,Avià,Barcelona
08012,Avinyo,Barcelona
08012,Avinyó,Barcelona
08013,Avinyonet del Penedes,Barcelona
08013,Avinyonet del Penedès,Barcelona
08013,Avinyonet del Penedès (Barcelona),Barcelona
08013,Aviñonet del Penedés,Barcelona
08014,Aiguafreda,Barcelona
08015,Badalona,Barcelona
08016,Baga,Barcelona
08016,Bagà,Barcelona
08017,Balenya,Barcelona
08017,Balenyà,Barcelona
08018,Balsareny,Barcelona
08019,B'na,Barcelona
08019,Barcelona,Barcelona
08019,Barcino,Barcelona
08019,Barna,Barcelona
08019,Bartzelona,Barcelona
08019,Can Fanga,Barcelona
08019,Cap i Casal,Barcelona
08019,Cidade condal,Barcelona
08019,Cidade de Barcelona,Barcelona
08019,Ciudad Condal,Barcelona
08019,Ciudad condal,Barcelona
08019,Ciutat Comtal,Barcelona
08019,Rosa de Foc,Barcelona
08020,Begues,Barcelona
08021,Bellprat,Barcelona
08022,Berga,Barcelona
08023,Bigues i Riells,Barcelona
08023,Bigues i Riells del Fai,Barcelona
08023,Bigues y Riells,Barcelona
08024,Borreda,Barcelona
08024,Borredà,Barcelona
08025,Bruc,Barcelona
08025,"Bruc, El",Barcelona
08025,Bruch,Barcelona
08025,El Bruc,Barcelona
08025,el Bruc,Barcelona
08026,"Brull, El",Barcelona
08026,El Brull,Barcelona
08026,el Brull,Barcelona
08027,"Cabanyes, Les",Barcelona
08027,Les Cabanyes,Barcelona
08027,les Cabanyes,Barcelona
08028,Cabrera d'Anoia,Barcelona
08028,Cabrera d'Igualada,Barcelona
08029,Cabrera de Mar,Barcelona
08030,Cabrils,Barcelona
08031,Calaf,Barcelona
08032,Caldes d'Estrac,Barcelona
08032,Caldetes,Barcelona
08033,Caldas de Montbuy,Barcelona
08033,Caldes de Montbui,Barcelona
08034,Calders,Barcelona
08035,Calella,Barcelona
08036,Calonge de Segarra,Barcelona
08037,Calldetenes,Barcelona
08038,Callus,Barcelona
08038,Callús,Barcelona
08039,Campins,Barcelona
08039,Campíns,Barcelona
08040,Canet de Mar,Barcelona
08041,Canovelles,Barcelona
08042,Canoves,Barcelona
08042,Cànoves,Barcelona
08042,Cànoves i Samalús,Barcelona
08042,Cánovas,Barcelona
08043,Canellas,Barcelona
08043,Canyelles,Barcelona
08044,Capellades,Barcelona
08045,Capolat,Barcelona
08046,Cardedeu,Barcelona
08047,Cardona,Barcelona
08048,Carme,Barcelona
08049,Casserres,Barcelona
08050,Castellar del Riu,Barcelona
08050,Castellar del Ríu,Barcelona
08051,Castellar del Valles,Barcelona
08051,Castellar del Vallès,Barcelona
08052,Castellar de n'Hug,Barcelona
08053,Castellbell i el Vilar,Barcelona
08054,Castellbisbal,Barcelona
08055,Castellcir,Barcelona
08056,Casteldefels,Barcelona
08056,Castelldefels,Barcelona
08057,Castell de l'Areny,Barcelona
08058,Castellet i la Gornal,Barcelona
08058,Castelletenc,Barcelona
08058,Castelletenca,Barcelona
08058,El Mas Fumet,Barcelona
08059,Castellfollit del Boix,Barcelona
08060,Castellfollit de Riubregos,Barcelona
08060,Castellfollit de Riubregós,Barcelona
08061,Castellgali,Barcelona
08061,Castellgalí,Barcelona
08062,Castellnou de Bages,Barcelona
08063,Castelloli,Barcelona
08063,Castellolí,Barcelona
08064,Castellterçol,Barcelona
08065,Castellvi de la Marca,Barcelona
08065,Castellví de la Marca,Barcelona
08066,Castellvi de Rosanes,Barcelona
08066,Castellví de Rosanes,Barcelona
08067,Centelles,Barcelona
08068,Cervello,Barcelona
08068,Cervelló,Barcelona
08069,Collbato,Barcelona
08069,Collbató,Barcelona
08070,Collsuspina,Barcelona
08071,Copons,Barcelona
08072,Corbera de Llobregat,Barcelona
08073,Cornellà de Llobregat,Barcelona
08074,Cubelles,Barcelona
08075,Dosrius,Barcelona
08076,Esparreguera,Barcelona
08077,Esplugues de Llobregat,Barcelona
08078,"Espunyola, L'",Barcelona
08078,L'Espunyola,Barcelona
08078,l'Espunyola,Barcelona
08079,"Estany, L'",Barcelona
08079,L'Estany,Barcelona
08079,l'Estany,Barcelona
08080,Figols,Barcelona
08080,Fígols,Barcelona
08081,Fogars de Montclús,Barcelona
08081,Fogas de Monclus,Barcelona
08081,Fogás de Monclús,Barcelona
08082,Fogars de la Selva,Barcelona
08082,Fogas de Tordera,Barcelona
08083,Folgueroles,Barcelona
08084,Fonollosa,Barcelona
08085,Font rubi,Barcelona
08085,Font rubí,Barcelona
08085,Font-rubi,Barcelona
08085,Font-rubí,Barcelona
08085,Fontrubi,Barcelona
08086,"Franqueses del Vallès, Les",Barcelona
08086,Les Franqueses del Vallès,Barcelona
08086,Les Franqueses del Vallés,Barcelona
08086,les Franqueses del Vallès,Barcelona
08087,Gallifa,Barcelona
08088,"Garriga, La",Barcelona
08088,La Garriga,Barcelona
08088,la Garriga,Barcelona
08089,Gava,Barcelona
08089,Gavà,Barcelona
08090,Gaià,Barcelona
08090,Gaya,Barcelona
08091,Gelida,Barcelona
08092,Gironella,Barcelona
08093,Gisclareny,Barcelona
08094,"Granada, La",Barcelona
08094,La Granada,Barcelona
08094,la Granada,Barcelona
08095,Granera,Barcelona
08096,Granollers,Barcelona
08097,Gualba,Barcelona
08098,Sant Salvador de Guardiola,Barcelona
08099,Guardiola de Berguedà,Barcelona
08100,Gurb,Barcelona
08101,Hospi,Barcelona
08101,Hospitalet,Barcelona
08101,"Hospitalet de Llobregat, L'",Barcelona
08101,L'H,Barcelona
08101,L'Hospi,Barcelona
08101,L'Hospitalet de Llobregat,Barcelona
08101,l'Hospitalet,Barcelona
08101,l'Hospitalet de Llobregat,Barcelona
08102,Igualada,Barcelona
08103,Jorba,Barcelona
08104,La Llacuna,Barcelona
08104,"Llacuna, La",Barcelona
08104,la Llacuna,Barcelona
08105,La Llagosta,Barcelona
08105,"Llagosta, La",Barcelona
08105,la Llagosta,Barcelona
08106,Llinars del Vallès,Barcelona
08106,Llinas del Valles,Barcelona
08107,Lliçà d'Amunt,Barcelona
08108,Llissa de Vall,Barcelona
08108,Lliçà de Vall,Barcelona
08109,Llusa,Barcelona
08109,Lluçà,Barcelona
08110,Malgrat de Mar,Barcelona
08111,Malla,Barcelona
08112,Manlleu,Barcelona
08113,Manresa,Barcelona
08115,Martorelles,Barcelona
08116,Les Masies de Roda,Barcelona
08116,Masias de Roda,Barcelona
08116,"Masies de Roda, Les",Barcelona
08116,les Masies de Roda,Barcelona
08117,Las Masias de Voltrega,Barcelona
08117,Les Masies de Voltregà,Barcelona
08117,"Masies de Voltregà, Les",Barcelona
08117,les Masies de Voltregà,Barcelona
08118,El Masnou,Barcelona
08118,"Masnou, El",Barcelona
08118,el Masnou,Barcelona
08119,Masquefa,Barcelona
08120,Matadepera,Barcelona
08121,Mataro,Barcelona
08121,Mataró,Barcelona
08122,Mediona,Barcelona
08123,Molins de Rei,Barcelona
08124,Mollet del Valles,Barcelona
08124,Mollet del Vallès,Barcelona
08125,Montcada i Reixac,Barcelona
08126,Montgat,Barcelona
08127,Monistrol de Montserrat,Barcelona
08128,Monistrol de Calders,Barcelona
08129,Muntanyola,Barcelona
08130,Montclar,Barcelona
08130,Regne del Bolet,Barcelona
08130,Reino Champiñón,Barcelona
08131,Montesquiu,Barcelona
08132,Montmajor,Barcelona
08133,Montmaneu,Barcelona
08134,El Figueró i Montmany,Barcelona
08134,Figaro-Montmany,Barcelona
08134,Figaró-Montmany,Barcelona
08134,el Figaró-Montmany,Barcelona
08135,Montmelo,Barcelona
08135,Montmeló,Barcelona
08136,Montornes del Valles,Barcelona
08136,Montornès del Vallès,Barcelona
08137,Montseny,Barcelona
08138,Moià,Barcelona
08138,Moya,Barcelona
08139,Mura,Barcelona
08140,Navarcles,Barcelona
08141,Castelladral,Barcelona
08141,Navars,Barcelona
08141,Navàs,Barcelona
08142,La Nou de Berguedà,Barcelona
08142,"Nou de Berguedà, La",Barcelona
08142,la Nou de Berguedà,Barcelona
08143,Òdena,Barcelona
08144,Olvan,Barcelona
08145,Olerdola,Barcelona
08145,Olèrdola,Barcelona
08146,Olesa de Bonesvalls,Barcelona
08147,Olesa de Montserrat,Barcelona
08148,Olivella,Barcelona
08149,Olost,Barcelona
08150,Oris,Barcelona
08150,Orís,Barcelona
08151,Orista,Barcelona
08151,Oristà,Barcelona
08152,Orpi,Barcelona
08152,Orpí,Barcelona
08153,Òrrius,Barcelona
08154,Pachs del Panades,Barcelona
08154,Pacs del Penedès,Barcelona
08155,Palafolls,Barcelona
08156,Palau-solita i Plegamans,Barcelona
08156,Palau-solità i Plegamans,Barcelona
08157,Palleja,Barcelona
08157,Pallejà,Barcelona
08158,El Papiol,Barcelona
08158,"Papiol, el",Barcelona
08158,el Papiol,Barcelona
08159,Parets del Vallès,Barcelona
08160,Perafita,Barcelona
08161,Piera,Barcelona
08162,Els Hostalets de Pierola,Barcelona
08162,Hostalets de Pierola,Barcelona
08162,"Hostalets de Pierola, Els",Barcelona
08162,Pierola,Barcelona
08162,els Hostalets de Pierola,Barcelona
08163,Pineda de Mar,Barcelona
08164,El Pla del Penedès,Barcelona
08164,Pla del Panades,Barcelona
08164,"Pla del Penedès, El",Barcelona
08164,el Pla del Penedès,Barcelona
08165,La Pobla de Claramunt,Barcelona
08165,Pobla de Claramunt,Barcelona
08165,"Pobla de Claramunt, La",Barcelona
08165,la Pobla de Claramunt,Barcelona
08166,La Pobla de Lillet,Barcelona
08166,"Pobla de Lillet, La",Barcelona
08166,la Pobla de Lillet,Barcelona
08167,Polinyà,Barcelona
08168,Pontons,Barcelona
08168,Pontóns,Barcelona
08169,El Prat de Llobregat,Barcelona
08169,Prat de Llobregat,Barcelona
08169,"Prat de Llobregat, El",Barcelona
08169,Prat del Llobregat,Barcelona
08169,el Prat,Barcelona
08169,el Prat de Llobregat,Barcelona
08169,el Prat del Llobregat,Barcelona
08170,Els Prats de Rei,Barcelona
08170,Los Prats de Rey,Barcelona
08170,"Prats de Rei, Els",Barcelona
08170,Prats de Rey,Barcelona
08170,Prats del Rey,Barcelona
08170,els Prats de Rei,Barcelona
08171,Prats de Llusanes,Barcelona
08171,Prats de Lluçanès,Barcelona
08172,Premia de Mar,Barcelona
08172,Premià de Mar,Barcelona
08174,Puigdalber,Barcelona
08174,Puigdalva,Barcelona
08174,Puigdàlber,Barcelona
08175,Puig-reig,Barcelona
08176,Pujalt,Barcelona
08177,La Quar,Barcelona
08177,"Quar, La",Barcelona
08177,la Quar,Barcelona
08178,Rajadell,Barcelona
08179,Rellinars,Barcelona
08180,Ripollet,Barcelona
08180,sisisi,Barcelona
08181,La Roca del Valles,Barcelona
08181,La Roca del Vallès,Barcelona
08181,"Roca del Vallès, La",Barcelona
08181,la Roca del Vallès,Barcelona
08182,El Pont de Vilomara i Rocafort,Barcelona
08182,"Pont de Vilomara i Rocafort, El",Barcelona
08182,Rocafort y Vilumara,Barcelona
08182,el Pont de Vilomara i Rocafort,Barcelona
08183,Roda de Ter,Barcelona
08184,Barrio de terrassa,Barcelona
08184,Rubi,Barcelona
08184,Rubí,Barcelona
08185,Rubio,Barcelona
08185,Rubió,Barcelona
08187,Sabadell,Barcelona
08188,Sagas,Barcelona
08188,Sagàs,Barcelona
08188,Sagás,Barcelona
08189,Sant Pere Sallavinera,Barcelona
08190,Saldes,Barcelona
08191,Sallent,Barcelona
08192,Santpedor,Barcelona
08193,Sant Iscle de Vallalta,Barcelona
08194,San Adrian de Besos,Barcelona
08194,Sant Adrià de Besòs,Barcelona
08195,San Agustin de Llusanes,Barcelona
08195,Sant Agustí de Lluçanès,Barcelona
08196,San Andres de la Barca,Barcelona
08196,Sant Andreu de la Barca,Barcelona
08197,San Andres de Llavaneras,Barcelona
08197,Sant Andreu de Llavaneres,Barcelona
08198,Sant Antoni de Vilamajor,Barcelona
08199,San Bartolome del Grau,Barcelona
08199,Sant Bartomeu del Grau,Barcelona
08200,San Boi de Llobregat,Barcelona
08200,Sant Boi de Llobregat,Barcelona
08201,Sant Boi de Lluçanès,Barcelona
08202,Sant Celoni,Barcelona
08203,Sant Cebrià de Vallalta,Barcelona
08204,Arrigorriaga (Bizkaia),Barcelona
08204,Sant Climent de Llobregat,Barcelona
08205,San Cugat del Valles,Barcelona
08205,Sant Cugat,Barcelona
08205,Sant Cugat del Vallès,Barcelona
08206,Sant Cugat Sesgarrigues,Barcelona
08207,Sant Esteve de Palautordera,Barcelona
08208,Sant Esteve Sesrovires,Barcelona
08209,Sant Fost de Campsentelles,Barcelona
08210,San Feliu de Codinas,Barcelona
08210,Sant Feliu de Codines,Barcelona
08211,Sant Feliu de Llobregat,Barcelona
08212,San Feliu Saserra,Barcelona
08212,Sant Feliu Sasserra,Barcelona
08213,Sant Fruitós de Bages,Barcelona
08214,Vilassar de Dalt,Barcelona
08215,San Hipolito de Voltrega,Barcelona
08215,Sant Hipòlit,Barcelona
08215,Sant Hipòlit de Voltregà,Barcelona
08216,Sant Jaume de Frontanyà,Barcelona
08217,San Joan Despi,Barcelona
08217,Sant Joan Despi,Barcelona
08217,Sant Joan Despí,Barcelona
08218,Sant Joan de Vilatorrada,Barcelona
08219,Vilassar de Mar,Barcelona
08220,San Julian de Vilatorta,Barcelona
08220,Sant Julià de Vilatorta,Barcelona
08221,Sant Just Desvern,Barcelona
08222,San Lorenzo de Hortons,Barcelona
08222,Sant Llorenc d'Hortons,Barcelona
08222,Sant Llorenç d'Hortons,Barcelona
08223,Sant Llorenç Savall,Barcelona
08224,San Martin de Centellas,Barcelona
08224,Sant Marti de Centelles,Barcelona
08224,Sant Martí de Centelles,Barcelona
08225,San Martin del Bas,Barcelona
08225,Sant Martí d'Albars,Barcelona
08226,San Martin de Tous,Barcelona
08226,Sant Martí de Tous,Barcelona
08227,San Martin Sarroca,Barcelona
08227,Sant Marti Sarroca,Barcelona
08227,Sant Martí Sarroca,Barcelona
08228,San Martin Sasgayolas,Barcelona
08228,Sant Martí Sesgueioles,Barcelona
08228,Sant Martí de Sesgueioles,Barcelona
08229,Sant Mateu de Bages,Barcelona
08230,Premia de Dalt,Barcelona
08230,Premià de Dalt,Barcelona
08231,Sant Pere de Ribes,Barcelona
08232,Sant Pere de Riudebitlles,Barcelona
08233,Sant Pere de Torelló,Barcelona
08234,Sant Pere de Vilamajor,Barcelona
08235,Sant Pol de Mar,Barcelona
08235,Sant Pol del Maresme,Barcelona
08236,San Quintin de Mediona,Barcelona
08236,Sant Quintí de Mediona,Barcelona
08237,Sant Quirze de Besora,Barcelona
08238,San Quirico de Tarrasa,Barcelona
08238,Sant Quirze del Vallès,Barcelona
08239,Sant Quirze,Barcelona
08239,Sant Quirze Safaja,Barcelona
08239,St. Quirze,Barcelona
08240,San Sadurni de Noya,Barcelona
08240,San Saturnino de Noya,Barcelona
08240,Sant Sadurni d'Anoia,Barcelona
08240,Sant Sadurni d'Anoia / San Sadurni de Noya,Barcelona
08240,Sant Sadurni d'Anoia / San Sadurní de Noya,Barcelona
08240,Sant Sadurni d'Anoia San Sadurni de Noya,Barcelona
08240,Sant Sadurni d'Anoia San Sadurní de Noya,Barcelona
08240,Sant Sadurní d'Anoia,Barcelona
08240,Sant Sadurní d'Anoia / San Sadurní de Noya,Barcelona
08240,Sant Sadurní d'Anoia San Sadurní de Noya,Barcelona
08241,San Saturnino de Osormort,Barcelona
08241,Sant Sadurní d'Osormort,Barcelona
08242,Marganell,Barcelona
08242,Santa Cecília de Montserrat,Barcelona
08243,Santa Cecilia de Voltrega,Barcelona
08243,Santa Cecília de Voltregà,Barcelona
08244,Santa Coloma de Cervello,Barcelona
08244,Santa Coloma de Cervelló,Barcelona
08245,Santa Coloma de Gramenet,Barcelona
08246,Santa Eugènia de Berga,Barcelona
08247,Santa Eulàlia de Riuprimer,Barcelona
08248,Santa Eulàlia de Ronçana,Barcelona
08249,Santa Fe del Panades,Barcelona
08249,Santa Fe del Penedès,Barcelona
08250,Santa Margarida de Montbui,Barcelona
08251,Santa Margarida i els Monjos,Barcelona
08251,Santa Margarita y Monjos,Barcelona
08252,Barbera del Valles,Barcelona
08252,Barberà del Vallès,Barcelona
08253,Santa Maria de Besora,Barcelona
08254,L'Esquirol,Barcelona
08254,Santa Maria de Corcó,Barcelona
08254,l'Esquirol,Barcelona
08255,Santa Maria de Marles,Barcelona
08255,Santa Maria de Merlès,Barcelona
08256,Santa Maria de Martorellas de Arriba,Barcelona
08256,Santa Maria de Martorelles,Barcelona
08257,Santa Maria de Miralles,Barcelona
08258,Santa Maria d'Olo,Barcelona
08258,Santa Maria d'Oló,Barcelona
08258,Santa Maria de Olo,Barcelona
08259,Palautordera,Barcelona
08259,Santa Maria de Palautordera,Barcelona
08260,Santa Perpètua de Mogoda,Barcelona
08261,Santa Susana,Barcelona
08261,Santa Susanna,Barcelona
08262,Sant Vicenç de Castellet,Barcelona
08262,St. Vicenç de Castellet,Barcelona
08263,Sant Vicenç dels Horts,Barcelona
08264,Sant Vicenç de Montalt,Barcelona
08265,San Vicente de Torello,Barcelona
08265,Sant Vicenç de Torelló,Barcelona
08266,Cerdanyola del Vallès,Barcelona
08267,Sentmenat,Barcelona
08268,Cercs,Barcelona
08269,Seva,Barcelona
08270,Sitges,Barcelona
08271,Sobremunt,Barcelona
08272,Sora,Barcelona
08273,Subirats,Barcelona
08274,Súria,Barcelona
08275,Tabernolas,Barcelona
08275,Tavèrnoles,Barcelona
08276,Tagamanent,Barcelona
08277,Talamanca,Barcelona
08278,Taradell,Barcelona
08279,Tarrassa,Barcelona
08279,Terrasa,Barcelona
08279,Terrassa,Barcelona
08279,Terraça,Barcelona
08279,Ègara,Barcelona
08279,Égara,Barcelona
08280,Tavertet,Barcelona
08281,Taià,Barcelona
08281,Teià,Barcelona
08281,Teya,Barcelona
08282,Tiana,Barcelona
08283,Tona,Barcelona
08284,Tordera,Barcelona
08285,Torello,Barcelona
08285,Torelló,Barcelona
08286,La Torre de Claramunt,Barcelona
08286,"Torre de Claramunt, La",Barcelona
08286,la Torre de Claramunt,Barcelona
08287,Terrassola i Lavit,Barcelona
08287,Torrelavid,Barcelona
08287,Torrelavit,Barcelona
08288,Torrelles de Foix,Barcelona
08289,Torrelles,Barcelona
08289,Torrelles de Llobregat,Barcelona
08290,Ullastrell,Barcelona
08291,Vacarisses,Barcelona
08292,Vallbona d'Anoia,Barcelona
08293,Vallcebre,Barcelona
08294,Vallgorguina,Barcelona
08295,Vallirana,Barcelona
08296,Vallromanes,Barcelona
08297,Veciana,Barcelona
08298,Vic,Barcelona
08298,Vich,Barcelona
08299,Vilada,Barcelona
08300,Viladecavalls,Barcelona
08301,Viladecans,Barcelona
08302,San Francisco,Barcelona
08302,Vilanova del Camí,Barcelona
08303,Vilanova de Sau,Barcelona
08304,Vilobi,Barcelona
08304,Vilobi del Penedes,Barcelona
08304,Vilobi del Penedès,Barcelona
08304,Vilobi del Penedés,Barcelona
08304,Vilobí,Barcelona
08304,Vilobí del Penedes,Barcelona
08304,Vilobí del Penedès,Barcelona
08304,Vilobí del Penedés,Barcelona
08304,Vilovi,Barcelona
08305,Vilafranca del Penedes,Barcelona
08305,Vilafranca del Penedes / Villafranca del Panades,Barcelona
08305,Vilafranca del Penedes Villafranca del Panades,Barcelona
08305,Vilafranca del Penedes Villafranca del Panadés,Barcelona
08305,Vilafranca del Penedès,Barcelona
08305,Vilafranca del Penedès / Villafranca del Panades,Barcelona
08305,Vilafranca del Penedès / Villafranca del Panadés,Barcelona
08305,Vilafranca del Penedès Villafranca del Panades,Barcelona
08305,Vilafranca del Penedès Villafranca del Panadés,Barcelona
08305,Vilafranca del Penedés,Barcelona
08305,Vilafranca do Penedés,Barcelona
08305,Vilafranca do Penedés - Vilafranca del Penedès,Barcelona
08305,Villafranca del Panades,Barcelona
08305,Villafranca del Panadés,Barcelona
08305,Villafranca del Penedes,Barcelona
08305,Villafranca del Penedés,Barcelona
08306,Vilalba Sasserra,Barcelona
08307,VNG,Barcelona
08307,Vilanova,Barcelona
08307,Vilanova i la Geltrú,Barcelona
08307,Villanueva,Barcelona
08308,Viver i Serrateix,Barcelona
08521,Santa Creu d'Olorda,Barcelona
08901,Rupit i Pruit,Barcelona
08901,Rupit y Pruit,Barcelona
08902,Vilanova del Valles,Barcelona
08902,Vilanova del Vallès,Barcelona
08903,Sant Julià de Cerdanyola,Barcelona
08904,Badia,Barcelona
08904,Badia del Valles,Barcelona
08904,Badia del Vallès,Barcelona
08904,Badía del Vallés,Barcelona
08904,Ciudad Badía,Barcelona
08904,Ciutat Badia,Barcelona
08905,La Palma de Cervello,Barcelona
08905,La Palma de Cervelló,Barcelona
08905,"Palma de Cervelló, La",Barcelona
08905,la Palma de Cervelló,Barcelona
09001,Abajas,Burgos
09003,Adrada,Burgos
09003,Adrada de Haza,Burgos
09006,Aguas Candidas,Burgos
09006,Aguas Cándidas,Burgos
09006000200,Quintanaopio,Burgos
09006000300,Rio Quintanilla,Burgos
09006000300,Río Quintanilla,Burgos
09007,Aguilar de Bureba,Burgos
09009,Albillos,Burgos
09010,Alcocero,Burgos
09010,Alcocero de Mola,Burgos
09011,Alfoz de Bricia,Burgos
09012,Alfoz de Santa Gadea,Burgos
09012,Santa Gadea Alfoz de Sargentes de la Lora,Burgos
09013,Altable,Burgos
09014,"Altos, Los",Burgos
09014,Los Altos,Burgos
09016,Ameyugo,Burgos
09017,Anguix,Burgos
09018,Aranda de Duero,Burgos
09019,Arandilla,Burgos
09020,Arauzo de Miel,Burgos
09021,Arauzo de Salce,Burgos
09022,Arauzo de Torre,Burgos
09022,Arauzo de la Torre,Burgos
09023,Arcos,Burgos
09023,Arcos de la Llana,Burgos
09024,Arenillas,Burgos
09024,Arenillas de Rio Pisuerga,Burgos
09024,Arenillas de Riopisuerga,Burgos
09024,Arenillas de Río Pisuerga,Burgos
09025,Arija,Burgos
09026,Arlanzon,Burgos
09026,Arlanzón,Burgos
09027,Arraya de Oca,Burgos
09029,Atapuerca,Burgos
09029,Atapuerca (Burgos),Burgos
09029,Atapuerca (burgos),Burgos
09029,Atapuerca (municipio),Burgos
09030,"Ausines, Los",Burgos
09030,Los Ausines,Burgos
09032,Avellanosa de Muñó,Burgos
09033,Bahabon de Esgueva,Burgos
09033,Bahabón de Esgueva,Burgos
09034,"Balbases, Los",Burgos
09034,Balbás,Burgos
09034,Los Balbases,Burgos
09034,Los Valbases,Burgos
09035,Baños de Valdearados,Burgos
09036,Bañuelos,Burgos
09036,Bañuelos de Bureba,Burgos
09036,Europa,Burgos
09037,Barbadillo de Herreros,Burgos
09038,Barbadillo del Mercado,Burgos
09039,Barbadillo del Pez,Burgos
09039,Valdepez,Burgos
09041,Barrio de Muñó,Burgos
09043,Barrios de Bureba,Burgos
09043,Barrios de Bureba Los,Burgos
09043,"Barrios de Bureba, Los",Burgos
09043,Los Barrios de Bureba,Burgos
09043,Los Barrios de la Bureba,Burgos
09043000300,Solduengo de Bureba,Burgos
09044,Barrios de Colina,Burgos
09044000300,Hiniestra,Burgos
09044000400,Juan de Ortega (Burgos),Burgos
09044000400,Monasterio de San Juan de Ortega,Burgos
09044000400,San Juan de Ortega,Burgos
09044000400,San Juan de Ortega (Burgos),Burgos
09045,Basconcillos del Tozo,Burgos
09046,Bascunana,Burgos
09046,Bascuñana,Burgos
09047,Belbimbre,Burgos
09048,Belorado,Burgos
09048,Bilforato,Burgos
09050,Berberana,Burgos
09051,Berlangas,Burgos
09051,Berlangas de Roa,Burgos
09052,Berzosa de Bureba,Burgos
09054,Bozoo,Burgos
09054,Bozoó,Burgos
09055,Brazacorta,Burgos
09056,Briviesca,Burgos
09057,Bugedo,Burgos
09058,Buniel,Burgos
09058,Buniel Villarreal de Buniel,Burgos
09058,Buniel/Villarreal de Buniel,Burgos
09059,Burchs,Burgos
09059,Burgos,Burgos
09059,Burgs,Burgos
09059,Bvrgos,Burgos
09060,Busto de Bureba,Burgos
09061,Cabanes de Esgueva,Burgos
09061,Cabañes de Esgueva,Burgos
09062,Cabezon de la Sierra,Burgos
09062,Cabezón de la Sierra,Burgos
09063,Cabia,Burgos
09063,Cavia,Burgos
09063,"Cavia,",Burgos
09064,Caleruega,Burgos
09065,Campillo de Aranda,Burgos
09066,Campolara,Burgos
09067,Canicosa,Burgos
09067,Canicosa de la Sierra,Burgos
09068,Cantabrana,Burgos
09070,Carazo,Burgos
09071,Carcedo,Burgos
09071,Carcedo de Bureba,Burgos
09071,Carcedo y Quintana-Urria,Burgos
09071,Carcedo y Quintanaurria,Burgos
09071000100,Arconada,Burgos
09071000100,Arconada (Burgos),Burgos
09071000100,Arconada (Carcedo de Bureba),Burgos
09072,Carcedo,Burgos
09072,Carcedo de Burgos,Burgos
09072,Carcedo junto a Cardeña,Burgos
09072,Carzedo,Burgos
09072,Carçedo,Burgos
09073,Cardenadijo,Burgos
09073,Cardeñadijo,Burgos
09074,Cardenajimeno,Burgos
09074,Cardeñajimeno,Burgos
09075,Cardenuela Riopico,Burgos
09075,Cardeñuela Riopico,Burgos
09076,Carrias,Burgos
09077,Cascajares de Bureba,Burgos
09078,Cascajares de la Sierra,Burgos
09079,Castellanos de Castro,Burgos
09082,Castil Delgado,Burgos
09082,Castildelgado,Burgos
09083,Castil de Peones,Burgos
09084,Castrillo de la Reina,Burgos
09085,Castrillo de la Vega,Burgos
09086,Castrillo del Val,Burgos
09088,Castrillo de Rio Pisuerga,Burgos
09088,Castrillo de Riopisuerga,Burgos
09088,Castrillo de Río Pisuerga,Burgos
09090,Castrillo Matajudios,Burgos
09090,Castrillo Matajudíos,Burgos
09090,Castrillo Mota de Judios,Burgos
09090,Castrillo Mota de Judíos,Burgos
09090,Castrillo Motajudios,Burgos
09090,Castrillo Motajudíos,Burgos
09091,Castrojeriz,Burgos
09093,Cayuela,Burgos
09094,Cebrecos,Burgos
09095,Celada del Camino,Burgos
09098,Cerezo de Rio Tiron,Burgos
09098,Cerezo de Río Tirón,Burgos
09100,Cerraton de Juarros,Burgos
09100,Cerratón de Juarros,Burgos
09101,Ciadoncha,Burgos
09101,Cidoncha,Burgos
09102,Cillaperlata,Burgos
09103,Cilleruelo de Abajo,Burgos
09104,Cilleruelo de Arriba,Burgos
09105,Ciruelos de Cervera,Burgos
09108,Cogollos,Burgos
09109,Comtat de Treviño,Burgos
09109,Condado de Treviño,Burgos
09109,Trebiño,Burgos
09109,Trebiñu,Burgos
09109,Trebiñu Uda,Burgos
09109,Trebiñuko konderri,Burgos
09109,Trebiñuko konderria,Burgos
09109,Treviño,Burgos
09110,Contreras,Burgos
09112,Coruna del Conde,Burgos
09112,Coruña del Conde,Burgos
09113,Covarrubias,Burgos
09114,Cubillo del Campo,Burgos
09115,Cubo de Bureba,Burgos
09117,"Cueva de Roa, La",Burgos
09117,La Cueva de Roa,Burgos
09119,Cuevas de San Clemente,Burgos
09120,Encio,Burgos
09120,Encío,Burgos
09122,Espinosa de Cervera,Burgos
09123,Espinosa del Camino,Burgos
09124,Espinosa de los Monteros,Burgos
09125,Estepar,Burgos
09125,Estépar,Burgos
09127,Fontioso,Burgos
09128,Frandovinez,Burgos
09128,Frandovínez,Burgos
09129,Fresneda de la Sierra Tiron,Burgos
09129,Fresneda de la Sierra Tirón,Burgos
09130,Freesena,Burgos
09130,Freeseña,Burgos
09130,Fresnena,Burgos
09130,Fresneña,Burgos
09131,Fresnillo de las Duenas,Burgos
09131,Fresnillo de las Dueñas,Burgos
09132,Fresno de Rio Tiron,Burgos
09132,Fresno de Rio Tirón,Burgos
09132,Fresno de Río Tiron,Burgos
09132,Fresno de Río Tirón,Burgos
09133,Fresno de Rodilla,Burgos
09134,Frias,Burgos
09134,Frías,Burgos
09135,Fuente Bureba,Burgos
09135,Fuentebureba,Burgos
09136,Fuentecen,Burgos
09136,Fuentecén,Burgos
09137,Fuente el Cesped,Burgos
09137,Fuente el Césped,Burgos
09137,Fuentelcesped,Burgos
09137,Fuentelcésped,Burgos
09138,Fuentelicendro,Burgos
09138,Fuentelisendo,Burgos
09139,Fuentemolinos,Burgos
09140,Fuentenebro,Burgos
09141,Fuentespina,Burgos
09143,Galbarros,Burgos
09144,"Gallega, La",Burgos
09144,La Gallega,Burgos
09148,Grijalba,Burgos
09149,Grisalena,Burgos
09149,Grisaleña,Burgos
09151,Gumiel de Hizan,Burgos
09151,Gumiel de Hizán,Burgos
09151,Gumiel de Izan,Burgos
09151,Gumiel de Izán,Burgos
09152,Gumiel de Mercado,Burgos
09152,Gumiel del Mercado,Burgos
09154,Acinas,Burgos
09154,Hacinas,Burgos
09155,Aza,Burgos
09155,Haza,Burgos
09159,Hontanas,Burgos
09160,Hontangas,Burgos
09162,Hontoria de la Cantera,Burgos
09162,Hontoria de la Cantera(Burgos),Burgos
09162,Ontoria de la Cantera,Burgos
09163,Hontoria del Pinar,Burgos
09164,Hontoria de Valdearados,Burgos
09164,Ontoria de Valdearados,Burgos
09166,"Hormazas, Las",Burgos
09166,Las Hormazas,Burgos
09167,Hornallos del Camino,Burgos
09167,Hornillos del Camino,Burgos
09167,Ornillos del Camino,Burgos
09168,"Horra, La",Burgos
09168,La Horra,Burgos
09168,La Orra,Burgos
09169,Hortiguela,Burgos
09169,Hortigüela,Burgos
09170,Hoyales de Roa,Burgos
09172,Huermeces,Burgos
09172,Huérmeces,Burgos
09173,Huerta de Arriba,Burgos
09174,Huerta de Rey,Burgos
09174,Huerta del Rey,Burgos
09175,Humada,Burgos
09176,Hurones,Burgos
09177,Ibeas de Juarros,Burgos
09178,Ibrillos,Burgos
09179,Iglesarrubia,Burgos
09179,Iglesiarrubia,Burgos
09180,Iglesias,Burgos
09181,Isar,Burgos
09182,Itero del Castillo,Burgos
09183,Jaramillo,Burgos
09183,Jaramillo de la Fuente,Burgos
09184,Jaramillo Quemado,Burgos
09189,Junta de Traslaloma,Burgos
09190,Junta de Villalba de Losa,Burgos
09191,Jurisdiccion de Lara,Burgos
09191,Jurisdicción de Lara,Burgos
09192,Jurisdiccion de San Zadornil,Burgos
09192,Jurisdicción de San Zadornil,Burgos
09194,Lerma,Burgos
09194,Municipio de Lerma,Burgos
09195,Llano de Bureba,Burgos
09196,Madrigal del Monte,Burgos
09197,Madrigalejo del Monte,Burgos
09198,Mahamud,Burgos
09199,Mambrilla de Castrejon,Burgos
09199,Mambrilla de Castrejón,Burgos
09200,Mambrillas de Lara,Burgos
09201,Mamolar,Burgos
09202,Manciles,Burgos
09206,Mazuela,Burgos
09208,Mecerreyes,Burgos
09209,Medina de Pomar,Burgos
09211,Melgar de Fernamental,Burgos
09211,Melgar de Fernán Armentález,Burgos
09213,Cuesta Urria,Burgos
09213,Merindad Cuesta Urria,Burgos
09213,Merindad de Cuesta Urria,Burgos
09213,Merindad de Cuesta Urría,Burgos
09213,Merindad de Cuesta-Urria,Burgos
09214,Menridad de Montija,Burgos
09214,Merindad de Montija,Burgos
09214,Montija,Burgos
09215,Merindad de Sotos Cueva,Burgos
09215,Merindad de Sotoscueva,Burgos
09216,Merindad de Valdeporres,Burgos
09217,Merindad de Valdivielso,Burgos
09217,Puente-Arenas,Burgos
09218,Milagros,Burgos
09219,Miranda Ebro,Burgos
09219,Miranda d'Ebro,Burgos
09219,Miranda de Ebro,Burgos
09219,"Miranda, Burgos",Burgos
09220,Mirabeche,Burgos
09220,Mirabetxe,Burgos
09220,Miraveche,Burgos
09221,Modubar de la Emparedada,Burgos
09221,Modúbar de la Emparedada,Burgos
09223,Monasterio de la Sierra,Burgos
09224,Monasterio de Rodilla,Burgos
09225,Moncalvillo,Burgos
09225,Moncalvillo de la Sierra,Burgos
09226,Monterrubio de Demanda,Burgos
09226,Monterrubio de la Demanda,Burgos
09227,Montorio,Burgos
09228,Moradilla de Roa,Burgos
09228,Moradillo de Roa,Burgos
09229,Nava de Roa,Burgos
09230,Navas de Bureba,Burgos
09231,Nebreda,Burgos
09232,Neila,Burgos
09235,Olmedillo de Roa,Burgos
09236,Olmillos de Muno,Burgos
09236,Olmillos de Munó,Burgos
09236,Olmillos de Muño,Burgos
09236,Olmillos de Muñó,Burgos
09236000000,Olmillos de Muno,Burgos
09236000000,Olmillos de Munó,Burgos
09236000000,Olmillos de Muño,Burgos
09236000000,Olmillos de Muñó,Burgos
09238,Ona,Burgos
09238,Oña,Burgos
09238000000,Ona,Burgos
09238000000,Oña,Burgos
09238000600,Cornudilla,Burgos
09239,Oquillas,Burgos
09241,Orbaneja Riopico,Burgos
09241,Orbaneja Ríopico,Burgos
09242,Padilla de Abajo,Burgos
09243,Padilla de Arriba,Burgos
09244,Padrones de Bureba,Burgos
09246,Palacios de la Sierra,Burgos
09247,Palacios de Riopisuerga,Burgos
09248,Palazuelos de la Sierra,Burgos
09249,Palazuelos de Muñó,Burgos
09250,Pampliega,Burgos
09251,Pancorbo,Burgos
09251,Pancorvo,Burgos
09253,Pardilla,Burgos
09255,Partido de la Sierra en Tobalina,Burgos
09255,Valderrama,Burgos
09256,Pedrosa de Duero,Burgos
09257,Pedrosa del Paramo,Burgos
09257,Pedrosa del Páramo,Burgos
09258,Pedrosa del Principe,Burgos
09258,Pedrosa del Príncipe,Burgos
09259,Pedrosa de Rio Úrbel,Burgos
09259,Pedrosa de Río Urbel,Burgos
09259,Pedrosa de Río Úrbel,Burgos
09259,Río de Urbel,Burgos
09261,Penaranda de Duero,Burgos
09261,Peñaranda de Duero,Burgos
09262,Peral de Arlanza,Burgos
09265,Piernigas,Burgos
09265,Piérnigas,Burgos
09266,Pineda de la Sierra,Burgos
09267,Pineda Trasmonte,Burgos
09267,Pineda-Trasmonte,Burgos
09268,Pinilla de los Barruecos,Burgos
09269,Pinilla de los Moros,Burgos
09270,Pinilla Trasmonte,Burgos
09270,Pinilla-Trasmonte,Burgos
09272,Poza de la Sal,Burgos
09273,Pradano de Bureba,Burgos
09273,Pradanos de Bureba,Burgos
09273,Prádano de Bureba,Burgos
09273,Prádanos de Bureba,Burgos
09274,Pradoluengo,Burgos
09275,Presencio,Burgos
09276,Argantzon,Burgos
09276,Argantzun,Burgos
09276,Arganzon,Burgos
09276,La Puebla de Arganzon,Burgos
09276,La Puebla de Arganzón,Burgos
09276,Puebla de Arganzon,Burgos
09276,Puebla de Arganzon La,Burgos
09276,Puebla de Arganzón,Burgos
09276,Puebla de Arganzón La,Burgos
09277,Puentedura,Burgos
09279,Quemada,Burgos
09280,Quintana de Bureba,Burgos
09280,Quintanabureba,Burgos
09281,Quintana del Pidio,Burgos
09283,Quintana Elez,Burgos
09283,Quintanaelez,Burgos
09283,Quintanaélez,Burgos
09287,Quintana Ortuno,Burgos
09287,Quintana Ortuño,Burgos
09287,Quintanaortuno,Burgos
09287,Quintanaortuño,Burgos
09288,Quintanapalla,Burgos
09289,Quintanar de la Sierra,Burgos
09292,Quintanavides,Burgos
09294,Quintanilla de la Mata,Burgos
09295,Quintanilla del Coco,Burgos
09297,Las Quintanillas,Burgos
09297,"Quintanillas, Las",Burgos
09298,Quintanilla San Garcia,Burgos
09298,Quintanilla San García,Burgos
09301,Quintanilla Morocisla,Burgos
09301,Quintanilla Vivar,Burgos
09301,Quintanilla de Vivar,Burgos
09301,Quintanilla-Vivar,Burgos
09302,Rabanera del Pinar,Burgos
09303,Rabanos,Burgos
09303,Rábanos,Burgos
09304,Rabe de las Calzadas,Burgos
09304,Rabé de las Calzadas,Burgos
09306,Rebolledo de la Torre,Burgos
09306,Robledo la Torre,Burgos
09307,Redecilla del Camino,Burgos
09308,Redecilla del Campo,Burgos
09308000300,Sotillo de Rioja,Burgos
09309,Regumiel,Burgos
09309,Regumiel de la Sierra,Burgos
09310,Reinoso,Burgos
09310,Reynoso,Burgos
09311,Retuerta,Burgos
09312,La Revilla y Ahedo,Burgos
09312,"Revilla y Ahedo, La",Burgos
09314,La Revilla del Campo,Burgos
09314,Revilla del Campo,Burgos
09315,Revillarruz,Burgos
09316,Revilla Vallegera,Burgos
09316,Revilla Vallejera,Burgos
09316,Revilla-Vallegera,Burgos
09316,Revilla-Vallejera,Burgos
09317,Rezmondo,Burgos
09318,Riocavado de la Sierra,Burgos
09321,Roa,Burgos
09323,Rojas,Burgos
09325,Royuela de Rio Franco,Burgos
09325,Royuela de Río Franco,Burgos
09326,Rubena,Burgos
09327,Los Rublacedos,Burgos
09327,Rublacedo,Burgos
09327,Rublacedo de Abajo,Burgos
09327,Rublacedos,Burgos
09327,"Rublacedos, Los",Burgos
09327000200,Rublacedo de Arriba,Burgos
09327000200,Río Lazedo,Burgos
09328,Rucandio,Burgos
09329,Salas de Bureba,Burgos
09330,Salas de los Infantes,Burgos
09332,Saldana de Burgos,Burgos
09332,Saldaña de Burgos,Burgos
09334,Salinillas de Bureba,Burgos
09335,San Adrián,Burgos
09335,San Adrián de Juarros,Burgos
09337,San Juan del Monte,Burgos
09338,San Mames de Burgos,Burgos
09338,San Mamés de Burgos,Burgos
09339,San Martin de Rubiales,Burgos
09339,San Martín de Rubiales,Burgos
09339,San martin de rubiales,Burgos
09339,Sanmartinenses,Burgos
09339,Sant Martín de Rubiales,Burgos
09340,San Millan de Lara,Burgos
09340,San Millán de Lara,Burgos
09343,Santa Cecilia,Burgos
09345,Santa Cruz de la Salceda,Burgos
09346,Santa Cruz del Valle Urbion,Burgos
09346,Santa Cruz del Valle Urbión,Burgos
09347,Santa Gadea del Cid,Burgos
09348,Santa Ines,Burgos
09348,Santa Inés,Burgos
09350,Santa Maria del Campo,Burgos
09350,Santa María del Campo,Burgos
09351,Santa Maria del Invierno,Burgos
09351,Santa María del Invierno,Burgos
09352,Santa Maria del Mercadillo,Burgos
09352,Santa María del Mercadillo,Burgos
09353,Santa Maria Ribarredonda,Burgos
09353,Santa Maria Rivarredonda,Burgos
09353,Santa Maria de Rivarredonda,Burgos
09353,Santa María Ribarredonda,Burgos
09353,Santa María Rivarredonda,Burgos
09353,Santa María de Rivarredonda,Burgos
09354,Santa Olaja de Bureba,Burgos
09354,Santa Olalla de Bureba,Burgos
09355,Sanctum Joannem,Burgos
09355,Santibanez de Esgueva,Burgos
09355,Santibañez de Esgueva,Burgos
09355,Santibánez de Esgueva,Burgos
09355,Santibáñez de Esgueva,Burgos
09356,Santibanez del Val,Burgos
09356,Santibañez del Val,Burgos
09356,Santibánez del Val,Burgos
09356,Santibáñez del Val,Burgos
09358,Santo Domingo de Silos,Burgos
09358,Silos,Burgos
09360,San Vicente del Valle,Burgos
09361,Sargentes de la Lora,Burgos
09361,Sargentes de la Lora 03.jpg,Burgos
09362,Sarracin,Burgos
09362,Sarracín,Burgos
09363,Sasamon,Burgos
09363,Sasamón,Burgos
09363,Segisama,Burgos
09363,Segisama Iulia,Burgos
09363,Segisamo,Burgos
09363,Segisamone,Burgos
09363000100,Castrillo de murcia,Burgos
09365,La Sequera de Haza,Burgos
09365,Laseguera,Burgos
09365,"Sequera de Haza, La",Burgos
09366,Solarana,Burgos
09368,Sordillos,Burgos
09368,Sordillos de Sotabellanos,Burgos
09369,Sotillo de la Ribera,Burgos
09372,Sotragero,Burgos
09373,Sotresgudo,Burgos
09374,Susinos del Paramo,Burgos
09374,Susinos del Páramo,Burgos
09375,Tamaron,Burgos
09375,Tamarón,Burgos
09377,Tardajos,Burgos
09378,Tejada,Burgos
09380,Terradillos de Esgueva,Burgos
09381,Tinieblas de la Sierra,Burgos
09382,Tobar,Burgos
09384,Tordomar,Burgos
09384,Tordómar,Burgos
09386,Torrecilla del Monte,Burgos
09387,Torregalindo,Burgos
09388,Torrelara,Burgos
09389,Torrepadre,Burgos
09390,Torresandino,Burgos
09391,Tortoles de Esgueva,Burgos
09391,Tortoles del Esgueva,Burgos
09391,Tórtoles de Esgueva,Burgos
09391,Tórtoles del Esgueva,Burgos
09392,Tosantos,Burgos
09394,Trespaderne,Burgos
09395,Tubilla del Agua,Burgos
09396,Tubilla del Lago,Burgos
09398,Urbel del Castillo,Burgos
09398,Úrbel del Castillo,Burgos
09400,Vadocondes,Burgos
09400,Valdecuendes,Burgos
09403,Valdeande,Burgos
09403,Valduende,Burgos
09405,Valdezate,Burgos
09406,Valdorros,Burgos
09407,Valmala,Burgos
09408,Vallarta,Burgos
09408,Vallarta de Bureba,Burgos
09409,Valle de Manzanedo,Burgos
09410,Mena Harana,Burgos
09410,Vall de Mena,Burgos
09410,Valle de Mena,Burgos
09411,Valle de Oca,Burgos
09411,Valle de los Ajos,Burgos
09411000300,Villalbos,Burgos
09412,Valle de Tobalina,Burgos
09413,Valle de Valdebezana,Burgos
09414,Valle de Valdelaguna,Burgos
09415,Quintanas de Valdelucio,Burgos
09415,Valle de Valdelucio,Burgos
09416,Valle de Zamanzas,Burgos
09417,Vallegera,Burgos
09417,Vallejera,Burgos
09418,Valles de Palenzuela,Burgos
09419,Valluercanes,Burgos
09419,Valluércanes,Burgos
09421,La Vid y Barrios,Burgos
09421,"Vid y Barrios, La",Burgos
09422,La Vid de Bureba,Burgos
09422,Lavid de Bureba,Burgos
09422,"Vid de Bureba, La",Burgos
09423,Vilena,Burgos
09423,Vileña,Burgos
09424,Biloria,Burgos
09424,Viloria,Burgos
09424,Viloria de Rioja,Burgos
09425,Vilviestre del Pinar,Burgos
09427,Villadiego,Burgos
09428,Villaescusa de Roa,Burgos
09429,Villaescusa de Sombria,Burgos
09429,Villaescusa de Sombría,Burgos
09429,Villaescusa de la Sombría,Burgos
09429,Villaescusa la Sombria,Burgos
09429,Villaescusa la Sombría,Burgos
09430,Villaespasa,Burgos
09431,Villafranca Montes de Oca,Burgos
09432,Villafruela,Burgos
09433,Villagalijo,Burgos
09434,Villagonzalo Pedernales,Burgos
09437,Villahoz,Burgos
09438,Villalba de Duero,Burgos
09439,Villalbilla de Burgos,Burgos
09440,Villalbilla de Gumiel,Burgos
09441,Villaldemiro,Burgos
09442,Villalmanzo,Burgos
09443,Villamayor de los Montes,Burgos
09444,Villamayor de Trevino,Burgos
09444,Villamayor de Treviño,Burgos
09445,Villambistia,Burgos
09446,Villamedianilla,Burgos
09447,Villamiel de la Sierra,Burgos
09448,Villangomez,Burgos
09448,Villangómez,Burgos
09449,Villanueva de Argaño,Burgos
09450,Villanueva de Carazo,Burgos
09451,Villanueva de Gumiel,Burgos
09454,Villanueva de Teba,Burgos
09455,Villaquiran de la Puebla,Burgos
09455,Villaquirán de la Puebla,Burgos
09456,Villaquiran de los Infantes,Burgos
09456,Villaquirán de los Infantes,Burgos
09458,Villariezo,Burgos
09460,Villasandino,Burgos
09463,Villasur de Herreros,Burgos
09464,Villatuelda,Burgos
09466,Villaverde del Monte,Burgos
09467,Villaverde Mogina,Burgos
09467,Villaverde-Mogina,Burgos
09471,Villayerno Morquillas,Burgos
09472,Villazopeque,Burgos
09473,Villegas,Burgos
09476,Villoruebo,Burgos
09476,Villoruevo,Burgos
09478,Vizcainos,Burgos
09478,Vizcaínos,Burgos
09480,Zael,Burgos
09482,Zarzosa de Rio Pisuerga,Burgos
09482,Zarzosa de Riopisuerga,Burgos
09482,Zarzosa de Río Pisuerga,Burgos
09483,Zazuar,Burgos
09485,Zuneda,Burgos
09485,Zuñeda,Burgos
095075,Montuenga (municipio),Burgos
09901,Quintanilla Tordueles,Burgos
09901,Quintanilla del Agua y Tordueles,Burgos
09901,Quintanilla-Tordueles,Burgos
09902,Valle de Santibanez,Burgos
09902,Valle de Santibañez,Burgos
09902,Valle de Santibánez,Burgos
09902,Valle de Santibáñez,Burgos
09903,Villarcayo de Merindad de Castilla la Vieja,Burgos
09903003200,Villarcayo,Burgos
09903003201,Villarcayo,Burgos
09904,Valle de las Navas,Burgos
09904000300,Casa de Riocerezo,Burgos
09904000400,Rioseras,Burgos
09904000400,Valle de las Navas,Burgos
09904000401,Rioseras,Burgos
09904000401,Valle de las Navas,Burgos
09905,Valle de Sedano,Burgos
09906,Merindad de Rio Ubierna,Burgos
09906,Merindad de Río Ubierna,Burgos
09906,Rio de Urbina,Burgos
09907,Alfoz de Quintanaduenas,Burgos
09907,Alfoz de Quintanadueñas,Burgos
09908,Lausa Harana,Burgos
09908,Lautzako ibar,Burgos
09908,Losako ibar,Burgos
09908,Losako ibarra,Burgos
09908,Valle de Losa,Burgos
10001,Abadia,Cáceres
10001,Abadia Caceres,Cáceres
10001,Abadía,Cáceres
10002,Abertura,Cáceres
10002,Abertura Caceres,Cáceres
10002,"Abertura, Cáceres",Cáceres
10003,Acebo,Cáceres
10004,Acehuche,Cáceres
10004,Acehúche,Cáceres
10005,Aceituna,Cáceres
10005,Aceituna Caceres,Cáceres
10006,Ahigal,Cáceres
10007,Albala,Cáceres
10007,Albala del Caudillo,Cáceres
10007,Albalá,Cáceres
10007,Albalá del Caudillo,Cáceres
10008,Alcantara,Cáceres
10008,Alcantareña,Cáceres
10008,Alcantareño,Cáceres
10008,Alcàntara,Cáceres
10008,Alcántara,Cáceres
10009,Alcollarin,Cáceres
10009,Alcollarín,Cáceres
10010,Alcuescar,Cáceres
10010,Alcuéscar,Cáceres
10011,Aldea Centenera,Cáceres
10011,Aldeacentenera,Cáceres
10012,Aldea del Cano,Cáceres
10013,Aldea de Trujillo,Cáceres
10013,"Aldea del Obispo, La",Cáceres
10013,La Aldea del Obispo,Cáceres
10014,Aldeanueva,Cáceres
10014,Aldeanueva de la Vera,Cáceres
10015,Aldeanueva del Camino,Cáceres
10016,Aldehuela de Jerte,Cáceres
10016,Aldehuela del Jerte,Cáceres
10017,Alia,Cáceres
10017,Alia y Calera,Cáceres
10017,Alía,Cáceres
10017,Alía y Calera,Cáceres
10018,Aliseda,Cáceres
10019,Almaraz,Cáceres
10020,Almoharin,Cáceres
10020,Almoharín,Cáceres
10021,Arroyo de la Luz,Cáceres
10021,Arroyo del Puerco,Cáceres
10022,Arroyomolinos de Vera,Cáceres
10022,Arroyomolinos de la Vera,Cáceres
10023,Arroyomolinos,Cáceres
10024,Banos de Montemayor,Cáceres
10024,Baños de Montemayor,Cáceres
10025,Barrado,Cáceres
10025,Barrado (Caceres),Cáceres
10025,Barrado (Cáceres),Cáceres
10025,El Barrado,Cáceres
10026,Belvis de Monroy,Cáceres
10026,Belvís de Monroy,Cáceres
10027,Benquerencia,Cáceres
10028,Berrocalejo,Cáceres
10029,Berzocana,Cáceres
10030,Bohonal de Ibor,Cáceres
10031,Botija,Cáceres
10032,Brozas,Cáceres
10032,Las Brozas,Cáceres
10033,Cabanas del Castillo,Cáceres
10033,Cabañas del Castillo,Cáceres
10034,Cabezabellosa,Cáceres
10035,Cabezuela del Valle,Cáceres
10036,Cabrero,Cáceres
10036,Casas del Cabrero,Cáceres
10036,Las Casas del Cabrero,Cáceres
10037,Caceres,Cáceres
10037,Càceres,Cáceres
10037,Cáceres,Cáceres
10038,Cachorrilla,Cáceres
10038,Cachorrilla de Altramuz el Grande,Cáceres
10039,Cadalso,Cáceres
10039,Cadalso de Gata,Cáceres
10040,Calzadilla,Cáceres
10041,Caminomorisco,Cáceres
10041,Caminos Morisco,Cáceres
10042,Campillo de Deleitosa,Cáceres
10043,Campo Lugar,Cáceres
10043,El Campo de Alcantara,Cáceres
10043,El Campo de Alcántara,Cáceres
10044,Canamero,Cáceres
10044,Canameros,Cáceres
10044,Cañamero,Cáceres
10044,Cañameros,Cáceres
10045,Cañaveral,Cáceres
10046,Carbajo,Cáceres
10047,Carcaboso,Cáceres
10048,Carrascalejo,Cáceres
10049,Casar de Caceres,Cáceres
10049,Casar de Cáceres,Cáceres
10050,Casar de Palomero,Cáceres
10051,Casares de las Hurdes,Cáceres
10052,Casas de Don Antonio,Cáceres
10053,Casas de Don Gomez,Cáceres
10053,Casas de Don Gómez,Cáceres
10054,Casas del Castañar,Cáceres
10055,Casas del Monte,Cáceres
10056,Casas de Millan,Cáceres
10056,Casas de Millán,Cáceres
10057,Casas de Miravete,Cáceres
10057,Casas de San Andres,Cáceres
10057,Casas de San Andrés,Cáceres
10057,Casas del Puerto de Miravete,Cáceres
10057,Las Ventas de San Andres,Cáceres
10057,Las Ventas de San Andrés,Cáceres
10058,Casatejada,Cáceres
10059,Casillas de Coria,Cáceres
10059,Casillas de Còria,Cáceres
10060,Castanar de Ibor,Cáceres
10060,Castañar de Ibor,Cáceres
10061,Ceclavin,Cáceres
10061,Ceclavín,Cáceres
10062,Casalinho,Cáceres
10062,Cedillo,Cáceres
10063,Cerezo,Cáceres
10063,Zerezo,Cáceres
10064,Cilleros,Cáceres
10065,Collado,Cáceres
10065,Collado de la Vera,Cáceres
10066,Conquista de la Sierra,Cáceres
10067,Coria,Cáceres
10067,Còria,Cáceres
10068,Cuacos,Cáceres
10068,Cuacos de Yuste,Cáceres
10069,La Cumbre,Cáceres
10070,Deleitosa,Cáceres
10071,Descarga Maria,Cáceres
10071,Descarga María,Cáceres
10071,Descargamaria,Cáceres
10071,Descargamaría,Cáceres
10072,As Ellas,Cáceres
10072,Eljas,Cáceres
10072,Lagarteiro,Cáceres
10073,Escurial,Cáceres
10075,Fresnedoso de Ibor,Cáceres
10076,Galisteo,Cáceres
10077,Garciaz,Cáceres
10078,Garganta de Baños,Cáceres
10078,"Garganta, La",Cáceres
10078,La Garganta,Cáceres
10078,La Garganta de Baños,Cáceres
10079,Garganta la Olla,Cáceres
10080,Gargantilla,Cáceres
10081,Garguera,Cáceres
10081,Garguera de la Vera,Cáceres
10081,Gargüera,Cáceres
10081,Gargüera de la Vera,Cáceres
10082,Garrovillas,Cáceres
10082,Garrovillas de Alconetar,Cáceres
10082,Garrovillas de Alconétar,Cáceres
10083,Garbin,Cáceres
10083,Garbín,Cáceres
10083,Garvin,Cáceres
10083,Garvin de la Jara,Cáceres
10083,Garvín,Cáceres
10083,Garvín de la Jara,Cáceres
10084,Gata,Cáceres
10085,El Gordo,Cáceres
10085,"Gordo, El",Cáceres
10086,Granja de Granadilla,Cáceres
10086,"Granja, La",Cáceres
10086,La Granja,Cáceres
10086,La Granja de Granadilla,Cáceres
10087,Guadalupe,Cáceres
10087,Guadalupe (Cáceres),Cáceres
10087,Guadalupe (España),Cáceres
10088,Guijo de Coria,Cáceres
10088,Guijo de Còria,Cáceres
10089,Guijito,Cáceres
10089,Guijo de Galisteo,Cáceres
10090,Guijo de Granadilla,Cáceres
10091,Guijo,Cáceres
10091,Guijo de Santa Barbara,Cáceres
10091,Guijo de Santa Bárbara,Cáceres
10092,Herguijuela,Cáceres
10093,Hernan-Perez,Cáceres
10093,Hernán-Pérez,Cáceres
10094,Herrera de Alcantara,Cáceres
10094,Herrera de Alcántara,Cáceres
10095,Herreruela,Cáceres
10096,Hervas,Cáceres
10096,Hervás,Cáceres
10097,Higuera,Cáceres
10097,Higuera de Albalat,Cáceres
10098,Hinojal,Cáceres
10098,Hinojal del Campo,Cáceres
10099,Holguera,Cáceres
10100,Hoyos,Cáceres
10101,Huelaga,Cáceres
10101,Huélaga,Cáceres
10102,Ibahernando,Cáceres
10102,Yvaferrando,Cáceres
10103,Jaraicejo,Cáceres
10104,Jaraiz de la Vera,Cáceres
10104,Jaraíz,Cáceres
10104,Jaraíz de la Vera,Cáceres
10105,Castillo Palacio de los Condes de Oropesa,Cáceres
10105,Jarandilla,Cáceres
10105,Jarandilla de la Vera,Cáceres
10106,Jarilla,Cáceres
10106,La Jarilla,Cáceres
10107,Jerte,Cáceres
10108,Ladrillar,Cáceres
10109,Logrosan,Cáceres
10109,Logrosán,Cáceres
10110,Losar,Cáceres
10110,Losar de la Vera,Cáceres
10111,Madrigal de la Vera,Cáceres
10112,Madrigalejo,Cáceres
10112,Madrigalejo Cabanas,Cáceres
10112,Madrigalejo Cabañas,Cáceres
10112,Madrigalejo-Cabanas,Cáceres
10112,Madrigalejo-Cabañas,Cáceres
10113,Madronera,Cáceres
10113,Madroñera,Cáceres
10114,Majadas,Cáceres
10114,Majadas de Tietar,Cáceres
10114,Majadas de Tiétar,Cáceres
10115,Malpartida de Caceres,Cáceres
10115,Malpartida de Càceres,Cáceres
10115,Malpartida de Cáceres,Cáceres
10116,Malpartida de Plasencia,Cáceres
10117,Marchagaz,Cáceres
10118,La Mata de Alcantara,Cáceres
10118,La Mata de Alcántara,Cáceres
10118,Mata de Alcantara,Cáceres
10118,Mata de Alcántara,Cáceres
10119,Membrio,Cáceres
10119,Membrío,Cáceres
10120,Mesas de Ibor,Cáceres
10121,Miajadas,Cáceres
10122,Millanes,Cáceres
10123,Mirabel,Cáceres
10124,Mohedas de Granadilla,Cáceres
10125,Monroy,Cáceres
10126,Montanches,Cáceres
10126,Montanchez,Cáceres
10126,Montánchez,Cáceres
10127,Aldea de Montehermoso,Cáceres
10127,Montehermosenyo,Cáceres
10127,Montehermoso,Cáceres
10127,Montelmosu,Cáceres
10128,Moraleja,Cáceres
10129,Morcillo,Cáceres
10130,Navaconcejo,Cáceres
10131,Navalmoral,Cáceres
10131,Navalmoral de la Mata,Cáceres
10132,Navalvillar de Ibor,Cáceres
10133,Navas del Madroño,Cáceres
10134,Navezuelas,Cáceres
10135,Nunomoral,Cáceres
10135,Nuñomoral,Cáceres
10136,Oliva de Plasencia,Cáceres
10137,Palomero,Cáceres
10138,Pasaron,Cáceres
10138,Pasaron de la Vera,Cáceres
10138,Pasarón,Cáceres
10138,Pasarón de la Vera,Cáceres
10139,Pedroso de Acim,Cáceres
10140,Peraleda de la Mata,Cáceres
10141,Peraleda de Garbin,Cáceres
10141,Peraleda de Garbín,Cáceres
10141,Peraleda de Garvin,Cáceres
10141,Peraleda de Garvín,Cáceres
10141,Peraleda de San Roman,Cáceres
10141,Peraleda de San Román,Cáceres
10142,Perales del Puerto,Cáceres
10143,Pescueza,Cáceres
10144,La Pesga,Cáceres
10144,"Pesga, La",Cáceres
10145,Piedras Albas,Cáceres
10146,Pinofranqueado,Cáceres
10147,Piornal,Cáceres
10148,Plasencia,Cáceres
10148,Plasència,Cáceres
10149,Plasenzuela,Cáceres
10150,Portaje,Cáceres
10151,Portezuelo,Cáceres
10152,Pozuelo de Zarzon,Cáceres
10152,Pozuelo de Zarzón,Cáceres
10153,Puerto de Santa Cruz,Cáceres
10154,Rebollal,Cáceres
10154,Rebollar,Cáceres
10155,Riolobos,Cáceres
10156,Robledillo de Gata,Cáceres
10157,Robledillo de Vera,Cáceres
10157,Robledillo de la Vera,Cáceres
10158,Robledillo,Cáceres
10158,Robledillo de Trujillo,Cáceres
10159,Robledollano,Cáceres
10160,Romangordo,Cáceres
10161,Ruanes,Cáceres
10162,Salorino,Cáceres
10163,Salvatierra de Santiago,Cáceres
10164,Lagarteiro,Cáceres
10164,Sa Martin de Trevellu,Cáceres
10164,Sa Martín de Trevellu,Cáceres
10164,San Martin de Trevejo,Cáceres
10164,San Martiño de Trebello,Cáceres
10164,San Martín de Trebello,Cáceres
10164,San Martín de Trevejo,Cáceres
10165,Santa Ana,Cáceres
10166,Santa Cruz de la Sierra,Cáceres
10167,Santa Cruz de Paniagua,Cáceres
10168,Santa Marta de Magasca,Cáceres
10169,Santiago de Alcantara,Cáceres
10169,Santiago de Alcántara,Cáceres
10170,Santiago del Campo,Cáceres
10171,Santibanez el Alto,Cáceres
10171,Santibañez el Alto,Cáceres
10171,Santibánez el Alto,Cáceres
10171,Santibáñez el Alto,Cáceres
10172,Santibáñez el Bajo,Cáceres
10173,Saucedilla,Cáceres
10174,Segura de Toro,Cáceres
10175,Serradilla,Cáceres
10176,Serregon,Cáceres
10176,Serregón,Cáceres
10176,Serrejon,Cáceres
10176,Serrejón,Cáceres
10177,Sierra de Fuentes,Cáceres
10178,Talaban,Cáceres
10178,Talabán,Cáceres
10178,Talavan,Cáceres
10178,Talaván,Cáceres
10179,Talaveruela de la Vera,Cáceres
10180,Talayuela,Cáceres
10181,Tejeda de Tietar,Cáceres
10181,Tejeda de Tiétar,Cáceres
10181,Tejeda del Tietar,Cáceres
10181,Tejeda del Tiétar,Cáceres
10181,Texeda del Tiétar,Cáceres
10182,Toril,Cáceres
10183,Tornavacas,Cáceres
10183,Villaflor de las Cadenas,Cáceres
10184,El Torno,Cáceres
10184,Torno,Cáceres
10184,"Torno, El",Cáceres
10185,Torrecilla,Cáceres
10185,Torrecilla de los Angeles,Cáceres
10185,Torrecilla de los Ángeles,Cáceres
10186,Torrecillas,Cáceres
10186,Torrecillas de la Tiesa,Cáceres
10187,Torre de Don Miguel,Cáceres
10188,Torre de Santa Maria,Cáceres
10188,Torre de Santa María,Cáceres
10189,Torrejoncillo,Cáceres
10190,Torrejon el Rubio,Cáceres
10190,Torrejón el Rubio,Cáceres
10191,Torremenga,Cáceres
10191,Torremenga de la Vera,Cáceres
10192,Torremocha,Cáceres
10193,Torreorgaz,Cáceres
10194,Torrequemada,Cáceres
10195,Trujillo,Cáceres
10195,Turgalium,Cáceres
10196,Valdastillas,Cáceres
10197,Valdecanas,Cáceres
10197,Valdecanas de Tajo,Cáceres
10197,Valdecañas,Cáceres
10197,Valdecañas de Tajo,Cáceres
10198,Valdefuentes,Cáceres
10199,Valdehuncar,Cáceres
10199,Valdehúncar,Cáceres
10200,Valdelacasa de Tajo,Cáceres
10201,Valdemorales,Cáceres
10202,Val de Obispo,Cáceres
10202,Valdeobispo,Cáceres
10203,Valencia de Alcantara,Cáceres
10203,Valencia de Alcántara,Cáceres
10204,Valverde de Vera,Cáceres
10204,Valverde de la Vera,Cáceres
10205,Lagarteiro,Cáceres
10205,Valverde del Fresno,Cáceres
10205,Valverde do Fresno,Cáceres
10205,Valverdi do Fresnu,Cáceres
10206,Viandar,Cáceres
10206,Viandar de la Vera,Cáceres
10207,Villa del Campo,Cáceres
10208,Villa del Rey,Cáceres
10209,Villamesias,Cáceres
10209,Villamesías,Cáceres
10210,Villamiel,Cáceres
10211,Villanueva de la Sierra,Cáceres
10212,Villanueva de Vera,Cáceres
10212,Villanueva de la Vera,Cáceres
10213,Villar del Pedroso,Cáceres
10214,Villar de Plasencia,Cáceres
10215,Villasbuenas de Gata,Cáceres
10216,Zarza de Granadilla,Cáceres
10217,Zarza de Montanchez,Cáceres
10217,Zarza de Montánchez,Cáceres
10218,Zarza la Mayor,Cáceres
10219,Zorita,Cáceres
10901,Rosalejo,Cáceres
10902,Vegaviana,Cáceres
10903,Alagon del Rio,Cáceres
10903,Alagón del Río,Cáceres
10904,Tiétar,Cáceres
10905,Pueblonuevo de Miramontes,Cáceres
11001,Alcala de los Gazules,Cádiz
11001,Alcalá de los Gazules,Cádiz
11002,Alcala del Valle,Cádiz
11002,Alcalà de la Vall,Cádiz
11002,Alcalá del Valle,Cádiz
11003,Algar,Cádiz
11003,Santa Maria de Guadalupe del Algar,Cádiz
11003,Santa María de Guadalupe del Algar,Cádiz
11004,Alchezira,Cádiz
11004,Algazaces,Cádiz
11004,Algeciar,Cádiz
11004,Algeciras,Cádiz
11004,Algeciras España,Cádiz
11004,Algesires,Cádiz
11004,Alxeciras,Cádiz
11004,Alxecires,Cádiz
11004,Argeciras,Cádiz
11005,Algodonales,Cádiz
11006,Arcos de la Frontera,Cádiz
11006,Arcos de la Frontera (Cadiz),Cádiz
11006,Arcos de la Frontera (Cádiz),Cádiz
11006,Arcos de la frontera,Cádiz
11006,Peña de Arcos,Cádiz
11006,Peña de Arcos de la Frontera,Cádiz
11007,Barbate,Cádiz
11008,Barrios,Cádiz
11008,"Barrios, Los",Cádiz
11008,La Villa de los Barrios,Cádiz
11008,Los Barrios,Cádiz
11009,Benaocaz,Cádiz
11010,Bornos,Cádiz
11011,"Bosque, El",Cádiz
11011,El Bosque,Cádiz
11012,Cadis,Cádiz
11012,Cádiz,Cádiz
11013,Castellar,Cádiz
11013,Castellar de la Frontera,Cádiz
11014,Conil,Cádiz
11014,Conil de la Frontera,Cádiz
11015,Chiclana de la Frontera,Cádiz
11016,Caepionis,Cádiz
11016,Chipiona,Cádiz
11017,Espera,Cádiz
11018,El Gastor,Cádiz
11018,"Gastor, El",Cádiz
11019,Delimitacion de la poblacion de Crazalema,Cádiz
11019,Delimitación de la población de Crazalema,Cádiz
11019,Grazalema,Cádiz
11020,Jerez de la Frontera,Cádiz
11020,Xerez da Fronteira,Cádiz
11020,Xerez de la Frontera,Cádiz
11020,Xerès,Cádiz
11020,Xerès de la Frontera,Cádiz
11021,Jimena de la Frontera,Cádiz
11022,La Linea de la Concepcion,Cádiz
11022,La Línea de la Concepción,Cádiz
11023,Asidonense/Sidoniano,Cádiz
11023,Medina Sidonia,Cádiz
11023,Medina-Sidonia,Cádiz
11023,Medina-Sidònia,Cádiz
11023,Shaduna,Cádiz
11023,Xadúna,Cádiz
11024,Olvera,Cádiz
11025,Paterna de Ribera,Cádiz
11025,Paterna de Rivera,Cádiz
11025,Paterna de la Ribera,Cádiz
11026,Prado del Rey,Cádiz
11027,Alcanatif,Cádiz
11027,Amaria Alcanter,Cádiz
11027,Amaría Alcanter,Cádiz
11027,Ciudad de los Cien Palacios,Cádiz
11027,El Gran Puerto de Santa Maria,Cádiz
11027,El Gran Puerto de Santa María,Cádiz
11027,El Pto Sta Maria,Cádiz
11027,El Puerto,Cádiz
11027,El Puerto de Santa Maria,Cádiz
11027,El Puerto de Santa María,Cádiz
11027,Gran Puerto de Santa María,Cádiz
11027,La Ciudad de los Cien Palacios,Cádiz
11027,Portuenese,Cádiz
11027,Portuense,Cádiz
11027,Pto de Sta Maria,Cádiz
11027,Pto de Sta María,Cádiz
11027,Pto sta maria,Cádiz
11027,Pto sta maría,Cádiz
11027,Puerto Santa María,Cádiz
11027,Puerto de Menesteo,Cádiz
11027,Puerto de Santa Maria,Cádiz
11027,Puerto de Santa María,Cádiz
11027,Puerto santa maria,Cádiz
11028,Puerto Real,Cádiz
11028,Puertorrealena,Cádiz
11028,Puertorrealeno,Cádiz
11028,Puertorrealeña,Cádiz
11028,Puertorrealeño,Cádiz
11029,Puerto Serrano,Cádiz
11030,Rota,Cádiz
11031,Isla de León,Cádiz
11031,Real Villa de la Isla del Leon,Cádiz
11031,Real Villa de la Isla del León,Cádiz
11031,Real isla de León,Cádiz
11031,San Fernando,Cádiz
11031,San Fernando (Cádiz),Cádiz
11031,San Fernando (España),Cádiz
11031,Villa de la Real Isla de León,Cádiz
11032,Sanlucar de Barrameda,Cádiz
11032,Sanlúcar de Barrameda,Cádiz
11033,San Roque,Cádiz
11034,Setenil de las Bodegas,Cádiz
11035,Ciudad de Tarifa,Cádiz
11035,Tarifa,Cádiz
11036,Torre Alhaquime,Cádiz
11036,Torre Alháquime,Cádiz
11036,Torre-Alhaquime,Cádiz
11036,Torre-Alháquime,Cádiz
11037,Trebugena,Cádiz
11037,Trebujena,Cádiz
11038,Ubrique,Cádiz
11039,Baesippo,Cádiz
11039,Mangueta,Cádiz
11039,Veger,Cádiz
11039,Vejer,Cádiz
11039,Vejer de la Frontera,Cádiz
11040,Villaluenga del Rosario,Cádiz
11041,Villamartin,Cádiz
11041,Villamartín,Cádiz
11042,Zahara,Cádiz
11042,Zahara de la Sierra,Cádiz
11901,Benalup,Cádiz
11901,Benalup Casas Viejas,Cádiz
11901,Benalup-Casas Viejas,Cádiz
11901,Casas Viejas,Cádiz
11901,Casas viejas,Cádiz
11902,San Jose del Valle,Cádiz
11902,San José del Valle,Cádiz
11903,San Martin del Tesorillo,Cádiz
11903,San Martín del Tesorillo,Cádiz
12001,Adsaneta,Castellón
12001,Adzaneta,Castellón
12001,Adzaneta del Maestrazgo,Castellón
12001,Atzeneta del Maestrat,Castellón
12002,Ahin,Castellón
12002,Ain,Castellón
12002,Aín,Castellón
12003,Albocàsser,Castellón
12003,Albocácer,Castellón
12003,Albocázar,Castellón
12004,Alcala de Chisbert,Castellón
12004,Alcala de Chisvert,Castellón
12004,Alcala de Chivert,Castellón
12004,Alcala de Xisvert,Castellón
12004,Alcala de Xivert,Castellón
12004,Alcala de Xivert / Alcala de Chivert,Castellón
12004,Alcala de Xivert Alcala de Chivert,Castellón
12004,Alcalà de Xisvert,Castellón
12004,Alcalà de Xivert,Castellón
12004,Alcalà de Xivert / Alcalá de Chivert,Castellón
12004,Alcalá d'Exibert,Castellón
12004,Alcalá de Chisbert,Castellón
12004,Alcalá de Chisvert,Castellón
12004,Alcalá de Chivert,Castellón
12005,Alcora,Castellón
12005,L'Alcora,Castellón
12005,l'Alcora,Castellón
12006,Alcudia de Veo,Castellón
12006,Alcúdia de Veo,Castellón
12006,L'Alcudia de Veyo,Castellón
12006,L'Alcúdia de Veo,Castellón
12006,L’Alcúdia de Veo,Castellón
12006,l'Alcúdia de Veo,Castellón
12006000200,Benitandús,Castellón
12007,Alfandaguella,Castellón
12007,Alfondeguilla,Castellón
12007,Fondeguilla,Castellón
12007,Fondeguilla de Castro,Castellón
12008,Alchimia d'Almonecir,Castellón
12008,Algimia de Almonacid,Castellón
12008,Algímia d'Almonesir,Castellón
12009,Almassora,Castellón
12009,Almazora,Castellón
12010,Almedijar,Castellón
12010,Almedíjar,Castellón
12010,Almedíxar,Castellón
12010,Almedíxer,Castellón
12011,Almenara,Castellón
12012,Altura,Castellón
12013,Aranyuel,Castellón
12013,Arañuel,Castellón
12014,Aras,Castellón
12014,Ares del Maestrat,Castellón
12015,Archelita,Castellón
12015,Argeleta,Castellón
12015,Argelita,Castellón
12016,Artana,Castellón
12017,Aiòder,Castellón
12017,Ayodar,Castellón
12017,Ayódar,Castellón
12018,Assuévar,Castellón
12018,Azuebar,Castellón
12018,Azuébar,Castellón
12020,Barracas,Castellón
12020,Barraques,Castellón
12021,Bechi,Castellón
12021,Bechín,Castellón
12021,Betxi,Castellón
12021,Betxí,Castellón
12022,Begís,Castellón
12022,Beixix,Castellón
12022,Bejis,Castellón
12022,Bejís,Castellón
12024,Benafer,Castellón
12025,Benafigos,Castellón
12026,Benasal,Castellón
12026,Benassal,Castellón
12026,Benazal,Castellón
12027,Benicarlo,Castellón
12027,Benicarló,Castellón
12028,Benicasim,Castellón
12028,Benicàssim,Castellón
12029,Bell-lloc,Castellón
12029,Bell-lloc del Pla,Castellón
12029,Benlloc,Castellón
12029,Benlloch,Castellón
12031,Borriol,Castellón
12032,Borriana,Castellón
12032,Burriana,Castellón
12033,Cabanes,Castellón
12033,Cabanes de l'Arc,Castellón
12034,Calig,Castellón
12034,Càlig,Castellón
12034,Cálich,Castellón
12036,Canet lo Roig,Castellón
12036,Caneto,Castellón
12037,Castell de Cabres,Castellón
12037,Castiel de Crabas,Castellón
12038,Castellfort,Castellón
12039,Castellnou,Castellón
12039,Castellnou de Sogorb,Castellón
12039,Castellnovo,Castellón
12040,Castello de la Plana,Castellón
12040,Castellon,Castellón
12040,Castellon de la Plana,Castellón
12040,Castelló,Castellón
12040,Castelló de Borriana,Castellón
12040,Castelló de la Plana,Castellón
12040,Castelló de la Plana i Grau de Castelló/Castellón de las Plana y Grao de Castellón,Castellón
12040,Castelló de la Plana/Castellón de la Plana,Castellón
12040,Castelló del Camp de Borriana,Castellón
12040,Castellón,Castellón
12040,Castellón de Burriana,Castellón
12040,Castellón de la Plana,Castellón
12040,Castellón de la Plana y Grao de Castellón/Castelló de la Plana i Grau de Castelló,Castellón
12040,Castellón de la Plana/Castelló de la Plana,Castellón
12040,Ciudad de Castellón,Castellón
12040,Ciutat de Castelló,Castellón
12040,Ciutat i Terme de Castelló,Castellón
12040,Vila de Castelló,Castellón
12040,Villa de Castellón,Castellón
12041,Castiello de Villamalefa,Castellón
12041,Castilllo de Villamalefa,Castellón
12041,Castillo de Villamalefa,Castellón
12041,el Castell de Vilamalefa,Castellón
12042,Cati,Castellón
12042,Catí,Castellón
12042,Catín,Castellón
12043,Caudiel,Castellón
12044,Cervera,Castellón
12044,Cervera del Maestrat,Castellón
12044,Cervera del Maestre,Castellón
12045,Cinctorres,Castellón
12046,Cirat,Castellón
12048,Cortes d'Arenós,Castellón
12048,Cortes de Arenoso,Castellón
12048,Cortz d'Arenoso,Castellón
12049,Costur,Castellón
12050,Cuevas de Vinromá,Castellón
12050,Las Cuevas d'Abinromán,Castellón
12050,Les Coves de Vinromà,Castellón
12050,les Coves de Vinromà,Castellón
12051,Culla,Castellón
12051,Cuéllar,Castellón
12052,Chert,Castellón
12052,Chert/Xert,Castellón
12052,Xert,Castellón
12053,Chilches,Castellón
12053,Chilches/Xilxes,Castellón
12053,Xilxes,Castellón
12053,chilches,Castellón
12055,Chodos,Castellón
12055,Chodos / Xodos,Castellón
12055,Chodos/Xodos,Castellón
12055,Xodos,Castellón
12055,Xodos / Chodos,Castellón
12056,Chovar,Castellón
12056,Chóvar,Castellón
12056,Xóvar,Castellón
12057,Eslida,Castellón
12058,Espadella,Castellón
12058,Espadiella,Castellón
12058,Espadilla,Castellón
12059,Fanzara,Castellón
12060,Figueroles,Castellón
12060,Figueroles d'Alcalatén,Castellón
12060,Figueruelas,Castellón
12061,Forcall,Castellón
12061,Forcallo,Castellón
12061,el Forcall,Castellón
12063,Fuent la Reina,Castellón
12063,Fuente la Reina,Castellón
12063,la Font de la Reina,Castellón
12064,Fontes,Castellón
12064,Fuentes de Ayodar,Castellón
12064,Fuentes de Ayódar,Castellón
12064,Fuents d'Ayódar,Castellón
12064,les Fonts d'Aiòder,Castellón
12065,Gaibiel,Castellón
12067,Geldo,Castellón
12067,Xeldo,Castellón
12068,Herbers,Castellón
12068,Herbes,Castellón
12068,Herbés,Castellón
12068,Herves,Castellón
12068,Hervés,Castellón
12069,Figueras,Castellón
12069,Figueres,Castellón
12069,Higueras,Castellón
12070,La Chana,Castellón
12070,La Jana,Castellón
12070,la Jana,Castellón
12070,pueblo muerto,Castellón
12071,Exerica,Castellón
12071,Jerica,Castellón
12071,Jérica,Castellón
12071,Xericana,Castellón
12071,Xericà,Castellón
12071,Xèrica,Castellón
12072,Llucena,Castellón
12072,Llucena / Lucena del Cid,Castellón
12072,Lucena,Castellón
12072,Lucena del Cid,Castellón
12072,Lucena del Cid / Llucena,Castellón
12073,Lludient,Castellón
12073,Ludient,Castellón
12073,Ludiente,Castellón
12074,La Llosa,Castellón
12074,La Llosa d'Almenara,Castellón
12074,La Llosa de la Plana,Castellón
12074,Llosa de la Plana,Castellón
12074,la Llosa,Castellón
12074,la Llosa d'Almenara,Castellón
12074,la Llosa de la Plana,Castellón
12075,La Mata,Castellón
12075,La Mata de Morella,Castellón
12075,Mata,Castellón
12075,la Mata,Castellón
12075,la Mata de Morella,Castellón
12076,Matet,Castellón
12077,Moncofa,Castellón
12077,Moncófar,Castellón
12078,Montant,Castellón
12078,Montán,Castellón
12079,Montanejos,Castellón
12079,Montanellos,Castellón
12080,Morella,Castellón
12080,Moriella,Castellón
12081,Navachas,Castellón
12081,Navaixer,Castellón
12081,Navaixera,Castellón
12081,Navaixes,Castellón
12081,Navajas,Castellón
12082,Nules,Castellón
12083,Olocau del Rei,Castellón
12083,Olocau del Rey,Castellón
12084,Onda,Castellón
12085,Oropesa del Mar,Castellón
12085,Orpesa,Castellón
12087,Palanques,Castellón
12087,Palanqui,Castellón
12087,Palanquina,Castellón
12088,Pavias,Castellón
12088,Pavies,Castellón
12088,Pavías,Castellón
12089,Peniscola,Castellón
12089,Peníscola,Castellón
12089,Peñíscola,Castellón
12090,Pina,Castellón
12090,Pina de Montalgrao,Castellón
12091,Lo Portiel,Castellón
12091,Portell de Morella,Castellón
12091,Portellana,Castellón
12091,Portellà,Castellón
12091,el Portell de Morella,Castellón
12092,La Pobla d'Arenós,Castellón
12092,Pobla d'Arenós,Castellón
12092,Puebla d'Arenoso,Castellón
12092,Puebla de Arenoso,Castellón
12092,la Pobla d'Arenós,Castellón
12093,La Pobla de Benifassà,Castellón
12093,La Puebla de Benifazán,Castellón
12093,la Pobla de Benifassà,Castellón
12094,La Pobla Tornesa,Castellón
12094,Pobla Tornesa,Castellón
12094,Puebla-Tornesa,Castellón
12094,la Pobla Tornesa,Castellón
12095,Ribesalbes,Castellón
12096,Rosell,Castellón
12096,Rossell,Castellón
12097,Sacanet,Castellón
12097,Sacanyet,Castellón
12097,Sacañet,Castellón
12098,La Salcediella,Castellón
12098,La Salzadella,Castellón
12098,La Salzedella,Castellón
12098,Salzedella,Castellón
12098,la Salzadella,Castellón
12098,la Salzedella,Castellón
12099,San Jorge,Castellón
12099,Sant Jordi,Castellón
12099,Sant Jordi del Maestrat,Castellón
12100,San Mateo,Castellón
12100,San Mateo del Maestrazgo,Castellón
12100,Sant Mateu,Castellón
12100,Sant Mateu del Maestrat,Castellón
12101,San Rafael del Río,Castellón
12101,Sant Rafael del Riu,Castellón
12101,Sant Rafael del Río,Castellón
12101,Sant Rafel del Maestrat,Castellón
12101,Sant Rafel del Riu,Castellón
12102,Magdalener,Castellón
12102,Magdalenera,Castellón
12102,Santa Magdalena de Polpís,Castellón
12102,Santa Magdalena de Pulpis,Castellón
12102,Santa Malena de Polpiz,Castellón
12103,La Sarratella,Castellón
12103,La Serratella,Castellón
12103,Sarratella,Castellón
12103,la Serratella,Castellón
12104,Segorb,Castellón
12104,Segorbe,Castellón
12104,Sogorb,Castellón
12105,La Serra d'en Galceran,Castellón
12105,Sierra Engarceran,Castellón
12105,Sierra Engarcerán,Castellón
12105,Sierra de Engarceran,Castellón
12105,Sierra de Engarcerán,Castellón
12105,la Serra d'en Galceran,Castellón
12106,Sonecha,Castellón
12106,Soneixa,Castellón
12106,Soneja,Castellón
12107,Sot de Ferrer,Castellón
12108,Suera,Castellón
12108,Suera Sueras,Castellón
12108,Suera/Sueras,Castellón
12108,Sueras,Castellón
12108,Zuera,Castellón
12109,Talas,Castellón
12109,Tales,Castellón
12110,Teresa,Castellón
12110,Teresa de Begís,Castellón
12111,Tirig,Castellón
12111,Térich,Castellón
12111,Tírig,Castellón
12112,La Todolella,Castellón
12112,La Todoliella,Castellón
12112,La Tolella,Castellón
12112,Todolella,Castellón
12112,la Todolella,Castellón
12113,Toga,Castellón
12113,Tuega,Castellón
12114,Toras,Castellón
12114,Toraser,Castellón
12114,Torasera,Castellón
12114,Toràs,Castellón
12114,Torás,Castellón
12115,El Toro,Castellón
12115,Lo Toro,Castellón
12115,el Toro,Castellón
12116,Torralba,Castellón
12116,Torralba del Pinar,Castellón
12117,Torreblanca,Castellón
12117,Torreblanquina,Castellón
12117,Torreblanquí,Castellón
12118,Torre-xiva,Castellón
12118,Torrechiva,Castellón
12119,La Torre d'En Besora,Castellón
12119,La Torre d'en Besora,Castellón
12119,Torre de Embesora,Castellón
12119,la Torre d'en Besora,Castellón
12120,La Torre d'en Doménec,Castellón
12120,La Torre dels Domenges,Castellón
12120,Torre Endomenech,Castellón
12120,Torre Endoménech,Castellón
12120,la Torre d'en Doménec,Castellón
12120,la Torre d'en Doménech,Castellón
12120,la Torre dels Domenges,Castellón
12121,Traiguera,Castellón
12121,Traiguerina,Castellón
12121,Traiguerí,Castellón
12122,Las Useras,Castellón
12122,Les Useres,Castellón
12122,Les Useres / Useras,Castellón
12122,Useras,Castellón
12122,Useras / Les Useres,Castellón
12122,Useres,Castellón
12122,les Useres,Castellón
12123,Vallat,Castellón
12124,La Vall d'Alba,Castellón
12124,Vall d'Alba,Castellón
12124,Vall de Alba,Castellón
12124,la Vall d'Alba,Castellón
12125,Val d'Almonecir,Castellón
12125,Vall de Almonacid,Castellón
12125,la Vall d'Almonesir,Castellón
12126,La Val d'Uixón,Castellón
12126,La Vall,Castellón
12126,La Vall d'Uixó,Castellón
12126,Vall d'Uixó,Castellón
12126,Vall de Uxó,Castellón
12126,Vall del Duc,Castellón
12126,Vall-Llarga,Castellón
12126,la Vall d'Uixó,Castellón
12127,Vallibana,Castellón
12127,Vallibona,Castellón
12127,Vallibonenc,Castellón
12127,Vallibonenca,Castellón
12128,Vilafames,Castellón
12128,Vilafamés,Castellón
12128,Villafames,Castellón
12128,Villafamez,Castellón
12129,Vilafranca,Castellón
12129,Vilafranca / Villafranca del Cid,Castellón
12129,Villafranca,Castellón
12129,Villafranca del Cid,Castellón
12129,Villafranca del Cid / Vilafranca,Castellón
12130,Vilafermosa,Castellón
12130,Vilafermosa del Riu,Castellón
12130,Villafermosa,Castellón
12130,Villahermosa,Castellón
12130,Villahermosa del Rio,Castellón
12130,Villahermosa del Río,Castellón
12131,Vilamalur,Castellón
12131,Villamalur,Castellón
12132,Vilanova d'Alcolea,Castellón
12132,Vilanova d’Alcolea,Castellón
12132,Villanueva d'Alcoleya,Castellón
12132,Villanueva de Alcolea,Castellón
12133,Vilanova de Viver,Castellón
12133,Vilanova de la Reina,Castellón
12133,Villanueva de Vivel,Castellón
12133,Villanueva de Viver,Castellón
12134,Vilar de Canes,Castellón
12134,Villar de Canes,Castellón
12135,Vila-real,Castellón
12135,Villa-reyal,Castellón
12135,Villarreal de los Infantes,Castellón
12136,La Vilavella,Castellón
12136,Villavieja,Castellón
12136,la Vilavella,Castellón
12137,Villorana,Castellón
12137,Villores,Castellón
12137,Villorà,Castellón
12138,Vinaroz,Castellón
12138,Vinaròs,Castellón
12139,Vistabella,Castellón
12139,Vistabella del Maestrat,Castellón
12139,Vistabella del Maestrazgo,Castellón
12140,Vivel,Castellón
12140,Viver,Castellón
12140,Viver de las Aguas,Castellón
12141,Sorita,Castellón
12141,Sorita de Morella,Castellón
12141,Sorita del Maestrat,Castellón
12141,Zorita del Maestrazgo,Castellón
12141,Zurita,Castellón
12142,Sucaina,Castellón
12142,Zucaina,Castellón
12901,Alquerías del Niño Perdido,Castellón
12901,Les Alqueries,Castellón
12901,Les Alqueries de la Plana,Castellón
12901,Les Alqueries del Riu Sec,Castellón
12901,les Alqueries,Castellón
12901,les Alqueries de la Plana,Castellón
12902,San Juan de Moró,Castellón
12902,Sant Joan de Moró,Castellón
13001,Abenojar,Ciudad Real
13001,Abenójar,Ciudad Real
13002,Agudo,Ciudad Real
13002,"Agudo, Cidade Real",Ciudad Real
13003,Alamillo,Ciudad Real
13004,Albaladejo,Ciudad Real
13005,Alcazar de San Juan,Ciudad Real
13005,Alcazareña,Ciudad Real
13005,Alcazareño,Ciudad Real
13005,Alcázar de San Juan,Ciudad Real
13005,Moñigones (coloquial),Ciudad Real
13006,Alcoba,Ciudad Real
13006,Alcoba de los Montes,Ciudad Real
13007,Alcolea de Calatrava,Ciudad Real
13008,Alcubillas,Ciudad Real
13009,Aldea del Rey,Ciudad Real
13010,Alhambra,Ciudad Real
13010,"Alhambra, Cidade Real",Ciudad Real
13011,Almaden,Ciudad Real
13011,Almaden del Azogue,Ciudad Real
13011,Almadén,Ciudad Real
13011,Almadén del Azogue,Ciudad Real
13011,Comarca de Almaden,Ciudad Real
13011,Comarca de Almadén,Ciudad Real
13012,Almadenejos,Ciudad Real
13013,Almagro,Ciudad Real
13013,"Almagro (Ciudad Real, España)",Ciudad Real
13013,"Almagro, Ciudad Real",Ciudad Real
13014,Almedina,Ciudad Real
13015,Almodovar del Campo,Ciudad Real
13015,Almodovareña,Ciudad Real
13015,Almodovareño,Ciudad Real
13015,Almodóvar,Ciudad Real
13015,Almodóvar del Campo,Ciudad Real
13016,Almuradiel,Ciudad Real
13016,Concepcion de Almuradiel,Ciudad Real
13016,Concepción de Almuradiel,Ciudad Real
13016,La Concepcion de Almuradiel,Ciudad Real
13016,La Concepción de Almuradiel,Ciudad Real
13017,Anchuras,Ciudad Real
13018,Arenas de San Juan,Ciudad Real
13019,Argamasilla,Ciudad Real
13019,Argamasilla de Alba,Ciudad Real
13020,Argamasilla de Calatrava,Ciudad Real
13021,Arroba de los Montes,Ciudad Real
13022,Ballesteros de Calatrava,Ciudad Real
13023,Bolaños,Ciudad Real
13023,Bolaños de Calatrava,Ciudad Real
13024,Brazatortas,Ciudad Real
13025,Cabezarados,Ciudad Real
13026,Cabezarrubias del Puerto,Ciudad Real
13027,Calzada de Calatrava,Ciudad Real
13028,Campo de Criptana,Ciudad Real
13029,Canada de Calatrava,Ciudad Real
13029,Cañada de Calatrava,Ciudad Real
13030,Caracuel,Ciudad Real
13030,Caracuel de Calatrava,Ciudad Real
13031,Carrion de Calatrava,Ciudad Real
13031,Carrión de Calatrava,Ciudad Real
13032,Carrizosa,Ciudad Real
13033,Castellar de Santiago,Ciudad Real
13034,Cidade Real,Ciudad Real
13034,Ciudad Real,Ciudad Real
13034,Ciudá Real,Ciudad Real
13035,Corral,Ciudad Real
13035,Corral de Calatrava,Ciudad Real
13036,"Cortijos, Los",Ciudad Real
13036,Los Cortijos,Ciudad Real
13037,Cózar,Ciudad Real
13038,Chillon,Ciudad Real
13038,Chillón,Ciudad Real
13039,Daimiel,Ciudad Real
13040,Fernan Caballero,Ciudad Real
13040,Fernancaballero,Ciudad Real
13040,Fernán Caballero,Ciudad Real
13041,Fontanarejo,Ciudad Real
13041,Fontanarejo de los Naranjos,Ciudad Real
13042,Fuencaliente,Ciudad Real
13042,"Fuencaliente, Cidade Real",Ciudad Real
13043,Fuenllana,Ciudad Real
13044,Fuente el Fresno,Ciudad Real
13045,Granatula,Ciudad Real
13045,Granatula de Calatrava,Ciudad Real
13045,Granátula,Ciudad Real
13045,Granátula de Calatrava,Ciudad Real
13046,Guadalmez,Ciudad Real
13047,Herencia,Ciudad Real
13048,Hinojosas,Ciudad Real
13048,Hinojosas de Calatrava,Ciudad Real
13049,Horcajo de los Montes,Ciudad Real
13050,"Labores, Las",Ciudad Real
13050,Las Labores,Ciudad Real
13051,Luciana,Ciudad Real
13051,"Luciana, Ciudad Real",Ciudad Real
13052,Malagon,Ciudad Real
13052,Malagón,Ciudad Real
13053,Manzanares,Ciudad Real
13053,Manzanares (Ciudad Real),Ciudad Real
13053,Manzanares de Membrilla,Ciudad Real
13054,Membrilla,Ciudad Real
13055,Mestanza,Ciudad Real
13056,Miguel Turra,Ciudad Real
13056,Miguelturra,Ciudad Real
13057,Montiel,Ciudad Real
13058,Moral de Calatrava,Ciudad Real
13059,Navalpino,Ciudad Real
13060,Navas de Estena,Ciudad Real
13061,Pedro Munoz,Ciudad Real
13061,Pedro Muñoz,Ciudad Real
13061,Perrote,Ciudad Real
13062,Picon,Ciudad Real
13062,Picón,Ciudad Real
13063,Piedrabuena,Ciudad Real
13064,Poblete,Ciudad Real
13065,Porzuna,Ciudad Real
13066,Pozuelo de Calatrava,Ciudad Real
13067,Los Pozuelos de Calatrava,Ciudad Real
13067,Pozuelos de Calatrava,Ciudad Real
13067,"Pozuelos de Calatrava, Los",Ciudad Real
13068,Puebla de Don Rodrigo,Ciudad Real
13069,Puebla del Principe,Ciudad Real
13069,Puebla del Príncipe,Ciudad Real
13070,Puerto Lápice,Ciudad Real
13071,Faro industrial de La Mancha,Ciudad Real
13071,Puertollano,Ciudad Real
13072,Retuerta del Bullaque,Ciudad Real
13073,Saceruela,Ciudad Real
13074,San Carlos del Valle,Ciudad Real
13075,San Lorenzo de Calatrava,Ciudad Real
13076,Santa Cruz de los Cáñamos,Ciudad Real
13077,Santa Cruz de Mudela,Ciudad Real
13078,Socuellamos,Ciudad Real
13078,Socuéllamos,Ciudad Real
13079,La Solana,Ciudad Real
13079,"Solana, La",Ciudad Real
13080,2° premio pueblo más bonito de Ciudad Real 2020,Ciudad Real
13080,Solana del Pino,Ciudad Real
13081,Terrinches,Ciudad Real
13082,Tomellosano/a,Ciudad Real
13082,Tomellosero/a,Ciudad Real
13082,Tomelloso,Ciudad Real
13083,Torralba de Calatrava,Ciudad Real
13084,La Torre,Ciudad Real
13084,Torre de Juan Abad,Ciudad Real
13085,Torrenueva,Ciudad Real
13086,Valdemanco del Esteras,Ciudad Real
13087,Valdepenas,Ciudad Real
13087,Valdepeñas,Ciudad Real
13088,Valenzuela de Calatrava,Ciudad Real
13089,Villahermosa,Ciudad Real
13090,Villamanrique,Ciudad Real
13091,Villamayor de Calatrava,Ciudad Real
13092,Villanueva de Alcaraz,Ciudad Real
13092,Villanueva de la Fuente,Ciudad Real
13093,Villanueva de los Infantes,Ciudad Real
13094,Villanueva de San Carlos,Ciudad Real
13095,Villar del Pozo,Ciudad Real
13096,Villarrubia de los Ojos,Ciudad Real
13097,Villarta de San Juan,Ciudad Real
13098,Viso del Marques,Ciudad Real
13098,Viso del Marqués,Ciudad Real
13098,Viso del Puerto,Ciudad Real
13901,El Robledo,Ciudad Real
13901,"Robledo, El",Ciudad Real
13902,Ruidera,Ciudad Real
13903,Arenales de San Gregorio,Ciudad Real
13904,Llanos del Caudillo,Ciudad Real
14001,Adamuz,Córdoba
14001,Adamuz Cordoba,Córdoba
14002,Aguilar,Córdoba
14002,Aguilar de la Frontera,Córdoba
14002,Poley,Córdoba
14003,Alcaracejos,Córdoba
14004,Almedinilla,Córdoba
14005,Almodovar del Rio,Córdoba
14005,Almodóvar del Río,Córdoba
14006,Anora,Córdoba
14006,Añora,Córdoba
14007,Baena,Córdoba
14008,Belalcazar,Córdoba
14008,Belalcázar,Córdoba
14009,Belmez,Córdoba
14009,Bélmez,Córdoba
14010,Benameji,Córdoba
14010,Benamejí,Córdoba
14011,"Blázquez, Los",Córdoba
14011,Los Blazquez,Córdoba
14011,Los Blázquez,Córdoba
14012,Bujalance,Córdoba
14013,Cabra,Córdoba
14013,La Fuente del Rio,Córdoba
14014,Canete de las Torres,Córdoba
14014,Cañete de las Torres,Córdoba
14015,Carcabuey,Córdoba
14016,Cardeña,Córdoba
14017,"Carlota, La",Córdoba
14017,La Carlota,Córdoba
14018,Carpio,Córdoba
14018,"Carpio, El",Córdoba
14018,El Carpio,Córdoba
14018,Onvba,Córdoba
14019,Castro del Rio,Córdoba
14019,Castro del Río,Córdoba
14020,Conquista,Córdoba
14021,Cordoba,Córdoba
14021,Còrdova,Córdoba
14021,Córdoba,Córdoba
14021,Kordoba,Córdoba
14021,Municipio de Córdoba,Córdoba
14022,Dona Mencia,Córdoba
14022,Dona Mencía,Córdoba
14022,Doña Mencia,Córdoba
14022,Doña Mencía,Córdoba
14023,Dos Torres,Córdoba
14024,Encinas Reales,Córdoba
14025,Espejo,Córdoba
14026,Espiel,Córdoba
14027,Fernan Nunez,Córdoba
14027,Fernan Nuñez,Córdoba
14027,Fernan-Nunez,Córdoba
14027,Fernan-Núñez,Córdoba
14027,Fernán Nuñez,Córdoba
14027,Fernán Núnez,Córdoba
14027,Fernán Núñez,Córdoba
14027,Fernán-Nuñez,Córdoba
14027,Fernán-Núnez,Córdoba
14027,Fernán-Núñez,Córdoba
14028,Fuente de la Lancha,Córdoba
14028,Fuente la Lancha,Córdoba
14029,Fuente Obejuna,Córdoba
14030,Colonia de Fuente Palmera,Córdoba
14030,Fuente Palmera,Córdoba
14031,Fuente-Tojar,Córdoba
14031,Fuente-Tójar,Córdoba
14032,Granjuela,Córdoba
14032,"Granjuela, La",Córdoba
14032,La Granjuela,Córdoba
14033,Guadalcázar,Córdoba
14034,El Guijo,Córdoba
14034,Guijo,Córdoba
14034,"Guijo, El",Córdoba
14035,Hinojosa,Córdoba
14035,Hinojosa del Duque,Córdoba
14036,Hornachuelos,Córdoba
14037,Iznajar,Córdoba
14037,Iznájar,Córdoba
14038,Eli Ossana,Córdoba
14038,Eliossana,Córdoba
14038,Lucena,Córdoba
14038,Lucena (Kordoba),Córdoba
14039,Luque,Córdoba
14040,Montalban,Córdoba
14040,Montalban de Cordoba,Córdoba
14040,Montalban de Córdoba,Córdoba
14040,Montalbán,Córdoba
14040,Montalbán de Cordoba,Córdoba
14040,Montalbán de Córdoba,Córdoba
14041,Montemayor,Córdoba
14042,Montilla,Córdoba
14042,Montilla (Córdoba),Córdoba
14043,Epora,Córdoba
14043,Montoro,Córdoba
14043,Épora,Córdoba
14044,Monturque,Córdoba
14045,Moriles,Córdoba
14046,Nueva Carteya,Córdoba
14047,Obejo,Córdoba
14048,Palenciana,Córdoba
14049,Palma de Micer Gilio,Córdoba
14049,Palma de miçer Gilio,Córdoba
14049,Palma del Rio,Córdoba
14049,Palma del Río,Córdoba
14050,Pedro Abad,Córdoba
14050,Pero Abad,Córdoba
14051,Pedroche,Córdoba
14052,Penarroya - Pueblonuevo,Córdoba
14052,Penarroya Pueblonuevo,Córdoba
14052,Penarroya-Pueblonuevo,Córdoba
14052,Peñarroya - Pueblonuevo,Córdoba
14052,Peñarroya Pueblonuevo,Córdoba
14052,Peñarroya-Pueblonuevo,Córdoba
14052,Pueblonuevo,Córdoba
14053,Posadas,Córdoba
14054,Pozoblanco,Córdoba
14055,Priego de Córdoba,Córdoba
14056,Puente Genil,Córdoba
14057,La Rambla,Córdoba
14057,La Rambla (Còrdova),Córdoba
14057,La Rambla (Córdoba),Córdoba
14057,"Rambla, La",Córdoba
14058,Rute,Córdoba
14059,Eballerense,Córdoba
14059,San Sebastian de los Ballesteros,Córdoba
14059,San Sebastián de los Ballesteros,Córdoba
14060,Santa Ella,Córdoba
14060,Santaella,Córdoba
14061,Santa Eufemia,Córdoba
14062,Torrecampo,Córdoba
14063,Valenzuela,Córdoba
14064,Valsequillo,Córdoba
14065,La Victoria,Córdoba
14066,Villa del Rio,Córdoba
14066,Villa del Río,Córdoba
14067,Villafranca de Cordoba,Córdoba
14067,Villafranca de Córdoba,Córdoba
14068,Villaharta,Córdoba
14069,Villanueva de Córdoba,Córdoba
14070,Villanueva del Duque,Córdoba
14071,Villanueva del Rey,Córdoba
14072,Villar Alto,Córdoba
14072,Villaralto,Córdoba
14073,Villaviciosa de Cordoba,Córdoba
14073,Villaviciosa de Córdoba,Córdoba
14074,El Viso,Córdoba
14074,"Viso, El",Córdoba
14075,Zuheros,Córdoba
14901,Aldea de Fuente Carretero,Córdoba
14901,Fuente Carreteros,Córdoba
14902,"Guijarrosa, La",Córdoba
14902,La Guijarrosa,Córdoba
15001,Abegondo,A Coruña
15001,Abegondo (La Coruña),A Coruña
15002,Ames,A Coruña
15002,Ames (A Coruña),A Coruña
15003,Aranga,A Coruña
15003,concello de Aranga,A Coruña
15004,Ares,A Coruña
15004,Ares (A Coruña),A Coruña
15005,Arteijo,A Coruña
15005,Arteixo,A Coruña
15006,Arzua,A Coruña
15006,Arzúa,A Coruña
15007,A Bana,A Coruña
15007,A Bana / La Baña,A Coruña
15007,A Baña,A Coruña
15007,A Baña / La Baña,A Coruña
15007,A bana / la bana,A Coruña
15007,Baña,A Coruña
15007,Baña (A),A Coruña
15007,"Baña, A",A Coruña
15007,La Bana,A Coruña
15007,La Baña,A Coruña
15008,Bergondo,A Coruña
15009,Betanzos,A Coruña
15009,Betanzos (A Coruña),A Coruña
15009,Brigantium,A Coruña
15009,Carunio,A Coruña
15009,Flauvium Brigantium,A Coruña
15010,Boimorto,A Coruña
15010,concello de Boimorto,A Coruña
15011,Boiro,A Coruña
15012,Boqueijón,A Coruña
15012,Boqueixon,A Coruña
15012,Boqueixonés,A Coruña
15012,Boqueixón,A Coruña
15013,Brion,A Coruña
15013,Brión,A Coruña
15013,Brión (La Coruña),A Coruña
15013,brionés,A Coruña
15014,Cabana,A Coruña
15014,Cabana de Bergantitos,A Coruña
15014,Cabana de Bergantiños,A Coruña
15014,Cabana o Cesullas,A Coruña
15014,Cabaña de Bergantitos,A Coruña
15015,Cabanas,A Coruña
15015,Cabanas (A Coruña),A Coruña
15015,Cabañas,A Coruña
15016,Camarinas,A Coruña
15016,Camariñas,A Coruña
15017,Cambre,A Coruña
15018,A Capela,A Coruña
15018,Capela,A Coruña
15019,Carballo,A Coruña
15020,Carnota,A Coruña
15020,Carnota (A Coruña),A Coruña
15020,Carnotán,A Coruña
15021,Carral,A Coruña
15021,Carral (A Coruña),A Coruña
15022,Cedeira,A Coruña
15022,Cedera,A Coruña
15023,Cee,A Coruña
15023,Ceé,A Coruña
15023,Cée,A Coruña
15024,Cerceda,A Coruña
15024,Cercedense,A Coruña
15025,Cerdido,A Coruña
15026,Cesuras,A Coruña
15027,Coiros,A Coruña
15027,Coirós,A Coruña
15027,concello de Coirós,A Coruña
15028,Corcubion,A Coruña
15028,Corcubión,A Coruña
15029,Coristanco,A Coruña
15030,A Coruña,A Coruña
15030,Brigantium,A Coruña
15030,Coruña,A Coruña
15030,La Corunya,A Coruña
15030,la Corunya,A Coruña
15031,Alvedro,A Coruña
15031,Culleredo,A Coruña
15032,Curtis,A Coruña
15032,concello de Curtis,A Coruña
15033,Dodro,A Coruña
15034,Dumbria,A Coruña
15034,Dumbría,A Coruña
15035,Fene,A Coruña
15036,Cidade Departamental,A Coruña
15036,El Ferrol,A Coruña
15036,El Ferrol del Caudillo,A Coruña
15036,Ferrol,A Coruña
15036,Ferrol del Caudillo,A Coruña
15037,Finisterra,A Coruña
15037,Finisterre,A Coruña
15037,Finisterre (España),A Coruña
15037,Fisterra,A Coruña
15037,Fisterra / Finisterre,A Coruña
15037,Fisterra Finisterre,A Coruña
15038,Fradense,A Coruña
15038,Frades,A Coruña
15039,Irijoa,A Coruña
15039,Irijóa,A Coruña
15039,Irixoa,A Coruña
15039,Yrijoa,A Coruña
15039,concello de Irixoa,A Coruña
15040,Lage,A Coruña
15040,Lage (La Coruña),A Coruña
15040,Laxe,A Coruña
15041,A Laracha,A Coruña
15041,Laracha,A Coruña
15041,"Laracha, A",A Coruña
15042,Lousame,A Coruña
15042,lousamián,A Coruña
15043,Malpica,A Coruña
15043,Malpica de Bergantiños,A Coruña
15044,Maañón,A Coruña
15044,Mañón,A Coruña
15045,Mazaricos,A Coruña
15045,Mazaricán,A Coruña
15046,Melide,A Coruña
15046,Mellid,A Coruña
15047,Mesia,A Coruña
15047,Mesía,A Coruña
15047,concello de Mesía,A Coruña
15048,Castro,A Coruña
15048,Mino,A Coruña
15048,Miñense,A Coruña
15048,Miño,A Coruña
15048,Miño (A Coruña),A Coruña
15049,Moeche,A Coruña
15050,Monfero,A Coruña
15050,concello de Monfero,A Coruña
15051,Mugardos,A Coruña
15052,Mugía,A Coruña
15052,Muxía,A Coruña
15053,Muros,A Coruña
15053,Muros (A Coruña),A Coruña
15054,Naron,A Coruña
15054,Narón,A Coruña
15055,Neda,A Coruña
15055,Neda (A Coruña),A Coruña
15056,Aro,A Coruña
15056,Negreira,A Coruña
15057,Noia,A Coruña
15057,Noya,A Coruña
15058,Oleiros,A Coruña
15058,Olérios,A Coruña
15059,Ordenes,A Coruña
15059,Ordes,A Coruña
15059,Ordes / Ordenes,A Coruña
15059,Ordes / Órdenes,A Coruña
15059,Ordes Ordenes,A Coruña
15059,Ordes Órdenes,A Coruña
15059,Santa Maria de Ordenes,A Coruña
15059,Santa Maria de Órdenes,A Coruña
15059,Santa María de Ordenes,A Coruña
15059,Santa María de Órdenes,A Coruña
15060,Oroso,A Coruña
15061,Ortigueira,A Coruña
15061,Santa Marta de Ortigueira,A Coruña
15062,Outes,A Coruña
15063,Oza de los Rios,A Coruña
15063,Oza de los Ríos,A Coruña
15063,Oza dos Rios,A Coruña
15063,Oza dos Ríos,A Coruña
15064,Paderne,A Coruña
15065,Padron,A Coruña
15065,Padrón,A Coruña
15066,El Pino,A Coruña
15066,O Pino,A Coruña
15066,O Pino / El Pino,A Coruña
15066,O Pino El Pino,A Coruña
15066,O Pino/El Pino,A Coruña
15066,"Pino, O",A Coruña
15066,San Vicente del Pino,A Coruña
15067,A Pobra do Caraminal (La Coruna),A Coruña
15067,A Pobra do Caraminal (La Coruña),A Coruña
15067,A Pobra do Caraminal / Puebla del Caraminal,A Coruña
15067,A Pobra do Caraminal / Puebla del Caramiñal,A Coruña
15067,A Pobra do Caraminal Puebla del Caraminal,A Coruña
15067,A Pobra do Caraminal Puebla del Caramiñal,A Coruña
15067,A Pobra do Caramiñal,A Coruña
15067,A Pobra do Caramiñal (La Coruña),A Coruña
15067,A Pobra do Caramiñal / Puebla del Caramiñal,A Coruña
15067,A Pobra do Caramiñal Puebla del Caramiñal,A Coruña
15067,A pobra do caraminal / puebla del caraminal,A Coruña
15067,A pobra do caraminal puebla del caraminal,A Coruña
15067,Caramiñal y Puebla,A Coruña
15067,La Puebla de Caraminal,A Coruña
15067,La Puebla de Caramiñal,A Coruña
15067,Pobra do Caraminal,A Coruña
15067,Pobra do Caramiñal,A Coruña
15067,"Pobra do Caramiñal, A",A Coruña
15067,Puebla del Caraminal,A Coruña
15067,Puebla del Caraminal (La Coruna),A Coruña
15067,Puebla del Caraminal (La Coruña),A Coruña
15067,Puebla del Caramiñal,A Coruña
15067,Puebla del Caramiñal (La Coruña),A Coruña
15068,Bugalleira,A Coruña
15068,Ponte Ceso,A Coruña
15068,Ponteceso,A Coruña
15068,Puente-Ceso,A Coruña
15069,Pontedeume,A Coruña
15069,Puentedeume,A Coruña
15070,As Pontes,A Coruña
15070,As Pontes de García Rodríguez,A Coruña
15070,Los Puentes de García Rodríguez,A Coruña
15070,Pontes de García Rodríguez,A Coruña
15070,Pontés,A Coruña
15070,Puentes de García Rodríguez,A Coruña
15071,O Porto do Son,A Coruña
15071,Porto do Son,A Coruña
15071,Puerto del Son,A Coruña
15071,Son,A Coruña
15072,Rianjo,A Coruña
15072,Rianxo,A Coruña
15072,Rianxo / Rianjo,A Coruña
15072,Rianxo Rianjo,A Coruña
15072,Rianzo,A Coruña
15073,Ribeira,A Coruña
15073,Rivéira,A Coruña
15073,Santa Eugenia de Ribeira,A Coruña
15074,Ayuntamiento de Rois,A Coruña
15074,Rois,A Coruña
15075,Sada,A Coruña
15075,Sada (A Coruña),A Coruña
15075,sadense,A Coruña
15075,sadés,A Coruña
15076,San Sadurnino,A Coruña
15076,San Sadurniño,A Coruña
15076,San Saturnino,A Coruña
15077,Santa Comba,A Coruña
15078,Compostela,A Coruña
15078,Sant Jaume de Compostel·la,A Coruña
15078,Sant Jaume de Galícia,A Coruña
15078,Santiago,A Coruña
15078,Santiago de Compostela,A Coruña
15078,Santiago de Compostel·la,A Coruña
15079,Santiso,A Coruña
15079,Santisés,A Coruña
15080,Sobrado,A Coruña
15080,Sobrado (A Coruña),A Coruña
15080,Sobrado de los Monjes,A Coruña
15080,Sobrado dos Monxes,A Coruña
15080,concello de Sobrado,A Coruña
15081,As Somozas,A Coruña
15081,Somocense,A Coruña
15081,Somozas,A Coruña
15081,"Somozas, As",A Coruña
15082,Teo,A Coruña
15083,Toques,A Coruña
15083,concello de Toques,A Coruña
15084,Tordoia,A Coruña
15084,Tordoia / Tordoya,A Coruña
15084,Tordoia Tordoya,A Coruña
15084,Tordoya,A Coruña
15085,Touro,A Coruña
15085,concello de Touro,A Coruña
15086,Trazo,A Coruña
15086,concello de Trazo,A Coruña
15087,Baldoviño,A Coruña
15087,Valdoviño,A Coruña
15088,Buján,A Coruña
15088,Lugares de Val do Dubra,A Coruña
15088,Val do Dubra,A Coruña
15088,Val do Dubra / Valle del Dubra,A Coruña
15088,Val do Dubra Valle del Dubra,A Coruña
15088,Valle del Dubra,A Coruña
15088,concello do Val do Dubra,A Coruña
15089,Vedra,A Coruña
15089,concello de Vedra,A Coruña
15090,Vilasantar,A Coruña
15090,Villasantar,A Coruña
15090,concello de Vilasantar,A Coruña
15091,Vilarmaior,A Coruña
15091,Villarmayor,A Coruña
15092,Vimianzo,A Coruña
15093,Zas,A Coruña
15901,Carino,A Coruña
15901,Cariño,A Coruña
15902,Oza Cesuras,A Coruña
15902,Oza-Cesuras,A Coruña
15902,concello de Oza Cesuras,A Coruña
16001,Abia de la Obispalia,Cuenca
16001,Abia de la Obispalía,Cuenca
16002,"Acebrón, El",Cuenca
16002,El Acebron,Cuenca
16002,El Acebrón,Cuenca
16003,Al Arcon,Cuenca
16003,Al Arcón,Cuenca
16003,Alarcon,Cuenca
16003,Alarcón,Cuenca
16004,Albaladejo del Cuende,Cuenca
16005,Albalat de las Nogueras,Cuenca
16005,Albalate de las Nogueras,Cuenca
16006,Albendea,Cuenca
16007,"Alberca de Záncara, La",Cuenca
16007,La Alberca de Zancara,Cuenca
16007,La Alberca de Záncara,Cuenca
16008,Alcala de la Vega,Cuenca
16008,Alcalá de la Vega,Cuenca
16009,Alcantud,Cuenca
16010,Alcazar del Rey,Cuenca
16010,Alcázar del Rey,Cuenca
16011,Alcohujate,Cuenca
16012,Alconchel de la Estrella,Cuenca
16013,Algarra,Cuenca
16014,Aliaguilla,Cuenca
16015,"Almarcha, La",Cuenca
16015,La Almarcha,Cuenca
16016,Almendros,Cuenca
16017,Almodovar del Pinar,Cuenca
16017,Almodóvar,Cuenca
16017,Almodóvar del Pinar,Cuenca
16018,Almonacid del Marquesado,Cuenca
16019,Altarejos,Cuenca
16020,Arandilla,Cuenca
16020,Arandilla del Arroyo,Cuenca
16022,Arcos de la Sierra,Cuenca
16023,Archilla de Cuenca,Cuenca
16023,Chillaron de Cuenca,Cuenca
16023,Chillarón de Cuenca,Cuenca
16024,Arguisuelas,Cuenca
16025,Arrancacepas,Cuenca
16026,Atalaya del Canavate,Cuenca
16026,Atalaya del Cañavate,Cuenca
16027,Barajas de Melo,Cuenca
16029,Barchin del Hoyo,Cuenca
16029,Barchín del Hoyo,Cuenca
16029,RARCHIRO DEL HOYO,Cuenca
16029,Rarchiro del Hoyo,Cuenca
16030,Bascunana de san pedro,Cuenca
16030,Bascuñana de San Pedro,Cuenca
16031,Beamud,Cuenca
16032,Belinchon,Cuenca
16032,Belinchón,Cuenca
16033,Belmonte,Cuenca
16034,Belmontejo,Cuenca
16035,Beteta,Cuenca
16035,Beteto,Cuenca
16036,Boniches,Cuenca
16038,Buciegas,Cuenca
16039,Buenache de Alarcon,Cuenca
16039,Buenache de Alarcón,Cuenca
16040,Buenache de la Sierra,Cuenca
16041,Buendia,Cuenca
16041,Buendía,Cuenca
16042,Campillo de Altobuey,Cuenca
16043,Campillos-Paravientos,Cuenca
16044,Campillos Sierra,Cuenca
16044,Campillos-Sierra,Cuenca
16045,Canalejas del Arroyo,Cuenca
16046,Canada del Hoyo,Cuenca
16046,Cañada del Hoyo,Cuenca
16047,Canada Juncosa,Cuenca
16047,Canadajuncosa,Cuenca
16047,Cañada Juncosa,Cuenca
16047,Cañadajuncosa,Cuenca
16048,Canamares,Cuenca
16048,Cañamares,Cuenca
16049,Canavate,Cuenca
16049,Cañavate,Cuenca
16049,"Cañavate, El",Cuenca
16049,El Canavate,Cuenca
16049,El Cañavate,Cuenca
16050,Canaveras,Cuenca
16050,Cañaveras,Cuenca
16051,Cañaveruelas,Cuenca
16052,Canyet,Cuenca
16052,Cañete,Cuenca
16053,Canizares,Cuenca
16053,Cañizares,Cuenca
16055,Carboneras de Guadazaon,Cuenca
16055,Carboneras de Guadazaón,Cuenca
16056,Cardenet,Cuenca
16056,Cardenete,Cuenca
16057,Carrascosa,Cuenca
16058,Carrascosa de Haro,Cuenca
16060,Casas de Benitez,Cuenca
16060,Casas de Benítez,Cuenca
16061,Casas de Fernando Alonso,Cuenca
16062,Casas de Garcimolina,Cuenca
16063,Casas de Guijarro,Cuenca
16064,Casas de Haro,Cuenca
16065,Casas de los Pinos,Cuenca
16066,Casasimarro,Cuenca
16067,Castejon,Cuenca
16067,Castejón,Cuenca
16068,Castillejo de Iniesta,Cuenca
16070,Castillejo Sierra,Cuenca
16070,Castillejo de la Sierra,Cuenca
16070,Castillejo de la sierra,Cuenca
16070,Castillejo-Sierra,Cuenca
16071,Castillo Albaranez,Cuenca
16071,Castillo Albarañez,Cuenca
16071,Castillo Albaránez,Cuenca
16071,Castillo Albaráñez,Cuenca
16071,Castillo-Albaranez,Cuenca
16071,Castillo-Albarañez,Cuenca
16071,Castillo-Albaránez,Cuenca
16071,Castillo-Albaráñez,Cuenca
16072,Castell de Garcimuñoz,Cuenca
16072,Castillo de Garcimunoz,Cuenca
16072,Castillo de Garcimuñoz,Cuenca
16073,Cervera del Llano,Cuenca
16074,"Cierva, La",Cuenca
16074,La Cierva,Cuenca
16078,Conca,Cuenca
16078,Cuenca,Cuenca
16079,Cueva del Hierro,Cuenca
16081,Chumillas,Cuenca
16082,Enguidanos,Cuenca
16082,Enguídanos,Cuenca
16083,Fresneda de Altarejos,Cuenca
16084,Fresneda de la Sierra,Cuenca
16085,"Frontera, La",Cuenca
16085,La Frontera,Cuenca
16086,Fuente de Pedro Naharro,Cuenca
16086,Fuente de Pedro Narro,Cuenca
16087,Fuente el Espino de Haro,Cuenca
16087,Fuentelespino de Haro,Cuenca
16088,Fuentelespino de Moya,Cuenca
16089,Fuentes,Cuenca
16091,Fuerte Escusa,Cuenca
16091,Fuerte-Escusa,Cuenca
16091,Fuertescusa,Cuenca
16092,Gabaldon,Cuenca
16092,Gabaldón,Cuenca
16093,Garaballa,Cuenca
16094,Gascuena,Cuenca
16094,Gascueña,Cuenca
16095,Graja de Campalbo,Cuenca
16095,Graja de Campalvo,Cuenca
16096,Graja de Iniesta,Cuenca
16097,Henarejos,Cuenca
16098,El Herrumblar,Cuenca
16098,"Herrumblar, El",Cuenca
16098,Herrumbrar,Cuenca
16099,Hinojosa,Cuenca
16099,"Hinojosa, La",Cuenca
16099,La Hinojosa,Cuenca
16100,Hinojosos,Cuenca
16100,"Hinojosos, Los",Cuenca
16100,Los Hinojosos,Cuenca
16101,El Hito,Cuenca
16101,"Hito, El",Cuenca
16102,Honrubia,Cuenca
16103,Hontanaya,Cuenca
16104,Hontecillas,Cuenca
16106,Horcajo,Cuenca
16106,Horcajo de Santiago,Cuenca
16107,Huelamo,Cuenca
16107,Huélamo,Cuenca
16108,Huelves,Cuenca
16109,Huerguina,Cuenca
16109,Huérguina,Cuenca
16110,Huerta de la Obispalia,Cuenca
16110,Huerta de la Obispalía,Cuenca
16111,Huerta del Marquesado,Cuenca
16112,Huet,Cuenca
16112,Huete,Cuenca
16112,Wabda,Cuenca
16112,optense,Cuenca
16113,Iniesta,Cuenca
16115,La Laguna del Marquesado,Cuenca
16115,Laguna de Bernaldet,Cuenca
16115,Laguna del Marquesado,Cuenca
16116,Lagunaseca,Cuenca
16117,Landet,Cuenca
16117,Landete,Cuenca
16118,Ledana,Cuenca
16118,Ledaña,Cuenca
16119,Leganiel,Cuenca
16121,Las Majadas,Cuenca
16121,"Majadas, Las",Cuenca
16122,Mariana,Cuenca
16123,Masegosa,Cuenca
16124,Las Mesas,Cuenca
16124,"Mesas, Las",Cuenca
16125,Minglanilla,Cuenca
16126,Mira,Cuenca
16126,Mira (Cuenca),Cuenca
16126,"Mira, Cuenca",Cuenca
16128,Monreal del Llano,Cuenca
16129,Montalbanejo,Cuenca
16130,Montalbo,Cuenca
16131,Monteagudo de las Salinas,Cuenca
16132,Mota de Altarejos,Cuenca
16133,Mota del Cuervo,Cuenca
16134,Motilla del Palancar,Cuenca
16135,Moya,Cuenca
16137,Narboneta,Cuenca
16139,Olivares de Jucar,Cuenca
16139,Olivares de Júcar,Cuenca
16140,Olmeda de la Cuesta,Cuenca
16141,Olmeda de las Valeras,Cuenca
16141,Olmeda del Rey,Cuenca
16142,Olmedilla de Alarcon,Cuenca
16142,Olmedilla de Alarcón,Cuenca
16143,Olmedilla de Eliz,Cuenca
16145,Osa de la Vega,Cuenca
16146,Pajaron,Cuenca
16146,Pajarón,Cuenca
16147,Pajaroncillo,Cuenca
16148,Palomares del Campo,Cuenca
16149,Palomera,Cuenca
16150,Paracuellos,Cuenca
16150,Paracuellos de la Vega,Cuenca
16151,Paredes,Cuenca
16151,Paredes de Melo,Cuenca
16152,La Parra de las Vegas,Cuenca
16153,El Pedernoso,Cuenca
16153,"Pedernoso, El",Cuenca
16154,Las Pedroneras,Cuenca
16154,Las Pedroñeras,Cuenca
16154,Pedroneras,Cuenca
16154,Pedroñeras,Cuenca
16154,"Pedroñeras, Las",Cuenca
16155,El Peral,Cuenca
16155,"Peral, El",Cuenca
16156,La Peraleja,Cuenca
16156,"Peraleja, La",Cuenca
16157,La Pesquera,Cuenca
16157,"Pesquera, La",Cuenca
16158,El Picazo,Cuenca
16158,"Picazo, El",Cuenca
16159,Pinarejo,Cuenca
16160,Pineda de Giguela,Cuenca
16160,Pineda de Gigüela,Cuenca
16161,Piqueras del Castillo,Cuenca
16162,Portalrubio de Guadamajud,Cuenca
16162,Portalrubio de Guadamejud,Cuenca
16163,Portilla,Cuenca
16165,Poyatos,Cuenca
16166,Pozo Amargo,Cuenca
16166,Pozoamargo,Cuenca
16167,Pozorrubio,Cuenca
16167,Pozorrubio de Santiago,Cuenca
16169,El Pozuelo,Cuenca
16169,"Pozuelo, El",Cuenca
16170,Priego,Cuenca
16171,El Provencio,Cuenca
16171,"Provencio, El",Cuenca
16172,Puebla Almenara,Cuenca
16172,Puebla de Almenara,Cuenca
16173,El Valle de Altomira,Cuenca
16173,Puebla de Don Francisco,Cuenca
16173,Valle de Altomira,Cuenca
16173,"Valle de Altomira, El",Cuenca
16174,Puebla del Salvador,Cuenca
16175,Quintanar del Rey,Cuenca
16176,Rada de Haro,Cuenca
16177,Reillo,Cuenca
16177,Reíllo,Cuenca
16181,Rozalen del Monte,Cuenca
16181,Rozalén del Monte,Cuenca
16185,Saceda Trasierra,Cuenca
16185,Saceda-Trasierra,Cuenca
16186,Saelices,Cuenca
16187,Salinas de Manzano,Cuenca
16187,Salinas del Manzano,Cuenca
16188,Los Salmeroncillos,Cuenca
16188,Salmeroncillos,Cuenca
16189,Salvacanete,Cuenca
16189,Salvacanyet,Cuenca
16189,Salvacañete,Cuenca
16190,San Clemente,Cuenca
16190,San Clemente de la Mancha,Cuenca
16190,Sant Clemente,Cuenca
16191,San Lorenzo de la Parrilla,Cuenca
16192,San Martin de Boniches,Cuenca
16192,San Martín de Boniches,Cuenca
16193,San Pedro Palmiches,Cuenca
16194,Santa Creu de Moia,Cuenca
16194,Santa Creu de Moya,Cuenca
16194,Santa Cruz de Moya,Cuenca
16195,Santa Maria del Campo Rus,Cuenca
16195,Santa María del Campo Rus,Cuenca
16196,Santa Maria de los Llanos,Cuenca
16196,Santa María de los Llanos,Cuenca
16197,Santa Maria del Val,Cuenca
16197,Santa María del Val,Cuenca
16198,Sisant,Cuenca
16198,Sisante,Cuenca
16199,Solera,Cuenca
16199,Solera de Gabaldon,Cuenca
16199,Solera de Gabaldón,Cuenca
16202,Talayuelas,Cuenca
16203,Tarancon,Cuenca
16203,Tarancón,Cuenca
16204,Tebar,Cuenca
16204,Tevar,Cuenca
16204,Tébar,Cuenca
16205,Tejadillos,Cuenca
16206,Tinajas,Cuenca
16209,Torralba,Cuenca
16211,Torrejoncillo del Rey,Cuenca
16212,Torrubia del Campo,Cuenca
16213,Torrubia del Castillo,Cuenca
16215,Tragacet,Cuenca
16215,Tragacete,Cuenca
16216,Tres Juncos,Cuenca
16216,Tresjuncos,Cuenca
16217,Tribaldos,Cuenca
16218,Conjunto Histórico de Uclés,Cuenca
16218,Mencia de Figueroa Laso de Vega,Cuenca
16218,Mencía de Figueroa Laso de Vega,Cuenca
16218,Ucles,Cuenca
16218,Uclés,Cuenca
16219,Uña,Cuenca
16224,Valdemeca,Cuenca
16225,Valdemorillo de la Sierra,Cuenca
16227,Valdemoro Sierra,Cuenca
16227,Valdemoro de la Sierra,Cuenca
16227,Valdemoro-Sierra,Cuenca
16228,Valdeolivas,Cuenca
16231,Valhermoso de la Fuente,Cuenca
16234,Valsalobre,Cuenca
16236,Valverde de Jucar,Cuenca
16236,Valverde de Júcar,Cuenca
16236,Valverde de jucar,Cuenca
16236,Valverde del Jucar,Cuenca
16236,Valverde del júcar,Cuenca
16237,Valverdejo,Cuenca
16238,Vara de Rey,Cuenca
16239,Vega del Codorno,Cuenca
16240,Bellisca,Cuenca
16240,Marques de Vellisca,Cuenca
16240,Marqués de Vellisca,Cuenca
16240,Vellisca,Cuenca
16240,Vellisquilla,Cuenca
16240,Villesca,Cuenca
16240,Villisca,Cuenca
16242,Villaconejos de Trabac,Cuenca
16242,Villaconejos de Trabaque,Cuenca
16243,Villaescusa de Haro,Cuenca
16244,Villagarcia del Llano,Cuenca
16244,Villagarcía del Llano,Cuenca
16245,Villalba de la Sierra,Cuenca
16245,Villalva de la Sierra,Cuenca
16246,Villalba del Rey,Cuenca
16247,Villalgordo del Marquesado,Cuenca
16248,Villalpardo,Cuenca
16249,Villamayor,Cuenca
16249,Villamayor de Santiago,Cuenca
16250,Villanueva de Gaudamajud,Cuenca
16250,Villanueva de Guadamejud,Cuenca
16251,Villanueva de la Jara,Cuenca
16253,Villar de Canas,Cuenca
16253,Villar de Cañas,Cuenca
16254,Villar de Domingo Garcia,Cuenca
16254,Villar de Domingo García,Cuenca
16255,Villar de la Encina,Cuenca
16258,Villar del Humo,Cuenca
16259,Villar del Infantado,Cuenca
16259,Villar del Ladron,Cuenca
16259,Villar del Ladrón,Cuenca
16263,Villar de Olalla,Cuenca
16264,Villarejo de Fuentes,Cuenca
16265,Villarejo de la Penuela,Cuenca
16265,Villarejo de la Peñuela,Cuenca
16266,Villarejo-Periesteban,Cuenca
16269,Villares del Saz,Cuenca
16270,Villarrubio,Cuenca
16271,Villarta,Cuenca
16272,Villas de la Ventosa,Cuenca
16273,Villaverde y Pasaconsol,Cuenca
16274,Villora,Cuenca
16274,Víllora,Cuenca
16275,Vindel,Cuenca
16276,Yemeda,Cuenca
16276,Yémeda,Cuenca
16277,Zafra de Zancara,Cuenca
16277,Zafra de Záncara,Cuenca
16278,La Zafriella,Cuenca
16278,Zafrilla,Cuenca
16279,Zarza de Tajo,Cuenca
16280,Zarzuela,Cuenca
16505,Garcinarro (municipio),Cuenca
16507,Jabalera (municipio),Cuenca
16508,Mazarulleque (municipio),Cuenca
16901,Campos del Paraiso,Cuenca
16901,Campos del Paraíso,Cuenca
16901,Carrascosa del Campo,Cuenca
16902,Valdetortola,Cuenca
16902,Valdetórtola,Cuenca
16903,Las Valeras,Cuenca
16903,Valera de Abajo,Cuenca
16903,"Valeras, Las",Cuenca
16904,Fuentenava de Jabaga,Cuenca
16904,Fuentenava de Jábaga,Cuenca
16905,Arcas,Cuenca
16905,Arcas del Villar,Cuenca
16906,Los Valdecolmenas,Cuenca
16906,"Valdecolmenas, Los",Cuenca
16908,Pozorrubielos de la Mancha,Cuenca
16909,Sotorribas,Cuenca
16910,Villar y Velasco,Cuenca
17001,Agullana,Girona
17002,Aiguaviva,Girona
17002,Aiguaviva de Gironès,Girona
17003,Albanya,Girona
17003,Albanyà,Girona
17004,Albons,Girona
17005,Alfar,Girona
17005,El Far d'Empordà,Girona
17005,"Far d'Empordà, El",Girona
17005,el Far d'Empordà,Girona
17006,Alp,Girona
17007,Amer,Girona
17008,Angles,Girona
17008,Anglès,Girona
17009,Arbúcies,Girona
17010,Argelaguer,Girona
17011,"Armentera, L'",Girona
17011,L'Armentera,Girona
17011,l'Armentera,Girona
17012,Avinyonet de Puigventos,Girona
17012,Avinyonet de Puigventós,Girona
17013,Begur,Girona
17014,La Vajol,Girona
17014,"Vajol, La",Girona
17014,la Vajol,Girona
17015,Banyolas,Girona
17015,Banyoles,Girona
17016,Bascara,Girona
17016,Bàscara,Girona
17018,Bellcaire d'Emporda,Girona
17018,Bellcaire d'Empordà,Girona
17019,Besalu,Girona
17019,Besalú,Girona
17020,Bescano,Girona
17020,Bescanó,Girona
17021,Beuda,Girona
17022,La Bisbal d'Emporda,Girona
17022,La Bisbal d'Empordà,Girona
17022,La Bisbal del Ampurdan,Girona
17022,la Bisbal d'Empordà,Girona
17023,Blanes,Girona
17024,Bolvir,Girona
17025,Bordils,Girona
17026,Borrassa,Girona
17026,Borrassà,Girona
17027,Breda,Girona
17028,Brunyola,Girona
17028,Brunyola i Sant Martí Sapresa,Girona
17029,Boadella d'Emporda,Girona
17029,Boadella d'Empordà,Girona
17029,Boadella i les Escaules,Girona
17030,Cabanes,Girona
17030,Cabanes (Alt Empordà),Girona
17031,Cabanelles,Girona
17032,Cadaques,Girona
17032,Cadaqués,Girona
17032,Núcleo urbano de Cadaqués,Girona
17033,Caldes de Malavella,Girona
17034,Calonge,Girona
17034,Calonge i Sant Antoni,Girona
17035,Camos,Girona
17035,Camós,Girona
17036,Campdevanol,Girona
17036,Campdevànol,Girona
17037,Campelles,Girona
17038,Campllong,Girona
17039,Camprodon,Girona
17040,Canet d'Adri,Girona
17041,Cantallops,Girona
17042,Campmany,Girona
17042,Capmany,Girona
17043,Queralbs,Girona
17044,Cassà de la Selva,Girona
17046,Castellfollit de la Roca,Girona
17047,Castello d'Empuries,Girona
17047,Castellon de Ampurias,Girona
17047,Castelló d'Empúries,Girona
17048,"Castell d'Aro, Platja d'Aro i s'Agaró",Girona
17048,Castell i Platja d'Aro,Girona
17048,Castell-Platja d'Aro,Girona
17049,Celra,Girona
17049,Celrà,Girona
17050,Cervia de Ter,Girona
17050,Cervià de Ter,Girona
17051,Cistella,Girona
17052,Siurana,Girona
17052,Siurana d'Empordà,Girona
17054,Colera,Girona
17055,Colomers,Girona
17055,Colomes,Girona
17056,Cornella del Terri,Girona
17056,Cornellà del Terri,Girona
17057,Corsa,Girona
17057,Corçà,Girona
17058,Crespia,Girona
17058,Crespià,Girona
17060,Darnius,Girona
17061,Das,Girona
17062,"Escala, L'",Girona
17062,L'Escala,Girona
17062,l'Escala,Girona
17063,Espinelves,Girona
17064,Espolla,Girona
17065,Esponella,Girona
17065,Esponellà,Girona
17066,Figueras,Girona
17066,Figueres,Girona
17067,Flassa,Girona
17067,Flaçà,Girona
17068,Foixa,Girona
17068,Foixà,Girona
17069,Fontanals de Cerdanya,Girona
17070,Fontanilles,Girona
17071,Fontcoberta,Girona
17073,Fornells de la Selva,Girona
17074,Fortia,Girona
17074,Fortià,Girona
17075,Garrigas,Girona
17075,Garrigàs,Girona
17076,Garrigoles,Girona
17077,Garriguella,Girona
17078,Ger,Girona
17079,Chirona,Girona
17079,Girona,Girona
17079,Xirona,Girona
17080,Gombrèn,Girona
17081,Gualta,Girona
17082,Guils de Cerdanya,Girona
17083,Hostalric,Girona
17084,Isobol,Girona
17084,Isòvol,Girona
17085,Jafre,Girona
17086,"Jonquera, La",Girona
17086,La Jonquera,Girona
17086,la Jonquera,Girona
17086000400,Montaña de Recasens,Girona
17086000400,Montañas de Recasens,Girona
17086000400,Muntanya de Requesens,Girona
17086000400,Requesens,Girona
17086000400,muntanya de Requesens,Girona
17087,Juia,Girona
17087,Juià,Girona
17087,Juya,Girona
17088,Llado,Girona
17088,Lladó,Girona
17088,Lledó,Girona
17088,Lledó d'Empordà,Girona
17089,Llagostera,Girona
17090,Llambilles,Girona
17091,Llanars,Girona
17091,Llanas,Girona
17092,Llansa,Girona
17092,Llançà,Girona
17093,Llers,Girona
17094,Llívia,Girona
17095,Lauredo,Girona
17095,Lloret de Mar,Girona
17096,Les Llosses,Girona
17096,"Llosses, Les",Girona
17096,les Llosses,Girona
17097,Madremanya,Girona
17098,Maia de Montcal,Girona
17098,Maià,Girona
17098,Maià de Montcal,Girona
17099,Meranges,Girona
17100,Masarac,Girona
17100,Masarac i Vilarnadal,Girona
17101,Massanes,Girona
17101,Maçanes,Girona
17102,Maçanet de Cabrenys,Girona
17103,Massanet,Girona
17103,Massanet de la Selva,Girona
17103,Maçanet,Girona
17103,Maçanet de la Selva,Girona
17105,Mieres,Girona
17106,Mollet de Peralada,Girona
17106,Mollet prop Peralada,Girona
17107,Mollo,Girona
17107,Molló,Girona
17109,Montagut de Fluvià,Girona
17109,Montagut i Oix,Girona
17110,Mont-ras,Girona
17110,Montras,Girona
17111,Navata,Girona
17112,Ogassa,Girona
17114,Alot,Girona
17114,Aulot,Girona
17114,Olot,Girona
17114,Ulot,Girona
17115,Ordis,Girona
17116,Osor,Girona
17117,Palafrugell,Girona
17118,Palamos,Girona
17118,Palamós,Girona
17119,Palau de Santa Eulàlia,Girona
17120,Palau-saverdera,Girona
17121,Palau-sator,Girona
17123,Palol de Revardit,Girona
17124,Pals,Girona
17125,Pardines,Girona
17126,Parlaba,Girona
17126,Parlava,Girona
17126,Parlavà,Girona
17128,Pau,Girona
17128,Pau (Alt Empordà),Girona
17129,Pedret i Marzà,Girona
17129,Pedret y Marsa,Girona
17129,"Pedret, Marzà i la Serra",Girona
17130,La Pera,Girona
17130,"Pera, La",Girona
17130,la Pera,Girona
17132,Peralada,Girona
17133,Las Planas,Girona
17133,Les Planes d'Hostoles,Girona
17133,"Planes d'Hostoles, Les",Girona
17133,les Planes d'Hostoles,Girona
17134,Planoles,Girona
17135,Pont de Molins,Girona
17136,Pontos,Girona
17136,Pontós,Girona
17137,Porqueres,Girona
17138,Port Bou,Girona
17138,Portbou,Girona
17139,Les Preses,Girona
17139,"Preses, Les",Girona
17139,les Preses,Girona
17140,El Port de la Selva,Girona
17140,Port de la Selva,Girona
17140,"Port de la Selva, El",Girona
17140,el Port de la Selva,Girona
17141,Puicerdán,Girona
17141,Puigcerda,Girona
17141,Puigcerdà,Girona
17142,Quart,Girona
17143,Rabos,Girona
17143,Rabós,Girona
17144,Regencos,Girona
17144,Regencós,Girona
17145,Ribes de Freser,Girona
17146,Riells i Viabrea,Girona
17147,Ripoll,Girona
17148,Riudarenes,Girona
17149,Ridaura,Girona
17149,Riudaura,Girona
17150,Riudellots de la Selva,Girona
17151,Riumors,Girona
17152,Roses,Girona
17153,Rupia,Girona
17153,Rupià,Girona
17154,Sales de Llierca,Girona
17155,Salt,Girona
17155,Salto,Girona
17155,Saltu,Girona
17157,Sant Andreu,Girona
17157,Sant Andreu Salou,Girona
17158,Sant Climent Sescebes,Girona
17159,San Feliu de Buxalleu,Girona
17159,Sant Feliu de Buixalleu,Girona
17160,San Feliu de Guixols,Girona
17160,Sant Feliu de Guixols,Girona
17160,Sant Feliu de Guíxols,Girona
17161,Sant Feliu de Pallerols,Girona
17162,Sant Ferriol,Girona
17163,Sant Gregori,Girona
17164,Sant Hilari,Girona
17164,Sant Hilari Sacalm,Girona
17165,Palau d'Avall,Girona
17165,Palau de Montagut,Girona
17165,Sant Jaume de Llierca,Girona
17166,Sant Jordi Desvalls,Girona
17167,Sant Joan de les Abadesses,Girona
17168,Sant Joan de Mollet,Girona
17169,San Julian de Ramis,Girona
17169,Sant Julia de Ramis,Girona
17169,Sant Julià de Ramis,Girona
17169000200,Medinyà,Girona
17170,Vallfogona de Ripolles,Girona
17170,Vallfogona de Ripollès,Girona
17171,Sant Llorenç de la Muga,Girona
17172,San Martin de Liemana,Girona
17172,Sant Marti de Llemena,Girona
17172,Sant Martí de Llémena,Girona
17173,Sant Martí Vell,Girona
17174,Sant Miquel de Campmajor,Girona
17175,San Miguel de Fluvia,Girona
17175,Sant Miquel de Fluvia,Girona
17175,Sant Miquel de Fluvià,Girona
17176,Sant Mori,Girona
17177,San Pablo de Seguries,Girona
17177,Sant Pau de Seguries,Girona
17177,Sant Pau de Segúries,Girona
17178,Sant Pere Pescador,Girona
17180,Santa Coloma de Farners,Girona
17181,Santa Cristina d'Aro,Girona
17182,Santa Llogaia d'Alguema,Girona
17182,Santa Llogaia d'Àlguema,Girona
17183,Sant Aniol de Finestras,Girona
17183,Sant Aniol de Finestres,Girona
17184,Santa Pau,Girona
17185,Sant Joan les Fonts,Girona
17186,Sarria de Ter,Girona
17186,Sarrià de Ter,Girona
17187,Saus,Girona
17187,"Saus, Camallera i Llampaies",Girona
17187,"Saus, Camallera y Llampaies",Girona
17187,"Saus, Camallera y Llampayas",Girona
17188,La Selva de Mar,Girona
17188,Selva de Mar,Girona
17188,"Selva de Mar, La",Girona
17188,la Selva de Mar,Girona
17189,La Cellera,Girona
17189,La Cellera d'Anglès,Girona
17189,La Cellera de Cabrera,Girona
17189,La Cellera de Ter,Girona
17189,la Cellera de Ter,Girona
17190,Serinyà,Girona
17191,Serra de Daro,Girona
17191,Serra de Daró,Girona
17192,Setcases,Girona
17193,Sils,Girona
17194,Susqueda,Girona
17195,La Tallada d'Emporda,Girona
17195,La Tallada d'Empordà,Girona
17195,Tallada d'Empordà,Girona
17195,"Tallada d'Empordà, La",Girona
17195,la Tallada,Girona
17195,la Tallada d'Empordà,Girona
17196,Terrades,Girona
17197,Torrent,Girona
17197,Torrent (Baix Empordà),Girona
17198,Torroella de Fluvia,Girona
17198,Torroella de Fluvià,Girona
17199,Tarruella,Girona
17199,Torroella,Girona
17199,Torroella de Montgrí,Girona
17200,Tortella,Girona
17200,Tortellà,Girona
17201,San Cristobal de Tosas,Girona
17201,Toses,Girona
17202,Tossa de Mar,Girona
17203,Ultramort,Girona
17204,Ulla,Girona
17204,Ullà,Girona
17205,Ullastret,Girona
17206,Urus,Girona
17206,Urús,Girona
17207,La Vall d'en Bas,Girona
17207,Vall d'en Bas,Girona
17207,"Vall d'en Bas, La",Girona
17207,la Vall d'en Bas,Girona
17208,La Vall de Bianya,Girona
17208,"Vall de Bianya, La",Girona
17208,la Vall de Bianya,Girona
17209,Vall-llobrega,Girona
17210,Ventallo,Girona
17210,Ventalló,Girona
17211,Verges,Girona
17212,Vidra,Girona
17212,Vidrà,Girona
17213,Vidreres,Girona
17214,Vilabertran,Girona
17215,Vilablareix,Girona
17216,Viladasens,Girona
17217,Viladamat,Girona
17218,Vilademuls,Girona
17220,Viladrau,Girona
17221,Vilafant,Girona
17222,Vilaur,Girona
17222,Vilaür,Girona
17223,Vilajuiga,Girona
17223,Vilajuïga,Girona
17224,Vilallonga de Ter,Girona
17225,Vilamacolum,Girona
17226,Vilamalla,Girona
17227,Vilamaniscle,Girona
17228,Vilanant,Girona
17230,Vila-sacra,Girona
17232,Vilopriu,Girona
17233,Vilobi d'Onyar,Girona
17233,Vilobí d'Onyar,Girona
17234,Biure,Girona
175006,Armadas,Girona
175006,Armadas (municipio),Girona
175006,Ermedàs i Vilajoan,Girona
17901,"Cruilles, Monells y San Sadurni",Girona
17901,"Cruïlles, Monells i Sant Sadurní de l'Heura",Girona
17902,Forallac,Girona
17902,"Vulpellac, Fonteta i Peratallada",Girona
17903,Sant Julia del Llor i Bonmati,Girona
17903,Sant Julià del Llor i Bonmatí,Girona
18001,Agron,Granada
18001,Agrón,Granada
18002,Alamedilla,Granada
18003,Albolote,Granada
18004,Albondon,Granada
18004,Albondón,Granada
18005,Albuñan,Granada
18005,Albuñán,Granada
18006,Albuñol,Granada
18007,Abunuelas,Granada
18007,Abuñuelas,Granada
18007,Albunuelas,Granada
18007,Albuñuelas,Granada
18007,Las Albuñuelas,Granada
18010,Aldeire,Granada
18011,Alfacar,Granada
18012,Algarinejo,Granada
18013,Alhama de Granada,Granada
18013,Granadako Alhama,Granada
18014,Alhendin,Granada
18014,Alhendín,Granada
18015,Alicun de Ortega,Granada
18015,Alicún de Ortega,Granada
18016,Almegijar,Granada
18016,Almegíjar,Granada
18017,Almonyècar,Granada
18017,Almuñecar,Granada
18017,Almuñécar,Granada
18018,Alquife,Granada
18020,Arenas del Rey,Granada
18020,Arenys del Rei,Granada
18021,Armilla,Granada
18022,Atarfe,Granada
18023,Baza,Granada
18024,Beas de Granada,Granada
18025,Beas de Guadix,Granada
18027,Benalúa,Granada
18027,Benalúa (comarca de Guadix),Granada
18027,Benalúa de Guadix,Granada
18028,Benalua de las Villas,Granada
18028,Benalúa de las Villas,Granada
18029,Benamaurel,Granada
18029,Benamorell,Granada
18030,Bérchules,Granada
18030,Los Bérchules,Granada
18032,Bobió,Granada
18032,Bubion,Granada
18032,Bubión,Granada
18033,Busquistar,Granada
18033,Busquístar,Granada
18034,Cacin,Granada
18034,Cacín,Granada
18035,Cadiar,Granada
18035,Cádiar,Granada
18036,Cájar,Granada
18037,Calicasas,Granada
18037,Calicases,Granada
18037,Cal·licases,Granada
18038,Campotejar,Granada
18038,Campotéjar,Granada
18039,Caniles,Granada
18040,Cáñar,Granada
18042,Capileira,Granada
18043,Carataunas,Granada
18044,Castaras,Granada
18044,Cástaras,Granada
18045,Castillejar,Granada
18045,Castillejar de los Rios,Granada
18045,Castillejar de los Ríos,Granada
18045,Castilléjar,Granada
18045,Castilléjar de los Rios,Granada
18045,Castilléjar de los Ríos,Granada
18046,Castril,Granada
18046,Castril de la Peña,Granada
18046,Castrileny,Granada
18046,Castrilenya,Granada
18047,Cenes,Granada
18047,Cenes de la Vega,Granada
18048,Cijuela,Granada
18049,Cogollos de Guadix,Granada
18050,Cogollos Vega,Granada
18050,Cogollos de la Vega,Granada
18051,Colomera,Granada
18053,Cortes de Baza,Granada
18054,Cortes eta Graena,Granada
18054,Cortes y Graena,Granada
18054,Corts i Graena,Granada
18056,Cullar,Granada
18056,Cullar de Baza,Granada
18056,Cullar-Baza,Granada
18056,Cúllar,Granada
18056,Cúllar de Baza,Granada
18056,Cúllar-Baza,Granada
18057,Cúllar Vega,Granada
18059,Chauchina,Granada
18061,Chimeneas,Granada
18062,Churriana de la Vega,Granada
18063,Darro,Granada
18064,Dehesas de Guadix,Granada
18065,Dehesas Viejas,Granada
18066,Daifontes,Granada
18066,Deifontes,Granada
18067,Diezma,Granada
18068,Dilar,Granada
18068,Dílar,Granada
18069,Dólar,Granada
18070,Dudar,Granada
18070,Dúdar,Granada
18071,Dúrcal,Granada
18072,Escuzar,Granada
18072,Escòssar,Granada
18072,Escúzar,Granada
18074,Ferreira,Granada
18076,Fonelas,Granada
18076,Foneles,Granada
18077,Fornes,Granada
18078,Freila,Granada
18079,Fuente Vaqueros,Granada
18079,Fuente-Vaqueros,Granada
18079,Fuentevaqueros,Granada
18082,Galera,Granada
18083,El Gobernador,Granada
18083,Gobernador,Granada
18084,Gojar,Granada
18084,Gójar,Granada
18085,Gor,Granada
18086,Gorafe,Granada
18087,Gharnata,Granada
18087,Granada,Granada
18088,Guadahortuna,Granada
18089,Acci,Granada
18089,Guadix,Granada
18093,Castell de Ferro - Gualchos,Granada
18093,Castell de Ferro-Gualchos,Granada
18093,Gualchos,Granada
18093,Gualchos - Castell de Ferro,Granada
18093,Gualchos Castell de Ferro,Granada
18093,Gualchos-Castell de Ferro,Granada
18094,Guejar Sierra,Granada
18094,Güéjar,Granada
18094,Güéjar Sierra,Granada
18095,Guevejar,Granada
18095,Güevéjar,Granada
18096,Huelago,Granada
18096,Huélago,Granada
18097,Hueneja,Granada
18097,Huéneja,Granada
18098,Huescar,Granada
18098,Huéscar,Granada
18099,Huétor Santillán,Granada
18099,Huétor de Santillán,Granada
18100,Huetor-Tajar,Granada
18100,Huetor-Tájar,Granada
18100,Huétor Tájar,Granada
18100,Huétor-Tajar,Granada
18100,Huétor-Tájar,Granada
18101,Huetor Vega,Granada
18101,Huetor-Vega,Granada
18101,Huétor Vega,Granada
18101,Huétor-Vega,Granada
18102,Illora,Granada
18102,Íllora,Granada
18103,Itrabo,Granada
18103,Ítrabo,Granada
18105,Iznalloz,Granada
18106,Játar,Granada
18107,Jayena,Granada
18108,Jeres del marquesado,Granada
18108,Jerez del Marquesado,Granada
18108,Jérez del Marquesado,Granada
18109,Jete,Granada
18111,Jun,Granada
18112,Juviles,Granada
18114,Calahorra,Granada
18114,"Calahorra, La",Granada
18114,La Calahorra,Granada
18114,Lacalahorra,Granada
18115,Lachar,Granada
18115,Láchar,Granada
18116,Lanjaron,Granada
18116,Lanjarón,Granada
18117,Lanteira,Granada
18119,Lecrin,Granada
18119,Lecrín,Granada
18120,Lentegi,Granada
18120,Lentegí,Granada
18120,Lenteji,Granada
18120,Lentejí,Granada
18121,Lobras,Granada
18122,Loja,Granada
18123,Lugros,Granada
18124,Lujar,Granada
18124,Lújar,Granada
18126,La Malaha,Granada
18126,La Malahá,Granada
18126,Malahá,Granada
18126,"Malahá, La",Granada
18127,Macarena,Granada
18127,Maracena,Granada
18128,Marchal,Granada
18132,Moclin,Granada
18132,Moclín,Granada
18133,Molvizar,Granada
18133,Molvízar,Granada
18134,Monachil,Granada
18135,Montefrio,Granada
18135,Montefrío,Granada
18136,Montejicar,Granada
18136,Montejícar,Granada
18137,La Montillana,Granada
18137,Montillana,Granada
18138,Moraleda de Zafayona,Granada
18140,Motril,Granada
18141,Murtas,Granada
18143,Niguelas,Granada
18143,Nigüelas,Granada
18144,Nívar,Granada
18145,Los Ogijares,Granada
18145,Los Ogíjares,Granada
18145,Ogijares,Granada
18145,Ogíjares,Granada
18145,Ojijares,Granada
18146,Orce,Granada
18147,Orgiva,Granada
18147,Órgiva,Granada
18148,Otivar,Granada
18148,Otívar,Granada
18149,Otura,Granada
18149,Villa de Otura,Granada
18150,El Padul,Granada
18150,Padul,Granada
18151,Pampaneira,Granada
18152,Pedro Martínez,Granada
18153,Peligros,Granada
18154,La Peza,Granada
18154,Lapeza,Granada
18154,"Peza, La",Granada
18157,Pinos - Genil,Granada
18157,Pinos Genil,Granada
18157,Pinos-Genil,Granada
18158,Pinos Puente,Granada
18158,Pinos-Puente,Granada
18159,Piñar,Granada
18159,Píñar,Granada
18161,Policar,Granada
18161,Polícar,Granada
18162,Polopos,Granada
18162,Polopos - La Mamola,Granada
18162,Polopos-La Mamola,Granada
18163,Portugos,Granada
18163,Pórtugos,Granada
18164,La Puebla de Don Fadrique,Granada
18164,La Puebla de don Fadrique,Granada
18164,Puebla de Don Fadrique,Granada
18165,Pulianas,Granada
18167,Purullena,Granada
18168,Quéntar,Granada
18170,Rubite,Granada
18171,El Salar,Granada
18171,El Salar de Loja,Granada
18171,Salar,Granada
18171,"Salar, Granada",Granada
18173,Salobreña,Granada
18174,Santa Creu del Comerç,Granada
18174,Santa Cruz del Comercio,Granada
18175,Santa Fe,Granada
18176,Soportujar,Granada
18176,Soportújar,Granada
18177,Sorvilan,Granada
18177,Sorvilán,Granada
18178,Torre Cardela,Granada
18178,Torre-Cardela,Granada
18178,Torrecardela,Granada
18179,Torvizcon,Granada
18179,Torvizcón,Granada
18180,Trevelez,Granada
18180,Trevélez,Granada
18181,Turon,Granada
18181,Turón,Granada
18182,Ugijar,Granada
18182,Ugíjar,Granada
18183,Valor,Granada
18183,Válor,Granada
18184,Velez de Benaudalla,Granada
18184,Vélez de Benaudalla,Granada
18185,Las Ventas,Granada
18185,Ventas de Huelma,Granada
18187,Vilanova de les Torres,Granada
18187,Villanueva de las Torres,Granada
18188,Vilanova Mesia,Granada
18188,Villanueva Mesia,Granada
18188,Villanueva Mesía,Granada
18188,Villanueva de Mesia,Granada
18188,Villanueva de Mesía,Granada
18189,Víznar,Granada
18192,Zafarraya,Granada
18193,La Zubia,Granada
18193,Zubia,Granada
18194,Zujar,Granada
18194,Zújar,Granada
18901,La Taha,Granada
18901,La Tahá,Granada
18901,Taha,Granada
18901,Taha (La),Granada
18901,"Taha, La",Granada
18902,El Valle,Granada
18902,"Valle, El",Granada
18903,Nevada,Granada
18904,Alpujarra de la Sierra,Granada
18905,Gabia,Granada
18905,"Gabias, Las",Granada
18905,Las Gabias,Granada
18905,la Gabia,Granada
18906,"Guájares, Los",Granada
18906,Los Guájares,Granada
18907,Valle del Zalabi,Granada
18907,Valle del Zalabí,Granada
18908,Villamena,Granada
18909,Morelabor,Granada
18909,Morelábor,Granada
18910,El Pinar,Granada
18910,El Pinar (Granada),Granada
18911,Vegas del Genil,Granada
18912,Coves del Camp,Granada
18912,Cuevas del Campo,Granada
18913,Zagra,Granada
18914,Valderrubio,Granada
18915,Domingo Pérez,Granada
18915,Domingo Pérez de Granada,Granada
18916,Torrenueva,Granada
18916,Torrenueva Costa,Granada
19001,Abanades,Guadalajara
19001,Abánades,Guadalajara
19002,Ablanque,Guadalajara
19003,Adobes,Guadalajara
19003,Adoves,Guadalajara
19004,Alaminos,Guadalajara
19005,Alarilla,Guadalajara
19006,Albalate de Zorita,Guadalajara
19007,Albares,Guadalajara
19008,Albendiego,Guadalajara
19009,Alcocer,Guadalajara
19010,Alcolea de las Penas,Guadalajara
19010,Alcolea de las Peñas,Guadalajara
19011,Alcolea del Ducado,Guadalajara
19011,Alcolea del Pinar,Guadalajara
19013,Alcoroches,Guadalajara
19015,Aldeanueva,Guadalajara
19015,Aldeanueva de Guadalajara,Guadalajara
19016,Algar de Mesa,Guadalajara
19017,Algora,Guadalajara
19018,Alhondiga,Guadalajara
19018,Alhóndiga,Guadalajara
19019,Alique,Guadalajara
19020,Almadrones,Guadalajara
19021,Almoguera,Guadalajara
19022,Almonacid de Zorita,Guadalajara
19023,Alocen,Guadalajara
19023,Alocén,Guadalajara
19024,Alovera,Guadalajara
19027,Alustante,Guadalajara
19031,Angon,Guadalajara
19031,Angón,Guadalajara
19032,Anguita,Guadalajara
19032,Castro del Hocincavero,Guadalajara
19032,Los Castillejos,Guadalajara
19032,Pena el Aguila,Guadalajara
19032,Pena el Águila,Guadalajara
19032,Peña el Aguila,Guadalajara
19032,Peña el Águila,Guadalajara
19032,Ratilla,Guadalajara
19033,Anquela del Ducado,Guadalajara
19033,Tobillos,Guadalajara
19034,Anguela del Pedregal o de la Seca,Guadalajara
19034,Anquela del Pedregal,Guadalajara
19036,Aranzueque,Guadalajara
19037,Arbancon,Guadalajara
19037,Arbancón,Guadalajara
19038,Arbeteta,Guadalajara
19039,Algecilla,Guadalajara
19039,Argecilla,Guadalajara
19040,Armallones,Guadalajara
19041,Armuna de Tajuña,Guadalajara
19041,Armuña,Guadalajara
19041,Armuña de Tajuña,Guadalajara
19042,Arroyo de Fraguas,Guadalajara
19042,Arroyo de las Fraguas,Guadalajara
19043,Atanzon,Guadalajara
19043,Atanzón,Guadalajara
19044,Atienza,Guadalajara
19045,Auñón,Guadalajara
19046,Azudense,Guadalajara
19046,Azuqueca de Henares,Guadalajara
19046,Azuqueca de Henares (Guadalajara),Guadalajara
19046,Azuqueca de henares,Guadalajara
19047,Baides,Guadalajara
19048,Baños,Guadalajara
19048,Baños de Tajo,Guadalajara
19049,Banuelos,Guadalajara
19049,Bañuelos,Guadalajara
19050,Barriopedro,Guadalajara
19051,Berninches,Guadalajara
19052,"Bodera, La",Guadalajara
19052,La Bodera,Guadalajara
19053,Brihuega,Guadalajara
19053,Brihuega (Guadalajara),Guadalajara
19054,Budia,Guadalajara
19055,Bujalaro,Guadalajara
19057,Bustares,Guadalajara
19058,Cabanillas del Campo,Guadalajara
19059,Campillo de Duenas,Guadalajara
19059,Campillo de Dueñas,Guadalajara
19060,Campillo de Ranas,Guadalajara
19061,Campisabalos,Guadalajara
19061,Campisábalos,Guadalajara
19064,Canredondo,Guadalajara
19065,Cantalojas,Guadalajara
19066,Canizar,Guadalajara
19066,Cañizar,Guadalajara
19067,Cardoso de la Sierra,Guadalajara
19067,"Cardoso de la Sierra, El",Guadalajara
19067,El Cardoso,Guadalajara
19067,El Cardoso de la Sierra,Guadalajara
19070,Casa Uceda,Guadalajara
19070,Casa de Uceda,Guadalajara
19070,Casas de Uceda,Guadalajara
19071,"Casar, El",Guadalajara
19071,El Casar,Guadalajara
19071,El Casar de Talamanca,Guadalajara
19073,Casas de San Galindo,Guadalajara
19074,Caspueñas,Guadalajara
19075,Castejon de Henares,Guadalajara
19075,Castejón de Henares,Guadalajara
19076,Castellar de la Muela,Guadalajara
19078,Castilforte,Guadalajara
19079,Castilnuevo,Guadalajara
19080,Cendejas de Enmedio,Guadalajara
19081,Cendejas de la Torre,Guadalajara
19082,Centenera,Guadalajara
19086,Cifuentes,Guadalajara
19087,Cinco Villas,Guadalajara
19087,Cincovillas,Guadalajara
19088,Ciruelas,Guadalajara
19089,Ciruelos del Pinar,Guadalajara
19090,Cobeta,Guadalajara
19091,Cogollor,Guadalajara
19092,Cogolludo,Guadalajara
19095,Condemios de Abajo,Guadalajara
19096,Condemios de Arriba,Guadalajara
19097,Congostrina,Guadalajara
19098,Copernal,Guadalajara
19099,Corduente,Guadalajara
19102,"Cubillo de Uceda, El",Guadalajara
19102,El Cubillo,Guadalajara
19102,El Cubillo de Uceda,Guadalajara
19103,Checa,Guadalajara
19104,Chequilla,Guadalajara
19105,Chiloeches,Guadalajara
19106,Chillaron del Rey,Guadalajara
19106,Chillarón del Rey,Guadalajara
19107,Driebes,Guadalajara
19108,Duron,Guadalajara
19108,Durón,Guadalajara
19109,Embid,Guadalajara
19109,Embit,Guadalajara
19110,Escamilla,Guadalajara
19111,Escariche,Guadalajara
19112,Escopete,Guadalajara
19113,Espinosa de Henares,Guadalajara
19114,Esplegares,Guadalajara
19115,Estables,Guadalajara
19115,Establés,Guadalajara
19116,Estriegana,Guadalajara
19116,Estriégana,Guadalajara
19116,Estriéngana,Guadalajara
19117,Fontanar,Guadalajara
19118,Fuembellida,Guadalajara
19119,Fuencemillan,Guadalajara
19119,Fuencemillán,Guadalajara
19120,Fuentelahiguera,Guadalajara
19120,Fuentelahiguera de Albatages,Guadalajara
19121,Fuentelencina,Guadalajara
19122,Fuentelsaz,Guadalajara
19122,Fuentelsaz del Campo,Guadalajara
19123,Fuentelviejo,Guadalajara
19124,Fuentenovilla,Guadalajara
19125,Gajanejos,Guadalajara
19125,Grajanejos,Guadalajara
19126,Galapagos,Guadalajara
19126,Galápagos,Guadalajara
19127,Galve de Sorbe,Guadalajara
19129,Gascuena de Bornova,Guadalajara
19129,Gascueña de Bornova,Guadalajara
19130,Guadalachara,Guadalajara
19130,Guadalajara,Guadalajara
19130,Guadalaxara,Guadalajara
19132,Henche,Guadalajara
19133,Heras,Guadalajara
19133,Heras de Ayuso,Guadalajara
19134,Ferrería,Guadalajara
19134,Herreria,Guadalajara
19134,Herrería,Guadalajara
19135,Hiendelaencina,Guadalajara
19135,Las Minas,Guadalajara
19136,Hijes,Guadalajara
19138,Hita,Guadalajara
19139,Hombrados,Guadalajara
19142,Hontoba,Guadalajara
19142,Hontova,Guadalajara
19143,Horche,Guadalajara
19145,Hortezuela de Ocen,Guadalajara
19145,Hortezuela de Océn,Guadalajara
19146,"Huerce, La",Guadalajara
19146,La Huerce,Guadalajara
19147,Huermeces del Cerro,Guadalajara
19147,Huérmeces del Cerro,Guadalajara
19148,Huertahernando,Guadalajara
19150,Hueva,Guadalajara
19151,Humanes,Guadalajara
19151,Humanes de Mohernando,Guadalajara
19152,Illana,Guadalajara
19153,Iniestola,Guadalajara
19153,Iniéstola,Guadalajara
19154,"Inviernas, Las",Guadalajara
19154,Las Ibiernas,Guadalajara
19154,Las Inviernas,Guadalajara
19155,Irueste,Guadalajara
19156,Jadraque,Guadalajara
19157,Jirueque,Guadalajara
19159,Ledanca,Guadalajara
19160,Loranca de Tajuña,Guadalajara
19161,Lupiana,Guadalajara
19162,Luzaga,Guadalajara
19163,Luzon,Guadalajara
19163,Luzón,Guadalajara
19165,Majada el Rayo,Guadalajara
19165,Majaelrayo,Guadalajara
19166,Malaga del Fresno,Guadalajara
19166,Málaga del Fresno,Guadalajara
19167,Malaguilla,Guadalajara
19168,Mandayona,Guadalajara
19169,Mantiel,Guadalajara
19170,Maranchon,Guadalajara
19170,Maranchón,Guadalajara
19171,Marchamalo,Guadalajara
19172,Masegoso de Tajuna,Guadalajara
19172,Masegoso de Tajuña,Guadalajara
19173,Matarrubia,Guadalajara
19174,Matillas,Guadalajara
19175,Mazarete,Guadalajara
19176,Mazuecos,Guadalajara
19177,Medranda,Guadalajara
19178,Megina,Guadalajara
19179,Membrillera,Guadalajara
19181,Miedes de Atienza,Guadalajara
19182,La Mierla,Guadalajara
19182,"Mierla, La",Guadalajara
19183,Milmarcos,Guadalajara
19184,Millana,Guadalajara
19185,La Minosa,Guadalajara
19185,La Miñosa,Guadalajara
19186,Mirabueno,Guadalajara
19187,Miralrio,Guadalajara
19187,Miralrío,Guadalajara
19188,Mochales,Guadalajara
19189,Mohernando,Guadalajara
19190,Molina,Guadalajara
19190,Molina d'Aragó,Guadalajara
19190,Molina d'Aragón,Guadalajara
19190,Molina de Aragon,Guadalajara
19190,Molina de Aragón,Guadalajara
19190,Molina de los Caballeros,Guadalajara
19190,Molina d´Aragó,Guadalajara
19191,Monasterio,Guadalajara
19192,Mondejar,Guadalajara
19192,Mondéjar,Guadalajara
19193,Montarron,Guadalajara
19193,Montarrón,Guadalajara
19194,Moratilla de los Meleros,Guadalajara
19195,Morenilla,Guadalajara
19196,Muduex,Guadalajara
19197,Las Navas de Jadraque,Guadalajara
19197,"Navas de Jadraque, Las",Guadalajara
19198,Negredo,Guadalajara
19199,Ocentejo,Guadalajara
19200,El Olivar,Guadalajara
19200,"Olivar, El",Guadalajara
19201,Olmeda de Cobeta,Guadalajara
19202,La Olmeda de Jadraque,Guadalajara
19202,Olmeda de Jadraque,Guadalajara
19202,"Olmeda de Jadraque, La",Guadalajara
19203,El Ordial,Guadalajara
19203,"Ordial, El",Guadalajara
19204,Orea,Guadalajara
19208,Palmaces de Jadraque,Guadalajara
19208,Pálmaces de Jadraque,Guadalajara
19209,Pardos,Guadalajara
19210,Paredes de Siguenza,Guadalajara
19210,Paredes de Sigüenza,Guadalajara
19211,Pareja,Guadalajara
19212,Pastrana,Guadalajara
19213,El Pedregal,Guadalajara
19213,"Pedregal, El",Guadalajara
19214,Penalen,Guadalajara
19214,Penalén,Guadalajara
19214,Peñalen,Guadalajara
19214,Peñalén,Guadalajara
19215,Peñalver,Guadalajara
19216,Peralejos,Guadalajara
19216,Peralejos de las Truchas,Guadalajara
19217,Peralveche,Guadalajara
19218,Pinilla de Jadraque,Guadalajara
19219,Pinilla de Molina,Guadalajara
19220,Pioz,Guadalajara
19221,Piqueras,Guadalajara
19222,El Pobo de Duenas,Guadalajara
19222,El Pobo de Dueñas,Guadalajara
19222,"Pobo de Dueñas, El",Guadalajara
19223,Poveda de la Sierra,Guadalajara
19224,Pozo,Guadalajara
19224,Pozo de Almoguera,Guadalajara
19225,Pozo,Guadalajara
19225,Pozo de Guadalajara,Guadalajara
19226,Pradena de Atienza,Guadalajara
19226,Prádena de Atienza,Guadalajara
19227,Prados Redondos,Guadalajara
19228,Puebla de Belena,Guadalajara
19228,Puebla de Beleña,Guadalajara
19229,Puebla de Valles,Guadalajara
19230,Quer,Guadalajara
19230,Quer (Guadalajara),Guadalajara
19231,Rebollosa,Guadalajara
19231,Rebollosa de Jadraque,Guadalajara
19232,El Recuenco,Guadalajara
19232,Recuenco,Guadalajara
19232,"Recuenco, El",Guadalajara
19233,Renera,Guadalajara
19234,Retiendas,Guadalajara
19235,Riba de Saelices,Guadalajara
19237,Rillo,Guadalajara
19237,Rillo de Gallo,Guadalajara
19238,Riofrio del Llano,Guadalajara
19238,Riofrío del Llano,Guadalajara
19239,Robledillo de Mohernando,Guadalajara
19240,Robledo de Corpes,Guadalajara
19241,Romanillos de Atienza,Guadalajara
19242,Romanones,Guadalajara
19243,Rueda de la Sierra,Guadalajara
19244,Sacecorbo,Guadalajara
19245,Sacedon,Guadalajara
19245,Sacedón,Guadalajara
19246,Saelices de la Sal,Guadalajara
19247,Salmeron,Guadalajara
19247,Salmerón,Guadalajara
19248,San Andres del Congosto,Guadalajara
19248,San Andrés del Congosto,Guadalajara
19249,San Andres del Rey,Guadalajara
19249,San Andrés del Rey,Guadalajara
19250,Santiuste,Guadalajara
19251,Sauca,Guadalajara
19251,Saúca,Guadalajara
19252,Sayaton,Guadalajara
19252,Sayatón,Guadalajara
19254,Selas,Guadalajara
19255,Setiles,Guadalajara
19256,Sienes,Guadalajara
19257,Siguenza,Guadalajara
19257,Sigüenza,Guadalajara
19257,municipio de Sigüenza,Guadalajara
19258,Solanillos del Extremo,Guadalajara
19259,Somolinos,Guadalajara
19260,El Sotillo,Guadalajara
19260,"Sotillo, El",Guadalajara
19261,Sotodosos,Guadalajara
19262,Tamajon,Guadalajara
19262,Tamajón,Guadalajara
19263,Taragudo,Guadalajara
19264,Taravilla,Guadalajara
19265,Tartanedo,Guadalajara
19266,Tendilla,Guadalajara
19267,Terzaga,Guadalajara
19268,Tierzo,Guadalajara
19269,La Toba,Guadalajara
19269,"Toba, La",Guadalajara
19270,Tordelrabano,Guadalajara
19270,Tordelrábano,Guadalajara
19271,Tordellego,Guadalajara
19272,Tordesilos,Guadalajara
19274,Torija,Guadalajara
19277,Torecuadrada de Molina,Guadalajara
19277,Torrecuadrada de Molina,Guadalajara
19278,Torrecuadradilla,Guadalajara
19279,Torre del Burgo,Guadalajara
19280,Torrejon del Rey,Guadalajara
19280,Torrejón del Rey,Guadalajara
19281,Torremocha,Guadalajara
19281,Torremocha de Jadraque,Guadalajara
19282,Torremocha del Campo,Guadalajara
19283,Torremocha del Pinar,Guadalajara
19284,Torremochuela,Guadalajara
19285,Torrubia,Guadalajara
19286,Tortola de Henares,Guadalajara
19286,Tórtola de Henares,Guadalajara
19287,Tortuera,Guadalajara
19288,Tortuero,Guadalajara
19289,Traid,Guadalajara
19289,Traíd,Guadalajara
19290,Trijueque,Guadalajara
19291,Trillo,Guadalajara
19293,Uceda,Guadalajara
19294,Ujados,Guadalajara
19296,Utande,Guadalajara
19297,Valdarachas,Guadalajara
19298,Valdearenas,Guadalajara
19299,Valdeavellano,Guadalajara
19300,Valdeaveruelo,Guadalajara
19301,Valdeconcha,Guadalajara
19302,Valdegrudas,Guadalajara
19303,Valdelcubo,Guadalajara
19304,Valdenuño Fernández,Guadalajara
19305,Valdepenas de la Sierra,Guadalajara
19305,Valdepeñas de la Sierra,Guadalajara
19306,Valderrebollo,Guadalajara
19307,Valdesotos,Guadalajara
19308,Valfermoso de Tajuna,Guadalajara
19308,Valfermoso de Tajuña,Guadalajara
19308,Valfermoso de las Monjas,Guadalajara
19309,Valhermoso,Guadalajara
19310,Valtablado del Rio,Guadalajara
19310,Valtablado del Río,Guadalajara
19311,Valverde de los Arroyos,Guadalajara
19314,Viana,Guadalajara
19314,Viana de Jadraque,Guadalajara
19314,Vianilla de Jadraque,Guadalajara
19317,Villanueva de Alcoron,Guadalajara
19317,Villanueva de Alcorón,Guadalajara
19318,Villanueva de Argecilla,Guadalajara
19319,Villanueva de la Torre,Guadalajara
19321,Villares de Jadraque,Guadalajara
19322,Villaseca,Guadalajara
19322,Villaseca de Henares,Guadalajara
19323,Villaseca de Uceda,Guadalajara
19324,Villel de Mesa,Guadalajara
19325,Vinuelas,Guadalajara
19325,Viñuelas,Guadalajara
19326,Yebes,Guadalajara
19327,Yebra,Guadalajara
19329,Yelamos de Abajo,Guadalajara
19329,Yelamos de Ayuso,Guadalajara
19329,Yélamos de Abajo,Guadalajara
19329,Yélamos de Ayuso,Guadalajara
19330,Yelamos de Arriba,Guadalajara
19330,Yélamos de Arriba,Guadalajara
19331,Yunquera de Henares,Guadalajara
19332,La Yunta,Guadalajara
19332,"Yunta, La",Guadalajara
19333,Zaorejas,Guadalajara
19334,Zarzuela de Jadraque,Guadalajara
19335,Zorita de los Canes,Guadalajara
19554,Romancos (municipio),Guadalajara
19901,Semillas,Guadalajara
20001,Abalcisqueta,Gipuzkoa
20001,Abalcizqueta,Gipuzkoa
20001,Abaltzisketa,Gipuzkoa
20002,Aduna,Gipuzkoa
20003,Aizarnazabal,Gipuzkoa
20003,Aizarnazabar,Gipuzkoa
20003,Aizarnazàbal,Gipuzkoa
20004,Albistur,Gipuzkoa
20004,Albiztur,Gipuzkoa
20004,Albizturtar,Gipuzkoa
20004,Albizturtarra,Gipuzkoa
20004,Albístur,Gipuzkoa
20005,Alegia,Gipuzkoa
20006,Alkiza,Gipuzkoa
20007,Altzo,Gipuzkoa
20008,Amezketa,Gipuzkoa
20008,Amezqueta,Gipuzkoa
20009,Andoain,Gipuzkoa
20010,Anoeta,Gipuzkoa
20011,Antzuola,Gipuzkoa
20012,Arama,Gipuzkoa
20013,Aretxabaleta,Gipuzkoa
20014,Asteasu,Gipuzkoa
20014,Asteazu,Gipuzkoa
20015,Ataun,Gipuzkoa
20016,Aia,Gipuzkoa
20017,Azcoitia (Guipuzcoa),Gipuzkoa
20017,Azcoitia (Guipúzcoa),Gipuzkoa
20017,Azkoiti,Gipuzkoa
20017,Azkoitia,Gipuzkoa
20017,Azkoitia (Guipuzcoa),Gipuzkoa
20017,Azkoitia (Guipúzcoa),Gipuzkoa
20017,Azkoitia / Azcoitia,Gipuzkoa
20017,Azkoitia Azcoitia,Gipuzkoa
20018,Azpeitia,Gipuzkoa
20019,Beasain,Gipuzkoa
20019,Beasain / Beasain,Gipuzkoa
20019,Beasain / Beasáin,Gipuzkoa
20019,Beasain Beasain,Gipuzkoa
20019,Beasain Beasáin,Gipuzkoa
20019,Beasáin,Gipuzkoa
20020,Beizama,Gipuzkoa
20021,Belauntza,Gipuzkoa
20022,Berastegi,Gipuzkoa
20022,Berastegui,Gipuzkoa
20023,Berrobi,Gipuzkoa
20024,Bidania-Goiatz,Gipuzkoa
20024,Bidegoian,Gipuzkoa
20025,Cegama,Gipuzkoa
20025,Zegama,Gipuzkoa
20026,Cerain,Gipuzkoa
20026,Zerain,Gipuzkoa
20027,Cestona,Gipuzkoa
20027,Zestoa,Gipuzkoa
20027,Zestoa - Cestona,Gipuzkoa
20028,Cizurquil,Gipuzkoa
20028,Zizurkil,Gipuzkoa
20029,Deba,Gipuzkoa
20029,Deba / Deva,Gipuzkoa
20029,Deba Deva,Gipuzkoa
20029,Deva,Gipuzkoa
20030,Ciudad Armera,Gipuzkoa
20030,Eibar,Gipuzkoa
20030,Eibar / Eibar,Gipuzkoa
20030,Eibar / Éibar,Gipuzkoa
20030,Eibar Eibar,Gipuzkoa
20030,Eibar Éibar,Gipuzkoa
20030,Villanueva de San Andres,Gipuzkoa
20030,Villanueva de San Andrés,Gipuzkoa
20030,Éibar,Gipuzkoa
20031,Elduain,Gipuzkoa
20032,Elgoibar,Gipuzkoa
20032,Elgoibar / Elgóibar,Gipuzkoa
20032,Elgoibar Elgóibar,Gipuzkoa
20032,Elgóibar,Gipuzkoa
20032,Elgóibar / Elgoibar,Gipuzkoa
20032,Elgóibar Elgoibar,Gipuzkoa
20033,Elgeta,Gipuzkoa
20034,Eskoriatza,Gipuzkoa
20035,Ezkio,Gipuzkoa
20035,Ezkio-Itsaso,Gipuzkoa
20035,Ezkioga,Gipuzkoa
20035,Ezquioga,Gipuzkoa
20035,Itsaso,Gipuzkoa
20035,Itsaso (Gipuzkoa),Gipuzkoa
20036,Fontarrabia,Gipuzkoa
20036,Fontarrabie,Gipuzkoa
20036,Fuenterrabia,Gipuzkoa
20036,Fuenterrabía,Gipuzkoa
20036,Hondarribi,Gipuzkoa
20036,Hondarribia,Gipuzkoa
20036,Onddarbi,Gipuzkoa
20036,Onyarbi,Gipuzkoa
20037,Gaintza,Gipuzkoa
20037,Gainza,Gipuzkoa
20038,Gabiria,Gipuzkoa
20039,Getaria,Gipuzkoa
20039,Getaria (Gipuzkoa),Gipuzkoa
20039,Getaria / Guetaria,Gipuzkoa
20039,Getaria Guetaria,Gipuzkoa
20039,Guetaria,Gipuzkoa
20040,Hernani,Gipuzkoa
20041,Hernialde,Gipuzkoa
20042,Ibarra,Gipuzkoa
20043,Idiazabal,Gipuzkoa
20043,Idiazabal / Idiazabal,Gipuzkoa
20043,Idiazabal / Idiazábal,Gipuzkoa
20043,Idiazabal Idiazabal,Gipuzkoa
20043,Idiazabal Idiazábal,Gipuzkoa
20043,Idiazábal,Gipuzkoa
20044,Ikaztegieta,Gipuzkoa
20045,Irun,Gipuzkoa
20045,Irún,Gipuzkoa
20046,Irura,Gipuzkoa
20047,Itsasondo,Gipuzkoa
20048,Larraul,Gipuzkoa
20048,Larrául,Gipuzkoa
20049,Lazcao,Gipuzkoa
20049,Lazkao,Gipuzkoa
20049,Lazkao / Lazcano,Gipuzkoa
20049,Lazkao Lazcano,Gipuzkoa
20050,Leaburu,Gipuzkoa
20050,Leaburu Charama,Gipuzkoa
20050,Leaburu Txarama,Gipuzkoa
20050,Leaburu-Charama,Gipuzkoa
20050,Leaburu-Txarama,Gipuzkoa
20051,Legazpi,Gipuzkoa
20052,Legorreta,Gipuzkoa
20053,Lezo,Gipuzkoa
20053,Lezoarra o Lezotarra,Gipuzkoa
20053,Lezon,Gipuzkoa
20054,Lizartza,Gipuzkoa
20054,Lizarza,Gipuzkoa
20055,Arrasate,Gipuzkoa
20055,Arrasate - Mondragón,Gipuzkoa
20055,Arrasate / Mondragon,Gipuzkoa
20055,Arrasate / Mondragón,Gipuzkoa
20055,Arrasate Mondragon,Gipuzkoa
20055,Arrasate Mondragón,Gipuzkoa
20055,Mondragoe,Gipuzkoa
20055,Mondragon,Gipuzkoa
20055,Mondragón,Gipuzkoa
20056,Motrico,Gipuzkoa
20056,Mutriku,Gipuzkoa
20056,Mutriku / Motrico,Gipuzkoa
20056,Mutriku Motrico,Gipuzkoa
20057,Motiloa,Gipuzkoa
20057,Mutiloa,Gipuzkoa
20058,Olaberria,Gipuzkoa
20059,Oinati,Gipuzkoa
20059,Onate,Gipuzkoa
20059,Onati,Gipuzkoa
20059,Onati / Onate,Gipuzkoa
20059,Onati / Oñate,Gipuzkoa
20059,Onati Onate,Gipuzkoa
20059,Onati Oñate,Gipuzkoa
20059,Oñate,Gipuzkoa
20059,Oñati,Gipuzkoa
20059,Oñati / Oñate,Gipuzkoa
20059,Oñati Oñate,Gipuzkoa
20060,Orexa,Gipuzkoa
20061,Orio,Gipuzkoa
20061,Oriotarra,Gipuzkoa
20062,Ormaiztegi,Gipuzkoa
20062,Ormaiztegui,Gipuzkoa
20063,Oiartzun,Gipuzkoa
20063,Oiartzun / Oyarzun,Gipuzkoa
20063,Oiartzun Oyarzun,Gipuzkoa
20063,Oyarzun,Gipuzkoa
20064,Pasai Antxo,Gipuzkoa
20064,Pasai Donibane,Gipuzkoa
20064,Pasai San Pedro,Gipuzkoa
20064,Pasaia,Gipuzkoa
20064,Pasaia / Pasajes,Gipuzkoa
20064,Pasaia Pasajes,Gipuzkoa
20064,Pasajes,Gipuzkoa
20064,Pasajes Ancho,Gipuzkoa
20064,Pasajes de San Juan,Gipuzkoa
20064,Pasajes de San Pedro,Gipuzkoa
20064,Trincherpe,Gipuzkoa
20064,Trintxerpe,Gipuzkoa
20065,Placencia,Gipuzkoa
20065,Placencia de las armas,Gipuzkoa
20065,Plaentxi,Gipuzkoa
20065,Plaentxia,Gipuzkoa
20065,Soraluce,Gipuzkoa
20065,Soraluze,Gipuzkoa
20065,Soraluze-Placencia de las Armas,Gipuzkoa
20066,Errezil,Gipuzkoa
20066,Regil,Gipuzkoa
20067,Errenteria,Gipuzkoa
20067,La Rentería,Gipuzkoa
20067,Orereta,Gipuzkoa
20068,Leintz Gatzaga,Gipuzkoa
20068,Leintz-Gatzaga,Gipuzkoa
20068,Salinas de Leniz,Gipuzkoa
20068,Salinas de Léniz,Gipuzkoa
20069,Donostia,Gipuzkoa
20069,Donostia / San Sebastian,Gipuzkoa
20069,Donostia-San Sebastian,Gipuzkoa
20069,Donostia/San Sebastian,Gipuzkoa
20069,La Perla del Cantabrico,Gipuzkoa
20069,La Perla del Cantábrico,Gipuzkoa
20069,San Sebastian,Gipuzkoa
20069,San Sebastian-Donostia,Gipuzkoa
20069,San Sebastián,Gipuzkoa
20069,San Sebastián-Donostia,Gipuzkoa
20069,Sant Sabastián,Gipuzkoa
20069,Sant Sebastià,Gipuzkoa
20070,Segura,Gipuzkoa
20071,Tolosa,Gipuzkoa
20072,Urnieta,Gipuzkoa
20072,Urnietarra,Gipuzkoa
20073,Usurbil,Gipuzkoa
20074,Bergara,Gipuzkoa
20074,Vergara,Gipuzkoa
20075,Amasa,Gipuzkoa
20075,Amasa-Villabona,Gipuzkoa
20075,Villabona,Gipuzkoa
20075,Villabona-Amasa,Gipuzkoa
20076,Ordicia,Gipuzkoa
20076,Ordizia,Gipuzkoa
20076,Villafranca,Gipuzkoa
20076,Villafranca de Ordicia,Gipuzkoa
20076,Villafranca de Oria,Gipuzkoa
20077,Urrechu,Gipuzkoa
20077,Urretxu,Gipuzkoa
20077,Urretxu / Villarreal de Urrechu,Gipuzkoa
20077,Urretxu Villarreal de Urrechu,Gipuzkoa
20077,Villareal de Urrechu,Gipuzkoa
20077,Villareal de urrechua,Gipuzkoa
20077,Villarreal de Urrechu,Gipuzkoa
20078,Zaldibia,Gipuzkoa
20079,Zarautz,Gipuzkoa
20079,Zarauz,Gipuzkoa
20080,Zumarraga,Gipuzkoa
20080,Zumarraga / Zumarraga,Gipuzkoa
20080,Zumarraga / Zumárraga,Gipuzkoa
20080,Zumarraga Zumarraga,Gipuzkoa
20080,Zumarraga Zumárraga,Gipuzkoa
20080,Zumárraga,Gipuzkoa
20081,Zumaia,Gipuzkoa
20507,Goyaz (municipio),Gipuzkoa
20901,Mendaro,Gipuzkoa
20902,Lasarte,Gipuzkoa
20902,Lasarte Oria,Gipuzkoa
20902,Lasarte-Oria,Gipuzkoa
20903,Astigarraga,Gipuzkoa
20904,Baliarrain,Gipuzkoa
20905,Orendain,Gipuzkoa
20906,Altzaga,Gipuzkoa
20907,Gaztelu,Gipuzkoa
21001,Alajar,Huelva
21001,Alajar (Huelva),Huelva
21001,Alájar,Huelva
21001,Alájar (Huelva),Huelva
21001,Pena de Alajar,Huelva
21001,Pena de Alájar,Huelva
21001,Pena de alajar,Huelva
21001,Peña de Alajar,Huelva
21001,Peña de Alájar,Huelva
21001,Peña de Arias Montano,Huelva
21001,Peña de alajar,Huelva
21002,Aljaraque,Huelva
21003,"Almendro, El",Huelva
21003,El Almendro,Huelva
21003,El Almendro (Uelba),Huelva
21004,Almonaster la Real,Huelva
21005,Almonte,Huelva
21006,Alosno,Huelva
21006,Alosno (Uelba),Huelva
21006,El Alosno,Huelva
21007,Aracena,Huelva
21007,Aracena (Huelva),Huelva
21007,Aracena (Uelba),Huelva
21007,Aracena en concierto,Huelva
21008,Aroche,Huelva
21009,Arroyenco,Huelva
21009,Arroyencos,Huelva
21009,Arroyomolinos de Leon,Huelva
21009,Arroyomolinos de León,Huelva
21010,Ayamonte,Huelva
21010,Ayamontina,Huelva
21010,Ayamontino,Huelva
21011,Beas,Huelva
21012,Berrocal,Huelva
21012,Berrocal (Uelba),Huelva
21013,Bollullera,Huelva
21013,Bollullero,Huelva
21013,Bollullos Par del Condado,Huelva
21013,Bollullos del Condado,Huelva
21014,Bonarense,Huelva
21014,Bonares,Huelva
21015,Cabezas Rubias,Huelva
21016,Cala,Huelva
21016,Cala (Uelba),Huelva
21017,Calanas,Huelva
21017,Calañas,Huelva
21018,"Campillo, El",Huelva
21018,El Campillo,Huelva
21018,El Campillo (Uelba),Huelva
21019,Campofrío,Huelva
21020,Canaveral de Leon,Huelva
21020,Canaveral de León,Huelva
21020,Cañaveral de Leon,Huelva
21020,Cañaveral de León,Huelva
21021,Cartaya,Huelva
21022,Castano del Robledo,Huelva
21022,Castaño del Robledo,Huelva
21023,"Cerro de Andévalo, El",Huelva
21023,El Cerro de Andevalo,Huelva
21023,El Cerro de Andévalo,Huelva
21023,El Cerro del Andevalo,Huelva
21023,El Cerro del Andévalo,Huelva
21024,Corteconcepcion,Huelva
21024,Corteconcepción,Huelva
21025,Cortegana,Huelva
21026,Cortelazor,Huelva
21027,Cumbres de Enmedio,Huelva
21027,Cumbres de en Medio,Huelva
21028,Cumbres de San Bartolome,Huelva
21028,Cumbres de San Bartolomé,Huelva
21028,Villa de Cumbres de San Bartolomé,Huelva
21029,Cumbres Mayores,Huelva
21030,Alcala de la Alameda,Huelva
21030,Alcalá de la Alameda,Huelva
21030,Chucena,Huelva
21031,Encinasola,Huelva
21032,Escacena del Campo,Huelva
21033,Fuenteheridos,Huelva
21034,Galarosa,Huelva
21034,Galaroza,Huelva
21035,Gibraleon,Huelva
21035,Gibraleón,Huelva
21036,"Granada de Río-Tinto, La",Huelva
21036,La Granada de Rio Tinto,Huelva
21036,La Granada de Rio-Tinto,Huelva
21036,La Granada de Riotinto,Huelva
21036,La Granada de Río Tinto,Huelva
21036,La Granada de Río-Tinto,Huelva
21037,El Granado,Huelva
21037,El Granado (Uelba),Huelva
21037,"Granado, El",Huelva
21038,Higuera de la Sierra,Huelva
21038,Higuera junto a Aracena,Huelva
21039,Hinojales,Huelva
21040,Hinojos,Huelva
21040,Hinojos (Uelba),Huelva
21041,Huelva,Huelva
21041,Uelba,Huelva
21042,Isla Cristina,Huelva
21042,Isla de La Higuerita,Huelva
21042,Isleño/ña,Huelva
21042,Real Isla de la Higuerita,Huelva
21043,Jabugo,Huelva
21044,Lepe,Huelva
21045,Linares de la Sierra,Huelva
21045,Linares de la Sierra (Uelba),Huelva
21046,Lucena del Puerto,Huelva
21047,Manzanilla,Huelva
21047,Manzanilla (Uelba),Huelva
21048,Los Marines,Huelva
21048,Los Marines (Uelba),Huelva
21048,"Marines, Los",Huelva
21049,Minas de Rio Tinto,Huelva
21049,Minas de Riotinto,Huelva
21049,Minas de Río Tinto,Huelva
21049,Riotinto,Huelva
21050,Moguer,Huelva
21051,La Nava,Huelva
21051,La Nava (Uelba),Huelva
21052,Aldea de Rio Tinto,Huelva
21052,Aldea de Río Tinto,Huelva
21052,Nerva,Huelva
21052,Nerva (Uelba),Huelva
21053,Centro Histórico de Niebla,Huelva
21053,Ciudad de Niebla,Huelva
21053,Niebla,Huelva
21053,Niebla (Uelba),Huelva
21054,La Palma del Condado,Huelva
21054,La Palma del Condado (Uelba),Huelva
21054,"Palma del Condado, La",Huelva
21055,Ciudad de Palos de la Frontera,Huelva
21055,Palos,Huelva
21055,Palos de la Frontera,Huelva
21055,Port de Palos,Huelva
21055,Puerto de Palos,Huelva
21055,Puerto de Palos de la Frontera,Huelva
21055,Vila de Palos,Huelva
21055,Vila de Palos de la Frontera,Huelva
21055,Villa de Palos,Huelva
21056,Paterna del Campo,Huelva
21057,Paimogo,Huelva
21057,Paymogo,Huelva
21058,Puebla de Guzman,Huelva
21058,Puebla de Guzmán,Huelva
21059,Puerto Moral,Huelva
21059,Puertomoral,Huelva
21060,Punta Umbria,Huelva
21060,Punta Umbría,Huelva
21061,Rociana,Huelva
21061,Rociana del Condado,Huelva
21062,Rosal de la Frontera,Huelva
21063,San Bartolome de la Torre,Huelva
21063,San Bartolome de las Torres,Huelva
21063,San Bartolomé de la Torre,Huelva
21063,San Bartolomé de las Torres,Huelva
21064,San Juan del Puerto,Huelva
21064,San Juan del Puerto (Uelba),Huelva
21065,Sanlucar de Guadiana,Huelva
21065,Sanlúcar de Guadiana,Huelva
21065,Sanlúcar del Guadiana,Huelva
21066,San Silvestre de Guzman,Huelva
21066,San Silvestre de Guzmán,Huelva
21067,Santa Ana la Real,Huelva
21067,Santa Ana la Real (Uelba),Huelva
21068,Santa Barbara de Casa,Huelva
21068,Santa Bárbara de Casa,Huelva
21069,Santa Olalla de Cala,Huelva
21069,Santa Olalla de la Sierra,Huelva
21069,Santa Olalla del Cala,Huelva
21070,Trigueros,Huelva
21070,Trigueros (Uelba),Huelva
21071,Valdelarco,Huelva
21072,Facanias,Huelva
21072,Facanías,Huelva
21072,Valverde del Camino,Huelva
21073,Villablanca,Huelva
21073,Villablanca (Uelba),Huelva
21074,Villalba del Alcor,Huelva
21074,Villalba del Alzor,Huelva
21075,Villanueva de las Cruces,Huelva
21076,Villanueva de los Castillejos,Huelva
21077,Villarrasa,Huelva
21078,Zalamea la Real,Huelva
21079,Zufre,Huelva
21079,Zufre (Uelba),Huelva
21902,La Zarza-Perrunal,Huelva
22001,Abiego,Huesca
22002,Abizanda,Huesca
22002,L'Abizanda,Huesca
22003,Adahuesca,Huesca
22003,Adauesca,Huesca
22003,Avosca,Huesca
22004,Agüero,Huesca
22006,Aisa,Huesca
22006,Aísa,Huesca
22007,Albalat d'a Cinca,Huesca
22007,Albalat d'a Zinca,Huesca
22007,Albalat de Cinca,Huesca
22007,Albalate de Cinca,Huesca
22007,Albalate del Cinca,Huesca
22008,Albalatiello,Huesca
22008,Albalatillo,Huesca
22009,Albelda,Huesca
22011,Albero Alto,Huesca
22011,Albero d'Alto,Huesca
22012,Albero Baixo,Huesca
22012,Albero Bajo,Huesca
22013,Abaruela de Tubo,Huesca
22013,Alberuela de Tubo,Huesca
22014,Alcala de Gurrea,Huesca
22014,Alcalá de Gurrea,Huesca
22015,Alcala del Obispo,Huesca
22015,Alcalá,Huesca
22015,Alcalá d'o Bispe,Huesca
22015,Alcalá del Obispo,Huesca
22015,Alcalá del Obispo-Alcalá d'o Bispe,Huesca
22016,Alcampel,Huesca
22016,Alcampell,Huesca
22016,Alcampell-El Campell,Huesca
22016,El Campell,Huesca
22016,Història del Campell,Huesca
22016,el Campell,Huesca
22017,Alcolea de Cinca,Huesca
22017,Alcoleano,Huesca
22017,Alcoleya d'a Cinca,Huesca
22017,Alcoleya de Cinca,Huesca
22018,Alcubierre,Huesca
22019,Alerre,Huesca
22020,Alfantega,Huesca
22020,Alfántega,Huesca
22021,Almudevar,Huesca
22021,Almudébar,Huesca
22021,Almudévar,Huesca
22022,Almunia de San Juan,Huesca
22022,Almuniense,Huesca
22022,Almúnia de Sant Joan,Huesca
22022,L'Almunia de San Chuan,Huesca
22022,L'Almunia de Sant Chuan,Huesca
22022,L'Almúnia de Sant Joan,Huesca
22022,La Almunia de San Juan,Huesca
22022,L’Almúnia de Sant Joan,Huesca
22023,Almunient,Huesca
22023,Almuniente,Huesca
22024,Alquezar,Huesca
22024,Alquezar y San Pelegrin,Huesca
22024,Alquezra,Huesca
22024,Alquèssar,Huesca
22024,Alquézar,Huesca
22024,Alquézar y San Pelegrín,Huesca
22025,Altorricon,Huesca
22025,Altorricon (Huesca),Huesca
22025,Altorricón,Huesca
22025,Altorricón (Huesca),Huesca
22025,Altorricón (Osca),Huesca
22025,Altorricón-El Torricó,Huesca
22025,El Torricó,Huesca
22025,el Torricó,Huesca
22027,Angues,Huesca
22027,Angués,Huesca
22027,Angües,Huesca
22027,Angüés,Huesca
22028,Anso,Huesca
22028,Anso (Huesca),Huesca
22028,Ansotano,Huesca
22028,Ansó,Huesca
22028,Ansó (Huesca),Huesca
22028,Berari,Huesca
22028,Vall d'Ansó,Huesca
22028,Valle de Ansó,Huesca
22029,Antillon,Huesca
22029,Antillón,Huesca
22032,Aragues del Puerto,Huesca
22032,Aragües del Puerto,Huesca
22032,Aragüés de lo Puerto,Huesca
22032,Aragüés del Port,Huesca
22032,Aragüés del Puerto,Huesca
22035,Aren,Huesca
22035,Aren (Huesca),Huesca
22035,Areny de Noguera,Huesca
22035,Arén,Huesca
22035,Arén (Huesca),Huesca
22035,Arén (Ribagorza),Huesca
22035,Arén de Noguera,Huesca
22035,Arén-Areny de Noguera,Huesca
22036,Argabieso,Huesca
22036,Argavieso,Huesca
22037,Arguis,Huesca
22037,Arguís,Huesca
22037,Argüis,Huesca
22037,Argüís,Huesca
22039,Aierbe,Huesca
22039,Ayerbe,Huesca
22039,Ayerbense,Huesca
22040,Alins,Huesca
22040,Azanuy Alins,Huesca
22040,Azanuy Alins (Huesca),Huesca
22040,Azanuy alins,Huesca
22040,Azanuy-Alins,Huesca
22040,Azanuy-Alins (Huesca),Huesca
22040,Azanuy-alins,Huesca
22040,Azanúy Alins,Huesca
22040,Azanúy-Alins,Huesca
22040,Sanui i Alins,Huesca
22040,Zanui-Alins,Huesca
22041,Azara,Huesca
22042,Aflor,Huesca
22042,Azlor,Huesca
22043,Baells,Huesca
22043,Baells (Huesca),Huesca
22043,Baélls,Huesca
22043,Baélls (Huesca),Huesca
22044,Bagilo,Huesca
22044,Baillo,Huesca
22044,Bailo,Huesca
22044,Bailés,Huesca
22044,Baylo,Huesca
22045,Baldellon,Huesca
22045,Baldellou,Huesca
22045,Baldellou (Huesca),Huesca
22045,Baldellou-Valdellou,Huesca
22045,Baldellou/Valdellou,Huesca
22045,Valdellou,Huesca
22045,Valldellou,Huesca
22046,Ballobar,Huesca
22046,Ballobar (Huesca),Huesca
22046,Ballovar,Huesca
22046,Vaglievar,Huesca
22046,Vagliovar,Huesca
22046,Vallobar,Huesca
22047,Banastars,Huesca
22047,Banastas,Huesca
22047,Banastás,Huesca
22048,Balbastro,Huesca
22048,Barbastre,Huesca
22048,Barbastrense,Huesca
22048,Barbastrina,Huesca
22048,Barbastrino,Huesca
22048,Barbastro,Huesca
22048,Barbastrí,Huesca
22049,Barbues,Huesca
22049,Barbués,Huesca
22050,Barbunyals,Huesca
22050,Barbuñales,Huesca
22051,Barcabo,Huesca
22051,Bárcabo,Huesca
22052,Bellver de Cinca,Huesca
22052,Belver d'a Cinca,Huesca
22052,Belver de Cinca,Huesca
22053,Benabarre,Huesca
22053,Benabarre-Benavarri,Huesca
22053,Benavarri,Huesca
22054,Benasc,Huesca
22054,Benasque,Huesca
22054,Benasque-Benás,Huesca
22054,Benás,Huesca
22054,Venasque,Huesca
22055,Berbegal,Huesca
22057,Belsa,Huesca
22057,Bielsa,Huesca
22058,Biarche,Huesca
22058,Bierge,Huesca
22059,Biescas,Huesca
22059,Pelaires,Huesca
22060,Binaced,Huesca
22060,Binacet,Huesca
22060,Binacetenses,Huesca
22060,Binazet,Huesca
22061,Binefar,Huesca
22061,Binefar (Huesca),Huesca
22061,Binèfar,Huesca
22061,Binéfar,Huesca
22061,Binéfar (Huesca),Huesca
22062,Bisagorri,Huesca
22062,Bisaurri,Huesca
22062,Bisaurri (Huesca),Huesca
22062,Bissaürri,Huesca
22063,Biscarrues,Huesca
22063,Biscarrués,Huesca
22064,Blecua y Torres,Huesca
22064,Blecua-Torres,Huesca
22066,Boltana,Huesca
22066,Boltana (Huesca),Huesca
22066,Boltanya,Huesca
22066,Boltaña,Huesca
22066,Boltaña (Huesca),Huesca
22066,Matidero,Huesca
22066,Pelaitre,Huesca
22067,Bonansa,Huesca
22068,Borau,Huesca
22069,Broto,Huesca
22069,Vall de Broto,Huesca
22072,Caldearenas,Huesca
22072,Candarenas,Huesca
22074,Campo,Huesca
22075,Camporrells,Huesca
22075,Camporrélls,Huesca
22076,A Canal de Berdún,Huesca
22076,Canal de Berdun,Huesca
22076,Canal de Berdún,Huesca
22077,Candasnos,Huesca
22078,Canfranc,Huesca
22078,Canfranqués,Huesca
22079,Cabosaso,Huesca
22079,Capdesaso,Huesca
22080,Capella,Huesca
22081,Casbas,Huesca
22081,Casbas (Huesca),Huesca
22081,Casbas de Huesca,Huesca
22081,Casbas de Huesca (municipio),Huesca
22081,Casbas de Huesca-Casbas de Uesca,Huesca
22081,Casbas de Uesca,Huesca
22082,Castejon del Puente,Huesca
22082,Castejón del Puente,Huesca
22082,Castillón d'o Puent,Huesca
22083,Castejon de Monegros,Huesca
22083,Castejón de Monegros,Huesca
22083,Castillón de Monegros,Huesca
22084,Castejon de Sos,Huesca
22084,Castejon de Sos-Castillo de Sos,Huesca
22084,Castejón de Sos,Huesca
22084,Castejón de Sos-Castilló de Sos,Huesca
22084,Castilló de Sos,Huesca
22084,Ramastue,Huesca
22084,Ramastué,Huesca
22085,Castelflorete,Huesca
22085,Castelflorite,Huesca
22085,Castellflorit,Huesca
22085,Castiflorit,Huesca
22086,Castiello de Chaca,Huesca
22086,Castiello de Jaca,Huesca
22087,Castigaleu,Huesca
22088,Castillazuelo,Huesca
22089,Castellonroi,Huesca
22089,Castillonroy,Huesca
22089,Castillonroy-Castellonroi,Huesca
22089,Castillón Roi,Huesca
22090,Colungo,Huesca
22094,Chalamera,Huesca
22094,Xalamera,Huesca
22095,Chia,Huesca
22095,Chía,Huesca
22095,Gia,Huesca
22095,Giana,Huesca
22095,Già,Huesca
22096,Chimiellas,Huesca
22096,Chimillas,Huesca
22099,Esplucs,Huesca
22099,Esplus,Huesca
22099,Esplús,Huesca
22102,Estada,Huesca
22103,Estadella,Huesca
22103,Estadilla,Huesca
22105,Estopanyà,Huesca
22105,Estopiñán,Huesca
22105,Estopiñán del Castillo,Huesca
22105,Estopiñán del Castillo-Estopanyà,Huesca
22105,Estupinyán,Huesca
22105,Estupiñán,Huesca
22106,Fago,Huesca
22107,Fanlo,Huesca
22109,Fiscal,Huesca
22110,Foncense,Huesca
22110,Fonts,Huesca
22110,Fonz,Huesca
22111,Foradada d'o Toscar,Huesca
22111,Foradada de Toscar,Huesca
22111,Foradada del Toscar,Huesca
22111,La Foradada d'el Toscar,Huesca
22111,la Foradada de Toscar,Huesca
22111,la Foradada del Toscar,Huesca
22112,Fraga,Huesca
22112,Fraga(huesca),Huesca
22112,Fragatina,Huesca
22112,Fragatí,Huesca
22112,Ifragha,Huesca
22112,Madina Afraga,Huesca
22113,A Fueba,Huesca
22113,A Fueva,Huesca
22113,"Fueva, La",Huesca
22113,La Fova,Huesca
22113,La Fueva,Huesca
22113,La Fueva-A Fueba,Huesca
22113,La Fueva/A Fueba,Huesca
22114,Chistau,Huesca
22114,Chisten,Huesca
22114,Chistén,Huesca
22114,Gistain,Huesca
22114,Gistain-Chisten,Huesca
22114,Gistaín,Huesca
22114,Gistaín/Chistén,Huesca
22114,Gistáin-Chistén,Huesca
22115,El Grado,Huesca
22115,El Grado-Lo Grau,Huesca
22115,El Grado/Lo Grau,Huesca
22115,Gradense,Huesca
22115,Lo Grau,Huesca
22116,Granyén,Huesca
22116,Grañén,Huesca
22117,Graus,Huesca
22119,Gurrea,Huesca
22119,Gurrea de Gallego,Huesca
22119,Gurrea de Galligo,Huesca
22119,Gurrea de Gállego,Huesca
22122,Hoz de Jaca,Huesca
22122,Oz de Tena,Huesca
22124,Huerto,Huesca
22125,Huesca,Huesca
22125,Osca,Huesca
22125,Uesca,Huesca
22126,Ibieca,Huesca
22127,Igries,Huesca
22127,Igriés,Huesca
22128,Ilche,Huesca
22129,Isabana,Huesca
22129,Isabena,Huesca
22129,Isavena,Huesca
22129,Isàbena,Huesca
22129,Isàvena,Huesca
22129,Isábena,Huesca
22130,Chaca,Huesca
22130,Jaca,Huesca
22130,Jaka,Huesca
22131,Chasa,Huesca
22131,Jasa,Huesca
22133,A Buerda,Huesca
22133,Labuerda,Huesca
22133,Labuerda-A Buerda,Huesca
22133,Labuerda/A Buerda,Huesca
22135,A Luenga,Huesca
22135,Laluenga,Huesca
22136,A Lueza,Huesca
22136,La Lueza,Huesca
22136,Lalueza,Huesca
22137,Lanacha,Huesca
22137,Lanaja,Huesca
22139,A Perdiguera,Huesca
22139,Laperdiguera,Huesca
22141,Ascellas-Ponzano,Huesca
22141,Lascellas Ponzano,Huesca
22141,Lascellas-Ponzano,Huesca
22142,Lascuarre,Huesca
22142,Lasquarri,Huesca
22142,Llascuarre,Huesca
22143,Las Pauls,Huesca
22143,Laspaules,Huesca
22143,Laspaúles,Huesca
22143,Laspaúles-Laspaúls,Huesca
22143,Laspaúles/Laspaúls,Huesca
22143,les Paüls,Huesca
22143000800,Las Llagunas,Huesca
22143000800,Les Llagunes,Huesca
22143000800,"Llagunas, Las",Huesca
22143000800,Llaunas,Huesca
22144,A Espunya,Huesca
22144,L'Espunya,Huesca
22144,La Espuña,Huesca
22144,Laespuna,Huesca
22144,Laespuña,Huesca
22144,Laspuna,Huesca
22144,Laspuña,Huesca
22149,Loarre,Huesca
22149,Loarre-Lobarre,Huesca
22149,Lobarre,Huesca
22150,Loporzano,Huesca
22151,Loscorrales,Huesca
22151,Loscorrales-Os Corrals,Huesca
22151,Loscorrales/Os Corrals,Huesca
22151,Os Corrals,Huesca
22151,Oscorrals,Huesca
22155,El Barranc de Sant Antoni,Huesca
22155,Monesma i Caixigar,Huesca
22155,Monesma i Queixigar,Huesca
22155,Monesma y Caixigar,Huesca
22155,Monesma y Cajigar,Huesca
22155,Monesma y Cajigar-Monesma i Caixigar,Huesca
22155,Monesma y Cajigar/Monesma i Caixigar,Huesca
22155000200,La Torre de Monesma,Huesca
22155000200,Monesma,Huesca
22155000200,Monesma de Benabarre,Huesca
22155000200,Monesma de Benavarri,Huesca
22155000200,Torre de Monesma,Huesca
22156,Monflorite Lascasas,Huesca
22156,Monflorite-As Casas,Huesca
22156,Monflorite-Lascasas,Huesca
22157,Montanui,Huesca
22157,Montanuy,Huesca
22157,Montanuy-Montanui,Huesca
22158,Montisonense,Huesca
22158,Montsó,Huesca
22158,Monzon,Huesca
22158,Monzón,Huesca
22158,Muntsu,Huesca
22160,Naval,Huesca
22162,Novales,Huesca
22162,Novals,Huesca
22163,Nueno,Huesca
22164,Olbena,Huesca
22164,Olvena,Huesca
22165,Ontinena,Huesca
22165,Ontinyena,Huesca
22165,Ontiñena,Huesca
22167,Osso,Huesca
22167,Osso d'a Cinca,Huesca
22167,Osso de Cinca,Huesca
22167,Ossó de Cinca,Huesca
22168,Palo,Huesca
22170,Pandicosa,Huesca
22170,Panticosa,Huesca
22172,Penalba,Huesca
22172,Penyalba,Huesca
22172,Peñalba,Huesca
22173,As Penyas de Riglos,Huesca
22173,Las Penas de Riglos,Huesca
22173,Las Peñas de Riglos,Huesca
22173,Penas de Riglos,Huesca
22173,Peñas de Riglos,Huesca
22173,"Peñas de Riglos, Las",Huesca
22174,Peralta d'Alcofeya,Huesca
22174,Peralta de Alcofea,Huesca
22175,Peralta de Calasanz,Huesca
22175,Peralta de Calassanç,Huesca
22175,Peralta i Calassanç,Huesca
22175,Peralta y Calasanz,Huesca
22176,Peraltiella,Huesca
22176,Peraltilla,Huesca
22177,Pera-rua,Huesca
22177,Perarrua,Huesca
22177,Perarruga,Huesca
22177,Perarrúa,Huesca
22178,Pertusa,Huesca
22181,Piraces,Huesca
22181,Piracés,Huesca
22182,Plan,Huesca
22184,Polenino,Huesca
22184,Poleñino,Huesca
22184,Polinino,Huesca
22184,Polinyino,Huesca
22184,Poliñino,Huesca
22186,Pozan de Vero,Huesca
22186,Pozán de Vero,Huesca
22187,La Pobla de Castre,Huesca
22187,La Pobla del Castre,Huesca
22187,La Puebla de Castro,Huesca
22187,Lapuebla de Castro,Huesca
22187,"Puebla de Castro, La",Huesca
22188,Pont de Montanyana,Huesca
22188,Puent de Montanyana,Huesca
22188,Puente de Montañana,Huesca
22188,Puente de Montañana-Pont de Montanyana,Huesca
22188,el Pont de Montanyana,Huesca
22189,Puertolas,Huesca
22189,Puértolas,Huesca
22189,Pórtoles,Huesca
22190,El Pueyo de Araguas,Huesca
22190,El Pueyo de Araguas-O Pueyo d'Araguas,Huesca
22190,El Pueyo de Araguás,Huesca
22190,O Pueyo d'Araguás,Huesca
22190,Pueyo de Araguas,Huesca
22190,Pueyo de Araguás,Huesca
22190,"Pueyo de Araguás, El",Huesca
22193,Pueyo de Santa Cruz,Huesca
22193,Puidemoros,Huesca
22195,Quicena,Huesca
22197,Robres,Huesca
22199,Sabiñánigo,Huesca
22199,Samianigo,Huesca
22200,Sahun,Huesca
22200,Sahún,Huesca
22200,Saúnc,Huesca
22200,Saünc,Huesca
22201,Salas Altas,Huesca
22202,Salas Baixas,Huesca
22202,Salas Bajas,Huesca
22203,Saliellas,Huesca
22203,Salillas,Huesca
22204,Sallent de Gallego,Huesca
22204,Sallent de Galligo,Huesca
22204,Sallent de Gàllego,Huesca
22204,Sallent de Gállego,Huesca
22205,San Esteban de Litera,Huesca
22205,Sant Esteve de Llitera,Huesca
22205,Sant Isteban de Litera,Huesca
22205,Sant Istevan de Litera,Huesca
22206,Sangarren,Huesca
22206,Sangarrén,Huesca
22206,Senyor de Sangarrén,Huesca
22207,San Chuan de Plan,Huesca
22207,San Juan de Plan,Huesca
22207,San Juan de Plan-San Chuan de Plan,Huesca
22207,Sant Chuan de Plan,Huesca
22208,Santa Cilia,Huesca
22208,Santa Cilia de Jaca,Huesca
22209,Monasterio de Santa Cruz de la Seros,Huesca
22209,Monasterio de Santa Cruz de la Serós,Huesca
22209,Santa Creu de la Serós,Huesca
22209,Santa Cruz d'as Serors,Huesca
22209,Santa Cruz de la Seros,Huesca
22209,Santa Cruz de la Serós,Huesca
22209,Santa Cruz de las Sorores,Huesca
22212,San Quiles,Huesca
22212,Santa Liestra y San Quilez,Huesca
22212,Santa Liestra y San Quílez,Huesca
22212,Santa Llestra,Huesca
22212,Santa Llestra i Sant Quilis,Huesca
22212,Santa Llestra y Sant Quílez,Huesca
22212,Santaliestra y San Quilez,Huesca
22212,Santaliestra y San Quílez,Huesca
22213,Sarinyena,Huesca
22213,Sariñena,Huesca
22214,Secastella,Huesca
22214,Secastiella,Huesca
22214,Secastilla,Huesca
22214,Setcastella,Huesca
22215,Seira,Huesca
22217,Sena,Huesca
22217,Senense,Huesca
22218,Senes de Alcubierre,Huesca
22218,Senés d'Alcubierre,Huesca
22218,Senés de Alcubierre,Huesca
22220,Sesa,Huesca
22221,Sessué,Huesca
22221,Sesue,Huesca
22221,Sesué,Huesca
22222,Sietamino,Huesca
22222,Sietamo,Huesca
22222,Sietamo-Sietemo,Huesca
22222,Sietemo,Huesca
22222,Siétamo,Huesca
22222,Siétamo-Sietemo,Huesca
22223,Sopeira,Huesca
22225,Tamarit,Huesca
22225,Tamarit de Litera,Huesca
22225,Tamarit de Llitera,Huesca
22225,Tamarit de la Llitera,Huesca
22225,Tamarite,Huesca
22225,Tamarite de Litera,Huesca
22225,Tamarite de Litera-Tamarit de Llitera,Huesca
22226,Tardienta,Huesca
22226,Tardientanos,Huesca
22227,Tella Sin,Huesca
22227,Tella-Ensin,Huesca
22227,Tella-Sin,Huesca
22228,Tierz,Huesca
22229,Tolba,Huesca
22229,Tolva,Huesca
22229,Tolva-Tolba,Huesca
22230,Torla,Huesca
22230,Torla-Ordesa,Huesca
22232,Torralba d'Aragón,Huesca
22232,Torralba de Aragon,Huesca
22232,Torralba de Aragón,Huesca
22233,Tor-la-ribera,Huesca
22233,Torlarribera,Huesca
22233,Torre de la Rivera,Huesca
22233,Torre la Ribera,Huesca
22234,Torrent d'a Cinca,Huesca
22234,Torrent de Cinca,Huesca
22234,Torrente de Cinca,Huesca
22234,Torrente de Cinca-Torrent de Cinca,Huesca
22235,Torres d'Alcanadre,Huesca
22235,Torres de Alcanadre,Huesca
22236,Torres de Barbues,Huesca
22236,Torres de Barbués,Huesca
22239,Tramaced,Huesca
22239,Tramacet,Huesca
22242,Val Farta,Huesca
22242,Valfarta,Huesca
22243,Bardají,Huesca
22243,La Vall de Bardaixí,Huesca
22243,Val de Bardaixí,Huesca
22243,Vall de Bardaixín,Huesca
22243,Valle de Bardagi,Huesca
22243,Valle de Bardagí,Huesca
22243,Valle de Bardaji,Huesca
22243,Valle de Bardají,Huesca
22244,Val de Lierp,Huesca
22244,Vall de Lierp,Huesca
22244,Valle de Lierp,Huesca
22244,la Vall de Lierp,Huesca
22245,Velilla de Cinca,Huesca
22245,Velilla de Cinca-Villella de Cinca,Huesca
22245,Vilella de Cinca,Huesca
22245,Viliella d'a Cinca,Huesca
22246,Beranui,Huesca
22246,Beranuy,Huesca
22246,Veracruz,Huesca
22247,Viacamp i Lliterà,Huesca
22247,Viacamp y Litera,Huesca
22247,Viacamp y Litera-Viacamp i Llitera,Huesca
22247,Viacamp y Litera-Viacamp i Lliterà,Huesca
22248,Bizién,Huesca
22248,Vicien,Huesca
22248,Vicient,Huesca
22248,Vicién,Huesca
22248,Vicién-Bizién,Huesca
22249,Billanoba,Huesca
22249,Vilanova,Huesca
22249,Vilanova d'Éssera,Huesca
22249,Villanova,Huesca
22249,Villanova-Billanoba,Huesca
22249,Villanova/Villanoba,Huesca
22250,Villanua,Huesca
22250,Villanuga,Huesca
22250,Villanúa,Huesca
22251,Sigena,Huesca
22251,Sijena,Huesca
22251,Vilanova de Sixena,Huesca
22251,Villanueva de Sigena,Huesca
22251,Villanueva de Sixena,Huesca
22252,Yebra,Huesca
22252,Yebra de Basa,Huesca
22253,Yesero,Huesca
22253,Yésero,Huesca
22254,Saidí,Huesca
22254,Zaidín,Huesca
22598,Muro de Roda (municipio),Huesca
22901,Echo,Huesca
22901,Echo Ibarra,Huesca
22901,Echoko ibarra,Huesca
22901,Hecho,Huesca
22901,Hechoko ibarra,Huesca
22901,Val d'Echo,Huesca
22901,Vall d'Echo,Huesca
22901,Vall d'Hecho,Huesca
22901,Valle de Echo,Huesca
22901,Valle de Hecho,Huesca
22902,Puent d'a Reina de Chaca,Huesca
22902,Puente la Reina,Huesca
22902,Puente la Reina de Jaca,Huesca
22903,San Miguel del Cinca,Huesca
22903,Sant Miguel d'a Cinca,Huesca
22903,Sant Miguel de Cinca,Huesca
22903,Sant Miquel del Cinca,Huesca
22904,A Sotonera,Huesca
22904,La Sotonera,Huesca
22904,"Sotonera, La",Huesca
22905,Lopinyén-Ortiella,Huesca
22905,Lupiñén-Ortilla,Huesca
22906,Santa Maria de Dulcis,Huesca
22906,Santa María de Dulcis,Huesca
22907,Ainsa-Sobrarbe,Huesca
22907,Aínsa Sobrarbe,Huesca
22907,Aínsa-Sobrarbe,Huesca
22907,Aínsa-Sobrarbe-L'Aínsa-Sobrarbe,Huesca
22907,L'Aínsa Sobrarbe,Huesca
22907,L'Aínsa-Sobrarbe,Huesca
22907,l'Aïnsa,Huesca
22907,l'Aïnsa-Sobrarb,Huesca
22908,Hoz y Costean,Huesca
22908,Oz y Costeán,Huesca
22909,Benzillón,Huesca
22909,Vencillon,Huesca
22909,Vencillon/Vensillo,Huesca
22909,Vencillón,Huesca
22909,Vencillón-Vensilló,Huesca
22909,Vencillón/Vensilló,Huesca
22909,Vensilló,Huesca
23001,Albanchez de Magina,Jaén
23001,Albanchez de Mágina,Jaén
23001,Albanchez de Úbeda,Jaén
23002,Alcala la Real,Jaén
23002,Alcalà la Real,Jaén
23002,Alcalá la Real,Jaén
23003,Alcaudete,Jaén
23004,Aldeaquemada,Jaén
23005,Andujar,Jaén
23005,Anduyar,Jaén
23005,Andúchar,Jaén
23005,Andújar,Jaén
23006,Arjona,Jaén
23007,Arjonilla,Jaén
23008,Arquillos,Jaén
23009,Baeza,Jaén
23009,Bayyasa,Jaén
23010,Bailen,Jaén
23010,Bailèn,Jaén
23010,Bailén,Jaén
23011,Baños de la Encina,Jaén
23012,Beas de Segura,Jaén
23014,Begíjar,Jaén
23015,Bélmez de la Moraleda,Jaén
23016,Benatae,Jaén
23017,Cabra del Santo Cristo,Jaén
23018,Cambil,Jaén
23019,Campillo de Arenas,Jaén
23020,Canena,Jaén
23021,Carboneros,Jaén
23024,"Carolina, La",Jaén
23024,La Carolina,Jaén
23025,Castellar,Jaén
23025,Castellar de Santisteban,Jaén
23025,Castellar del Condado,Jaén
23026,Castillo de Locubin,Jaén
23026,Castillo de Locubín,Jaén
23027,Cazalilla,Jaén
23028,Cazorla,Jaén
23029,Chiclana de Segura,Jaén
23029,Chiclana del Segura,Jaén
23030,Chilluevar,Jaén
23030,Chilluévar,Jaén
23031,Escañuela,Jaén
23032,Espeluy,Jaén
23032,Espelúy,Jaén
23033,Frailes,Jaén
23034,Fuensanta de Martos,Jaén
23034,Fuensanta de Martos (Chaén),Jaén
23035,Fuerte del Rey,Jaén
23037,Genave,Jaén
23037,Génave,Jaén
23038,"Guardia de Jaén, La",Jaén
23038,La Guardia,Jaén
23038,La Guardia de Jaén,Jaén
23039,Guarromán,Jaén
23040,Lahiguera,Jaén
23041,Higuera,Jaén
23041,Higuera de Calatrava,Jaén
23042,Hinojares,Jaén
23043,Hornos,Jaén
23043,Hornos de Segura,Jaén
23044,Huelma,Jaén
23045,Huesa,Jaén
23046,Ibros,Jaén
23047,"Iruela, La",Jaén
23047,La Iruela,Jaén
23048,Iznatoraf,Jaén
23048,Torafe,Jaén
23049,Jabalquinto,Jaén
23050,Chaén,Jaén
23050,Jaén,Jaén
23050,Xaén,Jaén
23051,Jamilena,Jaén
23052,Jimena,Jaén
23053,Jodar,Jaén
23053,Jódar,Jaén
23054,Larva,Jaén
23054,Larva (Chaén),Jaén
23055,Linares,Jaén
23055,Linares (Chaén),Jaén
23056,Lopera,Jaén
23057,Lupion,Jaén
23057,Lupión,Jaén
23058,Mancha Real,Jaén
23059,Marmolejo,Jaén
23060,Martos,Jaén
23061,Mengibar,Jaén
23061,Mengíbar,Jaén
23062,Montizon,Jaén
23062,Montizón,Jaén
23063,Las Navas de San Juan,Jaén
23063,Navas de San Juan,Jaén
23064,Noalejo,Jaén
23065,Orcera,Jaén
23066,Peal de Becerro,Jaén
23066,Peal del Becerro,Jaén
23067,Pegalajar,Jaén
23069,Porcuna,Jaén
23070,Pozo Alcon,Jaén
23070,Pozo Alcón,Jaén
23071,Puente Génave,Jaén
23071,Puente de Genave,Jaén
23071,Puente de Génave,Jaén
23072,La Puerta de Segura,Jaén
23072,"Puerta de Segura, La",Jaén
23073,Quesada,Jaén
23074,Rus,Jaén
23075,Sabiote,Jaén
23076,Santa Elena,Jaén
23076,Santa Elena (Chaén),Jaén
23076,Santa Elena Espagne,Jaén
23076,Santa Elena España,Jaén
23076,Santa Elena Jaén,Jaén
23076,Santa Elena l'Espagne,Jaén
23077,Santiago de Calatrava,Jaén
23079,Ilugo,Jaén
23079,Santisteban del Puerto,Jaén
23080,Baecula,Jaén
23080,Santo Tome,Jaén
23080,Santo Tomé,Jaén
23081,Segura de la Sierra,Jaén
23082,Siles,Jaén
23082,Siles (Chaén),Jaén
23084,Sorihuela del Guadalimar,Jaén
23085,Torreblascopedro,Jaén
23086,Torre del Campo,Jaén
23086,Torredelcampo,Jaén
23087,Torredonjimeno,Jaén
23088,Torreperogil,Jaén
23090,Cervo,Jaén
23090,Torres,Jaén
23090,Torres (Chaén),Jaén
23091,Torres de Albanchez,Jaén
23092,Ubbada,Jaén
23092,Ubbadat al-Arab,Jaén
23092,Ubbadha,Jaén
23092,Ubeda,Jaén
23092,Vbeda,Jaén
23092,Úbeda,Jaén
23092,Úbeda (Jaén),Jaén
23092,Убеда,Jaén
23092,Ուբեդա,Jaén
23092,أبدة,Jaén
23092,ابیڈا,Jaén
23092,اوبدا,Jaén
23092,उबेदा,Jaén
23092,ਉਬੇਦਾ,Jaén
23092,უბედა,Jaén
23092,ウベダ,Jaén
23092,乌韦达,Jaén
23092,우베다,Jaén
23093,Valdepeñas de Jaen,Jaén
23093,Valdepeñas de Jaén,Jaén
23094,Vilches,Jaén
23095,Villacarrillo,Jaén
23096,Villanueva,Jaén
23096,Villanueva de la Reina,Jaén
23096,Villanueva de la Reina (Chaén),Jaén
23097,Villanueva del Arzobispo,Jaén
23098,Villardompardo,Jaén
23099,Los Villares,Jaén
23101,Villarrodrigo,Jaén
23901,Carcheles,Jaén
23901,Cárchel,Jaén
23901,Cárcheles,Jaén
23902,Bedmar,Jaén
23902,Bedmar eta Garciez,Jaén
23902,Bedmar eta Garcíez,Jaén
23902,Bedmar y Garciez,Jaén
23902,Bedmar y Garcíez,Jaén
23902,Garcíez,Jaén
23903,Villatorres,Jaén
23904,Santiago-Pontones,Jaén
23905,Arroyo del Ojanco,Jaén
24001,Acebedo,León
24001,Acebéu,León
24002,Algadefe,León
24003,Alija de los Melones,León
24003,Alija del Infantado,León
24003,Alixa,León
24004,Almanza,León
24005,Antigua,León
24005,"Antigua, La",León
24005,L'Antigua,León
24005,La Antigua,León
24005,la Antigua,León
24006,Ardon,León
24006,Ardón,León
24007,Arganza,León
24008,Astorga,León
24008,Estorga,León
24009,Balboa,León
24009,Valboa,León
24009,Valvoa,León
24010,Bañeza,León
24010,"Bañeza, La",León
24010,La Baneza,León
24010,La Bañeza,León
24010,la Bañeza,León
24011,Barjas,León
24011,Barxas,León
24012,Barrios de Luna,León
24012,"Barrios de Luna, Los",León
24012,Barrios de Ḷḷuna,León
24012,Los Barrios,León
24012,Los Barrios de Luna,León
24012,los Barrios de Luna,León
24014,Bembibre,León
24014,Villa de Bembibre,León
24015,Benavides,León
24015,Benavides de orbigo,León
24015,Benavides de Órbigo,León
24016,Benuza,León
24017,Bercianos,León
24017,Bercianos del Páramo,León
24017,Bercianos del Páramu,León
24018,Bercianos,León
24018,Bercianos del Real Camino,León
24019,Berlanga,León
24019,Berlanga del Bierzo,León
24020,Boca de Huergano,León
24020,Boca de Huérgano,León
24021,Bonar,León
24021,Boñar,León
24021,Boñare,León
24021,Villa de Bonar,León
24021,Villa de Boñar,León
24022,Borreis,León
24022,Borrenes,León
24022,Borrés,León
24023,Brazuelo,León
24024,"Burgo Ranero, El",León
24024,El Burgo Ranero,León
24025,Buron,León
24025,Burón,León
24026,Bustillo,León
24026,Bustillo del Páramo,León
24027,Cabanas Raras,León
24027,Cabañas Raras,León
24028,Cabreros del Rio,León
24028,Cabreros del Río,León
24029,Babia Alta,León
24029,Babia de Arriba,León
24029,Babia de Suso,León
24029,Cabrichanes,León
24029,Cabrillanes,León
24030,Cacabelos,León
24031,Calzada del Coto,León
24032,Campazas,León
24033,Campo de Villavidel,León
24034,Camponaraia,León
24034,Camponaraya,León
24034,Camporanaya,León
24036,Ancares,León
24036,Candín,León
24036,Val de Ancares,León
24037,Carmenes,León
24037,Cármenes,León
24038,Carracedelo,León
24039,Carrizo,León
24039,Carrizo de la Ribera,León
24040,Carrocera,León
24041,Carucedo,León
24042,Castilfale,León
24042,Castilfalé,León
24043,Castriellu,León
24043,Castriellu de Cabreira,León
24043,Castrillo,León
24043,Castrillo de Cabrera,León
24044,Castrillo de la Valduerna,León
24046,Castrocalbon,León
24046,Castrocalbón,León
24047,Castrocontrigo,León
24047,Castrocontrigu,León
24049,Castropodame,León
24050,Castrotierra de Valmadrigal,León
24051,Cea,León
24052,Cebanico,León
24053,Cebrones del Rio,León
24053,Cebrones del Río,León
24054,Cimanes,León
24054,Cimanes de la Vega,León
24055,Cimanes del Tejar,León
24056,Cistierna,León
24057,Congosto,León
24057,Congosto del Bierzo,León
24057,Congostu,León
24058,Corbillos de los Oteros,León
24059,Corullon,León
24059,Corullón,León
24060,Cremenes,León
24060,Crémenes,León
24061,Cuadros,León
24061,Lorenzana,León
24062,Cubillas de los Oteros,León
24063,Cubillas de Rueda,León
24064,Cubiellos del Sil,León
24064,Cubillos del Sil,León
24065,Chozas de Abajo,León
24066,Destriana,León
24067,Encinedo,León
24067,Encinéu,León
24068,Ercina,León
24068,"Ercina, La",León
24068,La Ercina,León
24068,la Ercina,León
24069,Escobar de Campos,León
24070,El Fabeiru,León
24070,Fabeiro,León
24070,Fabero,León
24070,el Fabeiru,León
24071,Felgosu de la Ribera,León
24071,Folgoso,León
24071,Folgoso de la Ribera,León
24073,Fresno de la Vega,León
24074,Fontes de Carbayal,León
24074,Fuentes,León
24074,Fuentes de Carbajal,León
24076,Garrafe,León
24076,Garrafe de Torio,León
24076,Garrafe de Torío,León
24077,Gordaliza del Pino,León
24078,Gordoncillo,León
24079,Gradefes,León
24080,Grajal,León
24080,Grajal de Campos,León
24080,Grayal de Campos,León
24081,Gusendos de los Oteros,León
24082,Hospital d'Órbigu,León
24082,Hospital de Orbigo,León
24082,Hospital de Órbigo,León
24083,Iguena,León
24083,Igueña,León
24083,Igüena,León
24083,Igüeña,León
24084,Izagre,León
24086,Joarilla,León
24086,Joarilla de las Matas,León
24087,Laguna Dalga,León
24087,Llaguna Dalga,León
24087,Soguillo,León
24088,Laguna de Negrillos,León
24089,Leon,León
24089,Leyón,León
24089,León,León
24089,Lleó,León
24089,Lleón,León
24089,Llión,León
24090,Lucillo,León
24091,Luyego,León
24092,Llamas,León
24092,Llamas de la Ribera,León
24093,Magaz de Cepeda,León
24094,Mansilla de las Mulas,León
24095,Mansilla Mayor,León
24096,Marana,León
24096,Maraña,León
24097,Matadeon de los Oteros,León
24097,Matadeón de los Oteros,León
24098,Matachana de Toríu,León
24098,Matallana de Torio,León
24098,Matallana de Torío,León
24099,Matancia,León
24099,Matanza,León
24099,Matanza de los Oteros,León
24100,Molinaseca,León
24101,Murias de Paredes,León
24102,Noceda del Bierzo,León
24103,Oencia,León
24104,Las Omañas,León
24104,Omañas,León
24104,"Omañas, Las",León
24104,las Omañas,León
24105,Onzonilla,León
24106,Caldupio,León
24106,Oseja de Sajambre,León
24106,Oseya de Sayambre,León
24107,Pajares,León
24107,Pajares de los Oteros,León
24108,Palacios,León
24108,Palacios de la Valduerna,León
24109,Palacios,León
24109,Palacios del Sil,León
24110,Páramo,León
24110,Páramo del Sil,León
24110,Páramu del Sil,León
24112,Peranzais,León
24112,Peranzanes,León
24112,Peranzáis,León
24113,Pobladura de Pelayo Garcia,León
24113,Pobladura de Pelayo García,León
24114,La Pola de Gordon,León
24114,La Pola de Gordón,León
24114,Pola de Gordon,León
24114,Pola de Gordón,León
24114,"Pola de Gordón, La",León
24114,la Pola de Gordón,León
24115,Ponferrada,León
24116,Posada de Valdeon,León
24116,Posada de Valdeón,León
24116,Valdión,León
24117,Pozuelo del Paramo,León
24117,Pozuelo del Páramo,León
24118,Prado de la Guzpena,León
24118,Prado de la Guzpeña,León
24119,Priaranza,León
24119,Priaranza del Bierzo,León
24119,Priaranza do Bierzo,León
24120,Prioro,León
24120,Prioru,León
24121,Puebla de Lillo,León
24122,A Ponte de Domingo Flórez,León
24122,A Ponte de Domingos Flórez,León
24122,Ponte de Domingo Flórez,León
24122,Ponte de Domingos Flórez,León
24122,Puente de Domingo Florez,León
24122,Puente de Domingo Flórez,León
24123,Quintana del Castillo,León
24123,Quintana'l Castiellu,León
24124,Quintana del Marco,León
24125,Quintana y Congosto,León
24127,Regueras,León
24127,Regueras de Arriba,León
24129,Reyero,León
24130,Riaño,León
24130,Riañu,León
24131,Riego de la Vega,León
24132,Riello,León
24133,Rioseco de Tapia,León
24134,La Robla,León
24134,Robla,León
24134,la Robla,León
24136,Roperuelos del Paramo,León
24136,Roperuelos del Páramo,León
24137,Sabero,León
24139,Safagún,León
24139,Sahagun,León
24139,Sahagún,León
24141,San Adrián,León
24141,San Adrián del Valle,León
24142,San Andres del Rabanedo,León
24142,San Andrés del Rabanedo,León
24143,Sancedo,León
24143,Sancéu,León
24144,San Cristobal de la Polantera,León
24144,San Cristóbal de la Polantera,León
24145,Babia Baja,León
24145,Babia de Abajo,León
24145,Babia de Yuso,León
24145,San Emiliano,León
24145,Santu Michanu,León
24146,San Esteban de Nogales,León
24148,San Justo de la Vega,León
24149,San Millan de los Caballeros,León
24149,San Millán de los Caballeros,León
24150,San Pedro,León
24150,San Pedro Bercianos,León
24151,Santa Colomba,León
24151,Santa Colomba de Curueño,León
24152,Santa Colomba,León
24152,Santa Colomba de Somoza,León
24153,Santa Cristina de Valmadrigal,León
24154,Santa Elena de Jamuz,León
24155,Santa Maria de la Isla,León
24155,Santa María de la Isla,León
24155,Santibanez de la Isla,León
24155,Santibañez de la Isla,León
24155,Santibánez de la Isla,León
24156,Santa Maria del Monte de Cea,León
24156,Santa María del Monte de Cea,León
24157,Santa Maria del Paramo,León
24157,Santa Maria del Páramo,León
24157,Santa María del Paramo,León
24157,Santa María del Páramo,León
24158,Ordás,León
24158,Santa Maria de Ordas,León
24158,Santa Maria de Ordás,León
24158,Santa María de Ordas,León
24158,Santa María de Ordás,León
24159,Santa Marina del Rey,León
24160,Santas Martas,León
24161,Santiago Millas,León
24161,Santiagomillas,León
24162,Santovenia de Valdoncina,León
24162,Santovenia de la Valdoncina,León
24163,Sariegos,León
24164,Sena de Luna,León
24164,Sena de Ḷḷuna,León
24165,Sobrado,León
24166,Soto de la Vega,León
24167,Soto y Amio,León
24167,Soto y Amío,León
24167,Soutu y Amíu,León
24168,Toral de los Guzmanes,León
24169,Toreno,León
24169,Torenu,León
24170,Torre del Bierzo,León
24171,Trabadelo,León
24172,Truchas,León
24172,Trueitas,León
24173,Turcia,León
24174,Urdiales del Paramo,León
24174,Urdiales del Páramo,León
24175,Valdefresno,León
24176,Valdefuentes,León
24176,Valdefuentes del Páramo,León
24177,Valdelugueros,León
24178,Valdemora,León
24179,Valdepielago,León
24179,Valdepiélago,León
24180,Valdepolo,León
24181,Valderas,León
24182,Valderrey,León
24183,Valderrueda,León
24184,Valdesamario,León
24184,Valdesamariu,León
24185,Val de San Lorenzo,León
24187,Valdebimbre,León
24187,Valdevimbre,León
24188,Coyanza,León
24188,Valencia de Don Juan,León
24189,Valverde de la Virgen,León
24190,Valverde-Enrique,León
24191,Vallecillo,León
24193,La Vecilla,León
24193,La Vecilla de Curueño,León
24193,Veciella,León
24193,Vecilla de Curueño,León
24193,"Vecilla, La",León
24193,la Veciella,León
24193,la Vecilla,León
24194,Vegacervera,León
24196,A Veiga de Espiñareda,León
24196,La Veiga d'Espinareda,León
24196,Vega de Espinareda,León
24197,Vega de Infanzones,León
24198,A Veiga de Valcarce,León
24198,A Veiga do Valcarce,León
24198,La Vega de Valcarce,León
24198,Vega de Valcarce,León
24198,Veiga de Valcarce,León
24199,Vegaquemada,León
24201,Vegas del Condado,León
24202,Villablino,León
24202,Villablino de la Ceana,León
24202,Viḷḷablinu,León
24203,Villabraz,León
24205,Villadangos,León
24205,Villadangos del Páramo,León
24206,Toral de los Vados,León
24206,Toral dos Vados,León
24206,Toural dos Vados,León
24206,Toural dos Vaos,León
24207,Villademor de la Vega,León
24209,Vilafranca,León
24209,Vilafranca do Bierzo,León
24209,Villafranca del Bierzo,León
24210,Villagaton,León
24210,Villagatón,León
24211,Villamandos,León
24212,Villamanan,León
24212,Villamanán,León
24212,Villamañan,León
24212,Villamañán,León
24213,Villamartin de Don Sancho,León
24213,Villamartín de Don Sancho,León
24214,Villamegil,León
24214,Villamejil,León
24215,Villamol,León
24216,Villamontan,León
24216,Villamontan de la Valduerna,León
24216,Villamontán,León
24216,Villamontán de la Valduerna,León
24217,Villamoratiel,León
24217,Villamoratiel de las Matas,León
24218,Villanueva de las Manzanas,León
24219,Villaobispo,León
24219,Villaobispo de Otero,León
24221,Villaquejida,León
24222,Villaquilambre,León
24223,Villarejo de Orbigo,León
24223,Villarejo de Órbigo,León
24223,Villareyu d'Órbigu,León
24224,Villares d'Órbigu,León
24224,Villares de Orbigo,León
24224,Villares de Órbigo,León
24225,Villasabariego,León
24226,Villaselan,León
24226,Villaselán,León
24227,Villaturiel,León
24228,Villazala,León
24229,Villazanzo de Valderaduey,León
24230,Zotes del Paramo,León
24230,Zotes del Páramo,León
24901,Villamanin,León
24901,Villamanín,León
24901,Viḷḷamanín,León
24902,Villaornate y Castro,León
25001,Abella de la Conca,Lleida
25002,Àger,Lleida
25003,Agramunt,Lleida
25004,Alamus,Lleida
25004,Alamus els,Lleida
25004,Alamús,Lleida
25004,"Alamús, Els",Lleida
25004,Els Alamus,Lleida
25004,Els Alamús,Lleida
25004,els Alamús,Lleida
25005,Alas Serch,Lleida
25005,Alas i Cerc,Lleida
25005,Alàs i Cerc,Lleida
25006,Albages,Lleida
25006,Albagés,Lleida
25006,"Albagés, L'",Lleida
25006,L'Albages,Lleida
25006,L'Albagés,Lleida
25006,l'Albagés,Lleida
25007,Albatarrec,Lleida
25007,Albatàrrec,Lleida
25008,Albesa,Lleida
25009,Albi,Lleida
25009,"Albi, L'",Lleida
25009,L'Albi,Lleida
25009,l'Albi,Lleida
25010,Alcano,Lleida
25010,Alcanó,Lleida
25011,Alcarras,Lleida
25011,Alcarràs,Lleida
25012,Alcoletge,Lleida
25013,Alfarras,Lleida
25013,Alfarràs,Lleida
25014,Alfes,Lleida
25014,Alfès,Lleida
25014,Alfés,Lleida
25015,Algerri,Lleida
25016,Alguaire,Lleida
25017,Alins,Lleida
25019,Almacellas,Lleida
25019,Almacelles,Lleida
25019,Almacelles / Almacellas,Lleida
25019,Almacelles Almacellas,Lleida
25020,Almatret,Lleida
25021,Almenar,Lleida
25022,Alos de Balaguer,Lleida
25022,Alòs de Balaguer,Lleida
25023,Alpicat,Lleida
25023,Vilanova d'Alpicat,Lleida
25024,Alt Aneu,Lleida
25024,Alt Àneu,Lleida
25025,Alt Aran,Lleida
25025,Naut Aran,Lleida
25027,Anglesola,Lleida
25029,Arbeca,Lleida
25030,Aristot i Toloriu,Lleida
25030,El Pont de Bar,Lleida
25030,Pont de Bar,Lleida
25030,"Pont de Bar, El",Lleida
25030,el Pont de Bar,Lleida
25031,Arres,Lleida
25031,Església de Sant Pere i Sant Pau,Lleida
25032,Arseguel,Lleida
25032,Arseguèl,Lleida
25032,Arsegüell,Lleida
25032,Arsèguel,Lleida
25033,Artesa de Lerida,Lleida
25033,Artesa de Lleida,Lleida
25034,Artesa de Segre,Lleida
25035,La Sentiu de Sio,Lleida
25035,La Sentiu de Sió,Lleida
25035,Sentiu de Sió,Lleida
25035,"Sentiu de Sió, La",Lleida
25035,la Sentiu de Sió,Lleida
25036,Aspa,Lleida
25037,Avellanes i Santa Linya,Lleida
25037,"Avellanes i Santa Linya, Les",Lleida
25037,Avellanes santa lina,Lleida
25037,Les Avellanes i Santa Linya,Lleida
25037,Les Avellanes y Santa Liña,Lleida
25037,les Avellanes i Santa Linya,Lleida
25038,Aitona,Lleida
25039,Baix Pallars,Lleida
25040,Balagi,Lleida
25040,Balaguer,Lleida
25040,Balagui,Lleida
25041,Barbens,Lleida
25042,Baronia de Rialb,Lleida
25042,"Baronia de Rialb, La",Lleida
25042,La Baronia de Rialb,Lleida
25042,La Baronia de Rialp,Lleida
25042,La Baronía de Rialb,Lleida
25042,La Baronía de Rialp,Lleida
25042,Riaup,Lleida
25042,la Baronia de Rialb,Lleida
25043,La Vall de Boi,Lleida
25043,La Vall de Boí,Lleida
25043,Vall de Boí,Lleida
25043,"Vall de Boí, La",Lleida
25043,Valle de Bohi,Lleida
25043,la Vall de Boí,Lleida
25044,Basella (Lerida),Lleida
25044,Basella (Lérida),Lleida
25044,Bassella,Lleida
25044,Bassella (Lerida),Lleida
25044,Bassella (Lérida),Lleida
25045,Bausen,Lleida
25046,Belianes,Lleida
25047,Bellcaire d'Urgell,Lleida
25048,Bell lloc d'Urgell,Lleida
25048,Bell lloc de Urgel,Lleida
25048,Bell lloc de Urgell,Lleida
25048,Bell-lloc d'Urgell,Lleida
25048,Bell-lloc de Urgel,Lleida
25048,Bell-lloc de Urgell,Lleida
25049,Bellmunt d'Urgell,Lleida
25049,Bellmunt d'urgell,Lleida
25050,Bellpuig,Lleida
25051,Bellver de Cerdanya,Lleida
25052,Bellvis,Lleida
25052,Bellvís,Lleida
25053,Benavent de Lerida,Lleida
25053,Benavent de Segria,Lleida
25053,Benavent de Segrià,Lleida
25053,Benavent de Segriá,Lleida
25055,Biosca,Lleida
25056,Bovera,Lleida
25057,"Bòrdes, Es",Lleida
25057,Es Bòrdes,Lleida
25058,"Borges Blanques, Les",Lleida
25058,Les Borges Blanques,Lleida
25058,Les Borges Blanques / Les Borges Blanques,Lleida
25058,Les Borges Blanques /Les Borges Blanques,Lleida
25058,les Borges Blanques,Lleida
25059,Bossost,Lleida
25059,Bossòst,Lleida
25060,Cabanabona,Lleida
25061,Cabo,Lleida
25061,Cabó,Lleida
25061,Vall de Cabó,Lleida
25062,Camarasa,Lleida
25063,Canejan,Lleida
25064,Castellar de la Ribera,Lleida
25064,Les Tàpies,Lleida
25067,Castelldans,Lleida
25068,Castellnou de Seana,Lleida
25069,Castello de Farfanya,Lleida
25069,Castellon de Farfana,Lleida
25069,Castellon de Farfaña,Lleida
25069,Castelló de Farfanya,Lleida
25069,Castellón de Farfana,Lleida
25070,Castellsera,Lleida
25070,Castellserà,Lleida
25071,Cava,Lleida
25072,Cervario,Lleida
25072,Cervera,Lleida
25072,Cervera de Segarra,Lleida
25072,Cervera de la Segarra,Lleida
25073,Aplec de les Besses,Lleida
25073,Cervia,Lleida
25073,Cervia de las Garrigas,Lleida
25073,Cervia de les Garrigas,Lleida
25073,Cervia de les Garrigues,Lleida
25073,Cervià de les Garrigues,Lleida
25073,Cerviá de Garrigues,Lleida
25073,Cerviá de las Garrigas,Lleida
25073,Cerviá de les Garrigas,Lleida
25074,Ciutadilla,Lleida
25075,Clariana de Cardener,Lleida
25076,Cogul,Lleida
25076,"Cogul, El",Lleida
25076,Cogulenc,Lleida
25076,Cogulenca,Lleida
25076,Cogull,Lleida
25076,El Cogul,Lleida
25076,el Cogul,Lleida
25077,Coll de Nargo,Lleida
25077,Coll de Nargó,Lleida
25078,Corbins,Lleida
25079,Cubells,Lleida
25081,Espluga Calba,Lleida
25081,"Espluga Calba, L'",Lleida
25081,L'Espluga Calba,Lleida
25081,l'Espluga Calba,Lleida
25082,Espot,Lleida
25085,Estaras,Lleida
25085,Estaràs,Lleida
25086,Esterri d'Aneu,Lleida
25086,Esterri d'Àneu,Lleida
25087,Esterri de Cardos,Lleida
25087,Esterri de Cardós,Lleida
25088,Estamariu,Lleida
25088,Estimariu,Lleida
25089,Farrera,Lleida
25092,Floresta,Lleida
25092,"Floresta, La",Lleida
25092,La Floresta,Lleida
25092,la Floresta,Lleida
25093,Fondarella,Lleida
25094,Foradada,Lleida
25096,"Fuliola, La",Lleida
25096,La Fuliola,Lleida
25096,la Fuliola,Lleida
25097,Fulleda,Lleida
25098,Gavet de la Conca,Lleida
25099,Golmes,Lleida
25099,Golmés,Lleida
25100,Gosol,Lleida
25100,Gósol,Lleida
25101,Granadella,Lleida
25101,"Granadella, La",Lleida
25101,La Granadella,Lleida
25101,la Granadella,Lleida
25102,"Granja d'Escarp, La",Lleida
25102,La Granja d'Escarp,Lleida
25102,la Granja d'Escarp,Lleida
25103,Grananella,Lleida
25103,Granyanella,Lleida
25104,Granena,Lleida
25104,Granyena de Segarra,Lleida
25104,Grañena de Segarra,Lleida
25105,Granena de las Garrigas,Lleida
25105,Granyena de les Garrigues,Lleida
25107,Guardia,Lleida
25107,Guardia de Tremp (municipio),Lleida
25107,Guàrdia de Tremp,Lleida
25107,La Guardia,Lleida
25107,La Guàrdia,Lleida
25109,Guimera,Lleida
25109,Guimerà,Lleida
25110,Guissona,Lleida
25111,Guixaresa,Lleida
25111,Guixarès,Lleida
25111,Guixers,Lleida
25112,Ivars de Noguera,Lleida
25113,Ivars d'Urgell,Lleida
25114,Ivorra,Lleida
25115,Isona i Conca Dellà,Lleida
25115,Isona y Conca Della,Lleida
25118,Juncosa,Lleida
25118,Juncosa de les Garrigues,Lleida
25119,Bandera de Juneda,Lleida
25119,Juneda,Lleida
25120,Ciudad de Lleida,Lleida
25120,Ciudad de Lérida,Lleida
25120,Ciutat de Lleida,Lleida
25120,Leida,Lleida
25120,Lerida,Lleida
25120,Lleida,Lleida
25120,Lérida,Lleida
25121,Les,Lleida
25122,Linyola,Lleida
25123,Lladorre,Lleida
25124,Lladurs,Lleida
25125,Llardecans,Lleida
25126,Llavorsi,Lleida
25126,Llavorsí,Lleida
25127,Lles de Cerdanya,Lleida
25128,Llimiana,Lleida
25129,L'Hostal Nou,Lleida
25129,Llobera,Lleida
25129,Peracamps,Lleida
25130,Malda,Lleida
25130,Maldà,Lleida
25131,Masalcoreig,Lleida
25131,Massalcoreig,Lleida
25132,Massoteres,Lleida
25133,Maials,Lleida
25134,Menarguens,Lleida
25134,Menàrguens,Lleida
25135,Miralcamp,Lleida
25136,La Molsosa,Lleida
25136,Molsosa,Lleida
25136,Molsosa la,Lleida
25136,"Molsosa, La",Lleida
25136,la Molsosa,Lleida
25137,Mollerussa,Lleida
25138,Mongai,Lleida
25138,Mongay,Lleida
25138,Montgai,Lleida
25138,Montgaí,Lleida
25138,Montgaïna,Lleida
25139,Montella i Martinet,Lleida
25139,Montellà i Martinet,Lleida
25140,Castellnovet,Lleida
25140,Montferrer Castellbo,Lleida
25140,Montferrer i Castellbo,Lleida
25140,Montferrer i Castellbò,Lleida
25141,Montoliu de Cervera,Lleida
25141,Montoliu de Segarra,Lleida
25141,Montolíu de Segarra,Lleida
25142,Montoliu de Lerida,Lleida
25142,Montoliu de Lleida,Lleida
25142,Montoliu de Lérida,Lleida
25142,Montolíu de Lerida,Lleida
25143,Montornes de Segarra,Lleida
25143,Montornès de Segarra,Lleida
25145,Nalec,Lleida
25146,Naves,Lleida
25146,Navès,Lleida
25148,Oden,Lleida
25148,Odèn,Lleida
25149,Oliana,Lleida
25150,Oliola,Lleida
25151,Olius,Lleida
25152,Les Oluges,Lleida
25152,Oluges,Lleida
25152,"Oluges, Les",Lleida
25152,les Oluges,Lleida
25153,Els Omellons,Lleida
25153,Omellons,Lleida
25153,"Omellons, Els",Lleida
25153,els Omellons,Lleida
25154,Els Omells de na Gaia,Lleida
25154,Els omells de na gaia,Lleida
25154,Omells de Nagaya,Lleida
25154,"Omells de na Gaia, Els",Lleida
25154,els Omells,Lleida
25154,els Omells de na Gaia,Lleida
25155,Organa,Lleida
25155,Organya,Lleida
25155,Organyà,Lleida
25156,Os de Balaguer,Lleida
25157,Osso de Sio,Lleida
25157,Osso de Sió,Lleida
25157,Ossó de Sió,Lleida
25158,El Palau d'Anglesola,Lleida
25158,Lo Palau d'Anglesola,Lleida
25158,Palau d'Anglesola,Lleida
25158,"Palau d'Anglesola, El",Lleida
25158,el Palau d'Anglesola,Lleida
25161,Conca de Dalt,Lleida
25161,el Pont de Claverol,Lleida
25163,Coma i la Pedra,Lleida
25163,Coma i la Pedra la,Lleida
25163,"Coma i la Pedra, La",Lleida
25163,Comardina,Lleida
25163,Comardí,Lleida
25163,El Port del Comte,Lleida
25163,La Coma i la Pedra,Lleida
25163,la Coma i la Pedra,Lleida
25164,Penellas,Lleida
25164,Penelles,Lleida
25165,Peramola,Lleida
25166,Pinell de Solsones,Lleida
25166,Pinell de Solsonès,Lleida
25166,Pinell de Solsonés,Lleida
25167,Pinos,Lleida
25167,Pinós,Lleida
25168,El Poal,Lleida
25168,Lo Poal,Lleida
25168,"Poal, El",Lleida
25168,el Poal,Lleida
25169,La Pobla de Cervoles,Lleida
25169,La Pobla de Cérvoles,Lleida
25169,Pobla de Ciervoles,Lleida
25169,"Pobla de Cérvoles, La",Lleida
25169,la Pobla de Cérvoles,Lleida
25170,Bellaguarda,Lleida
25170,Pobla de la Granadell,Lleida
25170,la Pobla de Bellaguarda,Lleida
25171,La Pobla de Segur,Lleida
25171,"Pobla de Segur, La",Lleida
25171,la Pobla,Lleida
25171,la Pobla de Segur,Lleida
25172,Ponts,Lleida
25173,El Pont de Suert,Lleida
25173,Pont de Suert,Lleida
25173,"Pont de Suert, El",Lleida
25173,el Pont de Suert,Lleida
25173,lo Pont,Lleida
25174,La Portella,Lleida
25174,Portella la,Lleida
25174,"Portella, La",Lleida
25174,Portellà/na,Lleida
25174,la Portella,Lleida
25175,Prats i Sansor,Lleida
25176,Preixana,Lleida
25177,Preixens,Lleida
25179,Prullans,Lleida
25180,Puig Grós,Lleida
25180,Puig-Gros,Lleida
25180,Puiggros,Lleida
25180,Puiggròs,Lleida
25181,Puigverd d'Agramunt,Lleida
25182,Puigverd de Lerida,Lleida
25182,Puigverd de Lleida,Lleida
25182,Puigverd de Lérida,Lleida
25182,Puigvert,Lleida
25182,Puigvert de Lerida,Lleida
25183,Rialb,Lleida
25183,Rialp,Lleida
25185,Ribera d'Urgellet,Lleida
25186,Riner,Lleida
25189,Rosello,Lleida
25189,Rossello,Lleida
25189,Rosselló,Lleida
25189,Rosselló de Segrià,Lleida
25190,Salas de Pallars,Lleida
25190,Salàs de Pallars,Lleida
25191,Sanaugina,Lleida
25191,Sanaugí,Lleida
25191,Sanauja,Lleida
25191,Sanaüja,Lleida
25192,Sant Guim de Freixenet,Lleida
25192,Sant Guim de l'Estació,Lleida
25193,Sant Llorenc de Morunys,Lleida
25193,Sant Llorenç de Morunys,Lleida
25193,Sant Llorenç dels Piteus,Lleida
25194,Portell,Lleida
25194,San Ramon,Lleida
25194,Sant Ramon,Lleida
25194,Sant Ramon Nonat,Lleida
25194,Sant Ramon de Portell,Lleida
25194,Santramonina,Lleida
25194,Santramoní,Lleida
25196,San Esteban de la Sarga,Lleida
25196,Sant Esteve de la Sarga,Lleida
25197,Sant Guim de la Plana,Lleida
25200,Sarroca de Lleida,Lleida
25201,Sarroca de Bellera,Lleida
25202,Senterada,Lleida
25203,Ciutat d'Urgell,Lleida
25203,La Seo de Urgel,Lleida
25203,La Seo de Urgell,Lleida
25203,La Seu d'Urgell,Lleida
25203,La Seu d'Urgell / Seo de Urgel,Lleida
25203,La Seu d'Urgell Seo de Urgel,Lleida
25203,La Seu de Urgell,Lleida
25203,Seo d'Urgell,Lleida
25203,Seo de Urgell,Lleida
25203,Seu d'Urchel,Lleida
25203,Seu d'Urgell,Lleida
25203,"Seu d'Urgell, La",Lleida
25203,Seu de Urgel,Lleida
25203,Urgelense,Lleida
25203,la Seu d'Urgell,Lleida
25203,la Seu d’Urgell,Lleida
25204,Seros,Lleida
25204,Seròs,Lleida
25205,Olèstria,Lleida
25205,Sidamon,Lleida
25205,Sidamunt,Lleida
25206,El Soleras,Lleida
25206,El Soleràs,Lleida
25206,Soleras,Lleida
25206,"Soleràs, El",Lleida
25206,el Soleràs,Lleida
25207,Solsona,Lleida
25208,Soriguera,Lleida
25209,Sort,Lleida
25210,Soses,Lleida
25211,Sudanell,Lleida
25212,Suner,Lleida
25212,Sunyer,Lleida
25215,Talarn,Lleida
25216,Talavera,Lleida
25217,Tarrega,Lleida
25217,Tarrega / Tarrega,Lleida
25217,Tarrega / Tárrega,Lleida
25217,Tarrega Tarrega,Lleida
25217,Tarrega Tárrega,Lleida
25217,Tàrrega,Lleida
25217,Tàrrega / Tarrega,Lleida
25217,Tàrrega / Tárrega,Lleida
25217,Tàrrega Tarrega,Lleida
25217,Tàrrega Tárrega,Lleida
25217000700,Talladell,Lleida
25217000700,el Talladell,Lleida
25218,Tarres,Lleida
25218,Tarresana,Lleida
25218,Tarresà,Lleida
25218,Tarrés,Lleida
25219,Tarroja de Segarra,Lleida
25220,Termenina,Lleida
25220,Termens,Lleida
25220,Termení,Lleida
25220,Térmens,Lleida
25221,Tírvia,Lleida
25222,Tiurana,Lleida
25223,Tora,Lleida
25223,Torà,Lleida
25223,Torà de Riubregós,Lleida
25224,Els Torms,Lleida
25224,Torms,Lleida
25224,"Torms, Els",Lleida
25224,els Torms,Lleida
25225,Tornabous,Lleida
25226,Torrebesses,Lleida
25226,Torrebessina,Lleida
25226,Torrebessí,Lleida
25227,Espui,Lleida
25227,La Torre de Cabdella,Lleida
25227,"Torre de Cabdella, La",Lleida
25227,la Torre de Cabdella,Lleida
25228,Torrefarrera,Lleida
25230,Torregrossa,Lleida
25231,Torrelameo,Lleida
25231,Torrelameu,Lleida
25232,Torres de Segre,Lleida
25233,Torre-serona,Lleida
25234,Tremp,Lleida
25238,Vallbona de les Monges,Lleida
25239,Les Valls de Valira,Lleida
25239,Valles del Valira,Lleida
25239,Valls de Valira,Lleida
25239,"Valls de Valira, Les",Lleida
25239,les Valls de Valira,Lleida
25240,Vallfogona de Balaguer,Lleida
25242,Verdu,Lleida
25242,Verdú,Lleida
25243,Vielha e Mijaran,Lleida
25243,Viella i Mitg Aran,Lleida
25243,Viella i Mitjaran,Lleida
25244,Vilagrassa,Lleida
25245,Vidallé,Lleida
25245,Vilaller,Lleida
25247,Vilamòs,Lleida
25248,Vilanova de Bellpuig,Lleida
25249,Vilanova de l'Aguda,Lleida
25249,Vilanova de la Aguda,Lleida
25249,Vilanova de l’Aguda,Lleida
25250,Vilanova de Meia,Lleida
25250,Vilanova de Meià,Lleida
25250,Vilanova de Meya,Lleida
25250,Vilanova de Meyá,Lleida
25251,Vilanova de Segria,Lleida
25251,Vilanova de Segrià,Lleida
25251,Vilanova de Segriá,Lleida
25252,Utxafava,Lleida
25252,Vila-sana,Lleida
25253,El Vilosell,Lleida
25253,"Vilosell, el",Lleida
25253,el Vilosell,Lleida
25254,Vilanova de la Barca,Lleida
25254,Villanueva de la Barca,Lleida
25255,Vinaixa,Lleida
25508,Aransís,Lleida
25523,Benavent de Tremp,Lleida
25549,Isil,Lleida
25549,Isil (municipio),Lleida
25554,Malpàs,Lleida
25554,Malpàs (antic municipi),Lleida
25565,la Pobleta de Bellveí,Lleida
25577,Son,Lleida
25577,Son (antic municipi),Lleida
25578,Sorpe (antic municipi),Lleida
25578,Sorpe (municipio),Lleida
25589,Valencia de Aneu,Lleida
25589,Valencia de Aneu (municipio),Lleida
25589,Valencia de Areo,Lleida
25589,Valencia de Areo (antiguo municipio),Lleida
25589,València d'Àneu,Lleida
25901,Vall de Cardos,Lleida
25901,Vall de Cardós,Lleida
25901,Valle de Cardós,Lleida
25902,San Martí de Río Corb,Lleida
25902,Sant Marti de Riucorb,Lleida
25902,Sant Martí de Maldà,Lleida
25902,Sant Martí de Riucorb,Lleida
25903,"Guingueta d'Àneu, La",Lleida
25903,La Guingueta,Lleida
25903,La Guingueta d'Aneu,Lleida
25903,La Guingueta d'Àneu,Lleida
25903,la Guingueta d'Àneu,Lleida
25904,Castell de Mur,Lleida
25904000800,Mur,Lleida
25905,Ribera d'Ondara,Lleida
25905,Ribera del Ondara,Lleida
25906,Les Valls d'Aguilar,Lleida
25906,Valls d'Aguilar,Lleida
25906,"Valls d'Aguilar, Les",Lleida
25906,les Valls d'Aguilar,Lleida
25907,Torrefeta i Florejacs,Lleida
25907,Torreflor,Lleida
25907,Torrefló,Lleida
25908,Figols i Alinya,Lleida
25908,Figols i Alinyà,Lleida
25908,Figols y Alina,Lleida
25908,Figols y Aliña,Lleida
25908,Figols y Aliñá,Lleida
25908,Fígols i Alinya,Lleida
25908,Fígols i Alinyà,Lleida
25908,Fígols y Alina,Lleida
25908,Fígols y Aliná,Lleida
25908,Fígols y Aliña,Lleida
25909,La Vansa i Fornols,Lleida
25909,La Vansa i Fórnols,Lleida
25909,"Vansa i Fórnols, La",Lleida
25909,la Vansa i Fórnols,Lleida
25910,Josa Tuixent,Lleida
25910,Josa i Tuixen,Lleida
25910,Josa i Tuixent,Lleida
25910,Josa i Tuixén,Lleida
25911,Els Plans de Sio,Lleida
25911,Els Plans de Sió,Lleida
25911,Plans de Sió,Lleida
25911,"Plans de Sió, Els",Lleida
25911,els Plans de Sió,Lleida
25912,Gimenells i el Pla de la Font,Lleida
25913,Riu de Cerdanya,Lleida
26001,Abalos,La Rioja
26001,Ábalos,La Rioja
26002,Agonciello,La Rioja
26002,Agoncillo,La Rioja
26003,Aguilar,La Rioja
26003,Aguilar del Rio Alhama,La Rioja
26003,Aguilar del Río Alhama,La Rioja
26004,Ajamil,La Rioja
26004,Ajamil de Cameros,La Rioja
26005,Albelda,La Rioja
26005,Albelda de Iregua,La Rioja
26006,Alberit,La Rioja
26006,Alberite,La Rioja
26006,Alberite de Iregua,La Rioja
26007,Alcanadre,La Rioja
26007,Aradon,La Rioja
26007,Aradón,La Rioja
26008,Aldeanueva,La Rioja
26008,Aldeanueva de Ebro,La Rioja
26009,Alesanco,La Rioja
26010,Aleson,La Rioja
26010,Alesón,La Rioja
26011,Alfaro,La Rioja
26011,Eixt,La Rioja
26012,Almarza de Cameros,La Rioja
26013,Anguciana,La Rioja
26014,Anguiano,La Rioja
26015,Arenzana de Abajo,La Rioja
26016,Arenzana de Arriba,La Rioja
26017,Arnediello,La Rioja
26017,Arnedillo,La Rioja
26018,Arnedo,La Rioja
26018,Arnit,La Rioja
26019,Arrubal,La Rioja
26019,Arrúbal,La Rioja
26020,Ausejo,La Rioja
26021,Autol,La Rioja
26021,Autol (La Rioja),La Rioja
26022,Azofra,La Rioja
26023,Badaran,La Rioja
26023,Badarán,La Rioja
26024,Banares,La Rioja
26024,Bañares,La Rioja
26025,Baños,La Rioja
26025,Baños de Rioja,La Rioja
26026,Banos de Río Tobía,La Rioja
26026,Banos de rio tobia,La Rioja
26026,Banos de rio tobía,La Rioja
26026,Baños de Rio Tobia,La Rioja
26026,Baños de Río Tobía,La Rioja
26026,Baños de rio tobía,La Rioja
26027,Berceo,La Rioja
26028,Bergasa,La Rioja
26029,Bergasillas Bajera,La Rioja
26030,Bezares,La Rioja
26031,Bobadilla,La Rioja
26032,Brieva,La Rioja
26032,Brieva de Cameros,La Rioja
26033,Brinas,La Rioja
26033,Briñas,La Rioja
26034,Briones,La Rioja
26035,Cabezon de Cameros,La Rioja
26035,Cabezón de Cameros,La Rioja
26036,Calagorra,La Rioja
26036,Calagurris,La Rioja
26036,Calagurritano,La Rioja
26036,Calahorra,La Rioja
26036,Calahorrana,La Rioja
26036,Calahorrano,La Rioja
26036,Calahorrena,La Rioja
26036,Calahorreno,La Rioja
26036,Calahorreña,La Rioja
26036,Calahorreño,La Rioja
26036,Kalagorri,La Rioja
26036,Kalagorria,La Rioja
26037,Camprovin,La Rioja
26037,Camprovín,La Rioja
26038,Canales de la Sierra,La Rioja
26039,Canillas de Rio Tuerto,La Rioja
26039,Canillas de Río Tuerto,La Rioja
26040,Cañas,La Rioja
26041,Cardenas,La Rioja
26041,Cárdenas,La Rioja
26042,Casalarreina,La Rioja
26042,Nafarruri,La Rioja
26042,Ojoculo,La Rioja
26043,Castanares de Rioja,La Rioja
26043,Castañares de Rioja,La Rioja
26044,Castroviejo,La Rioja
26044,Castroviello,La Rioja
26045,Cellorigo,La Rioja
26046,Cenicero,La Rioja
26047,Cervera de rio Alhama,La Rioja
26047,Cervera de río Alhama,La Rioja
26047,Cervera del Rio Alhama,La Rioja
26047,Cervera del Río Alhama,La Rioja
26048,Cidamon,La Rioja
26048,Cidamón,La Rioja
26049,Cihuri,La Rioja
26049,Zihuri,La Rioja
26050,Ciruena,La Rioja
26050,Cirueña,La Rioja
26051,Clavijo,La Rioja
26051,Clavillo,La Rioja
26052,Cordovin,La Rioja
26052,Cordovín,La Rioja
26053,Corera,La Rioja
26054,Cornago,La Rioja
26055,Corporales,La Rioja
26056,Cuzcurrita de Rio Tiron,La Rioja
26056,Cuzcurrita de Rio Tirón,La Rioja
26056,Cuzcurrita de Río Tiron,La Rioja
26056,Cuzcurrita de Río Tirón,La Rioja
26057,Daroca de Riocha,La Rioja
26057,Daroca de Rioja,La Rioja
26058,Enciso,La Rioja
26059,Entrena,La Rioja
26059,Entrena La Rioja,La Rioja
26059,Entrenero/a,La Rioja
26060,Estollo,La Rioja
26061,Ezcaray,La Rioja
26061,Ezkarai,La Rioja
26062,Foncea,La Rioja
26063,Fonzaleche,La Rioja
26064,Fuenmayor,La Rioja
26065,Galbarruli,La Rioja
26065,Galbárruli,La Rioja
26066,Galilea,La Rioja
26067,Gallinero de Cameros,La Rioja
26068,Gimileo,La Rioja
26069,Grañón,La Rioja
26070,Gravalos,La Rioja
26070,Grávalos,La Rioja
26071,Harense,La Rioja
26071,Haro,La Rioja
26071,Jarrero,La Rioja
26072,Herce,La Rioja
26073,Herramelluri,La Rioja
26073,Herramélluri,La Rioja
26073,Vega de Rio Tiron,La Rioja
26073,Vega de Rio Tirón,La Rioja
26073,Vega de Río Tiron,La Rioja
26073,Vega de Río Tirón,La Rioja
26073,Villa de Vega de Rio Tiron,La Rioja
26073,Villa de Vega de Rio Tirón,La Rioja
26073,Villa de Vega de Río Tiron,La Rioja
26073,Villa de Vega de Río Tirón,La Rioja
26074,Hervias,La Rioja
26074,Hervías,La Rioja
26075,Hormilla,La Rioja
26076,Hormilleja,La Rioja
26077,Hornillos de Cameros,La Rioja
26078,Fornos,La Rioja
26078,Fornos de Moncalvillo,La Rioja
26078,Hornos de Moncalvillo,La Rioja
26079,Huercanos,La Rioja
26079,Huércanos,La Rioja
26080,Igea,La Rioja
26081,Jalon de Cameros,La Rioja
26081,Jalón de Cameros,La Rioja
26082,Laguna de Cameros,La Rioja
26082,Laguna en Cameros,La Rioja
26083,Lacuniella de Chubera,La Rioja
26083,Lagunilla de Jubera,La Rioja
26083,Lagunilla del Jubera,La Rioja
26084,Lardero,La Rioja
26086,Ledesma de la Cogolla,La Rioja
26087,Leiba,La Rioja
26087,Leiva,La Rioja
26087,Leyba,La Rioja
26087,Leyva,La Rioja
26088,Leza de Rio Leza,La Rioja
26088,Leza de Río Leza,La Rioja
26088,Leza del Rio Leza,La Rioja
26089,Logronyo,La Rioja
26089,Logroño,La Rioja
26089,Logroño (España),La Rioja
26089,municipio de Logroño,La Rioja
26091,Lumbreras,La Rioja
26091,Lumbreras de Cameros,La Rioja
26092,Manjarres,La Rioja
26092,Manjarrés,La Rioja
26093,Mansilla de la Sierra,La Rioja
26094,Manzanares de Rioja,La Rioja
26095,Matut,La Rioja
26095,Matute,La Rioja
26096,Medrano,La Rioja
26098,Muniella,La Rioja
26098,Munilla,La Rioja
26099,Muriello de Río Leza,La Rioja
26099,Murillo de Rio Leza,La Rioja
26099,Murillo de Río Leza,La Rioja
26100,Muro de Aguas,La Rioja
26101,Muriu en Cameros,La Rioja
26101,Muro en Cameros,La Rioja
26102,Nachera,La Rioja
26102,Naiara,La Rioja
26102,Najera,La Rioja
26102,Nájera,La Rioja
26103,Nalda,La Rioja
26104,Navajun,La Rioja
26104,Navajún,La Rioja
26105,Navarret,La Rioja
26105,Navarrete,La Rioja
26106,Nestares,La Rioja
26107,Nieva de Cameros,La Rioja
26108,Ocon,La Rioja
26108,Ocón,La Rioja
26109,Ochanduri,La Rioja
26109,Ochánduri,La Rioja
26109,Otxanduri,La Rioja
26110,Ojacastro,La Rioja
26111,Ollauri,La Rioja
26112,Ortigosa de Cameros,La Rioja
26113,Pazuengos,La Rioja
26114,Pedroso,La Rioja
26115,Pinillos,La Rioja
26117,Pradejon,La Rioja
26117,Pradejón,La Rioja
26118,Pradillo,La Rioja
26119,Preixano,La Rioja
26119,Prejano,La Rioja
26119,Préjano,La Rioja
26120,Quel,La Rioja
26121,Rabanera,La Rioja
26121,Rabanera de Cameros,La Rioja
26122,El Rasillo,La Rioja
26122,El Rasillo de Cameros,La Rioja
26122,"Rasillo de Cameros, El",La Rioja
26123,El Redal,La Rioja
26123,Redal,La Rioja
26123,"Redal, El",La Rioja
26124,Ribafrecha,La Rioja
26124,Ribafreta,La Rioja
26125,Rincon de Soto,La Rioja
26125,Rincón de Soto,La Rioja
26126,Robres del Castillo,La Rioja
26127,Rodezno,La Rioja
26128,Sajazarra,La Rioja
26129,Batalla del clarete,La Rioja
26129,San Asensio,La Rioja
26130,Donemiliaga Kukula,La Rioja
26130,Donemiliagako Monasterioa,La Rioja
26130,Kukullako Donemiliaga,La Rioja
26130,San Millan de la Cogolla,La Rioja
26130,San Millán de la Cogolla,La Rioja
26131,San Millan de Yecora,La Rioja
26131,San Millan de Yécora,La Rioja
26131,San Millán de Yecora,La Rioja
26131,San Millán de Yécora,La Rioja
26132,San Roman de Cameros,La Rioja
26132,San Román de Cameros,La Rioja
26134,Santa Coloma,La Rioja
26135,Santa Engracia de Jubera,La Rioja
26135,Santa Engracia del Jubera,La Rioja
26136,Santa Eulalia Bajera,La Rioja
26138,Calceatense,La Rioja
26138,Ozkabarte,La Rioja
26138,Santo Domingo de la Calzada,La Rioja
26139,Aerodromo de San Torcuato,La Rioja
26139,San Torcuato,La Rioja
26140,Santurde de Rioja,La Rioja
26141,Santurdejo,La Rioja
26142,San Vicente de la Sonsierra,La Rioja
26143,Sojuela,La Rioja
26144,Sorzano,La Rioja
26145,Sotes,La Rioja
26145,Sotés,La Rioja
26146,Soto de Cameros,La Rioja
26146,Soto en Cameros,La Rioja
26147,Terroba,La Rioja
26148,Tirgo,La Rioja
26149,Tobia,La Rioja
26149,Tobía,La Rioja
26150,Tormantos,La Rioja
26151,Torreciella en Cameros,La Rioja
26151,Torrecilla de Cameros,La Rioja
26151,Torrecilla en Cameros,La Rioja
26152,Torrecilla sobre Alesanco,La Rioja
26153,Torre en Cameros,La Rioja
26154,Torremontalbo,La Rioja
26155,Treviana,La Rioja
26157,Tricio,La Rioja
26157,Tritium Magallum,La Rioja
26158,Tudeliella,La Rioja
26158,Tudelilla,La Rioja
26160,Urunuela,La Rioja
26160,Uruñuela,La Rioja
26161,Valdemadera,La Rioja
26162,Valgañón,La Rioja
26163,Ventosa,La Rioja
26164,Ventrosa,La Rioja
26164,Ventrosa de la Sierra,La Rioja
26165,Viguera,La Rioja
26166,Villalba de Rioja,La Rioja
26167,Villalobar de Rioja,La Rioja
26168,Villamediana,La Rioja
26168,Villamediana de Iregua,La Rioja
26169,Villanueva de Cameros,La Rioja
26170,El Villar de Arnedo,La Rioja
26170,Villar de Arnedo,La Rioja
26170,"Villar de Arnedo, El",La Rioja
26171,Villar de Torre,La Rioja
26172,Villarejo,La Rioja
26173,Villarroya,La Rioja
26174,Villarta - Quintana,La Rioja
26174,Villarta Quintana,La Rioja
26174,Villarta-Quintana,La Rioja
26175,Villavelayo,La Rioja
26176,Villaverde,La Rioja
26176,Villaverde de Rioja,La Rioja
26177,Villoslada,La Rioja
26177,Villoslada de Cameros,La Rioja
26178,Viniegra de Abajo,La Rioja
26179,Viniegra de Arriba,La Rioja
26180,Zarraton,La Rioja
26180,Zarratón,La Rioja
26181,Zarzosa,La Rioja
26183,Zorraquin,La Rioja
26183,Zorraquín,La Rioja
27001,Abadin,Lugo
27001,Abadin (Lugo),Lugo
27001,Abadin (lugo),Lugo
27001,Abadín,Lugo
27001,Abadín (Lugo),Lugo
27002,Alfoz,Lugo
27002,Alfoz de Castro de Oro,Lugo
27002,Alfoz do Castrodouro,Lugo
27003,Antas,Lugo
27003,Antas de Ulla,Lugo
27004,Baleira,Lugo
27005,Barreiros,Lugo
27005,Cabarcos,Lugo
27006,Becerrea,Lugo
27006,Becerreá,Lugo
27007,Begonte,Lugo
27008,Boveda,Lugo
27008,Bóveda,Lugo
27009,Carballedo,Lugo
27010,Castro,Lugo
27010,Castro de Rei,Lugo
27010,Castro de Rei Castro del Rey,Lugo
27010,Castro de Rey,Lugo
27010,Castro de Rey de Tierrallana,Lugo
27011,Castroverde,Lugo
27012,Cervantes,Lugo
27013,Cervo,Lugo
27014,Corgo,Lugo
27014,O Corgo,Lugo
27015,Cospeito,Lugo
27016,Chantada,Lugo
27017,Caurel,Lugo
27017,Courelao,Lugo
27017,Folgoso,Lugo
27017,Folgoso de Caurel,Lugo
27017,Folgoso do Caurel,Lugo
27017,Folgoso do Courel,Lugo
27018,A Fonsagrada,Lugo
27018,Fonsagrada,Lugo
27019,Foz,Lugo
27020,Friol,Lugo
27020,concello de Friol,Lugo
27021,Germade,Lugo
27021,Xermade,Lugo
27022,Guitiriz,Lugo
27022,Trasparga,Lugo
27022,concello de Guitiriz,Lugo
27023,Guntín,Lugo
27024,Incio,Lugo
27024,O Incio,Lugo
27024,Rendar,Lugo
27025,Jové,Lugo
27025,Xove,Lugo
27026,A Pobra de San Xiao,Lugo
27026,Lancara,Lugo
27026,Lancarao,Lugo
27026,Láncara,Lugo
27027,Lorenzana,Lugo
27027,Lourenza,Lugo
27027,Lourenzá,Lugo
27027,Vila Nova de Lourenzá,Lugo
27028,Lugo,Lugo
27029,Meira,Lugo
27030,Mondonedo,Lugo
27030,Mondoñedo,Lugo
27030,Villamayor de Brea,Lugo
27031,Monforte,Lugo
27031,Monforte de Lemos,Lugo
27031,Monfortina,Lugo
27032,Monterroso,Lugo
27033,Muras,Lugo
27034,Navia de Suarna,Lugo
27035,Negueira,Lugo
27035,Negueira de Muñiz,Lugo
27035,Neguera de Muñiz,Lugo
27037,As Nogais,Lugo
27037,Doncos,Lugo
27037,Los Nogales,Lugo
27037,Nogais,Lugo
27037,Nogales,Lugo
27038,Orol,Lugo
27038,Ourol,Lugo
27039,Otero de Rey,Lugo
27039,Outeiro de Rei,Lugo
27040,Palas de Rei,Lugo
27040,Palas de Rey,Lugo
27041,Panton,Lugo
27041,Pantón,Lugo
27042,Paradela,Lugo
27043,O Paramo,Lugo
27043,O Páramo,Lugo
27043,Paramo,Lugo
27043,Páramo,Lugo
27044,A Pastoriza,Lugo
27044,Pastoriza,Lugo
27045,Cebrero,Lugo
27045,Pedrafita,Lugo
27045,Pedrafita do Cebreiro,Lugo
27045,Piedrafita,Lugo
27045,Piedrafita del Cebrero,Lugo
27046,Pol,Lugo
27047,A Pobra,Lugo
27047,A Pobra de Brollón,Lugo
27047,A Pobra do Brollón,Lugo
27047,Pobra do Brollón,Lugo
27047,Puebla del Brollon,Lugo
27047,Puebla del Brollón,Lugo
27048,A Pontenova,Lugo
27048,Pontenova,Lugo
27048,Puente Nuevo,Lugo
27048,Puente Nuevo-Villaodrid,Lugo
27048,Puentenuevo,Lugo
27048,Villameá,Lugo
27049,Portomarin,Lugo
27049,Portomarín,Lugo
27049,Puertomarin,Lugo
27049,Puertomarín,Lugo
27050,Quiroga,Lugo
27051,Ribadeo,Lugo
27051,Rivadeo,Lugo
27052,Ribas,Lugo
27052,Ribas de Sil,Lugo
27052,Ribas del Sil,Lugo
27052,Rivas del Sil,Lugo
27053,A Ribeira de Piquin,Lugo
27053,A Ribeira de Piquín,Lugo
27053,Ribeira de Piquin,Lugo
27053,Ribeira de Piquín,Lugo
27053,Ribera de Piquín,Lugo
27054,Riotorto,Lugo
27055,Samonenses,Lugo
27055,Samos,Lugo
27056,Rabade,Lugo
27056,Rábade,Lugo
27056,San Vicente de Rabade,Lugo
27056,San Vicente de Rábade,Lugo
27057,Sarria,Lugo
27058,O Saviñao,Lugo
27058,Saviñao,Lugo
27059,Sober,Lugo
27060,Taboada,Lugo
27061,Trabada,Lugo
27061,Trabadés,Lugo
27062,Triacastela,Lugo
27062,Triancastela,Lugo
27063,El Valle de Oro,Lugo
27063,O Valadouro,Lugo
27063,Tierrallana del Valle de Oro,Lugo
27063,Valadouro,Lugo
27063,Valadouro(Lugo),Lugo
27063,Valle de Oro,Lugo
27064,O Vicedo,Lugo
27064,Riobarba,Lugo
27064,Vicedo,Lugo
27065,Vilalba,Lugo
27065,Villalba,Lugo
27066,Celeiro,Lugo
27066,Viveiro,Lugo
27066,Viveiro / Vivero,Lugo
27066,Viveiro Vivero,Lugo
27066,Viverista,Lugo
27066,Vivero,Lugo
27901,Baralla,Lugo
27901,Neira de Jusa,Lugo
27902,Burela,Lugo
27902,Castro de Burela,Lugo
28001,"Acebeda, La",Madrid
28001,La Acebeda,Madrid
28002,Ajalbir,Madrid
28002,Ajalvir,Madrid
28003,Alameda del Valle,Madrid
28004,El Alamo,Madrid
28004,El Álamo,Madrid
28004,El Álamo (Madrit),Madrid
28004,"Álamo, El",Madrid
28005,Alcala,Madrid
28005,Alcala de Henares,Madrid
28005,Alcalá,Madrid
28005,Alcalá de Henares,Madrid
28005,Compluto,Madrid
28005,Complutum,Madrid
28006,Alcobendas,Madrid
28006,Alcovendas,Madrid
28007,Alcorcon,Madrid
28007,Alcorcón,Madrid
28008,Aldea del Fresno,Madrid
28009,Algete,Madrid
28009,Algeñón del Jarama,Madrid
28010,Alpedrete,Madrid
28011,Ambite,Madrid
28011,Ambite (Madrid),Madrid
28012,Anchuelo,Madrid
28013,Aranjuez,Madrid
28013,Real Sitio de Aranjuez,Madrid
28013,Real Sitio y Villa de Aranjuez,Madrid
28014,Arganda,Madrid
28014,Arganda del Rey,Madrid
28014,Arganda del Rey (Madrid),Madrid
28015,Arroyomolinos,Madrid
28015,Arroyomolinos (Madrit),Madrid
28016,"Atazar, El",Madrid
28016,El Altazar,Madrid
28016,El Atazar,Madrid
28017,Batres,Madrid
28018,Becerril,Madrid
28018,Becerril de la Sierra,Madrid
28019,Belmonte de Tajo,Madrid
28019,Belmonte de Tajo Pozuelo de la Soga,Madrid
28019,Belmonte de Tajo/Pozuelo de la Soga,Madrid
28020,Berzosa,Madrid
28020,Berzosa de Lozoya,Madrid
28020,Berzosa del Lozoya,Madrid
28021,"Berrueco, El",Madrid
28021,El Berrueco,Madrid
28022,Boadilla del Monte,Madrid
28023,Boalo,Madrid
28023,El Boalo,Madrid
28024,Braojos,Madrid
28024,Braojos de la Sierra,Madrid
28024,Braollos,Madrid
28024,Braollos da Serra,Madrid
28025,Brea de Tajo,Madrid
28026,Brunete,Madrid
28027,Buitrago,Madrid
28027,Buitrago de Lozoya,Madrid
28027,Buitrago del Lozoya,Madrid
28028,Bustarviejo,Madrid
28029,Cabanillas de la Sierra,Madrid
28030,"Cabrera, La",Madrid
28030,La Cabrera,Madrid
28030,la Cabrera,Madrid
28031,Cadalso de los Vidrios,Madrid
28032,Camarma de Esteruela,Madrid
28032,Camarma de Esteruelas,Madrid
28033,Campo Real,Madrid
28034,Canencia,Madrid
28034,Canencia de la Sierra,Madrid
28035,Carabaña,Madrid
28036,Casarrubuelos,Madrid
28037,Cenicientos,Madrid
28038,Cercedilla,Madrid
28038,Zerzedilla,Madrid
28039,Cervera de Buitrago,Madrid
28040,Ciempozuelos,Madrid
28041,Cobeña,Madrid
28041,Cobeña (Madrit),Madrid
28042,Colmenar de Arroyo,Madrid
28042,Colmenar del Arroyo,Madrid
28043,Colmenar de Oreja,Madrid
28044,Colmenarejo,Madrid
28045,Colmenar,Madrid
28045,Colmenar Viejo,Madrid
28046,Collado Mediano,Madrid
28047,Collado Villalba,Madrid
28047,Collado-Villalba,Madrid
28047,La Estacion,Madrid
28047,La Estación,Madrid
28047,Villalba,Madrid
28047,Villalba de Guadarrama,Madrid
28047,el lugar de la fama,Madrid
28048,Corpa,Madrid
28049,Coslada,Madrid
28050,Cubas de la Sagra,Madrid
28051,Chapineria,Madrid
28051,Chapinería,Madrid
28052,Chinchon,Madrid
28052,Chinchón,Madrid
28053,Daganzo de Arriba,Madrid
28054,El Escorial,Madrid
28054,El Escorial de Abajo,Madrid
28054,"Escorial, El",Madrid
28054,O Escorial,Madrid
28055,Estremera,Madrid
28056,Fresnedillas de la Oliva,Madrid
28057,Fresno de Torote,Madrid
28057,Fresno de torote - Serracines,Madrid
28057,Fresno de torote Serracines,Madrid
28057,Serracines,Madrid
28058,Fuenlabrada,Madrid
28059,Fuente el Saz,Madrid
28059,Fuente el Saz de Jarama,Madrid
28059,Fuentelsaz,Madrid
28060,Fuentiduena de Tajo,Madrid
28060,Fuentiduena del Tajo,Madrid
28060,Fuentidueña de Tajo,Madrid
28060,Fuentidueña del Tajo,Madrid
28061,Galapagar,Madrid
28062,Garganta de los Montes,Madrid
28063,Gargantilla de Lozoya,Madrid
28063,Gargantilla del Lozoya,Madrid
28063,Gargantilla del Lozoya y Pinilla de Buitrago,Madrid
28064,Gascones,Madrid
28065,Getafe,Madrid
28065,Xetafe,Madrid
28066,Grinon,Madrid
28066,Grinón,Madrid
28066,Griñon,Madrid
28066,Griñón,Madrid
28067,Guadalix,Madrid
28067,Guadalix de la Sierra,Madrid
28068,Guadarrama,Madrid
28069,Hiruela,Madrid
28069,"Hiruela, La",Madrid
28069,La Hiruela,Madrid
28069,La Hiruela de Buitrago,Madrid
28070,Horcajo,Madrid
28070,Horcajo de la Sierra,Madrid
28070,Horcajo de la Sierra Aoslos,Madrid
28070,Horcajo de la Sierra-Aoslos,Madrid
28071,Horcajuelo de la Sierra,Madrid
28072,Hoyo,Madrid
28072,Hoyo Manzanares,Madrid
28072,Hoyo de Manzanares,Madrid
28072,Hoyo del Manzanares,Madrid
28073,Humanes de Madrid,Madrid
28074,Leganes,Madrid
28074,Leganés,Madrid
28074,Pepineros,Madrid
28075,Loeches,Madrid
28076,Lozoya,Madrid
28076,Lozoya (Madrit),Madrid
28078,Madarcos,Madrid
28079,Madrid,Madrid
28079,Madril,Madrid
28079,Madrit,Madrid
28080,Majadahonda,Madrid
28082,Manzanares el Real,Madrid
28083,Meco,Madrid
28084,Mejorada,Madrid
28084,Mejorada del Campo,Madrid
28085,Miraflores,Madrid
28085,Miraflores de la Sierra,Madrid
28085,Porquerizas,Madrid
28086,El Molar,Madrid
28086,El Molar (Madrit),Madrid
28086,"Molar, El",Madrid
28087,Los Molinos,Madrid
28087,Los Molinos (Madrit),Madrid
28087,"Molinos, Los",Madrid
28088,Montejo,Madrid
28088,Montejo de la Sierra,Madrid
28088,Montejo del Rincón,Madrid
28089,Moraleja de Enmedio,Madrid
28090,Moralzarzal,Madrid
28091,Morata,Madrid
28091,Morata de Tajuna,Madrid
28091,Morata de Tajuña,Madrid
28092,Mostoles,Madrid
28092,Móstoles,Madrid
28093,Navacerrada,Madrid
28093,Navacerrada (Madrit),Madrid
28094,Navalafuente,Madrid
28095,Nava La Gamella,Madrid
28095,Navalagamella,Madrid
28096,Navalcarnero,Madrid
28096,Villa Real de Navalcarnero,Madrid
28097,Navarredonda y San Mames,Madrid
28097,Navarredonda y San Mamés,Madrid
28099,Navas del Rey,Madrid
28100,Nuevo Bastan,Madrid
28100,Nuevo Bastán,Madrid
28100,Nuevo Baztan,Madrid
28100,Nuevo Baztán,Madrid
28101,La Olmeda de la Cebolla,Madrid
28101,Olmeda de la Cebolla,Madrid
28101,Olmeda de las Cebollas,Madrid
28101,Olmeda de las Fuentes,Madrid
28102,Orusco de Tajuña,Madrid
28104,Paracuellos de Jarama,Madrid
28104,Paracuellos del Jarama,Madrid
28106,Parla,Madrid
28107,Patones,Madrid
28108,Pedrezuela,Madrid
28109,Pelayos de la Presa,Madrid
28110,Perales de Tajuna,Madrid
28110,Perales de Tajuña,Madrid
28111,Pezuela,Madrid
28111,Pezuela de las Torres,Madrid
28111,Pozuelo de las Torres,Madrid
28112,Pinilla de Lozoya,Madrid
28112,Pinilla del Valle,Madrid
28113,Pinto,Madrid
28113,Pinto (Madrit),Madrid
28114,Gandullas,Madrid
28114,Piñuecar,Madrid
28114,Piñuécar,Madrid
28114,Piñuécar-Gandullas,Madrid
28115,Pozuelo,Madrid
28115,Pozuelo de Alarcon,Madrid
28115,Pozuelo de Alarcón,Madrid
28115,Pozuelo de Aravaca,Madrid
28116,Pozuelo del Rey,Madrid
28117,Pradena del Rincon,Madrid
28117,Pradena del Rincón,Madrid
28117,Prádena del Rincon,Madrid
28117,Prádena del Rincón,Madrid
28118,Puebla de la Mujer Muerta,Madrid
28118,Puebla de la Sierra,Madrid
28119,Quijorna,Madrid
28120,Rascafria,Madrid
28120,Rascafría,Madrid
28121,Redueña,Madrid
28122,Ribatejada,Madrid
28122,Rivatejada,Madrid
28123,Ribas de Jarama,Madrid
28123,Rivas,Madrid
28123,Rivas de Jarama,Madrid
28123,Rivas-Vaciamadrid,Madrid
28123,Vaciamadrid,Madrid
28124,Robledillo,Madrid
28124,Robledillo de la Jara,Madrid
28125,Procesión de los Niños,Madrid
28125,Robledo,Madrid
28125,Robledo de Chavela,Madrid
28126,Robregordo,Madrid
28127,Las Rozas de Madrid,Madrid
28127,"Rozas de Madrid, Las",Madrid
28128,Rozas de Puerto Real,Madrid
28129,San Agustin de Guadalix,Madrid
28129,San Agustin del Guadalix,Madrid
28129,San Agustín,Madrid
28129,San Agustín de Guadalix,Madrid
28129,San Agustín del Guadalix,Madrid
28130,San Fernando,Madrid
28130,San Fernando de Henares,Madrid
28130,San Fernando de Jarama,Madrid
28130,Sanfer,Madrid
28131,El Escorial de Arriba,Madrid
28131,San Lorenzo de El Escorial,Madrid
28132,San Martin de la Vega,Madrid
28132,San Martín,Madrid
28132,San Martín de la Vega,Madrid
28132,San Martín de la Vega.,Madrid
28133,San Martin de Valdeiglesias,Madrid
28133,San Martín,Madrid
28133,San Martín de Valdeiglesias,Madrid
28134,SS de los Reyes,Madrid
28134,SS. de los Reyes,Madrid
28134,San Sebastian de los Reyes,Madrid
28134,San Sebastián de los Reyes,Madrid
28134,Sanse,Madrid
28135,Santa Maria de la Alameda,Madrid
28135,Santa María de la Alameda,Madrid
28136,Santorcaz,Madrid
28137,Los Santos de la Humosa,Madrid
28137,"Santos de la Humosa, Los",Madrid
28138,La Serna del Monte,Madrid
28138,"Serna del Monte, La",Madrid
28139,Serrada de la Fuente (municipio),Madrid
28140,Serranillos del Valle,Madrid
28141,Sevilla la Nueva,Madrid
28141,Sevilla la Nueva Sevilleja,Madrid
28141,Sevilla la Nueva/Sevilleja,Madrid
28143,Somosierra,Madrid
28143,Somosierra (Madrit),Madrid
28144,Chozas,Madrid
28144,Chozas de la Sierra,Madrid
28144,Soto del Real,Madrid
28145,Talamaca del Jarama,Madrid
28145,Talamanca de Jarama,Madrid
28145,Talamanca del Jarama,Madrid
28146,Tielmes,Madrid
28147,Bayona de Tajuña,Madrid
28147,Titulcia,Madrid
28148,Torrejon de Ardoz,Madrid
28148,Torrejón de Ardoz,Madrid
28149,Torrejon de la Calzada,Madrid
28149,Torrejón de la Calzada,Madrid
28150,Torrejon de Velasco,Madrid
28150,Torrejón de Velasco,Madrid
28151,Torrelaguna,Madrid
28152,Torrelodones,Madrid
28153,Torremocha de Jarama,Madrid
28154,Torres de la Alameda,Madrid
28155,Valdaracete,Madrid
28156,Valdeavero,Madrid
28157,Valdelaguna,Madrid
28158,Valdemanco,Madrid
28159,Valdemaqueda,Madrid
28160,Val del Moriello,Madrid
28160,Valdemorillo,Madrid
28161,Valdemoro,Madrid
28162,Alalpardo,Madrid
28162,Valdeolmos,Madrid
28162,Valdeolmos-Alalpardo,Madrid
28162000100,Alalpardo (Madrid),Madrid
28163,Valdepielagos,Madrid
28163,Valdepiélagos,Madrid
28164,Valdetorres de Jarama,Madrid
28165,Valdilecha,Madrid
28166,Valverde de Alcala,Madrid
28166,Valverde de Alcalá,Madrid
28167,Velilla de San Antonio,Madrid
28168,El Vellon,Madrid
28168,El Vellón,Madrid
28168,"Vellón, El",Madrid
28169,Venturada,Madrid
28170,Villaconejos,Madrid
28171,Villa del Prado,Madrid
28172,Villalbilla,Madrid
28172,Villalvilla,Madrid
28173,Albuher,Madrid
28173,Santa María de Albuher,Madrid
28173,Villamanrique de Tajo,Madrid
28174,Villamanta,Madrid
28175,Villamantilla,Madrid
28176,Villanueva de la Cañada,Madrid
28177,Villanueva,Madrid
28177,Villanueva del Pardillo,Madrid
28178,Villanueva de Perales,Madrid
28178,Villanueva de Perales de Milla,Madrid
28179,Villar del Olmo,Madrid
28180,Villarejo,Madrid
28180,Villarejo de Salbanes,Madrid
28180,Villarejo de Salbanés,Madrid
28180,Villarejo de Salvanes,Madrid
28180,Villarejo de Salvanés,Madrid
28181,Calatalifa,Madrid
28181,Villaviciosa de Odon,Madrid
28181,Villaviciosa de Odón,Madrid
28182,Villavieja del Lozoya,Madrid
28183,Zarzalejo,Madrid
285009,Peralejo (Madrid),Madrid
285009,Peralejo (municipio),Madrid
28501,Aravaca,Madrid
28504,Canillas,Madrid
28505,Canillejas,Madrid
28505,Canillejas (municipio),Madrid
28506,Carabanchel Alto,Madrid
28506,Carabanchel de Arriba,Madrid
28507,Carabanchel Bajo,Madrid
28508,Chamartin de la Rosa,Madrid
28508,Chamartín de la Rosa,Madrid
28508,Historia de Chamartin de la Rosa,Madrid
28508,Historia de Chamartín de la Rosa,Madrid
28509,Barrio de Fuencarral,Madrid
28509,Fuencarral,Madrid
28509,Fuencarral pueblo,Madrid
28510,Hortaleza,Madrid
28512,Húmera (antiguo municipio),Madrid
28512,Húmera (municipio),Madrid
28513,El Pardo,Madrid
28513,El Pardo (municipio),Madrid
28514,Vallecas,Madrid
28901,Lozoyuela Navas Sieteiglesias,Madrid
28901,Lozoyuela Navas-Sieteiglesias,Madrid
28901,Lozoyuela-Navas-Sieteiglesias,Madrid
28902,Puentes Viejas,Madrid
28903,Tres Cantos,Madrid
28903,Tricantina,Madrid
28903,Tricantí,Madrid
29001,Alameda,Málaga
29002,Alcaucin,Málaga
29002,Alcaucín,Málaga
29003,Alfarnate,Málaga
29004,Alfarnatejo,Málaga
29005,Algarrobo,Málaga
29006,Algatocin,Málaga
29006,Algatocín,Málaga
29006,Algatosin,Málaga
29007,Alhaurin de la Torre,Málaga
29007,Alhaurín de la Torre,Málaga
29008,Alhaurin El Grande,Málaga
29008,Alhaurin el Grande,Málaga
29008,Alhaurín el Grande,Málaga
29009,Almachar,Málaga
29009,Almáchar,Málaga
29010,Almargen,Málaga
29011,Almogia,Málaga
29011,Almogía,Málaga
29012,Alora,Málaga
29012,Álora,Málaga
29013,Alozaina,Málaga
29014,Alpandeire,Málaga
29015,Antekera,Málaga
29015,Antequera,Málaga
29015,Antequera (Malaga),Málaga
29015,Antequera (Málaga),Málaga
29016,Archez,Málaga
29016,Árchez,Málaga
29017,Archidona,Málaga
29018,Ardales,Málaga
29019,Arenas,Málaga
29020,Arriate,Málaga
29021,Atajate,Málaga
29022,Benadalid,Málaga
29023,Benahavis,Málaga
29023,Benahavís,Málaga
29024,Benalauria,Málaga
29024,Benalauria (Malaga),Málaga
29024,Benalauria (Málaga),Málaga
29024,Benalaurria,Málaga
29024,Benalauría,Málaga
29024,Benalauría (Malaga),Málaga
29024,Benalauría (Málaga),Málaga
29025,Benalmadena,Málaga
29025,Benalmadena Costa,Málaga
29025,Benalmadense,Málaga
29025,Benalmádena,Málaga
29025,Benalmádena Costa,Málaga
29026,Benamargosa,Málaga
29027,Benamocarra,Málaga
29028,Benaojan,Málaga
29028,Benaoján,Málaga
29029,Benarraba,Málaga
29029,Benarraba (Malaga),Málaga
29029,Benarraba (Málaga),Málaga
29029,Benarrabá,Málaga
29029,Benarrabá (Málaga),Málaga
29030,"Borge, El",Málaga
29030,El Borge,Málaga
29031,"Burgo, El",Málaga
29031,El Burgo,Málaga
29032,Campillos,Málaga
29033,Canillas de Aceituno,Málaga
29034,Canillas de Albaida,Málaga
29034,Canillas de Albayda,Málaga
29035,Cañete la Real,Málaga
29036,Carratraca,Málaga
29037,Cartagima,Málaga
29037,Cartajima,Málaga
29037,Cartágima,Málaga
29038,Cartama,Málaga
29038,Cártama,Málaga
29039,Casabermeja,Málaga
29040,Casarabonela,Málaga
29040,Qasr Bunayra,Málaga
29041,Casares,Málaga
29042,Coin,Málaga
29042,Coín,Málaga
29043,Colmenar,Málaga
29044,Comares,Málaga
29045,Competa,Málaga
29045,Cómpeta,Málaga
29046,Cortes de la Frontera,Málaga
29047,Cuevas Bajas,Málaga
29048,Cuevas del Becerro,Málaga
29048,La Cueva,Málaga
29049,Cuevas de San Mar,Málaga
29049,Cuevas de San Marcos,Málaga
29050,Cutar,Málaga
29050,Cútar,Málaga
29051,Estepona,Málaga
29052,Farajan,Málaga
29052,Faraján,Málaga
29053,Frigiliana,Málaga
29054,Fuengirola,Málaga
29054,Sohail,Málaga
29054,Susana alva,Málaga
29055,Fuente de Piedra,Málaga
29056,Gaucin,Málaga
29056,Gaucín,Málaga
29057,Genalguacil,Málaga
29058,Guaro,Málaga
29059,Humilladero,Málaga
29060,Igualeja,Málaga
29061,Istan,Málaga
29061,Istán,Málaga
29062,Iznate,Málaga
29063,Jimera de Libar,Málaga
29063,Jimera de Líbar,Málaga
29064,Jubrique,Málaga
29065,Juscar,Málaga
29065,Juzcar,Málaga
29065,Júzcar,Málaga
29066,Macharaviaya,Málaga
29067,Malaga,Málaga
29067,Màlaga,Málaga
29067,Málaga,Málaga
29068,Manilva,Málaga
29069,Marbella,Málaga
29069,Marbellero,Málaga
29069,Marbil-la,Málaga
29069,Mrb,Málaga
29070,Mijas,Málaga
29070,Mijas Pueblo,Málaga
29071,Moclinejo,Málaga
29072,Mollina,Málaga
29073,Monda,Málaga
29073,firulais,Málaga
29074,Montejaque,Málaga
29075,Nerja,Málaga
29076,Ojen,Málaga
29076,Ojén,Málaga
29077,Parauta,Málaga
29079,Periana,Málaga
29080,Pizarra,Málaga
29081,Pujerra,Málaga
29082,Benacalbon,Málaga
29082,Benacalbón,Málaga
29082,Rincon de la Victoria,Málaga
29082,Rincón de la Victoria,Málaga
29083,Riogordo,Málaga
29084,Ronda,Málaga
29085,Salares,Málaga
29086,Sayalonga,Málaga
29087,Sedella,Málaga
29088,Sierra de Yeguas,Málaga
29089,Teba,Málaga
29090,Tolox,Málaga
29091,Torrox,Málaga
29092,Totalan,Málaga
29092,Totalán,Málaga
29093,Abdalajis,Málaga
29093,Abdalajís,Málaga
29093,Valle de Abdalagis,Málaga
29093,Valle de Abdalagís,Málaga
29093,Valle de Abdalajis,Málaga
29093,Valle de Abdalajís,Málaga
29094,Cruz del Cordero,Málaga
29094,La Gloria,Málaga
29094,Torre del Mar,Málaga
29094,Velez Malaga,Málaga
29094,Velez Málaga,Málaga
29094,Velez-Malaga,Málaga
29094,Velez-Málaga,Málaga
29094,Vélez Malaga,Málaga
29094,Vélez Málaga,Málaga
29094,Vélez-Malaga,Málaga
29094,Vélez-Màlaga,Málaga
29094,Vélez-Málaga,Málaga
29095,La Rincona,Málaga
29095,Villanueva de Algaidas,Málaga
29096,Villanueva del Rosario,Málaga
29097,Villanueva del Trabuco,Málaga
29098,Villanueva de Tapia,Málaga
29099,La Vinuela,Málaga
29099,La Viñuela,Málaga
29099,Vinuela,Málaga
29099,Viñuela,Málaga
29100,Yunquera,Málaga
29901,Torremolinos,Málaga
29901,Torroles,Málaga
29902,Villanueva de la Concepcion,Málaga
29902,Villanueva de la Concepción,Málaga
29903,Montecorto,Málaga
29904,Serrato,Málaga
30001,Abanilla,Murcia
30001,Abanillera,Murcia
30001,Abanillero,Murcia
30001,Fabaniella,Murcia
30001,Favanella,Murcia
30001,MU 414,Murcia
30001,MU-414,Murcia
30001,favaniller,Murcia
30001,favanillera,Murcia
30002,Abaran,Murcia
30002,Abaran (Murcia),Murcia
30002,Abaran (murcia),Murcia
30002,Abaraner,Murcia
30002,Abaranera,Murcia
30002,Abarán,Murcia
30002,Abarán (Murcia),Murcia
30002,Abarán (Múrcia),Murcia
30002,Fabarán,Murcia
30003,Àguiles,Murcia
30003,Águilas,Murcia
30004,Albudeite,Murcia
30005,Alcantariella,Murcia
30005,Alcantarilla,Murcia
30005,La Cantarella,Murcia
30006,Aledo,Murcia
30007,Alguazas,Murcia
30007,Alguazas del Caudillo,Murcia
30008,Alfama de Murcia,Murcia
30008,Alhama de Murcia,Murcia
30008,Alhama de Murcia (Murcia),Murcia
30008,Alhama de Murcia(Murcia),Murcia
30008,Alhama de Múrcia,Murcia
30008,Murtziako Alhama,Murcia
30009,Archena,Murcia
30009,Archena (Murcia),Murcia
30009,Archena (Múrcia),Murcia
30009,Argener,Murcia
30009,Argenera,Murcia
30009,Arxena,Murcia
30010,Beniel,Murcia
30011,Blanca,Murcia
30011,Blanqueny,Murcia
30011,Blanquenya,Murcia
30012,Bullas,Murcia
30012,Bulles,Murcia
30012,La Copa de Bullas,Murcia
30013,Calasparra,Murcia
30014,Campos del Rio,Murcia
30014,Campos del Río,Murcia
30015,Benablon,Murcia
30015,Benablón,Murcia
30015,Caravaca,Murcia
30015,Caravaca de la Cruz,Murcia
30015,Caravaquena,Murcia
30015,Caravaqueno,Murcia
30015,Caravaqueña,Murcia
30015,Caravaqueño,Murcia
30016,Carcedònia,Murcia
30016,Cartachena,Murcia
30016,Cartagena,Murcia
30016,Cartagena (España),Murcia
30016,Cartagenera,Murcia
30016,Cartagenero,Murcia
30016,Cartago Nova,Murcia
30016,Cartagènia,Murcia
30016,Cartaxena,Murcia
30016,Carthago Nova,Murcia
30016,Carthago-Nova,Murcia
30016,Kartadjanna,Murcia
30016,Kartagena,Murcia
30016,Mastia,Murcia
30017,Cehegin,Murcia
30017,Cehegín,Murcia
30017,Cehejin,Murcia
30017,Cehejín,Murcia
30018,Ceutí,Murcia
30019,Ciessa,Murcia
30019,Cieza,Murcia
30019,Ciezana,Murcia
30019,Ciezano,Murcia
30020,Fortuna,Murcia
30020,Santuario de Cueva Negra,Murcia
30021,Fuente Alamo,Murcia
30021,Fuente Alamo de Murcia,Murcia
30021,Fuente Álamo,Murcia
30021,Fuente Álamo de Murcia,Murcia
30021,Murtziako Fuente Alamo,Murcia
30022,Chumiella,Murcia
30022,Jumella,Murcia
30022,Jumilla,Murcia
30023,Libriella,Murcia
30023,Librilla,Murcia
30023,Libriller,Murcia
30023,Librillera,Murcia
30024,Ilorci,Murcia
30024,Llorca,Murcia
30024,Lorca,Murcia
30024,Lurqa,Murcia
30025,Llorquí,Murcia
30025,Lorqui,Murcia
30025,Lorquí,Murcia
30026,Massarró,Murcia
30026,Mazarron,Murcia
30026,Mazarrón,Murcia
30027,Molina de Segura,Murcia
30027,Molina del Segura,Murcia
30028,Moratalla,Murcia
30028,Moratallera,Murcia
30028,Moratallero,Murcia
30029,Mula,Murcia
30030,Murcia,Murcia
30030,Murtzia,Murcia
30030,Múrcia,Murcia
30030,ciutat de Múrcia,Murcia
30031,Ojeren,Murcia
30031,Ojerena,Murcia
30031,Ojos,Murcia
30031,Ojós,Murcia
30031,Oxós,Murcia
30031,Oxóx,Murcia
30032,Ciudad de Rosas,Murcia
30032,Pleguense,Murcia
30032,Pliego,Murcia
30033,Puerto Lumbreras,Murcia
30034,Ricot,Murcia
30034,Ricote,Murcia
30035,San Javier,Murcia
30035,Xavierenc,Murcia
30035,Xavierenca,Murcia
30036,San Pedro del Pinatar,Murcia
30036,Sant Pere del Pinatar,Murcia
30037,Balsicas,Murcia
30037,Bálsicas,Murcia
30037,Torre Pacheco,Murcia
30037,Torre-Pacheco,Murcia
30038,Las Torres de Cotiellas,Murcia
30038,Las Torres de Cotillas,Murcia
30038,"Torres de Cotillas, Las",Murcia
30039,Totana,Murcia
30040,Ulea,Murcia
30040,Uleana,Murcia
30040,Uleà,Murcia
30041,La Union,Murcia
30041,La Unión,Murcia
30041,"Unión, La",Murcia
30042,Villanueva del Río Segura,Murcia
30043,Iecla,Murcia
30043,Yecla,Murcia
30901,Santomera,Murcia
30901,Santomerana,Murcia
30901,Santomerà,Murcia
30902,Alcazareño,Murcia
30902,Alcázares,Murcia
30902,"Alcázares, Los",Murcia
30902,Los Alcazares,Murcia
30902,Los Alcázares,Murcia
31001,Abaigar,Navarra
31001,Abáigar,Navarra
31002,Abartzuza,Navarra
31002,Abarzuza,Navarra
31002,Abarzuza y Anderaz,Navarra
31002,Abárzuza,Navarra
31003,Abaurrea Alta,Navarra
31003,Abaurrea de Suso,Navarra
31003,Abaurregaina,Navarra
31003,Aburre,Navarra
31003,Aburregeina,Navarra
31004,Abaurrea Baja,Navarra
31004,Abaurrea de Chuso,Navarra
31004,Abaurrepea,Navarra
31004,Aburrepea,Navarra
31004,Aurrepea,Navarra
31005,Aberin,Navarra
31006,Ablitas,Navarra
31006,Ablitas (Navarra),Navarra
31006,Ablitas (navarra),Navarra
31006,Ablitense,Navarra
31006,Ablitero,Navarra
31006,Orbieta,Navarra
31007,Adios,Navarra
31007,"Adios, Ahuritze",Navarra
31007,Adiotz,Navarra
31007,Adiós,Navarra
31008,Aguilar Kodes,Navarra
31008,"Aguilar Kodes, Arnotegi-Goditze",Navarra
31008,Aguilar Kodeskoa,Navarra
31008,Aguilar de Codes,Navarra
31008,Aguilar de Codés,Navarra
31009,Aibar,Navarra
31009,Oibar,Navarra
31009,"Oibar, Ahibarre",Navarra
31009,Oibarre,Navarra
31010,Alsasua,Navarra
31010,Altsasu,Navarra
31010,Altsasu / Alsasua,Navarra
31010,Altsasu Alsasua,Navarra
31010,"Altsasu, Haltzatsu",Navarra
31010,Altsasua,Navarra
31011,Allin,Navarra
31011,"Allin, Ailinibar",Navarra
31011,Allín,Navarra
31012,Ailo,Navarra
31012,Allo,Navarra
31012,Alu,Navarra
31013,Amescoa Baja,Navarra
31013,Ameskoa Behea,Navarra
31013,Ameskoabarren,Navarra
31013,Ameskoabarrena,Navarra
31013,"Ameskoabarrena, Amezkopea",Navarra
31013,Amezkoabarren,Navarra
31013,Améscoa Baja,Navarra
31013,Améscua la Baixa,Navarra
31014,Ancin,Navarra
31014,Ancín,Navarra
31014,Ancín/Antzin,Navarra
31014,Antzin,Navarra
31015,Andosiella,Navarra
31015,Andosilla,Navarra
31016,Ansoain,Navarra
31016,Ansoáin,Navarra
31016,Ansoáin-Antsoain,Navarra
31016,Antsoain,Navarra
31017,Anue,Navarra
31018,Ainorbe,Navarra
31018,Anorbe,Navarra
31018,Añorbe,Navarra
31019,Agoitz,Navarra
31019,Aoiz,Navarra
31019,Aoiz/Agoitz,Navarra
31020,Araitz,Navarra
31020,Araiz,Navarra
31020,Haraitze,Navarra
31021,Aranarach,Navarra
31021,Aranarache,Navarra
31021,Aranarache/Aranaratxe,Navarra
31021,Aranaratxe,Navarra
31021,"Aranaratxe, Haranaratxe , Aranatxe",Navarra
31021,Aranatxe,Navarra
31022,Aranaz,Navarra
31022,Arantza,Navarra
31022,Harainatze,Navarra
31023,Aranguren,Navarra
31023,Tajonar,Navarra
31023,Valle de Aranguren,Navarra
31024,Arano,Navarra
31024,Harano,Navarra
31025,Arakil,Navarra
31025,Araquil,Navarra
31026,Aras,Navarra
31026,"Hirurarahatse, Haratse",Navarra
31026,Tres Aras,Navarra
31027,Arbizu,Navarra
31028,Arce,Navarra
31028,Artzi,Navarra
31028,Artzibar,Navarra
31028,Baldartze,Navarra
31028,Valle de Arce,Navarra
31029,Los Arcos,Navarra
31030,Areilano,Navarra
31030,Arellano,Navarra
31031,Areso,Navarra
31031,Arezo,Navarra
31032,Argedatse,Navarra
31032,Arguedas,Navarra
31032,Arketas,Navarra
31033,Aria,Navarra
31033,Haria,Navarra
31034,Aribe,Navarra
31034,Arive,Navarra
31034,Haribe,Navarra
31035,Armañantzas,Navarra
31035,"Armañantzas, Haramaihantza",Navarra
31035,Armañanzas,Navarra
31036,Arroitz,Navarra
31036,Arróniz,Navarra
31037,Arruazu,Navarra
31038,Artajona,Navarra
31038,Artaxoa,Navarra
31038,"Artaxoa, Artasona",Navarra
31038,Artaxona,Navarra
31039,Artatsu,Navarra
31039,Artazu,Navarra
31040,Atetz,Navarra
31040,Atez,Navarra
31040,Atez-Atetz,Navarra
31041,Aiegi,Navarra
31041,"Aiegi, Aihegi",Navarra
31041,Ayegi,Navarra
31041,Ayegui,Navarra
31041,Ayegui (Navarra),Navarra
31041,Ayegui/Aiegi,Navarra
31042,Azagra,Navarra
31042,Latsagarai,Navarra
31043,Azuelo,Navarra
31043,Lurgain,Navarra
31044,Bacaicoa,Navarra
31044,Bakaiku,Navarra
31045,Barasoain,Navarra
31045,"Barasoain, Baratzohain",Navarra
31045,Barásoain,Navarra
31046,Barbariain,Navarra
31046,Barbarin,Navarra
31047,Bargota,Navarra
31047,Ibargoiti,Navarra
31048,Bariellas,Navarra
31048,Barileta,Navarra
31048,Barillas,Navarra
31049,Basaburu,Navarra
31049,Basaburu Nagusia,Navarra
31049,Basaburua,Navarra
31049,Basaburua Nagusia,Navarra
31049,Basaburua mayor,Navarra
31049,Basaburúa,Navarra
31050,Baztan,Navarra
31050,Baztan Harana,Navarra
31050,Baztán,Navarra
31051,Behiria,Navarra
31051,Beire,Navarra
31051,Beire (Navarra),Navarra
31052,Belascoain,Navarra
31052,Belascoáin,Navarra
31052,Belaskoain,Navarra
31052,Beraskoain,Navarra
31053,Berbintzana,Navarra
31053,Berbinzana,Navarra
31054,Bertiz arana,Navarra
31054,Bertiz-Arana,Navarra
31054,Bertizarana,Navarra
31054,Bértiz arana,Navarra
31055,Betelu,Navarra
31056,Biurrun Olcoz,Navarra
31056,Biurrun-Olcoz,Navarra
31056,Biurrun-Olkotz,Navarra
31057,Buinuel,Navarra
31057,Bunuel,Navarra
31057,Bunyuel,Navarra
31057,Buñuel,Navarra
31058,Ahuritze,Navarra
31058,Auritz,Navarra
31058,"Auritz, Ahuritze",Navarra
31058,Auritz-Burguete,Navarra
31058,Burgo de Roncesvalles,Navarra
31058,Burguet,Navarra
31058,Burguete,Navarra
31058,Villa de Burguete,Navarra
31059,Buogui,Navarra
31059,Buogüi,Navarra
31059,Burgi,Navarra
31059,Burgui,Navarra
31060,Burlada,Navarra
31060,Burlata,Navarra
31061,Bustia,Navarra
31061,El Busto,Navarra
31062,Cabaniellas,Navarra
31062,Cabanillas,Navarra
31062,Kabanillas,Navarra
31062,"Kapanaga, Olaeta",Navarra
31063,Ahuntzegi,Navarra
31063,Aztegieta,Navarra
31063,Cabredo,Navarra
31063,Kabredo,Navarra
31064,Cadreita,Navarra
31064,"Gaderitea, Kadereita",Navarra
31065,Caparroso,Navarra
31065,Gabarrotsu,Navarra
31066,Carcar,Navarra
31066,Cárcar,Navarra
31066,"Garagarre, Karkar",Navarra
31066,Karkar,Navarra
31067,Carcastiello,Navarra
31067,Carcastillo,Navarra
31067,Kargastulu,Navarra
31067,Larrate,Navarra
31067,Zaharrakaztelu,Navarra
31067,Zarakastelu,Navarra
31067,Zarrakaztelu,Navarra
31068,Cascant,Navarra
31068,Cascante,Navarra
31068,Kaskante,Navarra
31068,"Kaskante, Gaizkate",Navarra
31069,Caseda,Navarra
31069,Cáseda,Navarra
31069,Kaseda,Navarra
31069,"Kaseda, Gahatseta",Navarra
31070,Castejon,Navarra
31070,Castejón,Navarra
31070,Castejón de Ebro,Navarra
31070,Castellón,Navarra
31070,Gazteluhandi,Navarra
31070,Kastejon,Navarra
31071,Castiello Nuevo,Navarra
31071,Castillo-Nuevo,Navarra
31071,Castillonuevo,Navarra
31071,Gazteluberri,Navarra
31071,Gaztuluberri,Navarra
31072,Cientruenigo,Navarra
31072,Cintruenigo,Navarra
31072,Cintruénigo,Navarra
31072,Citruénigo,Navarra
31072,Zentroniko,Navarra
31072,"Zinderuheinigo, Zinderoneko",Navarra
31072,Zintruenigo,Navarra
31073,Ciordia,Navarra
31073,"Zihaurdia, Eznate",Navarra
31073,Ziordia,Navarra
31074,Cirauqui,Navarra
31074,Zirauki,Navarra
31074,"Zirauki, Zirauki",Navarra
31075,Ciriza,Navarra
31075,Ziritza,Navarra
31075,Ziriza,Navarra
31076,Cendea de Cizur,Navarra
31076,Cizur,Navarra
31076,Zendea de Zizur,Navarra
31076,Zizur Zendea,Navarra
31076,Zizur zendea,Navarra
31077,Corella,Navarra
31078,Cortes,Navarra
31078,Cortes de Navarra,Navarra
31078,Cortz,Navarra
31078,Kortes,Navarra
31078,"Kortes, Gurtitz",Navarra
31079,Desoio,Navarra
31079,Desojo,Navarra
31079,Desollo,Navarra
31079,Desoxo,Navarra
31080,Deikaztelu,Navarra
31080,"Deikaztelu, Dehikaztelu",Navarra
31080,Dicastiello,Navarra
31080,Dicastillo,Navarra
31080,Dikastelu,Navarra
31081,Donamaria,Navarra
31081,Ezperun,Navarra
31082,Echalar,Navarra
31082,Etxalar,Navarra
31082,Etxalarre,Navarra
31083,Echarri,Navarra
31083,Etxarri,Navarra
31084,Echarri-Aranaz,Navarra
31084,Etxarri Aranatz,Navarra
31084,Etxarri-Aranatz,Navarra
31085,Echauri,Navarra
31085,Etxauri,Navarra
31086,Egues,Navarra
31086,Eguesibar,Navarra
31086,Egués,Navarra
31086,Egües,Navarra
31086,Egüés,Navarra
31086,Valle de Egues,Navarra
31086,Valle de Egués,Navarra
31086,Valle de Egües,Navarra
31086,Valle de Egüés,Navarra
31087,Elgorriaga,Navarra
31088,Elortzibar,Navarra
31088,Noain,Navarra
31088,Noain (Elortzibar),Navarra
31088,Noain Valle de Elorz,Navarra
31088,Noain-Valle de Elorz,Navarra
31088,Noáin,Navarra
31088,Noáin (Valle de Elorz),Navarra
31088,Noáin (Valle de Elorz)Valle de Elorz Noain,Navarra
31088,Noáin Valle de Elorz,Navarra
31088,Noáin-Valle de Elorz,Navarra
31088,Valle de Elorz,Navarra
31088,Valle de Elorz / Elortzibar,Navarra
31088,Valle de Elorz Noáin,Navarra
31088,lortzibar,Navarra
31089,Eneritz,Navarra
31089,"Eneritz, Eneritze",Navarra
31089,Eneriz,Navarra
31089,Enériz,Navarra
31089,Enériz / Eneritz,Navarra
31090,Erasun,Navarra
31090,Eratsun,Navarra
31091,Ergoiena,Navarra
31092,Erro,Navarra
31092,Erroibar,Navarra
31092,Erroiberra,Navarra
31092,Valle de Erro,Navarra
31093,Escaroz,Navarra
31093,Escároz,Navarra
31093,Ezcaroz,Navarra
31093,Ezcároz,Navarra
31093,Ezkarotz,Navarra
31093,Ezkaroze,Navarra
31094,Eslaba,Navarra
31094,Eslava,Navarra
31095,Espartza,Navarra
31095,Espartza Zaraitzu,Navarra
31095,Espartza-Zaraitzu,Navarra
31095,Esparza,Navarra
31095,Esparza de Salazar,Navarra
31095,"Esparza de Salazar, Espartza Zaraitzu",Navarra
31095,Ezpartza,Navarra
31095,Ezpartza-Zaraitzu,Navarra
31096,Espronceda,Navarra
31096,Esprontzeda,Navarra
31096,"Esprontzeda, Ezperuntzieta",Navarra
31097,Estella,Navarra
31097,Estella - Lizarra,Navarra
31097,Estella-Lizarra,Navarra
31097,Estella/Lizarra,Navarra
31097,Lizarra,Navarra
31097,Lizarra / Estella,Navarra
31097,Lizarra Estella,Navarra
31098,Esteribar,Navarra
31098,Esteriber,Navarra
31098,Esteríbar,Navarra
31099,Etaio,Navarra
31099,Etaiu,Navarra
31099,"Etaiu, Etaio",Navarra
31099,Etayo,Navarra
31100,Ehulate,Navarra
31100,Eulate,Navarra
31101,Ezcabarte,Navarra
31101,Ezkabarte,Navarra
31101,Valle de Ezcabarte,Navarra
31102,Ezkurra,Navarra
31103,Ezporogi,Navarra
31103,Ezprogui,Navarra
31104,Falces,Navarra
31104,Faltzes,Navarra
31104,"Faltzes, Hatxarte, Faltziz",Navarra
31105,Fitero,Navarra
31105,Mugarte,Navarra
31106,Fontellas,Navarra
31106,Iturritza,Navarra
31107,Funes,Navarra
31107,"Ibarguren, Funiz",Navarra
31108,Bustiniana,Navarra
31108,Fustinana,Navarra
31108,Fustinyana,Navarra
31108,Fustiñana,Navarra
31109,Cendea de Galar,Navarra
31109,Galar,Navarra
31109,Galar Zendea,Navarra
31110,Galipentzu,Navarra
31110,"Galipentzu, Garipentzu",Navarra
31110,Gallipienzo,Navarra
31110,Garipentzu,Navarra
31110,Gilepentzu,Navarra
31111,Gallues,Navarra
31111,Gallués,Navarra
31111,"Gallués, Galoze",Navarra
31111,Galoze,Navarra
31112,Garaihoa,Navarra
31112,Garaioa,Navarra
31112,Garalloa,Navarra
31112,Garayoa,Navarra
31113,Garde,Navarra
31114,Garinoain,Navarra
31114,"Garinoain, Garinohain",Navarra
31114,Garínoain,Navarra
31115,Garralda,Navarra
31116,Genebila,Navarra
31116,Genevilla,Navarra
31116,Uxanabilla,Navarra
31116,Uxanahuli,Navarra
31116,Uxanbilla,Navarra
31116,Uxanuri,Navarra
31117,Goizueta,Navarra
31118,Goni,Navarra
31118,Goñerri,Navarra
31118,Goñi,Navarra
31118,Goñibar,Navarra
31118,Valle de Goñi,Navarra
31119,Gorza,Navarra
31119,Guesa,Navarra
31119,Güesa,Navarra
31119,"Güesa, Gorza",Navarra
31120,Gesalatz,Navarra
31120,Guesalaz,Navarra
31120,Guesálaz,Navarra
31121,Girgillao,Navarra
31121,"Girgillao, Girigilano",Navarra
31121,Guirguillano,Navarra
31122,Huarte,Navarra
31122,Huarte - Uharte,Navarra
31122,Huarte Pamplona,Navarra
31122,Huarte-Pamplona,Navarra
31122,Huarte/Uharte,Navarra
31122,Uhart,Navarra
31122,Uharte,Navarra
31122,Uharte (Baztan),Navarra
31122,Uharte (Lekaroz),Navarra
31122,Uharte / Huarte,Navarra
31122,Uharte Baztan,Navarra
31122,Uharte Eguesibar,Navarra
31122,Uharte Huarte,Navarra
31123,Huarte Araquil,Navarra
31123,Huarte-Araquil,Navarra
31123,Uhart de Val d'Araquil,Navarra
31123,Uharte Arakil,Navarra
31123,Uharte-Arakil,Navarra
31124,Ibargoiti,Navarra
31124,Idocin,Navarra
31125,Iguskiza,Navarra
31125,Iguzkitza,Navarra
31125,Iguzquiza,Navarra
31125,Igúzquiza,Navarra
31126,Imotz,Navarra
31126,Imoz,Navarra
31127,Irañeta,Navarra
31128,Isaba,Navarra
31128,Izaba,Navarra
31129,Ituren,Navarra
31130,Iturmendi,Navarra
31131,Cendea de Iza,Navarra
31131,Itza,Navarra
31131,Itza Zendea,Navarra
31131,Itzako Zendea,Navarra
31131,Iza,Navarra
31131,Iza/Itza,Navarra
31132,Itzagaondoa,Navarra
31132,Itzagaondoa errepikatua,Navarra
31132,Izagaondoa,Navarra
31132,Izagaondoa (Navarra),Navarra
31132,Izagondoa,Navarra
31133,Itzaltzu,Navarra
31133,Izalzu,Navarra
31134,Chaurrieta,Navarra
31134,Eaurta,Navarra
31134,Jaurrieta,Navarra
31135,Javier,Navarra
31135,Pueblo de Javier,Navarra
31135,Xabier,Navarra
31136,Chus la Penya,Navarra
31136,Juslapeña,Navarra
31136,Txulapain,Navarra
31136,Xulapein,Navarra
31137,Beintza Labaien,Navarra
31137,Beintza-Labaien,Navarra
31137,Beinza labayen,Navarra
31137,Labaien,Navarra
31137,Labaina,Navarra
31137,Labayen,Navarra
31138,Lakuntza,Navarra
31139,Lana,Navarra
31139,"Lanaibar, Lana ibarra",Navarra
31140,Lantz,Navarra
31140,Lantze,Navarra
31140,Lanz,Navarra
31141,La Población,Navarra
31141,Lapoblacion,Navarra
31141,Lapoblación,Navarra
31141,Meanuri,Navarra
31141,"Meanuri, Hulia-meheiano",Navarra
31142,Larraga,Navarra
31143,Larragoa,Navarra
31143,Larraona,Navarra
31144,Larraun,Navarra
31144,Larraún,Navarra
31145,Elizagorria,Navarra
31145,"Elizagorria, Latsagurria",Navarra
31145,Lazagurria,Navarra
31145,Lazagurría,Navarra
31146,Leache,Navarra
31146,Leache/Leatxe,Navarra
31146,Leatxe,Navarra
31146,Liach,Navarra
31147,Legarda,Navarra
31148,Legaria,Navarra
31149,Leitza,Navarra
31149,Leiza,Navarra
31150,Leotz,Navarra
31150,"Leotz, Lehotze",Navarra
31150,Leoz,Navarra
31150,Leoz/Leotz,Navarra
31151,Leraga,Navarra
31151,Lerga,Navarra
31152,Lerin,Navarra
31152,Lerín,Navarra
31153,Lesaca,Navarra
31153,Lesaka,Navarra
31154,Lezaun,Navarra
31154,Lezáun,Navarra
31155,Ledea,Navarra
31155,Ledia,Navarra
31155,Liedena,Navarra
31155,Liédena,Navarra
31156,Lintzoain,Navarra
31156,Lizoain,Navarra
31156,Lizoain Arriasgoiti,Navarra
31156,Lizoain-Arriasgoiti,Navarra
31156,Lizoainibar-Arriasgoiti,Navarra
31156,Lizoáin,Navarra
31156,Lizoáin Arriasgoiti,Navarra
31156,Lizoáin-Arriasgoiti,Navarra
31157,Lodosa,Navarra
31157,Lodotsa,Navarra
31157,reino Simón,Navarra
31158,Longida,Navarra
31158,"Longida, Lohongida",Navarra
31158,Longuida,Navarra
31158,Lónguida,Navarra
31159,Ilunberri,Navarra
31159,Irunberri,Navarra
31159,Lumbier,Navarra
31159,Urunberri,Navarra
31160,Lukin,Navarra
31160,Luquin,Navarra
31160,Luquín,Navarra
31161,Mañeru,Navarra
31162,Marainoi,Navarra
31162,Maranyón,Navarra
31162,Marañón,Navarra
31163,Marciella,Navarra
31163,Marcilla,Navarra
31163,Martzilla,Navarra
31164,Imehelieta,Navarra
31164,Melida,Navarra
31164,Mélida,Navarra
31165,Mendabia,Navarra
31165,Mendavia,Navarra
31166,Mendaza,Navarra
31167,Mendigorria,Navarra
31167,Mendigorría,Navarra
31168,Metauten,Navarra
31169,Hergabika,Navarra
31169,Milagro,Navarra
31169,Miraglo,Navarra
31170,Mirafuentes,Navarra
31170,Miraiturrieta,Navarra
31171,Miranda,Navarra
31171,Miranda Arga,Navarra
31171,"Miranda Arga, Talaieta Arga",Navarra
31171,Miranda d'Arga,Navarra
31171,Miranda de Arga,Navarra
31172,Elo,Navarra
31172,Monreal,Navarra
31172,Monreal-Elo,Navarra
31172,Mont-reyal,Navarra
31173,Mendizorrotza,Navarra
31173,Mont Agut,Navarra
31173,Monteagudo,Navarra
31174,Morendin,Navarra
31174,Morentiain,Navarra
31174,Morentin,Navarra
31175,Mues,Navarra
31175,Mués,Navarra
31176,Murchant,Navarra
31176,Murchante,Navarra
31176,Murtxante,Navarra
31176,"Murtzaindi, Murtxante",Navarra
31177,Murieta,Navarra
31178,Moriello del Cuende,Navarra
31178,Murelu Konde,Navarra
31178,"Murelu Konde, Harasatze",Navarra
31178,Murillete,Navarra
31178,Murillo El Cuende,Navarra
31178,Murillo el Cuende,Navarra
31179,Moriello Freito,Navarra
31179,Murelu Hautsi,Navarra
31179,"Murelu Hautsi, Muruhielu",Navarra
31179,Murillo el Fruto,Navarra
31179,Murillo el Frutu,Navarra
31180,Muruzabal,Navarra
31180,Muruzábal,Navarra
31181,Nabaskoze,Navarra
31181,Nabaskoze Almiradioa,Navarra
31181,Nabaskoze Almiranterria,Navarra
31181,"Nabaskoze, Atabea",Navarra
31181,Nabaskozeko Almiradioa,Navarra
31181,Navascues,Navarra
31181,Navascués,Navarra
31181,Navascués-Nabaskoze,Navarra
31182,Nazar,Navarra
31183,Obanos,Navarra
31183,Obanotze,Navarra
31184,Oco,Navarra
31184,Oko,Navarra
31185,Ochagaria,Navarra
31185,Ochagaría,Navarra
31185,Ochagavia,Navarra
31185,Ochagavía,Navarra
31185,Ochogabia,Navarra
31185,Otsagabia,Navarra
31185,Otsagi,Navarra
31186,Odieta,Navarra
31186,Valle de Odieta,Navarra
31187,"Ohitze, Oitz",Navarra
31187,Oitz,Navarra
31187,Oiz,Navarra
31188,Olaibar,Navarra
31188,Olaiber,Navarra
31188,Oláibar,Navarra
31189,Olatzaguti,Navarra
31189,Olatzagutia,Navarra
31189,Olazagutia,Navarra
31189,Olazagutía,Navarra
31189,Olazti,Navarra
31189,Olazti/Olazagutia,Navarra
31189,Olazti/Olazagutía,Navarra
31190,Olejua,Navarra
31190,Olexoa,Navarra
31190,Olexua,Navarra
31190,"Olexua, Olesua",Navarra
31191,Eriberri,Navarra
31191,Erri berri,Navarra
31191,Erri-berri,Navarra
31191,Erriberri,Navarra
31191,Olit,Navarra
31191,Olite,Navarra
31191,Olite/Erriberri,Navarra
31192,Oloritz,Navarra
31192,Oloriz,Navarra
31192,Olóriz,Navarra
31192,Olóriz/Oloritz,Navarra
31193,Cendea de Olza,Navarra
31193,Cendea de Olza/Oltza Zendea,Navarra
31193,Oltza,Navarra
31193,Oltza Zendea,Navarra
31193,Olza,Navarra
31194,Ollaran,Navarra
31194,Ollo,Navarra
31194,Olloibar,Navarra
31194,Val d'Ollo,Navarra
31194,Valle de Ollo,Navarra
31195,Orbaitzeta,Navarra
31195,Orbaizeta,Navarra
31195,Orbaxta,Navarra
31196,Orbara,Navarra
31197,Orisoain,Navarra
31197,"Orisoain, Oritsohain",Navarra
31197,Orísoain,Navarra
31198,Orontze,Navarra
31198,Oronz,Navarra
31198,"Oronz, Orontze",Navarra
31199,Betelu,Navarra
31199,Orotz,Navarra
31199,Orotz-Betelu,Navarra
31199,Oroz,Navarra
31199,Oroz Betelu,Navarra
31199,Oroz-Betelu,Navarra
31199,Oroz-Betelu/Orotz-Betelu,Navarra
31200,Oteitza,Navarra
31200,"Oteitza, Oteitza-Eguzkitza",Navarra
31200,Oteiza,Navarra
31200,Oteiza de la Solana,Navarra
31201,Bambaluna,Navarra
31201,Iruña,Navarra
31201,Iruñea,Navarra
31201,Pamplona,Navarra
31201,Pompaelo,Navarra
31201,Pompeiópolis,Navarra
31201,Pompeyópolis,Navarra
31202,Azkoien,Navarra
31202,"Azkoien, Hazkoien",Navarra
31202,Peralta,Navarra
31202,Peralta – Azkoien,Navarra
31203,Petiella,Navarra
31203,Petiella d'Aragón,Navarra
31203,Petilla,Navarra
31203,Petilla Aragoi,Navarra
31203,Petilla de Aragon,Navarra
31203,Petilla de Aragón,Navarra
31203,Pisilla de Aragon,Navarra
31203,Pisilla de Aragón,Navarra
31203,Pitella,Navarra
31203,Pithieylla en Aragon,Navarra
31203,Pitilla,Navarra
31204,Miliarri,Navarra
31204,Piedra Millera,Navarra
31204,Piedramillera,Navarra
31204,"Piedramillera, Milarriaga",Navarra
31205,Bitirieta,Navarra
31205,Pitiellas,Navarra
31205,Pitillas,Navarra
31206,Gares,Navarra
31206,Puent de la Reina,Navarra
31206,Puente La Reina,Navarra
31206,Puente la Reina,Navarra
31207,Pueyo,Navarra
31207,Puiu,Navarra
31207,"Puiu, Hirigaray",Navarra
31208,Erripazuloaga,Navarra
31208,Riba Forada,Navarra
31208,Ribaforada,Navarra
31209,Erromantzatua,Navarra
31209,"Erromantzatua, Arbaihune",Navarra
31209,Romanzado,Navarra
31209,Romanzadue,Navarra
31209,Urraul Ekialdekoa,Navarra
31210,Erronkari,Navarra
31210,Roncal,Navarra
31211,Orreaga,Navarra
31211,Orreaga - Roncesvalles,Navarra
31211,Orriaga,Navarra
31211,Roncesvales,Navarra
31211,Roncesvalles,Navarra
31211,Roncesvalls,Navarra
31211,Roncesvals,Navarra
31212,Sada,Navarra
31212,Zare,Navarra
31212,"Zare, Zare-Zangotza",Navarra
31213,Saldias,Navarra
31213,Salditse,Navarra
31213,Saldías,Navarra
31214,Jaitz,Navarra
31214,Salinas d'Oro,Navarra
31214,Salinas de Oro,Navarra
31214,Salinas de Oro/Jaitz,Navarra
31214,Yániz,Navarra
31215,San Adrian,Navarra
31215,San Adrián,Navarra
31215,"San Adrián, Donaderi",Navarra
31215,Sant Hadrián,Navarra
31216,Sanguesa,Navarra
31216,Sangüesa,Navarra
31216,Sangüesa/Zangoza,Navarra
31216,Vadoluengo,Navarra
31216,Zangoza,Navarra
31216,Zangoza (hiria),Navarra
31216,"Zangoza, Zangotza",Navarra
31216,Zankoza,Navarra
31217,Donamartiri Untz,Navarra
31217,San Martin Unx,Navarra
31217,"San Martin Unx, Donamartiri Untz, Untze-Donemartihiri",Navarra
31217,San Martin de Unx,Navarra
31217,San Martín de Unx,Navarra
31217,Sanmartiñe,Navarra
31219,Sansol,Navarra
31219,Santsol,Navarra
31219,"Santsol, Doneloizu",Navarra
31219,Sanzol,Navarra
31220,Santa Cara,Navarra
31220,Santacara,Navarra
31220,Santakara,Navarra
31220,"Santakara, Garai",Navarra
31221,Doneztebe,Navarra
31221,Doneztebe/Santesteban,Navarra
31221,Santesteban,Navarra
31221,Santesteban de Lerin,Navarra
31222,Sarries,Navarra
31222,Sarriés,Navarra
31222,Sartze,Navarra
31223,Sartaguda,Navarra
31223,Sartiagutia,Navarra
31224,Sesma,Navarra
31224,Sesuma,Navarra
31224,Sixama,Navarra
31225,Sorlada,Navarra
31225,Sorlata,Navarra
31225,Suruslada,Navarra
31226,Sunbilla,Navarra
31227,Gabaltzika,Navarra
31227,Tafalla,Navarra
31228,Tebas-Muru Artederreta,Navarra
31228,Tiebas-Muru Artederreta,Navarra
31228,Tiebas-Muruarte de Reta,Navarra
31229,Tirapu,Navarra
31230,"Dorrezuria, Torralba",Navarra
31230,Torralba del Rio,Navarra
31230,Torralba del Río,Navarra
31231,Dorreaga,Navarra
31231,"Dorreaga, Dorreta",Navarra
31231,Torres del Rio,Navarra
31231,Torres del Río,Navarra
31232,Muskaria,Navarra
31232,Tudela,Navarra
31232,Tutera,Navarra
31232,Tutila,Navarra
31233,Iturbeheratse,Navarra
31233,Tulebras,Navarra
31234,Ucar,Navarra
31234,Ukar,Navarra
31234,"Ukar, Ugarre",Navarra
31234,Úcar,Navarra
31235,Ujue,Navarra
31235,Ujué,Navarra
31235,Uxua,Navarra
31235,Uxue,Navarra
31235,"Uxue, Usue",Navarra
31235,Uxué,Navarra
31236,Ultzama,Navarra
31236,Uzama,Navarra
31237,Unciti,Navarra
31237,Untziti,Navarra
31237,Untzitibar,Navarra
31237,Unzit,Navarra
31238,Untzue,Navarra
31238,Unzue,Navarra
31238,Unzué,Navarra
31239,Urdax,Navarra
31239,Urday,Navarra
31239,Urdazubi,Navarra
31239,Urdazubi/Urdax,Navarra
31240,Urdiain,Navarra
31241,Urraul Alto,Navarra
31241,Urraul goiti,Navarra
31241,Urraulgoiti,Navarra
31241,Urraúl Alta,Navarra
31241,Urraúl Alto,Navarra
31241,Urrulgaine,Navarra
31242,Urraul Bajo,Navarra
31242,Urraulbeiti,Navarra
31242,"Urraulbeiti, Urraulbehiti",Navarra
31242,Urraulpe,Navarra
31242,Urraúl Baixa,Navarra
31242,Urraúl Bajo,Navarra
31243,Urrotz,Navarra
31243,"Urrotz, Urrotze",Navarra
31243,Urrotz-Hiria,Navarra
31243,Urroz,Navarra
31243,Urroz Villa,Navarra
31243,Urroz-Villa,Navarra
31244,Urrotz,Navarra
31244,Urrotz(Malerreka),Navarra
31244,Urrotza-Doneztebe,Navarra
31244,Urroz,Navarra
31244,Urroz de Santesteban,Navarra
31245,Urzaingui,Navarra
31245,Urzainki,Navarra
31245,Urzainqui,Navarra
31246,Aquiturriain,Navarra
31246,Uterga,Navarra
31247,Ustarroz,Navarra
31247,Ustárroz,Navarra
31247,Uztarroz,Navarra
31247,Uztarroze,Navarra
31247,Uztarze,Navarra
31247,Uztárroz,Navarra
31248,La Val de Carlos,Navarra
31248,Luzaide,Navarra
31248,Luzeide,Navarra
31248,Valcarlos,Navarra
31249,Balterra,Navarra
31249,Val Tierra,Navarra
31249,Valtierra,Navarra
31250,Bera,Navarra
31250,Bera (Navarra),Navarra
31250,Bera / Vera de Bidasoa,Navarra
31250,Bera Vera de Bidasoa,Navarra
31250,Bera de Bidasoa,Navarra
31250,Vera,Navarra
31250,Vera de Bidasoa,Navarra
31250,Vera de Bidasoa (Navarra),Navarra
31250,Vera de bidasoa,Navarra
31251,Biana,Navarra
31251,Viana,Navarra
31252,Bidangoze,Navarra
31252,Bidankoze,Navarra
31252,Bidángoz,Navarra
31252,Vidangoz,Navarra
31252,Vidángoz,Navarra
31253,Bidaurreta,Navarra
31253,Vidaurreta,Navarra
31254,Alesbes,Navarra
31254,"Alesbes, Alesotze",Navarra
31254,Villafranca,Navarra
31255,Dehio,Navarra
31255,Villamayor de Monjardin,Navarra
31255,Villamayor de Monjardín,Navarra
31255,Villamayor de Mont Chardín,Navarra
31256,Hiriberri,Navarra
31256,Hiriberri Aezkoa,Navarra
31256,Ireberri,Navarra
31256,Villanueva d'Ezcua,Navarra
31256,Villanueva de Aezcoa,Navarra
31256,Villanueva de Aezkoa,Navarra
31256,Villanueva de Aézcoa,Navarra
31257,Bilatorta,Navarra
31257,"Bilatorta, Biurrihiri",Navarra
31257,Villatuerta,Navarra
31258,Atarrabia,Navarra
31258,Villava,Navarra
31258,Villava - Atarrabia,Navarra
31259,Igantzi,Navarra
31259,Iganzi,Navarra
31259,Yanci (Igantzi),Navarra
31260,Deierri,Navarra
31260,"Deierri, Igeri",Navarra
31260,Deyerri,Navarra
31260,Valle de Yerri,Navarra
31260,Yerri,Navarra
31261,Esa,Navarra
31261,"Esa, Gisa",Navarra
31261,Ihesa,Navarra
31261,Yesa,Navarra
31262,Zabaltza,Navarra
31262,Zabalza,Navarra
31262,Zabalza-Zabaltza,Navarra
31263,Zubieta,Navarra
31264,Zugarramurdi,Navarra
31265,Estuniga,Navarra
31265,Zuñiga,Navarra
31265,"Zuñiga, Ezteuinaga",Navarra
31265,Zúñiga,Navarra
31901,Barañain,Navarra
31901,Barañáin,Navarra
31901,Barañáin-Barañain,Navarra
31902,Berrio Plano,Navarra
31902,Berriobeiti,Navarra
31902,Berrioplano,Navarra
31902,Berrioplano-Berriobeiti,Navarra
31903,Berriozar,Navarra
31904,Irurtzun,Navarra
31904,Irurzun,Navarra
31905,Beriain,Navarra
31905,Beriain (Navarra),Navarra
31905,Beriáin,Navarra
31905,Beriáin (Navarra),Navarra
31906,Orcoyen,Navarra
31906,Orkoien,Navarra
31907,Ardoi,Navarra
31907,Ardoy,Navarra
31907,Cizur Mayor,Navarra
31907,Urbanizacion Ardoy,Navarra
31907,Urbanizacion Zizur,Navarra
31907,Urbanización Ardoy,Navarra
31907,Urbanización Zizur,Navarra
31907,Zizur Mayor,Navarra
31907,Zizur Mayor / Zizur Nagusia,Navarra
31907,Zizur Mayor Zizur Nagusia,Navarra
31907,Zizur Mayor/Zizur Nagusia,Navarra
31907,Zizur Nagusi,Navarra
31907,Zizur Nagusia,Navarra
31907,Zizur Nagusia / Cizur Mayor,Navarra
31907,Zizur Nagusia Cizur Mayor,Navarra
31907,Zizur-Nagusia,Navarra
31908,Lekunberri,Navarra
31908,Lekunberri / Lecumberri,Navarra
31908,Lekunberri Lecumberri,Navarra
31908,Lekunberriarra,Navarra
32001,Allariz,Ourense
32001,concello de Allariz,Ourense
32002,Amociro,Ourense
32002,Amoeiro,Ourense
32002,Amoéiro,Ourense
32003,A Arnoia,Ourense
32003,Arnoia,Ourense
32003,Arnoya,Ourense
32004,Abión,Ourense
32004,Avion,Ourense
32004,Avion (Ourense),Ourense
32004,Avion (ourense),Ourense
32004,Avión,Ourense
32004,Avión (Ourense),Ourense
32004,Avión (ourense),Ourense
32005,Baltar,Ourense
32006,Bande,Ourense
32007,Banos de Molgas,Ourense
32007,Baños de Molgas,Ourense
32008,Barbadanes,Ourense
32008,Barbadas,Ourense
32008,Barbadás,Ourense
32008,Valenzana,Ourense
32009,Barco,Ourense
32009,Barco de Valdeorras,Ourense
32009,El Barco,Ourense
32009,O Barco,Ourense
32009,O Barco de Valdeorras,Ourense
32009,O Barco de Valdeorras / Barco de Valdeorras,Ourense
32009,O Barco de Valdeorras Barco de Valdeorras,Ourense
32010,Beade,Ourense
32011,Beariz,Ourense
32012,Blancos,Ourense
32012,Os Blancos,Ourense
32013,Boboras,Ourense
32013,Boborás,Ourense
32014,A Bola,Ourense
32014,"A Bola, Ourense",Ourense
32014,Bola,Ourense
32014,La Bola,Ourense
32015,Bollo,Ourense
32015,El Bollo,Ourense
32015,O Bolo,Ourense
32016,Calbos,Ourense
32016,Calvos de Randin,Ourense
32016,Calvos de Randín,Ourense
32017,Carballeda,Ourense
32017,Carballeda de Valdeorras,Ourense
32018,Carballeda de Avia,Ourense
32019,Carballino,Ourense
32019,Carballiño,Ourense
32019,O Carballiño,Ourense
32020,Cartelle,Ourense
32021,Castrelo del Valle,Ourense
32021,Castrelo do Val,Ourense
32021,Castrelo do Vale,Ourense
32022,Castrelo de Mino,Ourense
32022,Castrelo de Miño,Ourense
32023,Castro Caldelas,Ourense
32023,O Castro de Caldelas,Ourense
32024,Cela-Nova,Ourense
32024,Celanova,Ourense
32025,Cenlle,Ourense
32026,Coles,Ourense
32027,Cortegada,Ourense
32028,Cualedro,Ourense
32029,Chandreja,Ourense
32029,Chandreja de Queija,Ourense
32029,Chandrexa de Queixa,Ourense
32030,Entrimo,Ourense
32031,Esgos,Ourense
32032,Ginzo,Ourense
32032,Ginzo de Limia,Ourense
32032,Xinzo,Ourense
32032,Xinzo de Limia,Ourense
32033,Gomesende,Ourense
32034,A Gudiña,Ourense
32034,Gudiña,Ourense
32034,La Gudiña,Ourense
32035,Irijo,Ourense
32035,O Irixo,Ourense
32036,Junqueira de Ambia,Ourense
32036,Junqueira de Ambía,Ourense
32036,Junquera de Ambia,Ourense
32036,Junquera de Ambía,Ourense
32036,Xunqueira de Ambia,Ourense
32036,Xunqueira de Ambía,Ourense
32037,Junqueira d'Espadanhedo,Ourense
32037,Junquera de Espadanedo,Ourense
32037,Junquera de Espadañedo,Ourense
32037,Xunqueira de Espadanedo,Ourense
32037,Xunqueira de Espadañedo,Ourense
32038,Laroco,Ourense
32038,Larouco,Ourense
32039,Laza,Ourense
32039,Laça,Ourense
32040,Leiro,Ourense
32041,Lobeira,Ourense
32041,Lobera,Ourense
32042,Lobios,Ourense
32042,Lovios,Ourense
32042,Lovíos,Ourense
32042,Lóbios,Ourense
32043,Maceda,Ourense
32044,Manzaneda,Ourense
32045,Maside,Ourense
32046,Melon,Ourense
32046,Melón,Ourense
32047,A Merca,Ourense
32047,Escudo de la merca,Ourense
32047,La Merca,Ourense
32047,Merca,Ourense
32048,A Mezquita,Ourense
32048,La Mezquita,Ourense
32048,Mezquita,Ourense
32049,Montederramo,Ourense
32050,Monterrei,Ourense
32050,Monterrey,Ourense
32051,Muinos,Ourense
32051,Muiños,Ourense
32051,Muínos,Ourense
32051,Muíños,Ourense
32052,Nogueira,Ourense
32052,Nogueira de Ramuin,Ourense
32052,Nogueira de Ramuín,Ourense
32053,Oimbra,Ourense
32053,Oímbra,Ourense
32054,Orense,Ourense
32054,Ourense,Ourense
32055,Paderne,Ourense
32055,Paderne de Allariz,Ourense
32056,Padrenda,Ourense
32057,Parada de Sil,Ourense
32057,Parada del Sil,Ourense
32058,O Pereiro de Aguiar,Ourense
32058,Pereiro,Ourense
32058,Pereiro de Aguiar,Ourense
32059,A Peroxa,Ourense
32059,La Peroja,Ourense
32059,Peroja,Ourense
32060,Petin,Ourense
32060,Petín,Ourense
32061,Piñor,Ourense
32062,A Porqueira,Ourense
32062,Porqueira,Ourense
32062,Porquera,Ourense
32063,A Pobra,Ourense
32063,A Pobra de Trives,Ourense
32063,A Pobra de Trives / Puebla de Trives,Ourense
32063,Pobra de Trives,Ourense
32063,Puebla de Tribes,Ourense
32063,Puebla de Trives,Ourense
32063,Tribes,Ourense
32063,Trives,Ourense
32064,Pontedeva,Ourense
32064,Puentedeva,Ourense
32065,Pungin,Ourense
32065,Pungín,Ourense
32065,Punxin,Ourense
32065,Punxín,Ourense
32066,Quintela de Leirado,Ourense
32067,Rairiz,Ourense
32067,Rairiz de Veiga,Ourense
32068,Ramiranes,Ourense
32068,Ramiras,Ourense
32068,Ramirás,Ourense
32069,Ribadavia,Ourense
32069,Rivadabia,Ourense
32069,Rivadavia,Ourense
32070,Río,Ourense
32070,San Juan del Rio,Ourense
32070,San Juan del Río,Ourense
32070,San Xoan de Rio,Ourense
32070,San Xoan de Río,Ourense
32070,San Xoán de Rio,Ourense
32070,San Xoán de Río,Ourense
32071,O Riós,Ourense
32071,Rios,Ourense
32071,Riós,Ourense
32071,Rïos,Ourense
32072,A Rua,Ourense
32072,A Rua La Rua,Ourense
32072,A Rua La Rúa,Ourense
32072,A Rua de Valdeorras,Ourense
32072,A Rúa,Ourense
32072,A Rúa La Rúa,Ourense
32072,A Rúa de Valdeorras,Ourense
32072,A rua,Ourense
32072,La Rúa,Ourense
32072,Rua de Valdeorras,Ourense
32072,Rúa,Ourense
32073,Rubia,Ourense
32073,Rubiana,Ourense
32073,Rubiá,Ourense
32074,Salamonde,Ourense
32074,San Amaro,Ourense
32075,San Cibrao das Viñas,Ourense
32075,San Ciprián de Viñas,Ourense
32076,Cea,Ourense
32076,San Cristobal de Cea,Ourense
32076,San Cristovo de Cea,Ourense
32076,San Cristóbal de Cea,Ourense
32077,Sandianes,Ourense
32077,Sandias,Ourense
32077,Sandiás,Ourense
32077,Sondianes,Ourense
32078,Sarreaus,Ourense
32079,Taboadela,Ourense
32080,A Teixeira,Ourense
32080,La Teijeira,Ourense
32080,Teijeira,Ourense
32080,Tejeira,Ourense
32081,Toen,Ourense
32081,Toén,Ourense
32082,Trasmiras,Ourense
32083,A Veiga,Ourense
32083,A Veiga do Bolo,Ourense
32083,A veiga,Ourense
32083,La Vega,Ourense
32083,La Vega del Bollo,Ourense
32083,Vega,Ourense
32084,Verea,Ourense
32084,Vereense,Ourense
32085,Tierra de Rasela,Ourense
32085,Verin,Ourense
32085,Verín,Ourense
32086,Fradelo,Ourense
32086,Viana,Ourense
32086,Viana del Bollo,Ourense
32086,Viana do Bolo,Ourense
32086,Viana do Bolo Viana del Bollo,Ourense
32087,Vilamarin,Ourense
32087,Vilamarín,Ourense
32087,Villamarin,Ourense
32087,Villamarín,Ourense
32088,Vilamartin de Valdeorras,Ourense
32088,Vilamartinés,Ourense
32088,Vilamartín,Ourense
32088,Vilamartín de Valdeorras,Ourense
32088,Villamartin de Valdeorras,Ourense
32088,Villamartín,Ourense
32088,Villamartín de Valdeorras,Ourense
32089,Vilar de Barrio,Ourense
32089,Villar de Barrio,Ourense
32090,Vilar de Santos,Ourense
32090,Villar de Santos,Ourense
32091,Vilardevos,Ourense
32091,Vilardevós,Ourense
32091,Villardebós,Ourense
32091,Villardevos,Ourense
32091,Villardevós,Ourense
32092,Vilarino de Conso,Ourense
32092,Vilariño de Conso,Ourense
32092,Vilariño do Conxo,Ourense
32092,Villarino,Ourense
32092,Villarino de Conso,Ourense
32092,Villariño de Conso,Ourense
32500,Acebedo del Río,Ourense
32500,Acebedo del Río (municipio),Ourense
32500,Acevedo,Ourense
32500,Acevedo do Río,Ourense
32500,Concello de Acevedo do Río,Ourense
33001,Allande,Asturias
33001,Allendel,Asturias
33001,Ayande,Asturias
33002,Aller,Asturias
33002,Ayer,Asturias
33003,Amieva,Asturias
33003,Amieva (Asturias),Asturias
33004,Aviles,Asturias
33004,Avilés,Asturias
33005,Balmonte,Asturias
33005,Belmonte,Asturias
33005,Belmonte de Miranda,Asturias
33005,Miranda,Asturias
33006,Bimenes,Asturias
33007,Boal,Asturias
33007,Bual,Asturias
33008,Cabrales,Asturias
33009,Cabranes,Asturias
33010,Candamo,Asturias
33010,Candamu,Asturias
33010,San Román de Candamo,Asturias
33011,Cangas de Narcea,Asturias
33011,Cangas de Tineo,Asturias
33011,Cangas del Narcea,Asturias
33011,Cangas del Tineo,Asturias
33012,Cangas de Onis,Asturias
33012,Cangas de Onís,Asturias
33012,Cangues d'Onís,Asturias
33013,Caravia,Asturias
33013,Caravias,Asturias
33014,Candás,Asturias
33014,Carreno,Asturias
33014,Carrenyo,Asturias
33014,Carreño,Asturias
33015,Caso,Asturias
33015,Casu,Asturias
33016,Castrillon,Asturias
33016,Castrillón,Asturias
33016,Salinas,Asturias
33017,Castropol,Asturias
33018,Coana,Asturias
33018,Coaña,Asturias
33018,Cuaña,Asturias
33019,Colunga,Asturias
33020,Corvera,Asturias
33020,Corvera d'Asturies,Asturias
33020,Corvera de Asturias,Asturias
33021,Cudillero,Asturias
33021,Cuideiru,Asturias
33022,Degana,Asturias
33022,Degaña,Asturias
33023,El Franco,Asturias
33024,Gijon,Asturias
33024,Gijón,Asturias
33024,Xixon,Asturias
33024,Xixón,Asturias
33025,Antromero,Asturias
33025,Gozon,Asturias
33025,Gozón,Asturias
33025,Lluanco,Asturias
33025,Luanco,Asturias
33025,Podes,Asturias
33026,Grado,Asturias
33026,Grado (Asturias),Asturias
33026,Grao,Asturias
33026,Grau,Asturias
33027,Grandas de Salime,Asturias
33028,Ibias,Asturias
33029,Eilao,Asturias
33029,Illano,Asturias
33030,Illas,Asturias
33031,Langreo,Asturias
33031,Langreo / Llangréu,Asturias
33031,Langreu,Asturias
33031,Llangreu,Asturias
33031,Llangreu Langreo,Asturias
33031,Llangreu/Langreo,Asturias
33031,Llangréu,Asturias
33031,Llangréu Langreo,Asturias
33031,Llangréu/Langreo,Asturias
33031,ciudad de Langreo,Asturias
33032,Laviana,Asturias
33032,Llaviana,Asturias
33033,L.lena,Asturias
33033,Lena,Asturias
33033,Ḷḷena,Asturias
33034,Luarca,Asturias
33034,Valdes,Asturias
33034,Valdés,Asturias
33035,Concejo de Llanera,Asturias
33035,Llanera,Asturias
33036,Cué,Asturias
33036,Llanes,Asturias
33036,Puebla De Aguilar,Asturias
33037,Mieres,Asturias
33037,Mieres del Camín,Asturias
33038,Morcin,Asturias
33038,Morcín,Asturias
33039,Muros,Asturias
33039,Muros (Astúries),Asturias
33039,Muros de Nalon,Asturias
33039,Muros de Nalón,Asturias
33039,Muros del Nalon,Asturias
33039,Muros del Nalón,Asturias
33040,Nava,Asturias
33041,Navia,Asturias
33042,Norena,Asturias
33042,Noreña,Asturias
33043,Onis,Asturias
33043,Onís,Asturias
33044,Ovedo,Asturias
33044,Oviedo,Asturias
33044,Uviéu,Asturias
33044,concejo de Oviedo,Asturias
33045,Parres,Asturias
33046,El Valle Altu de Peñamellera,Asturias
33046,Peñamellera Alta,Asturias
33047,El Valle Baju de Peñamellera,Asturias
33047,Penamellera Baja,Asturias
33047,Peñamellera,Asturias
33047,Peñamellera Baja,Asturias
33047,Peñamellera Baxa,Asturias
33048,Pesoz,Asturias
33048,Pezós,Asturias
33049,Pilona,Asturias
33049,Piloña,Asturias
33050,Ponga,Asturias
33051,Pravia,Asturias
33052,Proaza,Asturias
33053,Bárzana,Asturias
33053,Bárzana de Quirós,Asturias
33053,Quiros,Asturias
33053,Quirós,Asturias
33054,Las Regueras,Asturias
33054,Les Regueres,Asturias
33055,Ribadedeva,Asturias
33055,Ribadeva,Asturias
33055,Ribedeva,Asturias
33055,Rivadedeva,Asturias
33056,Ribadesella,Asturias
33056,Ribeseya,Asturias
33057,La Ribera,Asturias
33057,La Ribera Ribera de Arriba,Asturias
33057,La Ribera/Ribera de Arriba,Asturias
33057,Ribera d'Arriba,Asturias
33057,Ribera de Arriba,Asturias
33058,Riosa,Asturias
33059,Salas,Asturias
33060,Samartín del Rei Aurelio,Asturias
33060,San Martin del Rey Aurelio,Asturias
33060,San Martín del Rey Aurelio,Asturias
33061,Samartín d'Ozcos,Asturias
33061,San Martin de Oscos,Asturias
33061,San Martín de Oscos,Asturias
33061,San Martín de Ozcos,Asturias
33062,Santa Eulalia de Oscos,Asturias
33062,Santalla d'Ozcos,Asturias
33062,Santalla de Oscos,Asturias
33062,Santalla de Ozcos,Asturias
33063,San Tirso de Abres,Asturias
33063,San Tiso d'Abres,Asturias
33063,San Tiso de Abres,Asturias
33063,Santiso de Abres,Asturias
33064,Santo Adriano,Asturias
33064,Santu Adrianu,Asturias
33065,Sariego,Asturias
33065,Sariegu,Asturias
33066,Concejo de Siero,Asturias
33066,Siero,Asturias
33067,Sobrescobio,Asturias
33067,Sobrescobiu,Asturias
33068,Somiedo,Asturias
33068,Somiedu,Asturias
33069,Soto del Barco,Asturias
33069,Sotu'l Barcu,Asturias
33070,Tapia,Asturias
33070,Tapia de Casarego,Asturias
33070,Tapia de Casariego,Asturias
33071,Taramundes,Asturias
33071,Taramundi,Asturias
33071,Taramundés,Asturias
33072,San Martín de Teverga,Asturias
33072,Teberga,Asturias
33072,Teverga,Asturias
33073,Tieno,Asturias
33073,Tineo,Asturias
33073,Tineu,Asturias
33073,Tinéu,Asturias
33074,A Veiga,Asturias
33074,A Veiga - Vegadeo,Asturias
33074,A Veiga d'Eo,Asturias
33074,Vegadeo,Asturias
33074,Veiga d'Eo,Asturias
33075,Vilanova d'Ozcos,Asturias
33075,Vilanova de Ozcos,Asturias
33075,Villanueva de Oscos,Asturias
33076,Sietes,Asturias
33076,Villaviciosa,Asturias
33077,Villaión,Asturias
33077,Villallón,Asturias
33077,Villayon,Asturias
33077,Villayón,Asturias
33078,Tameza,Asturias
33078,Yernes y Tameza,Asturias
34001,Abarca,Palencia
34001,Abarca de Campos,Palencia
34003,Abia de las Torres,Palencia
34004,Aguilar de Campoo,Palencia
34004,Aguilar de Campoo (Palencia),Palencia
34004,Aguilar de Campoo (Palència),Palencia
34004,Aguilar de Campóo,Palencia
34004,Aguilar de campoo,Palencia
34004,Aguilarense,Palencia
34005,Alar del Rey,Palencia
34006,Alba de Cerrato,Palencia
34009,Amayuelas de Arriba,Palencia
34010,Ampudia,Palencia
34010,Anpudia,Palencia
34011,Amusco,Palencia
34012,Antigüedad,Palencia
34015,Arconada,Palencia
34017,Astudillo,Palencia
34018,Autilla del Pino,Palencia
34019,Autillo de Campos,Palencia
34020,Ayuela,Palencia
34020,Ayuela de Valdavia,Palencia
34020,Ayuela de la Valdavia,Palencia
34022,Baltanas,Palencia
34022,Baltanás,Palencia
34023,Venta,Palencia
34023,Venta de Baños,Palencia
34024,Baquerin de Campos,Palencia
34024,Baquerin de campos,Palencia
34024,Baquerín de Campos,Palencia
34025,Barcena de Campos,Palencia
34025,Bárcena de Campos,Palencia
34027,Barruelo de Santullan,Palencia
34027,Barruelo de Santullán,Palencia
34028,Bascones de Ojeda,Palencia
34028,Báscones de Ojeda,Palencia
34029,Becerril,Palencia
34029,Becerril de Campos,Palencia
34031,Belmonte de Campos,Palencia
34031,Belmonte de Campos (Palencia),Palencia
34031,Belmonte de campos,Palencia
34032,Berzosilla,Palencia
34032,Verzosilla,Palencia
34033,Boada de Campos,Palencia
34034,Boadilla del Camino,Palencia
34035,Boadilla,Palencia
34035,Boadilla de Rioseco,Palencia
34036,Branosera,Palencia
34036,Brañosera,Palencia
34037,Buenavista de Valdavia,Palencia
34038,Bustillo de la Vega,Palencia
34039,Bustillo del Paramo de Carrion,Palencia
34039,Bustillo del Paramo de Carrión,Palencia
34039,Bustillo del Páramo,Palencia
34039,Bustillo del Páramo de Carrion,Palencia
34039,Bustillo del Páramo de Carrión,Palencia
34041,Calahorra,Palencia
34041,Calahorra de Boedo,Palencia
34042,Calzada de los Molinos,Palencia
34045,Capillas,Palencia
34046,Cardeñosa de Volpejera,Palencia
34047,Carrion de los Condes,Palencia
34047,Carrión de los Condes,Palencia
34048,Castil de Vela,Palencia
34049,Castrejon de la Pena,Palencia
34049,Castrejon de la Peña,Palencia
34049,Castrejón de la Pena,Palencia
34049,Castrejón de la Peña,Palencia
34050,Castrillo de Don Juan,Palencia
34051,Castrillo de Onielo,Palencia
34052,Castrillo de Villavega,Palencia
34053,Castromocho,Palencia
34055,Cervatos de la Cueza,Palencia
34056,Cervera de Pisuerga,Palencia
34056,Cervera de Rio Pisuerga,Palencia
34056,Cervera de Río Pisuerga,Palencia
34057,Cevico de la Torre,Palencia
34058,Cevico Nabero,Palencia
34058,Cevico Navero,Palencia
34059,Cisneros,Palencia
34060,Cobos de Cerrato,Palencia
34061,Collazos de Boedo,Palencia
34062,Congosto de Valdavia,Palencia
34063,Cordobilla la Real,Palencia
34063,Cordovilla la Real,Palencia
34066,Cubillas de Cerrato,Palencia
34067,Dehesa de Montejo,Palencia
34068,Dehesa de Romanos,Palencia
34069,Duenas,Palencia
34069,Dueñas,Palencia
34070,Espinosa de Cerrato,Palencia
34071,Espinosa de Villagonzalo,Palencia
34072,Fractella,Palencia
34072,Frechilla,Palencia
34073,Fresno del Rio,Palencia
34073,Fresno del Río,Palencia
34074,Fromista,Palencia
34074,Frómista,Palencia
34076,Conjunto Histórico Artístico la Ciudad,Palencia
34076,Fuentes de Nava,Palencia
34077,Fuentes de Valdepero,Palencia
34079,Grijota,Palencia
34080,Guardo,Palencia
34081,Guaza,Palencia
34081,Guaza de Campos,Palencia
34082,Hermedes de Cerrato,Palencia
34082,Hérmedes de Cerrato,Palencia
34083,Herrera de Pisuerga,Palencia
34083,Herrera del Rio Pisuerga,Palencia
34083,Herrera del Río Pisuerga,Palencia
34084,Herrera de Val de Canas,Palencia
34084,Herrera de Val de Cañas,Palencia
34084,Herrera de Valdecanas,Palencia
34084,Herrera de Valdecañas,Palencia
34086,Hontoria de Cerrato,Palencia
34087,Hornillos de Cerrato,Palencia
34088,Husillos,Palencia
34089,Hitero de la Vega,Palencia
34089,Itero de la Vega,Palencia
34091,Lagartos,Palencia
34092,Lantadilla,Palencia
34093,La Vid de Ojeda,Palencia
34093,Lavid de Ojeda,Palencia
34093,"Vid de Ojeda, La",Palencia
34094,Ledigos,Palencia
34096,Lomas,Palencia
34096,Lomas de Campos,Palencia
34098,Magaz de Pisuerga,Palencia
34099,Manquillos,Palencia
34100,Mantinos,Palencia
34101,Marcilla de Campos,Palencia
34102,Mazariegos,Palencia
34103,Mazuecos de Valdeginate,Palencia
34104,Melgar de Yuso,Palencia
34106,Meneses,Palencia
34106,Meneses de Campos,Palencia
34107,Micieces de Ojeda,Palencia
34108,Monzon de Campos,Palencia
34108,Monzón,Palencia
34108,Monzón de Campos,Palencia
34109,Moratinos,Palencia
34110,Muda,Palencia
34110,Mudá,Palencia
34112,Nogal de las Huertas,Palencia
34113,Olea de Boedo,Palencia
34114,Olmos de Ojeda,Palencia
34114,Olmos de Ojeda Santa Eufemia,Palencia
34114,Olmos de Ojeda/Santa Eufemia,Palencia
34116,Osornillo,Palencia
34120,Ciudad de Palencia,Palencia
34120,Palencia,Palencia
34120,Palentzia,Palencia
34120,Pallantia,Palencia
34120,Palència,Palencia
34121,Palenzuela,Palencia
34122,Paramo de Boedo,Palencia
34122,Páramo,Palencia
34122,Páramo de Boedo,Palencia
34123,Paredes de Nava,Palencia
34124,Payo de Ojeda,Palencia
34125,Pedraza de Campos,Palencia
34126,Pedrosa de la Vega,Palencia
34127,Perales,Palencia
34129,Pino del Rio,Palencia
34129,Pino del Río,Palencia
34130,Pena de Campos,Palencia
34130,Peña de Campos,Palencia
34130,Pina de Campos,Palencia
34130,Piña de Campos,Palencia
34131,Poblacion de Arroyo,Palencia
34131,Población de Arroyo,Palencia
34132,Poblacion de Campos,Palencia
34132,Población de Campos,Palencia
34133,Poblacion de Cerrato,Palencia
34133,Población de Cerrato,Palencia
34134,Polentinos,Palencia
34135,Pomar de Valdivia,Palencia
34136,Poza de la Vega,Palencia
34137,Pozo de Urama,Palencia
34139,Pradanos de Ojeda,Palencia
34139,Prádanos de Ojeda,Palencia
34140,La Puebla de Valdavia,Palencia
34140,"Puebla de Valdavia, La",Palencia
34141,Quintana del Puente,Palencia
34143,Quintanilla de Onsona,Palencia
34143,Quintanilla de Onsoña,Palencia
34146,Reinoso de Cerrato,Palencia
34147,Renedo de la Vega,Palencia
34149,Requena de Campos,Palencia
34151,Respenda de la Pena,Palencia
34151,Respenda de la Peña,Palencia
34152,Revenga de Campos,Palencia
34152,Revenga del Camino,Palencia
34154,Revilla de Collazos,Palencia
34155,Ribas de Campos,Palencia
34156,Riberos de la Cueza,Palencia
34157,Saldanya,Palencia
34157,Saldaña,Palencia
34158,Salinas de Pisuerga,Palencia
34158,Salinas de Rio Pisuerga,Palencia
34158,Salinas de Río Pisuerga,Palencia
34159,Sa Cebrián de las Amayuelas,Palencia
34159,San Cebrian de Campos,Palencia
34159,San Cebrián de Campos,Palencia
34159,San Cibrian de Campos,Palencia
34159,San Cibrián de Campos,Palencia
34160,San Cebrian de Muda,Palencia
34160,San Cebrian de Mudá,Palencia
34160,San Cebrián de Muda,Palencia
34160,San Cebrián de Mudá,Palencia
34161,San Cristobal de Boedo,Palencia
34161,San Cristóbal de Boedo,Palencia
34163,San Mames de Campos,Palencia
34163,San Mamés de Campos,Palencia
34165,San Roman de la Cuba,Palencia
34165,San Román de la Cuba,Palencia
34165,Sanromino,Palencia
34167,Santa Cecilia de Alcor,Palencia
34167,Santa Cecilia del Alcor,Palencia
34168,Santa Cruz de Boedo,Palencia
34169,Santervas de la Vega,Palencia
34169,Santervás de la Vega,Palencia
34170,Santibanez de Ecla,Palencia
34170,Santibañez de Ecla,Palencia
34170,Santibánez de Ecla,Palencia
34170,Santibáñez de Ecla,Palencia
34171,Santibanez de la Pena,Palencia
34171,Santibanez de la Peña,Palencia
34171,Santibañez de la Peña,Palencia
34171,Santibánez de la Pena,Palencia
34171,Santibánez de la Peña,Palencia
34171,Santibáñez de la Peña,Palencia
34174,Santoyo,Palencia
34175,La Serna,Palencia
34175,"Serna, La",Palencia
34176,Sotobanado,Palencia
34176,Sotobanado y Priorato,Palencia
34176,Sotobañado,Palencia
34176,Sotobañado y Priorato,Palencia
34177,Soto de Cerrato,Palencia
34178,Tabanera de Cerrato,Palencia
34179,Tabanera de Valdavia,Palencia
34179,Tabanero de Valdavia,Palencia
34180,Tamara de Campos,Palencia
34180,Támara de Campos,Palencia
34181,Tariego,Palencia
34181,Tariego de Cerrato,Palencia
34182,Torquemada,Palencia
34184,La Torre de Mormojon,Palencia
34184,La Torre de Mormojón,Palencia
34184,Torremormojon,Palencia
34184,Torremormojón,Palencia
34185,Triollo,Palencia
34186,Valbuena de Pisuerga,Palencia
34189,Valdeolmillos,Palencia
34190,Valderrabano,Palencia
34190,Valderrábano,Palencia
34192,Valde Ucieza,Palencia
34192,Valde-Ucieza,Palencia
34196,Valle de Cerrato,Palencia
34199,Alba de los Cardaños,Palencia
34199,Velilla de Guardo,Palencia
34199,Velilla del Rio Carrion,Palencia
34199,Velilla del Rio Carrión,Palencia
34199,Velilla del Río Carrion,Palencia
34199,Velilla del Río Carrión,Palencia
34201,Vertavillo,Palencia
34202,Villabasta,Palencia
34202,Villabasta de Valdavia,Palencia
34204,Villacidaler,Palencia
34205,Villaconancio,Palencia
34206,Villada,Palencia
34208,Villaeles,Palencia
34208,Villaeles de Valdavia,Palencia
34210,Villahan,Palencia
34210,Villahan de Palenzuela,Palencia
34210,Villahán,Palencia
34210,Villahán de Palenzuela,Palencia
34211,Villaherreros,Palencia
34213,Villalaco,Palencia
34214,Villalba de Guardo,Palencia
34215,Villalcazar de Sirga,Palencia
34215,Villalcázar de Sirga,Palencia
34216,Villalcon,Palencia
34216,Villalcón,Palencia
34217,Villalobon,Palencia
34217,Villalobón,Palencia
34218,Villaluenga de Vega,Palencia
34218,Villaluenga de la Vega,Palencia
34220,Villamartin de Campos,Palencia
34220,Villamartín de Campos,Palencia
34221,Villamediana,Palencia
34222,Villameriel,Palencia
34223,Villamoronta,Palencia
34224,Villamuera de la Cueza,Palencia
34224,Villanueva de la Cueza,Palencia
34225,Villamuriel de Cerrato,Palencia
34227,Villanueva del Rebollar,Palencia
34228,Villanuno,Palencia
34228,Villanuno de Valdavia,Palencia
34228,Villanuño,Palencia
34228,Villanuño de Valdavia,Palencia
34229,Villaprovedo,Palencia
34230,Villarmentero de Campos,Palencia
34231,Villarrabe,Palencia
34231,Villarrabé,Palencia
34232,Villarramiel,Palencia
34233,Villasarracino,Palencia
34234,Villasila,Palencia
34234,Villasila de Valdavia,Palencia
34236,Villaturde,Palencia
34237,Villaumbrales,Palencia
34238,Villaviudas,Palencia
34240,Villerias,Palencia
34240,Villerias de Campos,Palencia
34240,Villerías,Palencia
34240,Villerías de Campos,Palencia
34241,Villodre,Palencia
34242,Villodrigo,Palencia
34243,Villoldo,Palencia
34245,Villota del Paramo,Palencia
34245,Villota del Páramo,Palencia
34246,Villovieco,Palencia
34901,Osorno,Palencia
34901,Osorno la Mayor,Palencia
34902,Valle de Retortillo,Palencia
34902,Valle del Retortillo,Palencia
34903,Loma de Ucieza,Palencia
34904,La Pernia,Palencia
34904,La Pernía,Palencia
34904,"Pernía, La",Palencia
35001,Agaete,Las Palmas
35002,Aguimes,Las Palmas
35002,Agüimes,Las Palmas
35003,Antigua,Las Palmas
35003,"Antigua, Las Palmas",Las Palmas
35004,Arrecife,Las Palmas
35004,"Arrecife, As Palmas",Las Palmas
35005,Artenara,Las Palmas
35005,Artenara (Las Palmas),Las Palmas
35006,Arucas,Las Palmas
35006,Arucas (Gran Canaria),Las Palmas
35006,Arucas (Gran Canària),Las Palmas
35006,Arucas (Las Palmas),Las Palmas
35007,Betancuria,Las Palmas
35008,Firgas,Las Palmas
35009,Galdar,Las Palmas
35009,Gáldar,Las Palmas
35010,Haria,Las Palmas
35010,Haría,Las Palmas
35011,Ingenio,Las Palmas
35012,Mogán,Las Palmas
35013,Moya,Las Palmas
35013,Villa de Moya,Las Palmas
35014,La Oliva,Las Palmas
35014,"Oliva, La",Las Palmas
35015,Pajara,Las Palmas
35015,Pájara,Las Palmas
35016,As Palmas de Gran Canaria,Las Palmas
35016,Gran Canaria,Las Palmas
35016,Las Palmas,Las Palmas
35016,Las Palmas Kanaria Handikoa,Las Palmas
35016,Las Palmas de Gran Canaria,Las Palmas
35016,Les Palmes de Gran Canaria,Las Palmas
35016,"Palmas de Gran Canaria, Las",Las Palmas
35017,Puerto del Rosario,Las Palmas
35018,San Bartolomé,Las Palmas
35019,San Bartolome de Tirajana,Las Palmas
35019,San Bartolomé de Tirajana,Las Palmas
35020,"Aldea de San Nicolás, La",Las Palmas
35020,La Aldea de San Nicolas,Las Palmas
35020,La Aldea de San Nicolás,Las Palmas
35020,San Nicolás,Las Palmas
35020,San Nicolás de Tolentino,Las Palmas
35021,Santa Brigida,Las Palmas
35021,Santa Brígida,Las Palmas
35021,Villa de Santa Brígida,Las Palmas
35022,Santa Lucía de Tirajana,Las Palmas
35023,Santa Maria de Guia de Gran Canaria,Las Palmas
35023,Santa María de Guía,Las Palmas
35023,Santa María de Guía de Gran Canaria,Las Palmas
35023,Santa María de Guía de Gran Canària,Las Palmas
35024,Teguise,Las Palmas
35025,Tejeda,Las Palmas
35026,Telde,Las Palmas
35027,Teror,Las Palmas
35028,Tías,Las Palmas
35029,Tinajo,Las Palmas
35030,Tuineje,Las Palmas
35031,Valsequillo de Gran Canaria,Las Palmas
35031,Valsequillo de Gran Canària,Las Palmas
35032,Valleseco,Las Palmas
35033,Vega de San Mateo,Las Palmas
35034,Yaiza,Las Palmas
36001,Arbo,Pontevedra
36001,Arbo (Pontevedra),Pontevedra
36002,Barro,Pontevedra
36002,Barro (Pontevedra),Pontevedra
36003,Baiona,Pontevedra
36003,Bayona,Pontevedra
36003,Bayona la Real,Pontevedra
36004,Bueu,Pontevedra
36005,Caldas,Pontevedra
36005,Caldas de Reis,Pontevedra
36005,Caldas de Reyes,Pontevedra
36006,Cambados,Pontevedra
36007,Campo,Pontevedra
36007,Campo Lameiro,Pontevedra
36007,O Campo Lameiro,Pontevedra
36008,Cangas,Pontevedra
36008,Cangas de Morrazo,Pontevedra
36008,Cangas del Morrazo,Pontevedra
36008,Cangas do Morrazo,Pontevedra
36009,A Caniza,Pontevedra
36009,A Cañiza,Pontevedra
36009,La Cañiza,Pontevedra
36010,Catoira,Pontevedra
36012,Concello de Cotobade,Pontevedra
36012,Cotobade,Pontevedra
36013,Cobelo,Pontevedra
36013,Covelo,Pontevedra
36013,O Covelo,Pontevedra
36014,Crecente,Pontevedra
36014,Creciente,Pontevedra
36015,Baños de Cuntis,Pontevedra
36015,Cuntis,Pontevedra
36016,Dozon,Pontevedra
36016,Dozón,Pontevedra
36017,A Estrada,Pontevedra
36017,Concello da Estrada,Pontevedra
36017,Estrada,Pontevedra
36017,La Estrada,Pontevedra
36018,Forcarei,Pontevedra
36018,Forcarey,Pontevedra
36019,Fornelos,Pontevedra
36019,Fornelos de Montes,Pontevedra
36020,Agolada,Pontevedra
36020,Agolada (Pontevedra),Pontevedra
36020,Agolada / Golada,Pontevedra
36020,Agolada Golada,Pontevedra
36020,Golada,Pontevedra
36020,Golada (Pontevedra),Pontevedra
36021,Condado de Gondomar,Pontevedra
36021,Gondomar,Pontevedra
36022,El Grove,Pontevedra
36022,Grove,Pontevedra
36022,Groves,Pontevedra
36022,O Grove,Pontevedra
36022,O Grove / El Grove,Pontevedra
36022,O Grove El Grove,Pontevedra
36022,Ogrobe,Pontevedra
36023,A Guarda,Pontevedra
36023,La Guardia,Pontevedra
36024,Lalin,Pontevedra
36024,Lalín,Pontevedra
36025,A Lama,Pontevedra
36025,Lama,Pontevedra
36026,Marin,Pontevedra
36026,Marín,Pontevedra
36026,Marín (Pontevedra),Pontevedra
36027,Meano,Pontevedra
36027,Meaño,Pontevedra
36028,Meis,Pontevedra
36029,Meira,Pontevedra
36029,Moana,Pontevedra
36029,Moaña,Pontevedra
36030,Mondariz,Pontevedra
36031,Mondariz,Pontevedra
36031,Mondariz - Balneario,Pontevedra
36031,Mondariz Balneario,Pontevedra
36031,Mondariz-Balneario,Pontevedra
36032,Morana,Pontevedra
36032,Moraña,Pontevedra
36033,Mos,Pontevedra
36033,Mos (Pontevedra),Pontevedra
36033,Uxia senlle,Pontevedra
36033,Uxía senlle,Pontevedra
36034,As Neves,Pontevedra
36034,As Neves (Pontevedra),Pontevedra
36034,Nieves,Pontevedra
36034,Setados,Pontevedra
36035,Nigran,Pontevedra
36035,Nigrán,Pontevedra
36036,Oia,Pontevedra
36036,Oya,Pontevedra
36037,Borben,Pontevedra
36037,Pazos,Pontevedra
36037,Pazos de Borben,Pontevedra
36037,Pazos de Borbén,Pontevedra
36038,Ponte Vedra,Pontevedra
36038,Pontevedra,Pontevedra
36038,capital de las Rías Bajas,Pontevedra
36038,ciudad del Lérez,Pontevedra
36039,El Porrino,Pontevedra
36039,El Porriño,Pontevedra
36039,O Porrino,Pontevedra
36039,O Porriño,Pontevedra
36039,Porriño,Pontevedra
36040,Portas,Pontevedra
36040,Portes,Pontevedra
36041,Poio,Pontevedra
36041,Poyo,Pontevedra
36041,Poyo y Combarro,Pontevedra
36042,Ponteareas,Pontevedra
36042,Puente de Areas,Pontevedra
36042,Puente-Arenas,Pontevedra
36042,Puenteareas,Pontevedra
36043,Ponte Caldelas,Pontevedra
36043,Ponte-Caldelas,Pontevedra
36043,Puente Caldelas,Pontevedra
36044,Pontecesures,Pontevedra
36044,Puentecesures,Pontevedra
36045,Redondela,Pontevedra
36046,Ribadumia,Pontevedra
36047,Rodeiro,Pontevedra
36048,O Rosal,Pontevedra
36048,O Rosal / El Rosal,Pontevedra
36048,O Rosal El Rosal,Pontevedra
36048,Rosal,Pontevedra
36049,Salceda,Pontevedra
36049,Salceda de Caselas,Pontevedra
36049,Salcedo,Pontevedra
36050,Salvaterra,Pontevedra
36050,Salvaterra de Mino,Pontevedra
36050,Salvaterra de Mino / Salvatierra de Mino,Pontevedra
36050,Salvaterra de Mino / Salvatierra de Miño,Pontevedra
36050,Salvaterra de Mino Salvatierra de Mino,Pontevedra
36050,Salvaterra de Mino Salvatierra de Miño,Pontevedra
36050,Salvaterra de Miño,Pontevedra
36050,Salvaterra de Miño / Salvatierra de Miño,Pontevedra
36050,Salvaterra de Miño Salvatierra de Miño,Pontevedra
36050,Salvaterra do Mino,Pontevedra
36050,Salvaterra do Miño,Pontevedra
36050,Salvatierra,Pontevedra
36050,Salvatierra de Mino,Pontevedra
36050,Salvatierra de Miño,Pontevedra
36051,Sangenjo,Pontevedra
36051,Sanjenjo,Pontevedra
36051,Sanxenxo,Pontevedra
36052,Chapa,Pontevedra
36052,Silleda,Pontevedra
36053,Sotomayor,Pontevedra
36053,Soutomaior,Pontevedra
36054,Tomino,Pontevedra
36054,Tomiño,Pontevedra
36055,Tui,Pontevedra
36055,Túy,Pontevedra
36056,Valga,Pontevedra
36057,Vigo,Pontevedra
36058,Vilaboa,Pontevedra
36059,Carbia,Pontevedra
36059,Vila de Cruces,Pontevedra
36059,Villa de Cruces,Pontevedra
36060,Vilagarcia de Arousa,Pontevedra
36060,Vilagarcía,Pontevedra
36060,Vilagarcía de Arousa,Pontevedra
36060,Villagarcia de Arousa,Pontevedra
36060,Villagarcía,Pontevedra
36060,Villagarcía de Arosa,Pontevedra
36061,Vilanova,Pontevedra
36061,Vilanova de Arousa,Pontevedra
36061,Villanueva de Arosa,Pontevedra
36901,A Illa de Arousa,Pontevedra
36901,A Illa de Arousa (Pontevedra),Pontevedra
36901,A illa,Pontevedra
36901,A illa de arousa,Pontevedra
36901,Illa d'Arousa,Pontevedra
36901,Illa de Arousa,Pontevedra
36901,"Illa de Arousa, A",Pontevedra
36901,Illa de arousa,Pontevedra
36901,Isla de Arousa,Pontevedra
36901,Isla de arosa,Pontevedra
36901,La Isla de Arosa (Pontevedra),Pontevedra
36902,Cerdedo Cotobade,Pontevedra
36902,Cerdedo-Cotobade,Pontevedra
37001,Abusejo,Salamanca
37002,Agallas,Salamanca
37002,Agullas,Salamanca
37003,Ahigal de los Aceiteros,Salamanca
37003,La Figal de los Aceiteros,Salamanca
37004,Ahigal de Villarino,Salamanca
37004,La Figal de Villarinu,Salamanca
37005,"Alameda de Gardón, La",Salamanca
37005,La Alameda de Gardón,Salamanca
37006,"Alamedilla, La",Salamanca
37006,La Alamedilla,Salamanca
37007,Alaraz,Salamanca
37008,Alba de Tormes,Salamanca
37009,Alba de Yeltes,Salamanca
37010,"Alberca, La",Salamanca
37010,La Alberca,Salamanca
37011,"Alberguería de Argañán, La",Salamanca
37011,La Alberguería de Argañán,Salamanca
37012,Alconada,Salamanca
37013,Aldeacipreste,Salamanca
37014,Aldeadávila,Salamanca
37014,Aldeadávila de la Ribera,Salamanca
37014,Aldegadávila de la Rivera,Salamanca
37015,Aldea del Obispo,Salamanca
37016,Aldealengua,Salamanca
37017,Aldeanueva de Figueroa,Salamanca
37018,Aldeanueva de la Sierra,Salamanca
37019,Aldearrodrigo,Salamanca
37020,Aldearrubia,Salamanca
37021,Aldeaseca,Salamanca
37021,Aldeaseca de Alba,Salamanca
37022,Aldeaseca de la Frontera,Salamanca
37023,Aldeatejada,Salamanca
37024,Aldeavieja de Tormes,Salamanca
37025,Aldehuela de la Bóveda,Salamanca
37026,Aldehuela de Yeltes,Salamanca
37027,Almenara de Tormes,Salamanca
37028,Almendra,Salamanca
37029,Anaya de Alba,Salamanca
37030,Añover de Tormes,Salamanca
37031,Arabayona de Mogica,Salamanca
37031,Arabayona de Mógica,Salamanca
37032,Arapiles,Salamanca
37033,Arcediano,Salamanca
37034,"Arco, El",Salamanca
37034,El Arco,Salamanca
37035,Armenteros,Salamanca
37036,San Miguel del Robledo,Salamanca
37037,"Atalaya, La",Salamanca
37037,La Atalaya,Salamanca
37038,Babilafuente,Salamanca
37039,Bañobárez,Salamanca
37040,Barbadillo,Salamanca
37041,Barbalos,Salamanca
37042,Barceo,Salamanca
37044,Barruecopardo,Salamanca
37044,Berruecupardo,Salamanca
37045,"Bastida, La",Salamanca
37045,La Bastida,Salamanca
37046,Bejar,Salamanca
37046,Béjar,Salamanca
37047,Beleña,Salamanca
37049,Bermellar,Salamanca
37050,Berrocal de Huebra,Salamanca
37051,Berrocal de Salvatierra,Salamanca
37052,Boada,Salamanca
37054,"Bodón, El",Salamanca
37054,El Bodón,Salamanca
37055,Bogajo,Salamanca
37055,Bogayu,Salamanca
37056,"Bouza, La",Salamanca
37056,La Bouza,Salamanca
37057,Bóveda del Río Almar,Salamanca
37058,Brincones,Salamanca
37059,Bonamadre,Salamanca
37059,Buenamadre,Salamanca
37060,Buenavista,Salamanca
37061,"Cabaco, El",Salamanca
37061,El Cabaco,Salamanca
37062,Cabezabellosa de la Calzada,Salamanca
37062,Cabezavellosa de la Calzada,Salamanca
37063,"Cabeza de Béjar, La",Salamanca
37063,La Cabeza de Béjar,Salamanca
37065,Cabeza del Caballo,Salamanca
37065,Cabeza'l Caballu,Salamanca
37067,Cabrerizos,Salamanca
37068,Cabrillas,Salamanca
37069,Calvarrasa de Abajo,Salamanca
37070,Calvarrasa de Arriba,Salamanca
37071,"Calzada de Béjar, La",Salamanca
37071,La Calzada de Béjar,Salamanca
37072,Calzada de Don Diego,Salamanca
37073,Calzada de Valdunciel,Salamanca
37074,Campillo de Azaba,Salamanca
37077,"Campo de Peñaranda, El",Salamanca
37077,El Campo de Peñaranda,Salamanca
37078,Candelario,Salamanca
37079,Canillas de Abajo,Salamanca
37080,Cantagallo,Salamanca
37081,Cantalapiedra,Salamanca
37082,Cantalpino,Salamanca
37083,Cantaracillo,Salamanca
37085,Carbajosa de la Sagrada,Salamanca
37086,Carpio de Azaba,Salamanca
37087,Carrascal de Barregas,Salamanca
37088,Carrascal del Obispo,Salamanca
37089,Casafranca,Salamanca
37090,"Casas del Conde, Las",Salamanca
37090,Las Casas del Conde,Salamanca
37091,Casillas de Flores,Salamanca
37092,Castellanos de Moriscos,Salamanca
37096,Castillejo de Martín Viejo,Salamanca
37097,Castraz,Salamanca
37098,Cepeda,Salamanca
37099,Cereceda de la Sierra,Salamanca
37100,Cerezal de Peñahorcada,Salamanca
37100,Zrezal de Peñaenforcada,Salamanca
37101,Cerralbo,Salamanca
37102,"Cerro, El",Salamanca
37102,El Cerro,Salamanca
37103,Cespedosa,Salamanca
37103,Cespedosa de Tormes,Salamanca
37104,Cilleros de la Bastida,Salamanca
37106,Ciperez,Salamanca
37106,Cipérez,Salamanca
37107,Ciudad Rodrigo,Salamanca
37107,La Socampana,Salamanca
37108,Coca de Alba,Salamanca
37109,Colmenar de Montemayor,Salamanca
37110,Cordovilla,Salamanca
37112,Cristóbal,Salamanca
37112,Cristóbal de la Sierra,Salamanca
37113,"Cubo de Don Sancho, El",Salamanca
37113,El Cubo de Don Sancho,Salamanca
37114,Chagarcia Medianero,Salamanca
37114,Chagarcía Medianero,Salamanca
37115,Dios le Guarde,Salamanca
37115,Diosleguarde,Salamanca
37116,Doñinos de Ledesma,Salamanca
37117,Doñinos de Salamanca,Salamanca
37118,Éjeme,Salamanca
37119,"Encina, La",Salamanca
37119,La Encina,Salamanca
37120,Encina de San Silvestre,Salamanca
37121,Encinas de Abajo,Salamanca
37122,Encinas de Arriba,Salamanca
37123,Encinasola de los Comendadores,Salamanca
37124,Endrinal,Salamanca
37125,Escurial de la Sierra,Salamanca
37126,Espadana,Salamanca
37126,Espadaña,Salamanca
37127,Espeja,Salamanca
37128,Espino de la Orbada,Salamanca
37129,Florida de Liébana,Salamanca
37129,Florida de Llébana,Salamanca
37130,Forfoleda,Salamanca
37131,Frades de la Sierra,Salamanca
37132,"Fregeneda, La",Salamanca
37132,La Fregeneda,Salamanca
37132,La Freisneda,Salamanca
37133,Fresnedoso,Salamanca
37134,Fresno Alhándiga,Salamanca
37135,Fuente de San Esteban,Salamanca
37135,"Fuente de San Esteban, La",Salamanca
37135,La Fuente de San Esteban,Salamanca
37136,Fuenteguinaldo,Salamanca
37137,Fuenteliante,Salamanca
37138,Fuenterroble de Salvatierra,Salamanca
37139,Fuentes de Béjar,Salamanca
37140,Fuentes de Oñoro,Salamanca
37141,Gajates,Salamanca
37142,Galindo y Perahuy,Salamanca
37143,Galinduste,Salamanca
37144,Galisancho,Salamanca
37145,Gallegos de Argañán,Salamanca
37146,Gallegos de Solmirón,Salamanca
37147,Garcibuey,Salamanca
37148,Garcihernández,Salamanca
37149,Garcirey,Salamanca
37149,Garcirrey,Salamanca
37150,Gejuelo,Salamanca
37150,Gejuelo del Barro,Salamanca
37150,Sexolo,Salamanca
37150,Xexuelo,Salamanca
37151,Golpejas,Salamanca
37151,Golpeyas,Salamanca
37152,Gomecello,Salamanca
37154,Guadramiro,Salamanca
37154,Guadramiru,Salamanca
37155,Guijo de Ávila,Salamanca
37156,Guijuelo,Salamanca
37157,Herguijuela de Ciudad Rodrigo,Salamanca
37158,Herguijuela de la Sierra,Salamanca
37159,Herguijuela de la Sierpe,Salamanca
37159,Herguijuela del Campo,Salamanca
37160,Hinojosa de Duero,Salamanca
37161,Horcajo de Montemayor,Salamanca
37162,Horcajo Medianero,Salamanca
37163,"Hoya, La",Salamanca
37163,La Hoya,Salamanca
37164,Huerta,Salamanca
37165,Iruelos,Salamanca
37166,Ituero de Azaba,Salamanca
37167,Juzbado,Salamanca
37168,Lagunilla,Salamanca
37169,La Rodrigo,Salamanca
37169,Larrodrigo,Salamanca
37170,Ledesma,Salamanca
37171,Ledrada,Salamanca
37172,Linares de Riofrío,Salamanca
37172,Llinares de Riofrío,Salamanca
37173,Llimiares,Salamanca
37173,Lumbrales,Salamanca
37174,Macotera,Salamanca
37175,Machacón,Salamanca
37176,Madroñal,Salamanca
37177,El Maíllo,Salamanca
37177,"Maíllo, El",Salamanca
37178,Malpartida,Salamanca
37179,Mancera de Abajo,Salamanca
37180,El Manzano,Salamanca
37180,"Manzano, El",Salamanca
37181,Martiago,Salamanca
37182,Martin Amor,Salamanca
37182,Martinamor,Salamanca
37182,Martín Amor,Salamanca
37183,Martín de Yeltes,Salamanca
37184,Masueco,Salamanca
37184,Masueco de la Ribera,Salamanca
37185,Castellanos de Villiquera,Salamanca
37186,La Mata de Ledesma,Salamanca
37186,"Mata de Ledesma, La",Salamanca
37187,Matilla de los Caños del Río,Salamanca
37188,La Maya,Salamanca
37188,"Maya, La",Salamanca
37189,Membribe,Salamanca
37189,Membribe de la Sierra,Salamanca
37190,Mieza,Salamanca
37190,Mieza de la Ribera,Salamanca
37191,El Milano,Salamanca
37191,"Milano, El",Salamanca
37192,Miranda de Azan,Salamanca
37192,Miranda de Azán,Salamanca
37193,Miranda del Castañar,Salamanca
37194,Mogarraz,Salamanca
37195,Molinillo,Salamanca
37195,Molinillo de la Sierra,Salamanca
37196,Monforte de la Sierra,Salamanca
37197,Monleón,Salamanca
37198,Monleras,Salamanca
37199,Monsagro,Salamanca
37200,Montejo,Salamanca
37200,Montejo de Salvatierra,Salamanca
37201,Montemayor del Río,Salamanca
37202,Monterrubio de Armuña,Salamanca
37203,Monterrubio de la Sierra,Salamanca
37204,Morasverdes,Salamanca
37204,Salvatierra de Francia,Salamanca
37205,Morille,Salamanca
37206,Moríñigo,Salamanca
37207,Moriscos,Salamanca
37208,Moronta,Salamanca
37209,Mozárbez,Salamanca
37209000400,Cilleros del Hondo,Salamanca
37211,Narros de Matalayegua,Salamanca
37212,Navacarros,Salamanca
37213,Nava de Bejar,Salamanca
37213,Nava de Béjar,Salamanca
37213,Nava de Béxar,Salamanca
37214,Nava de Francia,Salamanca
37215,Nava de Sotrobal,Salamanca
37216,Navales,Salamanca
37217,Navalmoral de Bejar,Salamanca
37217,Navalmoral de Béjar,Salamanca
37217,Navalmoral de Béxar,Salamanca
37218,Navamorales,Salamanca
37219,Navarredonda de la Rinconada,Salamanca
37221,Navasfrías,Salamanca
37222,Negrilla de Palencia,Salamanca
37223,Olmedo de Camaces,Salamanca
37224,La Orbada,Salamanca
37224,"Orbada, La",Salamanca
37225,Pajares de la Laguna,Salamanca
37226,Palacios del Arzobispo,Salamanca
37228,Palacios Rubios,Salamanca
37228,Palaciosrubios,Salamanca
37229,Palencia Negrilla,Salamanca
37229,Palencia de Negrilla,Salamanca
37230,Parada de Arriba,Salamanca
37231,Parada de Rubiales,Salamanca
37232,Paradinas de San Juan,Salamanca
37233,Pastores,Salamanca
37234,El Payo,Salamanca
37234,"Payo, El",Salamanca
37235,Pedraza de Alba,Salamanca
37236,Pedrosillo de Alba,Salamanca
37237,Pedrosieḷḷu de los Aires,Salamanca
37237,Pedrosillo de los Aires,Salamanca
37238,Pedrosieḷḷu,Salamanca
37238,Pedrosillo el Ralo,Salamanca
37239,El Pedroso de la Armuña,Salamanca
37239,"Pedroso de la Armuña, El",Salamanca
37240,Pelabravo,Salamanca
37241,Pelarrodríguez,Salamanca
37242,Pelayos,Salamanca
37243,La Peña,Salamanca
37243,"Peña, La",Salamanca
37244,Peñacaballera,Salamanca
37245,Peñaparda,Salamanca
37246,Peñaranda de Bracamonte,Salamanca
37247,Peñarandilla,Salamanca
37248,Peralejos de Abajo,Salamanca
37249,Peralejos de Arriba,Salamanca
37250,Pereña,Salamanca
37250,Pereña de la Ribera,Salamanca
37250,Pereña de la Rivera,Salamanca
37251,Peromingo,Salamanca
37252,Pinedas,Salamanca
37253,El Pino de Tormes,Salamanca
37253,"Pino de Tormes, El",Salamanca
37254,Pitiegua,Salamanca
37255,Pizarral,Salamanca
37256,Poveda de las Cintas,Salamanca
37257,Pozos de Hinojo,Salamanca
37258,Puebla de Azaba,Salamanca
37259,Puebla de San Medel,Salamanca
37260,Puebla de Yeltes,Salamanca
37261,Puente del Congosto,Salamanca
37262,Puertas,Salamanca
37263,Puerto de Bejar,Salamanca
37263,Puerto de Béjar,Salamanca
37264,Puerto Seguro,Salamanca
37265,Rágama,Salamanca
37266,La Redonda,Salamanca
37266,"Redonda, La",Salamanca
37267,Retortillo,Salamanca
37268,La Rinconada de la Sierra,Salamanca
37268,"Rinconada de la Sierra, La",Salamanca
37269,Robleda,Salamanca
37269,Robrea,Salamanca
37270,Robliza de Cojos,Salamanca
37271,Rollán,Salamanca
37272,Saelices el Chico,Salamanca
37273,La Sagrada,Salamanca
37273,"Sagrada, La",Salamanca
37273000100,Amaya de Huebra,Salamanca
37273000100,San Pedro de Horcajo,Salamanca
37274,Salamanca,Salamanca
37275,Saldeana,Salamanca
37276,Salmoral,Salamanca
37277,Salvatierra,Salamanca
37277,Salvatierra de Tormes,Salamanca
37278,San Cristóbal de la Cuesta,Salamanca
37279,Sancti-Spíritus,Salamanca
37280,Sanchon de la Ribera,Salamanca
37280,Sanchón de la Ribera,Salamanca
37281,Sanchon de la Sagrada,Salamanca
37281,Sanchón de la Sagrada,Salamanca
37282,Sancho Tello,Salamanca
37282,Sanchotello,Salamanca
37283,Sando,Salamanca
37284,San Esteban,Salamanca
37284,San Esteban de la Sierra,Salamanca
37285,San Felices de los Gallegos,Salamanca
37286,Samartín del Castañar,Salamanca
37286,San Martín del Castañar,Salamanca
37287,San Miguel de Valero,Salamanca
37288,San Morales,Salamanca
37289,San Muñoz,Salamanca
37290,San Pedro del Valle,Salamanca
37291,San Pedro Rozados,Salamanca
37291,San Pedro de Rozados,Salamanca
37292,San Pelayo de Guareña,Salamanca
37293,Santa Maria de Sando,Salamanca
37293,Santa María de Sando,Salamanca
37294,Santa Marta de Tormes,Salamanca
37296,Santiago de la Puebla,Salamanca
37297,Santibáñez de Béjar,Salamanca
37298,Santibáñez de la Sierra,Salamanca
37299,Santiz,Salamanca
37300,Los Santos,Salamanca
37300,"Santos, Los",Salamanca
37301,Sardón de los Frailes,Salamanca
37302,Saucelle,Salamanca
37302,Saucelle de la Ribera,Salamanca
37302,Sauciellu de la Rivera,Salamanca
37303,El Sahugo,Salamanca
37303,El Sahúgo,Salamanca
37303,"Sahugo, El",Salamanca
37304,Sepulcro Hilario,Salamanca
37304,Sepulcro-Hilario,Salamanca
37304,Sepulcru-Hilario,Salamanca
37305,Sequeros,Salamanca
37306,Serradilla del Arroyo,Salamanca
37307,Serradilla del Llano,Salamanca
37309,La Sierpe,Salamanca
37309,"Sierpe, La",Salamanca
37310,Sieteiglesias de Tormes,Salamanca
37311,Sobradillo,Salamanca
37312,Sorihuela,Salamanca
37313,Sotoserrano,Salamanca
37314,Tabera de Abajo,Salamanca
37314,Tavera de Abajo,Salamanca
37315,La Tala,Salamanca
37315,"Tala, La",Salamanca
37316,Tamames,Salamanca
37317,Tarazona de Guareña,Salamanca
37318,Tardáguila,Salamanca
37319,El Tejado,Salamanca
37319,"Tejado, El",Salamanca
37320,Tejeda y Segoyuela,Salamanca
37321,El Tenebrón,Salamanca
37321,Tenebrón,Salamanca
37322,Terradillos,Salamanca
37323,Topas,Salamanca
37324,Tordillos,Salamanca
37325,El Tornadizo,Salamanca
37325,"Tornadizo, El",Salamanca
37327,Torres Menudas,Salamanca
37327,Torresmenudas,Salamanca
37328,Trabanca,Salamanca
37329,Tremedal de Tormes,Salamanca
37330,Valdecarros,Salamanca
37331,Valdefuentes de Sangusin,Salamanca
37331,Valdefuentes de Sangusín,Salamanca
37332,Valdehijaderos,Salamanca
37333,Valdelacasa,Salamanca
37334,Valdelageve,Salamanca
37335,Valdelosa,Salamanca
37336,Valdemierque,Salamanca
37337,Valderrodrigo,Salamanca
37338,Valdunciel,Salamanca
37339,Valero,Salamanca
37340,Valsalabroso,Salamanca
37341,Valverde de Valdelacasa,Salamanca
37342,Valverdón,Salamanca
37343,Vallejera de Riofrío,Salamanca
37344,Vecinos,Salamanca
37345,Vega de Tirados,Salamanca
37346,Las Veguillas,Salamanca
37346,"Veguillas, Las",Salamanca
37347,La Vellés,Salamanca
37347,"Vellés, La",Salamanca
37348,Ventosa del Río Almar,Salamanca
37349,La Vídola,Salamanca
37349,"Vídola, La",Salamanca
37350,Vilvestre,Salamanca
37350,Vilvestre de la Ribera,Salamanca
37350,Vilviestri de la Rivera,Salamanca
37351,Vilaflores,Salamanca
37351,Villaflores,Salamanca
37352,Villagonzalo de Tormes,Salamanca
37353,Villalba de los Llanos,Salamanca
37354,Villamayor,Salamanca
37354,Villamayor de Armuña,Salamanca
37355,Villanueva del Conde,Salamanca
37356,Villar de Argañán,Salamanca
37357,Villar de Ciervo,Salamanca
37358,Villar de Gallimazo,Salamanca
37359,Villar de la Yegua,Salamanca
37360,Villar de Peralonso,Salamanca
37361,Villar de Samaniego,Salamanca
37362,Villares de la Reina,Salamanca
37363,Villares de Yeltes,Salamanca
37364,Villarino,Salamanca
37364,Villarino de los Aires,Salamanca
37365,Villarmayor,Salamanca
37366,Villarmuerto,Salamanca
37367,Villasbuenas,Salamanca
37368,Villasdardo,Salamanca
37369,Villaseco de los Gamitos,Salamanca
37370,Villaseco de los Reyes,Salamanca
37371,Villasrubias,Salamanca
37372,Villaverde de Guareña,Salamanca
37373,Villavieja de Yeltes,Salamanca
37374,Villoria,Salamanca
37375,Villoruela,Salamanca
37376,Vitigudino,Salamanca
37377,Yecla de Yeltes,Salamanca
37378,Zamarra,Salamanca
37379,Zamayón,Salamanca
37380,Zarapicos,Salamanca
37381,La Zarza de Pumareda,Salamanca
37381,"Zarza de Pumareda, La",Salamanca
37382,Zorita de la Frontera,Salamanca
38001,Adeje,Santa Cruz de Tenerife
38001,Adeje (Santa Cruz de Tenerife),Santa Cruz de Tenerife
38001,Adejero,Santa Cruz de Tenerife
38002,Agulo,Santa Cruz de Tenerife
38002,Agulo (Santa Cruz de Tenerife),Santa Cruz de Tenerife
38003,Alajeró,Santa Cruz de Tenerife
38004,Arafo,Santa Cruz de Tenerife
38004,Arafo (Santa Cruz de Tenerife),Santa Cruz de Tenerife
38005,Arico,Santa Cruz de Tenerife
38005,Arico (Santa Cruz de Tenerife),Santa Cruz de Tenerife
38006,Arona,Santa Cruz de Tenerife
38006,Arona (Tenerife),Santa Cruz de Tenerife
38006,"Arona, Tenerife",Santa Cruz de Tenerife
38007,Barlovento,Santa Cruz de Tenerife
38008,Breña Alta,Santa Cruz de Tenerife
38009,Breña Baja,Santa Cruz de Tenerife
38010,Buenavista del Norte,Santa Cruz de Tenerife
38011,Candelaria,Santa Cruz de Tenerife
38011,Candelaria (Tenerife),Santa Cruz de Tenerife
38012,Fasnia,Santa Cruz de Tenerife
38013,La Frontera,Santa Cruz de Tenerife
38014,Fuencaliente,Santa Cruz de Tenerife
38014,Fuencaliente de La Palma,Santa Cruz de Tenerife
38014,Fuencaliente de la Palma,Santa Cruz de Tenerife
38015,Garachico,Santa Cruz de Tenerife
38016,Garafía,Santa Cruz de Tenerife
38016,Villa de Garafía,Santa Cruz de Tenerife
38017,Chimiche,Santa Cruz de Tenerife
38017,Granadilla,Santa Cruz de Tenerife
38017,Granadilla de Abona,Santa Cruz de Tenerife
38018,Barrio de Santa Catalina,Santa Cruz de Tenerife
38018,La Guancha,Santa Cruz de Tenerife
38019,Guia de Isora,Santa Cruz de Tenerife
38019,Guía de Isora,Santa Cruz de Tenerife
38020,Guimar,Santa Cruz de Tenerife
38020,Guímar,Santa Cruz de Tenerife
38020,Güimar,Santa Cruz de Tenerife
38020,Güímar,Santa Cruz de Tenerife
38021,Hermigua,Santa Cruz de Tenerife
38022,Icod de los Vinos,Santa Cruz de Tenerife
38023,La Laguna,Santa Cruz de Tenerife
38023,San Cristóbal de La Laguna,Santa Cruz de Tenerife
38024,Aridane,Santa Cruz de Tenerife
38024,"Llanos de Aridane, Los",Santa Cruz de Tenerife
38024,Los Llanos,Santa Cruz de Tenerife
38024,Los Llanos de Aridane,Santa Cruz de Tenerife
38025,La Matanza de Acentejo,Santa Cruz de Tenerife
38025,"Matanza de Acentejo, La",Santa Cruz de Tenerife
38026,La Orotava,Santa Cruz de Tenerife
38027,Ciudad de El Paso,Santa Cruz de Tenerife
38027,El Paso,Santa Cruz de Tenerife
38027,"Paso, El",Santa Cruz de Tenerife
38028,Puerto de la Cruz,Santa Cruz de Tenerife
38029,Puntagorda,Santa Cruz de Tenerife
38030,Puntallana,Santa Cruz de Tenerife
38031,Los Realejos,Santa Cruz de Tenerife
38031,Realejo Alto,Santa Cruz de Tenerife
38031,Realejo de Abajo,Santa Cruz de Tenerife
38031,"Realejos, Los",Santa Cruz de Tenerife
38032,El Rosario,Santa Cruz de Tenerife
38033,Los Sauces,Santa Cruz de Tenerife
38033,San Andrés y Sauces,Santa Cruz de Tenerife
38033,Villa y Ciudad de San Andrés y Sauces,Santa Cruz de Tenerife
38034,San Juan Rambla,Santa Cruz de Tenerife
38034,San Juan de la Rambla,Santa Cruz de Tenerife
38035,San Miguel de Abona,Santa Cruz de Tenerife
38036,La Villa,Santa Cruz de Tenerife
38036,San Sebastián,Santa Cruz de Tenerife
38036,San Sebastián de La Gomera,Santa Cruz de Tenerife
38036,San Sebastián de la Gomera,Santa Cruz de Tenerife
38037,Ciudad de La Palma,Santa Cruz de Tenerife
38037,La Ciudad,Santa Cruz de Tenerife
38037,Santa Cruz,Santa Cruz de Tenerife
38037,Santa Cruz de La Palma,Santa Cruz de Tenerife
38037,Santa Cruz de la Palma,Santa Cruz de Tenerife
38038,Santa Cruz,Santa Cruz de Tenerife
38038,Santa Cruz Tenerifekoa,Santa Cruz de Tenerife
38038,Santa Cruz de Santiago de Tenerife,Santa Cruz de Tenerife
38038,Santa Cruz de Tenerife,Santa Cruz de Tenerife
38039,Santa Ursula,Santa Cruz de Tenerife
38039,Santa Úrsula,Santa Cruz de Tenerife
38040,Santiago del Teide,Santa Cruz de Tenerife
38041,El Sauzal,Santa Cruz de Tenerife
38041,"Sauzal, El",Santa Cruz de Tenerife
38042,Los Silos,Santa Cruz de Tenerife
38042,"Silos, Los",Santa Cruz de Tenerife
38043,Tacoronte,Santa Cruz de Tenerife
38044,El Tanque,Santa Cruz de Tenerife
38045,Tazacorte,Santa Cruz de Tenerife
38045,Villa y Puerto de Tazacorte,Santa Cruz de Tenerife
38046,Tegueste,Santa Cruz de Tenerife
38046,Villa de Tegueste,Santa Cruz de Tenerife
38047,Tijarafe,Santa Cruz de Tenerife
38048,Valverde,Santa Cruz de Tenerife
38049,Valle Gran Rey,Santa Cruz de Tenerife
38050,Vallehermoso,Santa Cruz de Tenerife
38051,La Victoria de Acentejo,Santa Cruz de Tenerife
38051,"Victoria de Acentejo, La",Santa Cruz de Tenerife
38052,Vilaflor,Santa Cruz de Tenerife
38052,Vilaflor de Chasna,Santa Cruz de Tenerife
38053,Mazo,Santa Cruz de Tenerife
38053,Villa de Mazo,Santa Cruz de Tenerife
38901,El Pinar,Santa Cruz de Tenerife
38901,El Pinar (El Hierro),Santa Cruz de Tenerife
38901,El Pinar d'El Hierro,Santa Cruz de Tenerife
38901,El Pinar de El Hierro,Santa Cruz de Tenerife
38901,El Pinar del Hierro,Santa Cruz de Tenerife
38901,"Pinar de El Hierro, El",Santa Cruz de Tenerife
39001,Alfoz de Lloredo,Cantabria
39002,Ampuero,Cantabria
39003,Anievas,Cantabria
39004,Arenas de Iguña,Cantabria
39005,Argonos,Cantabria
39005,Argoños,Cantabria
39006,Arnuero,Cantabria
39007,Arredondo,Cantabria
39008,Astillero,Cantabria
39008,Astillero de Guarnizo,Cantabria
39008,"Astillero, El",Cantabria
39008,El Astillero,Cantabria
39008,El Astillero de Guarnizo,Cantabria
39009,Barcena de Cicero,Cantabria
39009,Barcena de Cicero Barcena de Ciceru,Cantabria
39009,Barcena de Cicero Bárcena de Ciceru,Cantabria
39009,Barcena de Cicero/Barcena de Ciceru,Cantabria
39009,Barcena de Cicero/Bárcena de Ciceru,Cantabria
39009,Bárcena de Cicero,Cantabria
39009,Bárcena de Cicero Bárcena de Ciceru,Cantabria
39009,Bárcena de Cicero/Bárcena de Ciceru,Cantabria
39009,Bárcena de Ciceru,Cantabria
39010,Barcena de Pie de Concha,Cantabria
39010,Bárcena de Pie de Concha,Cantabria
39011,Barceyo,Cantabria
39011,Bareyo,Cantabria
39012,Cabezon de la Sal,Cantabria
39012,Cabezón de la Sal,Cantabria
39013,Cabezon de Liebana,Cantabria
39013,Cabezon de Liébana,Cantabria
39013,Cabezón de Liebana,Cantabria
39013,Cabezón de Liébana,Cantabria
39014,Cabuerniga,Cantabria
39014,Cabuérniga,Cantabria
39015,Camaleno,Cantabria
39015,Camaleño,Cantabria
39015001300,Espinama,Cantabria
39015001300,Espinamá,Cantabria
39016,Camargo,Cantabria
39016,Real Valle de Camargo,Cantabria
39016,Valle de Camargo,Cantabria
39017,Campoo de Yuso,Cantabria
39017,Campóo de Yuso,Cantabria
39018,Cartes,Cantabria
39018,Conjunto Historico Artistico la Villa,Cantabria
39018,Conjunto Histórico Artístico la Villa,Cantabria
39019,Castañeda,Cantabria
39020,Castro,Cantabria
39020,Castro Urdiales,Cantabria
39020,Castro-Urdiales,Cantabria
39020,Castrourdiales,Cantabria
39020,Conjunto Historico de Castro Urdiales,Cantabria
39020,Conjunto Histórico de Castro Urdiales,Cantabria
39020,Kastro Urdialitz,Cantabria
39020,Portus Amanus,Cantabria
39020,Urdialaitz,Cantabria
39020,Urdialitz,Cantabria
39021,Cieza,Cantabria
39022,Castro Cillorigo,Cantabria
39022,Cillorigo,Cantabria
39022,Cillorigo de Liebana,Cantabria
39022,Cillorigo de Liébana,Cantabria
39022,Cillórigo de Liebana,Cantabria
39022,Cillórigo de Liébana,Cantabria
39023,Colindres,Cantabria
39024,Comillas,Cantabria
39024,Cumillas,Cantabria
39025,Corrales de Buelna,Cantabria
39025,"Corrales de Buelna, Los",Cantabria
39025,Los Corrales de Buelna,Cantabria
39026,Corvera de Pas,Cantabria
39026,Corvera de Toranzo,Cantabria
39027,Campoo de Enmedio,Cantabria
39027,Campóo de Enmedio,Cantabria
39027,Enmedio,Cantabria
39028,Entrambasaguas,Cantabria
39029,Escalante,Cantabria
39030,Guriezo,Cantabria
39031,Hazas de Cesto,Cantabria
39031,Hazas de Cesto Hazas en Cestu,Cantabria
39031,Hazas de Cesto/Hazas en Cestu,Cantabria
39032,Campoo de Suso,Cantabria
39032,H. de Campoo de Suso,Cantabria
39032,Hdad. de Campoo de Suso,Cantabria
39032,Hermandad de Campoo de Suso,Cantabria
39032,Hermandad de Campóo de Suso,Cantabria
39032,Valle de Campo de Suso,Cantabria
39032,Valle de Campó de Suso,Cantabria
39032,Virgen del Abra,Cantabria
39033,Herrerias,Cantabria
39033,Herrerias Jerrerias,Cantabria
39033,Herrerias Jerrerías,Cantabria
39033,Herrerias/Jerrerias,Cantabria
39033,Herrerias/Jerrerías,Cantabria
39033,Herrerías,Cantabria
39033,Herrerías (Kantabria),Cantabria
39033,Herrerías Jerrerías,Cantabria
39033,Herrerías/Jerrerías,Cantabria
39034,Lamason,Cantabria
39034,Lamasón,Cantabria
39035,Laredo,Cantabria
39035,Santoña,Cantabria
39036,Liendo,Cantabria
39037,Lierganes,Cantabria
39037,Liérganes,Cantabria
39038,Limpias,Cantabria
39039,Luena,Cantabria
39040,Marina de Cudeyo,Cantabria
39041,Luzmela,Cantabria
39041,Mazcuerras,Cantabria
39042,Medio Cudeyo,Cantabria
39043,Meruelo,Cantabria
39044,Miengo,Cantabria
39045,Miera,Cantabria
39046,Molledo,Cantabria
39047,Noja,Cantabria
39048,Penagos,Cantabria
39049,Peñarrubia,Cantabria
39050,Pesaguero,Cantabria
39050,Pesagüero,Cantabria
39051,Pesquera,Cantabria
39052,Pielagos,Cantabria
39052,Piélagos,Cantabria
39053,Polaciones,Cantabria
39053,Puerto de Sejos,Cantabria
39054,Polanco,Cantabria
39055,Potes,Cantabria
39056,Puente Viesgo,Cantabria
39057,Ramales de la Victoria,Cantabria
39058,Rasines,Cantabria
39059,Larrainotza,Cantabria
39059,Reinosa,Cantabria
39059,Reynosa,Cantabria
39060,Reocin,Cantabria
39060,Reocín,Cantabria
39061,Ribamontan al Mar,Cantabria
39061,Ribamontán al Mar,Cantabria
39062,Ribamontan al Monte,Cantabria
39062,Ribamontán al Monte,Cantabria
39062,Rivamontan al Monte,Cantabria
39062,Rivamontán al Monte,Cantabria
39063,Puente Nansa,Cantabria
39063,Rionansa,Cantabria
39064,Riotuerto,Cantabria
39065,Las Rozas de Valdearroyo,Cantabria
39065,"Rozas de Valdearroyo, Las",Cantabria
39066,Ruente,Cantabria
39067,Ruesga,Cantabria
39068,Ruiloba,Cantabria
39069,San Felices de Buelna,Cantabria
39070,San Miguel de Aguayo,Cantabria
39071,San Pedro del Romeral,Cantabria
39072,San Roque de Riomiera,Cantabria
39073,Santa Cruz de Bezana,Cantabria
39074,Santa María de Cayón,Cantabria
39075,Santander,Cantabria
39076,Santillana del Mar,Cantabria
39077,Santiurce de Reinosa,Cantabria
39077,Santiurde de Reinosa,Cantabria
39078,Santiurde de Toranzo,Cantabria
39079,Santona,Cantabria
39079,Santoña,Cantabria
39080,San Vicente de la Barquera,Cantabria
39081,Saro,Cantabria
39082,Celaya de Carriedo,Cantabria
39082,Selaya,Cantabria
39083,Soba,Cantabria
39084,Solorzano,Cantabria
39084,Solórzano,Cantabria
39085,Portus Blendium,Cantabria
39085,Suances,Cantabria
39086,Los Tojos,Cantabria
39086,Puerto de Sejos,Cantabria
39086,"Tojos, Los",Cantabria
39087,Torrelavega,Cantabria
39088,Tresviso,Cantabria
39088,Tresvisu,Cantabria
39089,Tudanca,Cantabria
39090,Udias,Cantabria
39090,Udías,Cantabria
39091,Valdaliga,Cantabria
39091,Valdáliga,Cantabria
39092,Valdeolea,Cantabria
39093,Valdeprado Del Rio,Cantabria
39093,Valdeprado del Rio,Cantabria
39093,Valdeprado del Río,Cantabria
39094,Santa María de Valverde,Cantabria
39094,Valderredible,Cantabria
39095,Pechón,Cantabria
39095,Serdio,Cantabria
39095,Val de San Vicente,Cantabria
39096,Vega de Liebana,Cantabria
39096,Vega de Liébana,Cantabria
39097,Vega de Pas,Cantabria
39098,Villacarriedo,Cantabria
39099,Villaescusa,Cantabria
39100,Villafufre,Cantabria
39100,no pertenece a los valles pasiegos,Cantabria
39101,Hiribilduberdeko Arana,Cantabria
39101,Valle De Villaverde,Cantabria
39101,Valle de Villaverde,Cantabria
39101,Valle de Villaverde de Trucios,Cantabria
39101,Valle de Villaverde de Trucíos,Cantabria
39101,Villaverde Turtzioz,Cantabria
39101,Villaverde de Trucios,Cantabria
39101,Villaverde de Trucíos,Cantabria
39102,Voto,Cantabria
40001,Abades,Segovia
40001,Abbates,Segovia
40001,Abbatibus,Segovia
40002,Adrada de Piron,Segovia
40002,Adrada de Pirón,Segovia
40003,Adrados,Segovia
40004,Aguilafuente,Segovia
40005,Alconada de Maderuelo,Segovia
40006,Aldealcorbo,Segovia
40006,Aldealcorvo,Segovia
40007,Aldealengua de Pedraza,Segovia
40008,Aldealengua de Santa Maria,Segovia
40008,Aldealengua de Santa María,Segovia
40009,Aldeanueva,Segovia
40009,Aldeanueva de la Serrezuela,Segovia
40010,Aldeanueva,Segovia
40010,Aldeanueva del Codonal,Segovia
40012,Aldea Real,Segovia
40013,Aldeasona,Segovia
40013,Aldeasoña,Segovia
40014,Aldehorno,Segovia
40015,Aldehuela del Codonal,Segovia
40016,Aldea Fonte,Segovia
40016,Aldea de la Fuente,Segovia
40016,Aldeayonte,Segovia
40016,Aldefonte,Segovia
40016,Aldeonte,Segovia
40017,Anaya,Segovia
40018,Ane,Segovia
40018,Añe,Segovia
40019,Arahuetes,Segovia
40020,Arcones,Segovia
40021,Arevalillo de Cega,Segovia
40022,Armuña,Segovia
40024,Ayllon,Segovia
40024,Ayllón,Segovia
40025,Barbolla,Segovia
40026,Basardilla,Segovia
40026,Vasardilla,Segovia
40028,Bercial,Segovia
40029,Bercimuel,Segovia
40030,Bernardos,Segovia
40031,Bernuy de Porreros,Segovia
40032,Boceguillas,Segovia
40033,Brieba,Segovia
40033,Brieva,Segovia
40034,Caballar,Segovia
40035,Cabanas de Polendos,Segovia
40035,Cabañas,Segovia
40035,Cabañas de Polendos,Segovia
40036,Cabezuela,Segovia
40037,Calabazas de Fuentidueña,Segovia
40039,Campo de San Pedro,Segovia
40040,Cantalejo,Segovia
40040,Vilorio Sierte,Segovia
40041,Cantimpalos,Segovia
40043,Carbonero el Mayor,Segovia
40044,Carrascal,Segovia
40044,Carrascal del Rio,Segovia
40044,Carrascal del Río,Segovia
40045,Casla,Segovia
40046,Castillejo de Mesleon,Segovia
40046,Castillejo de Mesleón,Segovia
40047,Castro de Fuentiduena,Segovia
40047,Castro de Fuentidueña,Segovia
40048,Castrojimeno,Segovia
40049,Castro Sarna de Yuso,Segovia
40049,Castro Serna de Abajo,Segovia
40049,Castro Serna de Yuso,Segovia
40049,Castrosarna de Abajo,Segovia
40049,Castrosarna de Yuso,Segovia
40049,Castroserna de Abajo,Segovia
40049,Castroserna de Yuso,Segovia
40051,Castroserracin,Segovia
40051,Castroserracín,Segovia
40052,Cedillo de la Torre,Segovia
40053,Cereso de Yuso,Segovia
40053,Cerezo de Abajo,Segovia
40053,Cerezo de Yuso,Segovia
40054,Cerezo de Arriba,Segovia
40055,Cilleruelo de San Mames,Segovia
40055,Cilleruelo de San Mamés,Segovia
40056,Cobos de Fuentiduena,Segovia
40056,Cobos de Fuentidueña,Segovia
40057,Coca,Segovia
40058,Codorniz,Segovia
40059,Collad Formoso,Segovia
40059,Collado Hermoso,Segovia
40059,Collado de Sotosalbos,Segovia
40060,Condado de Castilnovo,Segovia
40061,Corral de Ayllon,Segovia
40061,Corral de Ayllón,Segovia
40062,Cubillo,Segovia
40062,El Cubillo,Segovia
40063,Cuéllar,Segovia
40065,Chane,Segovia
40065,Chañe,Segovia
40068,Domingo García,Segovia
40069,Donhierro,Segovia
40070,Duruelo,Segovia
40071,Encinas,Segovia
40072,Encinillas,Segovia
40073,Escalona del Prado,Segovia
40074,Escarabajosa de Cabezas,Segovia
40074,Pago de los Fetisones,Segovia
40075,Escobar de Polendos,Segovia
40076,El Espinar,Segovia
40076,Espinar,Segovia
40076,"Espinar, El",Segovia
40077,Espirdo,Segovia
40077,Spiritu,Segovia
40078,Fresneda de Cuellar,Segovia
40078,Fresneda de Cuéllar,Segovia
40079,Candespina,Segovia
40079,Fresno de Cantespino,Segovia
40080,Fresnillo,Segovia
40080,Fresnillo de la Fuente,Segovia
40080,Fresno,Segovia
40080,Fresno de la Fuente,Segovia
40080,Frexniello,Segovia
40081,Frumales,Segovia
40081,Frunmales,Segovia
40082,Fuente de Santa Cruz,Segovia
40083,Fuente el Olmo de Fuentiduena,Segovia
40083,Fuente el Olmo de Fuentidueña,Segovia
40084,Fuente el Olmo de Iscar,Segovia
40084,Fuente el Olmo de Íscar,Segovia
40086,Fuentepelayo,Segovia
40087,Fuentepinel,Segovia
40087,Fuentepiñel,Segovia
40088,Fuenterrebollo,Segovia
40089,Fuentesauco,Segovia
40089,Fuentesauco de Fuentiduena,Segovia
40089,Fuentesauco de Fuentidueña,Segovia
40089,Fuentesaúco,Segovia
40089,Fuentesaúco de Fuentiduena,Segovia
40089,Fuentesaúco de Fuentidueña,Segovia
40091,Fuente Soto,Segovia
40091,Fuentesoto,Segovia
40092,Fuentiduena,Segovia
40092,Fuentidueña,Segovia
40093,Gallegos,Segovia
40093,Gallegos de la Sierra,Segovia
40094,Garcillan,Segovia
40094,Garcillán,Segovia
40095,Gomeserracin,Segovia
40095,Gomeserracín,Segovia
40095,Gomezserracin,Segovia
40095,Gomezserracín,Segovia
40097,Gragera,Segovia
40097,Grajera,Segovia
40099,Honrubia de la Cuesta,Segovia
40100,Hontalbilla,Segovia
40100,Ontabilla,Segovia
40101,Hontanares de Eresma,Segovia
40103,Huertos,Segovia
40103,"Huertos, Los",Segovia
40103,Los Huertos,Segovia
40104,Ituero,Segovia
40104,Ituero y Lama,Segovia
40105,Juarros de Riomoros,Segovia
40106,Juarros de Voltoya,Segovia
40107,Labajos,Segovia
40108,Laguna de Contrera,Segovia
40108,Laguna de Contreras,Segovia
40109,Languilla,Segovia
40110,Lastra de Cuellar,Segovia
40110,Lastra de Cuéllar,Segovia
40110,Lastras,Segovia
40110,Lastras de Cuellar,Segovia
40110,Lastras de Cuéllar,Segovia
40111,Lastras de Abajo,Segovia
40111,Lastras de Ayuso,Segovia
40111,Lastras del Pozo,Segovia
40112,La Lastrilla,Segovia
40112,Lastrilla,Segovia
40112,"Lastrilla, La",Segovia
40113,La Lausa,Segovia
40113,La Losa,Segovia
40113,La Lossa,Segovia
40113,"Losa, La",Segovia
40115,Maderuelo,Segovia
40118,Marazuela,Segovia
40118,"Marazuela,",Segovia
40119,Martin Miguel,Segovia
40119,Martín Miguel,Segovia
40120,Martin Munoz de la Dehesa,Segovia
40120,Martin Muñoz de la Dehesa,Segovia
40120,Martín Munoz de la Dehesa,Segovia
40120,Martín Muñoz de la Dehesa,Segovia
40121,Martin Munoz de las Posadas,Segovia
40121,Martin Muñoz de las Posadas,Segovia
40121,Martín Munoz de las Posadas,Segovia
40121,Martín Muñoz de las Posadas,Segovia
40122,Marugan,Segovia
40122,Marugán,Segovia
40123,Mata Buena,Segovia
40123,Matabuena,Segovia
40123,Matabuesa,Segovia
40124,Mata de Cuellar,Segovia
40124,Mata de Cuéllar,Segovia
40125,La Matilla,Segovia
40125,"Matilla, La",Segovia
40126,Melque de Cercos,Segovia
40127,Membibre,Segovia
40127,Membibre de la Hoz,Segovia
40128,Migueláñez,Segovia
40129,Montejo,Segovia
40129,Montejo de Arevalo,Segovia
40129,Montejo de Arévalo,Segovia
40130,Montejo,Segovia
40130,Montejo de la Vega de Serrezuela,Segovia
40130,Montejo de la Vega de la Serrezuela,Segovia
40131,Monterrubio,Segovia
40132,Moral,Segovia
40132,Moral de Hornuez,Segovia
40134,Mozoncillo,Segovia
40135,Munopedro,Segovia
40135,Muñopedro,Segovia
40136,Munoveros,Segovia
40136,Muñoveros,Segovia
40138,Nava da Asunción,Segovia
40138,Nava de Coca,Segovia
40138,Nava de la Asuncion,Segovia
40138,Nava de la Asunción,Segovia
40139,Navafria,Segovia
40139,Navafría,Segovia
40140,Navalilla,Segovia
40141,Navalmanzano,Segovia
40142,Navares,Segovia
40142,Navares de Ayuso,Segovia
40143,Navares de Enmedio,Segovia
40144,Navares de las Cuevas,Segovia
40145,Navas,Segovia
40145,Navas de Oro,Segovia
40146,Navas de San Antonio,Segovia
40148,Nieva,Segovia
40149,Olombrada,Segovia
40150,Orejana,Segovia
40151,Hortigosa de Pestano,Segovia
40151,Hortigosa de Pestaño,Segovia
40151,Ortigosa de Pestano,Segovia
40151,Ortigosa de Pestaño,Segovia
40152,Otero de Herreros,Segovia
40154,Pajarejos,Segovia
40155,Palazuelos,Segovia
40155,Palazuelos de Eresma,Segovia
40156,Pedraza,Segovia
40156,Pedraza de la Sierra,Segovia
40157,Pelayos del Arroyo,Segovia
40158,Perosillo,Segovia
40159,Pinarejos,Segovia
40160,Pinarnegrillo,Segovia
40161,Carabias,Segovia
40162,Pradena,Segovia
40162,Pradena de la Sierra,Segovia
40162,Pratum,Segovia
40162,Prádena,Segovia
40162,Prádena de la Sierra,Segovia
40163,Puebla de Pedraza,Segovia
40164,Rapariegos,Segovia
40165,Rebollo,Segovia
40166,Remondo,Segovia
40168,Riaguas,Segovia
40168,Riaguas de San Bartolome,Segovia
40168,Riaguas de San Bartolomé,Segovia
40168,Rio Daguas,Segovia
40168,Río Daguas,Segovia
40170,Riaza,Segovia
40171,Ribota,Segovia
40172,Riofrio de Riaza,Segovia
40172,Riofrío de Riaza,Segovia
40173,Roda de Eresma,Segovia
40174,Sacramenia,Segovia
40176,Samboal,Segovia
40177,San Cristobal de Cuellar,Segovia
40177,San Cristóbal,Segovia
40177,San Cristóbal de Cuellar,Segovia
40177,San Cristóbal de Cuéllar,Segovia
40178,San Cristobal de la Vega,Segovia
40178,San Cristóbal de la Vega,Segovia
40179,Sanchonuno,Segovia
40179,Sanchonuño,Segovia
40180,San Garcia,Segovia
40180,San García,Segovia
40180,Sangarcia,Segovia
40180,Sangarcía,Segovia
40181,Real Sitio de San Ildefonso,Segovia
40181,Reales Sitios,Segovia
40181,San Ildefonso,Segovia
40182,San Martin y Mudrian,Segovia
40182,San Martin y Mudrián,Segovia
40182,San Martín y Mudrian,Segovia
40182,San Martín y Mudrián,Segovia
40183,San Miguel de Bernuy,Segovia
40184,San Pedro de Gaillos,Segovia
40184,San Pedro de Gaíllos,Segovia
40185,Santa Maria la Real de Nieva,Segovia
40185,Santa María,Segovia
40185,Santa María la Real,Segovia
40185,Santa María la Real de Nieva,Segovia
40186,Santa Marta del Cerro,Segovia
40188,Santiuste de Pedraza,Segovia
40189,San Justo,Segovia
40189,San Yuste,Segovia
40189,Santiuste de Coca,Segovia
40189,Santiuste de San Juan Bautista,Segovia
40190,Santo Domingo,Segovia
40190,Santo Domingo de Piron,Segovia
40190,Santo Domingo de Pirón,Segovia
40191,Santo Tome del Puerto,Segovia
40191,Santo Tomé del Puerto,Segovia
40192,Sauquillo de Cabezas,Segovia
40193,Sebulcor,Segovia
40193,Sebúlcor,Segovia
40194,Segovia,Segovia
40194,Segòvia,Segovia
40195,Sepulveda,Segovia
40195,Sepulvega,Segovia
40195,Sepúlveda,Segovia
40196,Sequera de Fresno,Segovia
40198,Sotillo,Segovia
40199,Sotosalbos,Segovia
40200,Tabanera la Luenga,Segovia
40201,Tolocirio,Segovia
40202,Torreadrada,Segovia
40203,Torrecaballeros,Segovia
40204,Torrecilla del Pinar,Segovia
40205,Torreiglesias,Segovia
40206,La Torre,Segovia
40206,Torre,Segovia
40206,Torre Val de San Pedro,Segovia
40206,Torre de Val de San Pedro,Segovia
40206,Torre de Valle de San Pedro,Segovia
40207,Trescasas,Segovia
40208,Turegano,Segovia
40208,Turégano,Segovia
40210,Uruenas,Segovia
40210,Urueñas,Segovia
40211,Valdeprados,Segovia
40212,Valdevacas,Segovia
40212,Valdevacas de Montejo,Segovia
40213,Valdevacas y Guijar,Segovia
40214,Valseca,Segovia
40214,Valseca de Boones,Segovia
40215,Valtiendas,Segovia
40216,Valverde del Majano,Segovia
40218,Valle de Tabladillo,Segovia
40219,Vallelado,Segovia
40220,Valleruela de Pedraza,Segovia
40221,Valleruela de Sepulveda,Segovia
40221,Valleruela de Sepúlveda,Segovia
40222,Veganzones,Segovia
40223,Las Vegas,Segovia
40223,Vegas de Matute,Segovia
40224,Ventosilla y Tejadilla,Segovia
40225,Villacastin,Segovia
40225,Villacastín,Segovia
40228,Villaverde de Iscar,Segovia
40228,Villaverde de Íscar,Segovia
40229,Villaverde,Segovia
40229,Villaverde de Montejo,Segovia
40230,Villeguillo,Segovia
40231,Yanguas de Eresma,Segovia
40233,Zarzuela del Monte,Segovia
40234,Zarzuela del Pinar,Segovia
40901,Hortigosa del Monte,Segovia
40901,Ortigosa,Segovia
40901,Ortigosa del Monte,Segovia
40901,Ortigosiella,Segovia
40902,Cozuelos,Segovia
40902,Cozuelos de Fuentidueña,Segovia
40902,Cozuelos de fuentiduena,Segovia
40903,Marazoleja,Segovia
40904,Las Navas,Segovia
40904,Las Navillas,Segovia
40904,Navas de Riofrio,Segovia
40904,Navas de Riofrío,Segovia
40904,Navillas,Segovia
40905,Cuevas de Perobanco,Segovia
40905,Cuevas de Provanco,Segovia
40906,San Cristobal,Segovia
40906,San Cristobal de Segovia,Segovia
40906,San Cristóbal,Segovia
40906,San Cristóbal de Segovia,Segovia
41001,Aguadulce,Sevilla
41002,Alanis,Sevilla
41002,Alanis de la Sierra,Sevilla
41002,Alanís,Sevilla
41003,Albaida del Ajarafe,Sevilla
41003,Albaida del Aljarafe,Sevilla
41003,Sanlucar de Albaida,Sevilla
41003,Sanlúcar de Albaida,Sevilla
41004,Alcala de Guadaíra,Sevilla
41004,Alcalareña,Sevilla
41004,Alcalareño,Sevilla
41004,Alcalá de Guadaíra,Sevilla
41005,Alcala del Rio,Sevilla
41005,Alcalá del Rio,Sevilla
41005,Alcalá del Río,Sevilla
41006,Alcolea del Rio,Sevilla
41006,Alcolea del Río,Sevilla
41007,"Algaba, La",Sevilla
41007,La Algaba,Sevilla
41008,Algamitas,Sevilla
41008,Algámitas,Sevilla
41009,Almaden de la Plata,Sevilla
41009,Almadén de la Plata,Sevilla
41010,Almensilla,Sevilla
41011,Arahal,Sevilla
41011,El Arahal,Sevilla
41012,Aznalcazar,Sevilla
41012,Aznalcázar,Sevilla
41013,Arzarcóllar,Sevilla
41013,Aznalcollar,Sevilla
41013,Aznalcóllar,Sevilla
41014,Badolatosa,Sevilla
41015,Benacazon,Sevilla
41015,Benacazón,Sevilla
41016,Bollullos de la Mitacion,Sevilla
41016,Bollullos de la Mitación,Sevilla
41017,Bormujo,Sevilla
41017,Bormujos,Sevilla
41018,Brenes,Sevilla
41019,Burguillos,Sevilla
41020,Cabezas,Sevilla
41020,Cabezas de San Juan,Sevilla
41020,"Cabezas de San Juan, Las",Sevilla
41020,La Cabezas,Sevilla
41020,Las Cabezas de San Juan,Sevilla
41021,Camas,Sevilla
41022,"Campana, La",Sevilla
41022,La Campana,Sevilla
41023,Cantillana,Sevilla
41023,Sevilla,Sevilla
41024,Carmona,Sevilla
41024,Karmuna,Sevilla
41025,Carrion de los Cespedes,Sevilla
41025,Carrion de los Céspedes,Sevilla
41025,Carrión de los Cespedes,Sevilla
41025,Carrión de los Céspedes,Sevilla
41026,Casariche,Sevilla
41027,Castilblanco de los Arroyos,Sevilla
41028,Castilleja de Guzman,Sevilla
41028,Castilleja de Guzmán,Sevilla
41029,Castilleja de la Cuesta,Sevilla
41030,Castilleja del Campo,Sevilla
41031,Castillo de las Guardas,Sevilla
41031,"Castillo de las Guardas, El",Sevilla
41031,El Castillo de las Guardas,Sevilla
41032,Cazalla de la Sierra,Sevilla
41033,Constantina,Sevilla
41034,Coria del Rio,Sevilla
41034,Coria del Río,Sevilla
41035,Coripe,Sevilla
41036,Coronil,Sevilla
41036,"Coronil, El",Sevilla
41036,Coronileno,Sevilla
41036,Coronileño,Sevilla
41036,El Coronil,Sevilla
41036,Jimmis del coronil,Sevilla
41037,"Corrales, Los",Sevilla
41037,Los Corrales,Sevilla
41038,Dos Hermanas,Sevilla
41039,Astigi,Sevilla
41039,Astigitana,Sevilla
41039,Astigitano,Sevilla
41039,Augusta Firma,Sevilla
41039,Ciudad de las torres,Sevilla
41039,Ecija,Sevilla
41039,Ecija (Sevilla),Sevilla
41039,Eiskadia,Sevilla
41039,Istidja,Sevilla
41039,Ècija,Sevilla
41039,Écija,Sevilla
41039,Écija (Sevilla),Sevilla
41040,Espartinas,Sevilla
41041,Estepa,Sevilla
41042,Fuentes de Andalucía,Sevilla
41043,El Garrobo,Sevilla
41043,"Garrobo, El",Sevilla
41044,Gelves,Sevilla
41045,Gerena,Sevilla
41046,Gilena,Sevilla
41047,Gines,Sevilla
41048,Guadalcanal,Sevilla
41049,Guillena,Sevilla
41050,Herrera,Sevilla
41051,Huevar,Sevilla
41051,Huevar del Aljarafe,Sevilla
41051,Huévar,Sevilla
41051,Huévar del Aljarafe,Sevilla
41052,La Lantejuela,Sevilla
41052,Lantejuela,Sevilla
41053,Lebrija,Sevilla
41053,Nebrija,Sevilla
41053,Nebrissa Veneria,Sevilla
41054,Lora de Estepa,Sevilla
41055,Lora del Rio,Sevilla
41055,Lora del Río,Sevilla
41056,La Luisiana,Sevilla
41056,"Luisiana, La",Sevilla
41057,El Madroño,Sevilla
41057,"Madroño, El",Sevilla
41058,Mairena del Alcor,Sevilla
41059,Mairena de Aljarafe,Sevilla
41059,Mairena del Aljarafe,Sevilla
41060,Marchena,Sevilla
41061,Marinaleda,Sevilla
41061,Matarredonda,Sevilla
41062,Martin de la Jara,Sevilla
41062,Martín de la Jara,Sevilla
41063,Los Molares,Sevilla
41064,Montellano,Sevilla
41064,Montellano (Sevilla),Sevilla
41065,Moron de la Frontera,Sevilla
41065,Morón de la Frontera,Sevilla
41066,Las Navas de la Concepcion,Sevilla
41066,Las Navas de la Concepción,Sevilla
41066,"Navas de la Concepción, Las",Sevilla
41067,Olivares,Sevilla
41068,Osuna,Sevilla
41069,Los Palacios y Villafranca,Sevilla
41069,Palacios,Sevilla
41070,Palomares,Sevilla
41070,Palomares del Rio,Sevilla
41070,Palomares del Río,Sevilla
41071,Paradas,Sevilla
41072,Pedrera,Sevilla
41073,El Pedroso,Sevilla
41073,"Pedroso, El",Sevilla
41074,Peñaflor,Sevilla
41075,Pilas,Sevilla
41076,Pruna,Sevilla
41077,La Puebla de Cazalla,Sevilla
41077,Puebla de Cazalla,Sevilla
41078,La Puebla de los Infantes,Sevilla
41078,"Puebla de los Infantes, La",Sevilla
41079,La Puebla del Rio,Sevilla
41079,La Puebla del Río,Sevilla
41079,La Puebla junto a Coria,Sevilla
41079,Puebla del Rio,Sevilla
41079,Puebla del Río,Sevilla
41079,"Puebla del Río, La",Sevilla
41080,El Real de la Jara,Sevilla
41080,"Real de la Jara, El",Sevilla
41081,La Rinconada,Sevilla
41081,"Rinconada, La",Sevilla
41081,San José de la Rinconada,Sevilla
41082,La Roda de Andalucia,Sevilla
41082,La Roda de Andalucía,Sevilla
41082,"Roda de Andalucía, La",Sevilla
41083,El Ronquillo,Sevilla
41083,"Ronquillo, El",Sevilla
41084,El Rubio,Sevilla
41084,"Rubio, El",Sevilla
41085,El Almuedano,Sevilla
41085,El Almuédano,Sevilla
41085,Salteras,Sevilla
41086,San Juan de Aznalfarache,Sevilla
41087,Sanlucar de Alpechin,Sevilla
41087,Sanlucar de Alpechín,Sevilla
41087,Sanlucar la Mayor,Sevilla
41087,Sanlúcar de Alpechin,Sevilla
41087,Sanlúcar de Alpechín,Sevilla
41087,Sanlúcar la Mayor,Sevilla
41088,San Nicolás del Puerto,Sevilla
41088,San nicolas del puerto,Sevilla
41089,Santiponce,Sevilla
41090,El Saucejo,Sevilla
41090,"Saucejo, El",Sevilla
41091,Ishbiliya,Sevilla
41091,Ixbiliya,Sevilla
41091,Sevilla,Sevilla
41091,municipio de Sevilla,Sevilla
41092,Tocina,Sevilla
41092,Tocino,Sevilla
41093,Tomares,Sevilla
41094,Umbrete,Sevilla
41095,Utrera,Sevilla
41096,Valencina de la Concepcion,Sevilla
41096,Valencina de la Concepción,Sevilla
41096,Valencina del Alcor,Sevilla
41097,Villamanrique,Sevilla
41097,Villamanrique de la Condesa,Sevilla
41098,Ariscaleños,Sevilla
41098,Villanueva,Sevilla
41098,Villanueva del Ariscal,Sevilla
41099,Villanueva,Sevilla
41099,Villanueva del Rio y Minas,Sevilla
41099,Villanueva del Río y Minas,Sevilla
41100,Villanueva,Sevilla
41100,Villanueva de San Juan,Sevilla
41101,Villaverde del Rio,Sevilla
41101,Villaverde del Río,Sevilla
41102,El Viso del Alcor,Sevilla
41102,"Viso del Alcor, El",Sevilla
41901,Canada Rosal,Sevilla
41901,Cañada Rosal,Sevilla
41902,Isla Mayor,Sevilla
41902,Islas del Guadalquivir,Sevilla
41902,Villafranco del Guadalquivir,Sevilla
41903,"Cuervo de Sevilla, El",Sevilla
41903,El Cuervo de Sevilla,Sevilla
41904,El Palmar de Troya,Sevilla
41904,"Palmar de Troya, El",Sevilla
42001,Abejar,Soria
42003,Adradas,Soria
42004,Agreda,Soria
42004,Agreda y Venta de la Nava,Soria
42004,Agredeña,Soria
42004,Agredeño,Soria
42004,Àgreda,Soria
42004,Ágreda,Soria
42004,Ágreda y Venta de la Nava,Soria
42006,Alconaba,Soria
42006,Alconaba y la Salma,Soria
42007,Alcubilla de Avellaneda,Soria
42008,Alcubilla de las Penas,Soria
42008,Alcubilla de las Peñas,Soria
42009,Aldealafuente,Soria
42010,Aldealices,Soria
42011,Aldea el Pozo,Soria
42011,Aldealpozo,Soria
42012,Aldea el Señor,Soria
42012,Aldealsenor,Soria
42012,Aldealseñor,Soria
42013,Aldehuela de Perianez,Soria
42013,Aldehuela de Periañez,Soria
42013,Aldehuela de Periáñez,Soria
42014,"Aldehuelas, Las",Soria
42014,Las Aldehuelas,Soria
42015,Alentisque,Soria
42016,Aliud,Soria
42016,Aliud y Albocave,Soria
42017,Almajano,Soria
42018,Almaluez,Soria
42019,Almarza,Soria
42020,Almazan,Soria
42020,Almazán,Soria
42021,Almazul,Soria
42022,Almenar,Soria
42022,Almenar de Soria,Soria
42023,Alpanseque,Soria
42024,Arancon,Soria
42024,Arancón,Soria
42025,Arcos de Jalon,Soria
42025,Arcos de Jalón,Soria
42025,Arcos de Xalón,Soria
42026,Arenillas,Soria
42027,Arevalo de la Sierra,Soria
42027,Arévalo,Soria
42027,Arévalo de la Sierra,Soria
42028,Ausejo de la Sierra,Soria
42029,Barahona,Soria
42029,Baraona,Soria
42030,Barca,Soria
42031,Barcones,Soria
42032,Bayubas de Abajo,Soria
42033,Bayubas de Arriba,Soria
42034,Beraton,Soria
42034,Beratón,Soria
42035,Berlanga,Soria
42035,Berlanga de Duero,Soria
42036,Blacos,Soria
42037,Bliecos,Soria
42038,Borjabad,Soria
42039,Borobia,Soria
42041,Buberos,Soria
42042,Buitrago,Soria
42043,Burgo de Osma,Soria
42043,Burgo de Osma Ciudad de Osma,Soria
42043,Burgo de Osma-Ciudad de Osma,Soria
42043,Ciudad de Osma,Soria
42043,El Burgo de Osma,Soria
42043,El Burgo de Osma Ciudad de Osma,Soria
42043,El Burgo de Osma-Ciudad de Osma,Soria
42043,Osma,Soria
42044,Cabrejas del Campo,Soria
42045,Cabrejas del Pinar,Soria
42046,Calatanazor,Soria
42046,Calatanyazor,Soria
42046,Calatañazor,Soria
42048,Caltojar,Soria
42048,Caltójar,Soria
42049,Candilichera,Soria
42050,Canyamac,Soria
42050,Cañamaque,Soria
42051,Carabantes,Soria
42051,Caravantes,Soria
42052,Caracena,Soria
42053,Carrascosa de Abajo,Soria
42054,Carrascosa de la Sierra,Soria
42055,Casarejos,Soria
42056,Castilfrio de la Sierra,Soria
42056,Castilfrío de la Sierra,Soria
42056,Castrilfrio,Soria
42056,Castrilfrío,Soria
42057,Castilruiz,Soria
42058,Castillejo de Robledo,Soria
42059,Centenera de Andaluz,Soria
42060,Cerbon,Soria
42060,Cerbón,Soria
42061,Cidones,Soria
42062,Cigudosa,Soria
42063,Cihuela,Soria
42064,Ciria,Soria
42065,Cirujales,Soria
42065,Cirujales del Rio,Soria
42065,Cirujales del Río,Soria
42068,Coscurita,Soria
42069,Covaleda,Soria
42070,Cubilla,Soria
42071,Cubo de la Solana,Soria
42073,Cueba,Soria
42073,Cueva de Agreda,Soria
42073,Cueva de Ágreda,Soria
42073,La Cueva,Soria
42075,Devanos,Soria
42075,Dévanos,Soria
42076,Deza,Soria
42078,Duruelo de la Sierra,Soria
42079,Escobosa de Almazan,Soria
42079,Escobosa de Almazán,Soria
42080,Espeja de San Marcelino,Soria
42081,Espejon,Soria
42081,Espejón,Soria
42082,Estepa de San Juan,Soria
42083,Frechilla de Almazan,Soria
42083,Frechilla de Almazán,Soria
42084,Fresno de Caracena,Soria
42085,Fuentearmegil,Soria
42086,Fuentecambron,Soria
42086,Fuentecambrón,Soria
42087,Fuentecantos,Soria
42088,Fuenteelmonje,Soria
42088,Fuentelmonge,Soria
42089,Fuentelsaz,Soria
42089,Fuentelsaz de Soria,Soria
42089,Fuentelsaz de Sòria,Soria
42090,Fuentepinilla,Soria
42092,Fuentes,Soria
42092,Fuentes de Magaña,Soria
42093,Fuentestrun,Soria
42093,Fuentestrún,Soria
42094,Garray,Soria
42095,Golmayo,Soria
42096,Gomara,Soria
42096,Gómara,Soria
42097,Gormaz,Soria
42098,Herrera de Soria,Soria
42100,Hinojosa del Campo,Soria
42103,Langa,Soria
42103,Langa de Duero,Soria
42105,Liceras,Soria
42106,La Losilla,Soria
42106,Losilla,Soria
42106,"Losilla, La",Soria
42107,Magaña,Soria
42108,Majan,Soria
42108,Maján,Soria
42110,Matalebrera,Soria
42110,Matalebreras,Soria
42111,Matamala de Almazan,Soria
42111,Matamala de Almazán,Soria
42113,Medinaceli,Soria
42113,Ocilis,Soria
42115,Mino,Soria
42115,Mino de Medina,Soria
42115,Mino de Medinaceli,Soria
42115,Miño,Soria
42115,Miño de Medina,Soria
42115,Miño de Medinaceli,Soria
42115,Miño del Ducado,Soria
42116,Mino de San Esteban,Soria
42116,Miño,Soria
42116,Miño de San Esteban,Soria
42117,Molinos de Duero,Soria
42118,Momblona,Soria
42119,Monteagudo de las Vicarias,Soria
42119,Monteagudo de las Vicarías,Soria
42120,Montejo,Soria
42120,Montejo de Liceras,Soria
42120,Montejo de Tiermes,Soria
42121,Montenegro de Cameros,Soria
42123,Moron de Almazan,Soria
42123,Moron de Almazán,Soria
42123,Morón,Soria
42123,Morón de Almazan,Soria
42123,Morón de Almazán,Soria
42124,Muriel,Soria
42124,Muriel de la Fuente,Soria
42125,Muriel,Soria
42125,Muriel Viejo,Soria
42127,Nafria,Soria
42127,Nafria de Ucero,Soria
42127,Nafría,Soria
42127,Nafría de Ucero,Soria
42128,Narros,Soria
42129,Navaleno,Soria
42130,Nepas,Soria
42131,Nolay,Soria
42132,Noviercas,Soria
42134,Olvega,Soria
42134,Ólvega,Soria
42135,Oncala,Soria
42139,Les pinillers del camp,Soria
42139,Pinilla del Campo,Soria
42139,piniïas dol campo,Soria
42140,Portillo,Soria
42140,Portillo de Soria,Soria
42141,La Poveda de Soria,Soria
42141,La Póveda,Soria
42141,La Póveda de Soria,Soria
42141,Povedola,Soria
42141,Povédola,Soria
42141,Póveda,Soria
42141,"Póveda de Soria, La",Soria
42142,Pozalmuro,Soria
42144,Quintana Redonda,Soria
42145,Quintanas de Gormaz,Soria
42148,La Quinoneria,Soria
42148,La Quinonería,Soria
42148,La Quiñoneria,Soria
42148,La Quiñonería,Soria
42148,Quinoneria,Soria
42148,Quinonería,Soria
42148,Quiñoneria,Soria
42148,Quiñonería,Soria
42149,Los Rabanos,Soria
42149,Los Rábanos,Soria
42149,"Rábanos, Los",Soria
42151,Rebollar,Soria
42152,Recuerda,Soria
42153,Rello,Soria
42154,Renieblas,Soria
42155,Retortillo de Soria,Soria
42155,Retortillo de Sòria,Soria
42156,Reznos,Soria
42157,La Riba de Escalote,Soria
42157,La Riva de Escalote,Soria
42157,"Riba de Escalote, La",Soria
42158,Rioseco de Soria,Soria
42158,Rioseco de Sòria,Soria
42159,Rollamienta,Soria
42160,El Royo,Soria
42160,"Royo, El",Soria
42161,Salduero,Soria
42162,San Esteban de Gormaz,Soria
42163,San Felices,Soria
42164,San Leonardo de Arganza,Soria
42164,San Leonardo de Yague,Soria
42164,San Leonardo de Yagüe,Soria
42165,San Pedro Manrique,Soria
42166,Santa Cruz de Yanguas,Soria
42167,Santa Maria de Huerta,Soria
42167,Santa María de Huerta,Soria
42168,Santa Maria de las Hoyas,Soria
42168,Santa María de las Hoyas,Soria
42171,Seron de Nagima,Soria
42171,Seron de Najina,Soria
42171,Seron de Nágima,Soria
42171,Seron de Nájina,Soria
42171,Serón,Soria
42171,Serón de Nagima,Soria
42171,Serón de Najina,Soria
42171,Serón de Nágima,Soria
42171,Serón de Nájina,Soria
42172,Soliedra,Soria
42173,Soria,Soria
42173,Sòria,Soria
42174,Sotillo del Rincon,Soria
42174,Sotillo del Rincón,Soria
42174,Sotillo el Rincon,Soria
42174,Sotillo el Rincón,Soria
42175,Suellacabras,Soria
42176,Tajahuerce,Soria
42177,Tajueco,Soria
42178,Talbeyla,Soria
42178,Talveila,Soria
42178,Talveíla,Soria
42181,Tardelcuende,Soria
42182,Taroda,Soria
42183,Tejado,Soria
42184,Torlengua,Soria
42184,Tortengua,Soria
42185,Torre de Blacos,Soria
42185,Torreblacos,Soria
42187,Torrubia de Soria,Soria
42187,Torrubia de Sòria,Soria
42188,Trebago,Soria
42188,Trevago,Soria
42188,Trébago,Soria
42188,Trévago,Soria
42189,Ucero,Soria
42190,Vadillo,Soria
42191,Valdeavellano de Tera,Soria
42192,Valdegena,Soria
42192,Valdegeña,Soria
42193,Valdelagua del Cerro,Soria
42194,Valdemaluque,Soria
42195,Valdenebro,Soria
42196,Valdeprado,Soria
42197,Valderrodilla,Soria
42198,Valtageros,Soria
42198,Valtajeros,Soria
42200,Velamazan,Soria
42200,Velamazán,Soria
42201,Velilla de la Sierra,Soria
42202,Velilla de los Ajos,Soria
42204,Viana de Duero,Soria
42205,Villaciervos,Soria
42206,Villanueva de Gormaz,Soria
42207,Villar del Ala,Soria
42208,Villar del Campo,Soria
42209,Villar del Rio,Soria
42209,Villar del Río,Soria
42211,Los Villares de Soria,Soria
42211,Los Villares de Sòria,Soria
42211,"Villares de Soria, Los",Soria
42212,Villasayas,Soria
42213,Villaseca de Arciel,Soria
42213,Villaseca de Arciela,Soria
42215,Vinuesa,Soria
42215,Vinueva,Soria
42216,Vizmanos,Soria
42217,Vozmediano,Soria
42218,Yanguas,Soria
42219,Yelo,Soria
425074,Neguillas (municipio),Soria
43001,Aiguamúrcia,Tarragona
43002,Albinana,Tarragona
43002,Albinyana,Tarragona
43003,Albiol,Tarragona
43003,"Albiol, L'",Tarragona
43003,L'Albiol,Tarragona
43003,l'Albiol,Tarragona
43004,Alcanar,Tarragona
43004,Repubilca independista del congo,Tarragona
43005,Alcover,Tarragona
43006,Aldover,Tarragona
43007,Aleixar,Tarragona
43007,"Aleixar, L'",Tarragona
43007,L'Aleixar,Tarragona
43007,l'Aleixar,Tarragona
43008,Alfara de Carles,Tarragona
43009,Alforja,Tarragona
43010,Alio,Tarragona
43010,Alió,Tarragona
43011,Almoster,Tarragona
43012,Altafulla,Tarragona
43012,Altafulla (Tarragona),Tarragona
43013,"Ametlla de Mar, L'",Tarragona
43013,L'Ametlla de Mar,Tarragona
43013,La Ametlla de Mar,Tarragona
43013,l'Ametlla de Mar,Tarragona
43013,la Cala,Tarragona
43014,Amposta,Tarragona
43015,Arboli,Tarragona
43015,Arbolí,Tarragona
43015,L'Arbolí,Tarragona
43016,Arboç,Tarragona
43016,Arboç del Penedès,Tarragona
43016,Arbós del Penedès,Tarragona
43016,L'Arboc,Tarragona
43016,L'Arboc del Penedes,Tarragona
43016,L'Arboç,Tarragona
43016,L'Arboç del Penedes,Tarragona
43016,L'Arboç del Penedès,Tarragona
43016,l'Arboç,Tarragona
43017,Argentera,Tarragona
43017,"Argentera, l'",Tarragona
43017,L'Argentera,Tarragona
43017,l'Argentera,Tarragona
43018,Arnes,Tarragona
43019,Asco,Tarragona
43019,Asco (Tarragona),Tarragona
43019,Ascó,Tarragona
43019,Ascó (Tarragona),Tarragona
43019,Azcón,Tarragona
43020,Baneras,Tarragona
43020,Banyeres del Penedes,Tarragona
43020,Banyeres del Penedès,Tarragona
43020,Banyeres del penedès,Tarragona
43021,Barbara,Tarragona
43021,Barberà de la Conca,Tarragona
43022,Batea,Tarragona
43022,Batea (Tarragona),Tarragona
43023,Bellmunt de Ciurana,Tarragona
43023,Bellmunt del Priorat,Tarragona
43023,Bellmunt del priorat,Tarragona
43024,Bellvei,Tarragona
43025,Benifallet,Tarragona
43026,Benissanet,Tarragona
43027,La Bisbal de Falset,Tarragona
43027,La Bisbal de Montsant,Tarragona
43027,la Bisbal,Tarragona
43027,la Bisbal de Falset,Tarragona
43027,la Bisbal de Montsant,Tarragona
43028,Bisbal del Penedès,Tarragona
43028,"Bisbal del Penedès, La",Tarragona
43028,La Bisbal del Panades,Tarragona
43028,La Bisbal del Penedes,Tarragona
43028,La Bisbal del Penedès,Tarragona
43028,la Bisbal del Penedès,Tarragona
43029,Blancafort,Tarragona
43030,Bonastre,Tarragona
43031,Borges del Camp,Tarragona
43031,"Borges del Camp, Les",Tarragona
43031,Les Borges del Camp,Tarragona
43031,les Borges,Tarragona
43031,les Borges del Camp,Tarragona
43032,Bot,Tarragona
43033,Botarell,Tarragona
43034,Brafim,Tarragona
43034,Bràfim,Tarragona
43035,Cabaces,Tarragona
43035,Cabacés,Tarragona
43035,Cabassers,Tarragona
43036,Cabra del Camp,Tarragona
43037,Calafell,Tarragona
43037,Ciudad Jardín de Segur de Calafell,Tarragona
43038,Cambrils,Tarragona
43039,Capafonts,Tarragona
43040,Capçanes,Tarragona
43041,Caseres,Tarragona
43042,Castellvell,Tarragona
43042,Castellvell del Camp,Tarragona
43043,"Catllar, El",Tarragona
43043,El Catllar,Tarragona
43043,el Catllar,Tarragona
43044,Cenia,Tarragona
43044,La Senia,Tarragona
43044,La Sénia,Tarragona
43044,"Sénia, la",Tarragona
43044,la Sénia,Tarragona
43045,Colldejou,Tarragona
43046,Conesa,Tarragona
43046,Conesina,Tarragona
43046,Conesí,Tarragona
43047,Constanti,Tarragona
43047,Constantí,Tarragona
43048,Corbera d'Ebre,Tarragona
43049,Cornudella de Montsant,Tarragona
43049,Cornudella de montsant,Tarragona
43049,Villa de Cornudella de Montsant,Tarragona
43050,Creixell,Tarragona
43051,Cunit,Tarragona
43052,Cherta,Tarragona
43052,Xerta,Tarragona
43053,Duesaigües,Tarragona
43054,Espluga de Francoli,Tarragona
43054,Espluga de Francolí,Tarragona
43054,"Espluga de Francolí, L'",Tarragona
43054,L'Espluga de Francoli,Tarragona
43054,L'Espluga de Francolí,Tarragona
43054,l'Espluga de Francolí,Tarragona
43055,Falset,Tarragona
43056,Fatarella,Tarragona
43056,Fatarella la,Tarragona
43056,"Fatarella, La",Tarragona
43056,Fatarellenc,Tarragona
43056,Fatarellenca,Tarragona
43056,La Fatarella,Tarragona
43056,la Fatarella,Tarragona
43057,"Febró, La",Tarragona
43057,La Febro,Tarragona
43057,La Febró,Tarragona
43057,la Febró,Tarragona
43058,"Figuera, La",Tarragona
43058,La Figuera,Tarragona
43058,la Figuera,Tarragona
43059,Figuerola del Camp,Tarragona
43060,Flix,Tarragona
43061,Fores,Tarragona
43061,Forès,Tarragona
43062,Freginals,Tarragona
43063,"Galera, La",Tarragona
43063,La Galera,Tarragona
43063,la Galera,Tarragona
43064,Gandesa,Tarragona
43065,Clot de l'Heura,Tarragona
43065,Garcia,Tarragona
43065,Garciana,Tarragona
43065,Garcià,Tarragona
43066,Els Garidells,Tarragona
43066,Garidells,Tarragona
43066,"Garidells, Els",Tarragona
43066,els Garidells,Tarragona
43067,Ginestar,Tarragona
43068,Godall,Tarragona
43069,Gratallops,Tarragona
43070,Els Guiamets,Tarragona
43070,Guiamets,Tarragona
43070,"Guiamets, Els",Tarragona
43070,els Guiamets,Tarragona
43071,Horta de Sant Joan,Tarragona
43072,El Lloar,Tarragona
43072,Lloa,Tarragona
43072,Lloar,Tarragona
43072,"Lloar, El",Tarragona
43072,Lloarenc,Tarragona
43072,Lloarenca,Tarragona
43072,Lloà,Tarragona
43072,el Lloar,Tarragona
43073,Llorac,Tarragona
43074,Llorens,Tarragona
43074,Llorenç del Penedès,Tarragona
43075,Cim Margalef,Tarragona
43075,Margalef,Tarragona
43075,Margalef de Montsant,Tarragona
43076,Marsa,Tarragona
43076,Marçà,Tarragona
43077,Mas de Barberans,Tarragona
43078,Masdenverge,Tarragona
43079,Masllorenc,Tarragona
43079,Masllorens,Tarragona
43079,Masllorenç,Tarragona
43080,La Maso,Tarragona
43080,La Masó,Tarragona
43080,"Masó, La",Tarragona
43080,la Masó,Tarragona
43081,Maspujols,Tarragona
43082,El Masroig,Tarragona
43082,Masroig,Tarragona
43082,"Masroig, El",Tarragona
43082,el Masroig,Tarragona
43083,El Milà,Tarragona
43083,Mila,Tarragona
43083,"Milà, El",Tarragona
43083,el Milà,Tarragona
43084,Miravet,Tarragona
43085,El Molar,Tarragona
43085,"Molar, El",Tarragona
43085,Molá,Tarragona
43085,el Molar,Tarragona
43085,el Molar d'en Bas,Tarragona
43086,Montblanc,Tarragona
43088,Montbrio de Tarragona,Tarragona
43088,Montbrio del Camp,Tarragona
43088,Montbrió del Camp,Tarragona
43089,Montferri,Tarragona
43089,Puigtinor,Tarragona
43089,Puigtiñor,Tarragona
43090,El Montmell,Tarragona
43090,Montmell,Tarragona
43090,"Montmell, El",Tarragona
43090,el Montmell,Tarragona
43091,Mont-ral,Tarragona
43092,Mont roig del Camp,Tarragona
43092,Mont roig del Camp / Montroig,Tarragona
43092,Mont roig del Camp Montroig,Tarragona
43092,Mont-roig del Camp,Tarragona
43092,Mont-roig del Camp / Montroig,Tarragona
43092,Mont-roig del Camp Montroig,Tarragona
43093,Mora,Tarragona
43093,Mora d'Ebre,Tarragona
43093,Móra d'Ebre,Tarragona
43094,Mora,Tarragona
43094,Mora La Nova,Tarragona
43094,Mora la Nova,Tarragona
43094,Móra la Nova,Tarragona
43095,El Morell,Tarragona
43095,"Morell, El",Tarragona
43095,el Morell,Tarragona
43096,La Morera de Montsant,Tarragona
43096,"Morera de Montsant, La",Tarragona
43096,la Morera de Montsant,Tarragona
43097,La Nou de Gaia,Tarragona
43097,La Nou de Gaià,Tarragona
43097,La Nou de Gayá,Tarragona
43097,"Nou de Gaià, La",Tarragona
43097,la Nou de Gaià,Tarragona
43098,Nulles,Tarragona
43099,La Palma d'Ebre,Tarragona
43099,Palma d'Ebre,Tarragona
43099,"Palma d'Ebre, La",Tarragona
43099,Palma de Ebro,Tarragona
43099,Palma de Ebro la,Tarragona
43099,la Palma d'Ebre,Tarragona
43100,Els Pallaresos,Tarragona
43100,Pallaresos,Tarragona
43100,"Pallaresos, Els",Tarragona
43100,els Pallaresos,Tarragona
43101,Belltall,Tarragona
43101,El Fonoll,Tarragona
43101,Passanant i Belltall,Tarragona
43102,Pauls,Tarragona
43102,Paüls,Tarragona
43103,Perafort,Tarragona
43104,El Perello,Tarragona
43104,El Perelló,Tarragona
43104,Perelló,Tarragona
43104,"Perelló, El",Tarragona
43104,el Perelló,Tarragona
43105,Les Piles,Tarragona
43105,"Piles, Les",Tarragona
43105,les Piles,Tarragona
43105,les Piles de Gaià,Tarragona
43106,El Pinell de Brai,Tarragona
43106,Lo Pinell de Brai,Tarragona
43106,Pinell de Brai,Tarragona
43106,"Pinell de Brai, El",Tarragona
43106,el Pinell de Brai,Tarragona
43107,Pira,Tarragona
43108,El Pla de Santa Maria,Tarragona
43108,"Pla de Santa Maria, El",Tarragona
43108,el Pla de Cabra,Tarragona
43108,el Pla de Santa Maria,Tarragona
43109,La Pobla de Mafumet,Tarragona
43109,Pobla de Mafumet,Tarragona
43109,"Pobla de Mafumet, La",Tarragona
43109,la Pobla de Mafumet,Tarragona
43110,La Pobla de Massaluca,Tarragona
43110,Pobla de Masaluca,Tarragona
43110,Pobla de Massaluca,Tarragona
43110,Pobla de Massaluca la,Tarragona
43110,"Pobla de Massaluca, La",Tarragona
43110,la Pobla de Massaluca,Tarragona
43111,La Pobla de Montornès,Tarragona
43111,"Pobla de Montornès, La",Tarragona
43111,Puebla de Montornes,Tarragona
43111,la Pobla de Montornès,Tarragona
43112,Poboleda,Tarragona
43113,El Pont d'Armentera,Tarragona
43113,Pont d'Armentera,Tarragona
43113,"Pont d'Armentera, El",Tarragona
43113,Pont de Armentera,Tarragona
43113,el Pont d'Armentera,Tarragona
43114,Porrera,Tarragona
43115,Pradell de la Teixeta,Tarragona
43115,Pradellana,Tarragona
43115,Pradellà,Tarragona
43116,Pradas,Tarragona
43116,Prades,Tarragona
43116,Vila vermella,Tarragona
43117,Prat de Comte,Tarragona
43118,Pratdip,Tarragona
43119,Puigpelat,Tarragona
43120,Querol,Tarragona
43121,Rasquera,Tarragona
43122,Renau,Tarragona
43123,Reus,Tarragona
43124,La Riba,Tarragona
43124,"Riba, La",Tarragona
43124,la Riba,Tarragona
43125,Riba roja d'Ebre,Tarragona
43125,Riba roja de Ebro,Tarragona
43125,Riba-roja d'Ebre,Tarragona
43125,Riba-roja de Ebro,Tarragona
43125,Ribarroja,Tarragona
43125,Ribarroya d'Ebro,Tarragona
43126,La Riera de Gaia,Tarragona
43126,La Riera de Gaià,Tarragona
43126,"Riera de Gaià, La",Tarragona
43126,la Riera de Gaià,Tarragona
43127,Riudecanyes,Tarragona
43128,Riudecols,Tarragona
43129,Riudoms,Tarragona
43130,Rocafort de Queralt,Tarragona
43131,La Martorella (Roda de Barà),Tarragona
43131,Pujol de la Morella,Tarragona
43131,Punta de Berà,Tarragona
43131,Roda,Tarragona
43131,Roda de Bara,Tarragona
43131,Roda de Barà,Tarragona
43131,Roda de Bera,Tarragona
43131,Roda de Berà,Tarragona
43132,Rodonyà,Tarragona
43133,Roquetes,Tarragona
43134,El Rourell,Tarragona
43134,Raurell,Tarragona
43134,Rourell,Tarragona
43134,"Rourell, El",Tarragona
43134,el Rourell,Tarragona
43135,Salomo,Tarragona
43135,Salomó,Tarragona
43136,La Ràpita,Tarragona
43136,La Rápita,Tarragona
43136,Sant Carles de la Ràpita,Tarragona
43136,la Ràpita,Tarragona
43137,Sant Jaume dels Domenys,Tarragona
43138,La Plana de Montsià,Tarragona
43138,Santa Barbara,Tarragona
43138,Santa Bàrbara,Tarragona
43139,Santa Coloma de Queralt,Tarragona
43140,Santa Oliva,Tarragona
43141,Pontils,Tarragona
43141,Santa Perpetua de Gaia,Tarragona
43141,Santa Perpetua de Gaià,Tarragona
43141,Santa Perpètua de Gaia,Tarragona
43141,Santa Perpètua de Gaià,Tarragona
43142,Sarral,Tarragona
43142,Sarreal,Tarragona
43143,Savalla del Condado,Tarragona
43143,Savallà del Comtat,Tarragona
43144,La Secuita,Tarragona
43144,"Secuita, La",Tarragona
43144,la Secuita,Tarragona
43145,La Selva del Camp,Tarragona
43145,Selva del Camp,Tarragona
43145,"Selva del Camp, La",Tarragona
43145,la Selva del Camp,Tarragona
43146,Senan,Tarragona
43146,Senant,Tarragona
43147,Solivella,Tarragona
43148,Colonia Iulia Urbs Triumphalis Tarraco,Tarragona
43148,TGN,Tarragona
43148,Tarraco,Tarragona
43148,Tarragona,Tarragona
43149,Tivenys,Tarragona
43150,Tivissa,Tarragona
43151,La Torre de Fontaubella,Tarragona
43151,Torre de Fontanella,Tarragona
43151,Torre de Fontaubella,Tarragona
43151,"Torre de Fontaubella, La",Tarragona
43151,la Torre de Fontaubella,Tarragona
43152,La Torre de l'Espanyol,Tarragona
43152,La Torre de l’Espanyol,Tarragona
43152,La Torre del Espanol,Tarragona
43152,La Torre del Español,Tarragona
43152,Torre de l'Espanyol,Tarragona
43152,"Torre de l'Espanyol, La",Tarragona
43152,Torre del Espanol,Tarragona
43152,Torre del Espanol la,Tarragona
43152,Torre del Español la,Tarragona
43152,la Torre de l'Espanyol,Tarragona
43153,Torredembarra,Tarragona
43154,Torroja del Priorat,Tarragona
43155,Tortosa,Tarragona
43156,Ulldecona,Tarragona
43157,Ulldemolins,Tarragona
43158,Vallclara,Tarragona
43159,Vallfogona,Tarragona
43159,Vallfogona de Riucorb,Tarragona
43159,Vallfogona de Riucorp,Tarragona
43160,Vallmoll,Tarragona
43161,Valls,Tarragona
43161,Vilaniu,Tarragona
43161,capital del calçot,Tarragona
43162,L'Hospitalet de l'Infant,Tarragona
43162,Vandellos i l'Hospitalet de l'Infant,Tarragona
43162,Vandellos y Hospitalet del Infant,Tarragona
43162,Vandellos y Hospitalet del Infante,Tarragona
43162,Vandellòs,Tarragona
43162,Vandellòs i l'Hospitalet de l'Infant,Tarragona
43162,Vandellós y Hospitalet del Infant,Tarragona
43163,El Vendrell,Tarragona
43163,Vendrell,Tarragona
43163,"Vendrell, El",Tarragona
43163,el Vendrell,Tarragona
43164,Vespella,Tarragona
43164,Vespella de Gaia,Tarragona
43164,Vespella de Gaia(Tarragona),Tarragona
43164,Vespella de Gaià,Tarragona
43164,Vespella de Gaià(Tarragona),Tarragona
43165,Vilabella,Tarragona
43166,Vilallonga del Camp,Tarragona
43167,Vilanova d'Escornalbou,Tarragona
43168,Vilanova de Prades,Tarragona
43169,Vilaplana,Tarragona
43170,Vila-rodona,Tarragona
43171,Vila-seca,Tarragona
43172,Vilaverd,Tarragona
43173,La Vilella Alta,Tarragona
43173,"Vilella Alta, La",Tarragona
43173,la Vilella Alta,Tarragona
43174,La Vilella Baixa,Tarragona
43174,Vilella Baixa,Tarragona
43174,"Vilella Baixa, La",Tarragona
43174,la Vilella Baixa,Tarragona
43175,Vilalba dels Arcs,Tarragona
43176,Poblet,Tarragona
43176,Vimbodí,Tarragona
43176,Vimbodí i Poblet,Tarragona
43177,Vinebre,Tarragona
43178,Vinyols,Tarragona
43178,Vinyols i els Arcs,Tarragona
43901,Deltebre,Tarragona
43902,L'Enveja,Tarragona
43902,Sant Jaume d'Enveja,Tarragona
43903,Camarles,Tarragona
43904,"Aldea, L'",Tarragona
43904,L'Aldea,Tarragona
43904,l'Aldea,Tarragona
43905,Salou,Tarragona
43906,Ampolla,Tarragona
43906,"Ampolla, L'",Tarragona
43906,L'Ampolla,Tarragona
43906,l'Ampolla,Tarragona
43907,Canonja,Tarragona
43907,"Canonja, La",Tarragona
43907,La Canonja,Tarragona
43907,la Canonja,Tarragona
44001,Ababuj,Teruel
44001,Fababuix,Teruel
44002,Abechuela,Teruel
44002,Abejuela,Teruel
44003,Aguaton,Teruel
44003,Aguatón,Teruel
44004,Aguaviva,Teruel
44004,Aguaviva de Bergantes,Teruel
44004,Aiguaviva de Bergantes,Teruel
44004,Auguaviva,Teruel
44005,Aguilar d'Alfambra,Teruel
44005,Aguilar del Alfambra,Teruel
44006,Alacon,Teruel
44006,Alacón,Teruel
44007,Alba,Teruel
44007,Alba del Campo,Teruel
44008,Albalat de l'Arcebispe,Teruel
44008,Albalat de l'Arzebispe,Teruel
44008,Albalate del Arzobispo,Teruel
44008,Albalatino,Teruel
44009,Albarracin,Teruel
44009,Albarracín,Teruel
44009,Albarrasí,Teruel
44009,Albarrazín,Teruel
44009,Shantamariyyat al-Shark,Teruel
44010,Albentosa,Teruel
44010,Alventosa,Teruel
44011,Alcaine,Teruel
44011,Arcaine,Teruel
44012,Alcala de la Selva,Teruel
44012,Alcalà de la Selva,Teruel
44012,Alcalá de la Selva,Teruel
44013,Alcaniz,Teruel
44013,Alcanyiz,Teruel
44013,Alcanyís,Teruel
44013,Alcañiz,Teruel
44013,Alcañíz,Teruel
44014,Alcorisa,Teruel
44016,Alfambra,Teruel
44017,Aliaga,Teruel
44018,Almoaja,Teruel
44018,Almofalla,Teruel
44018,Almohaja,Teruel
44018,Almohajense,Teruel
44018,Almohajino,Teruel
44019,Alobras,Teruel
44020,Alpenyés,Teruel
44020,Alpeñés,Teruel
44021,Allepuz,Teruel
44021,Allepús,Teruel
44022,Alloza,Teruel
44023,Allueva,Teruel
44024,Anadon,Teruel
44024,Anadón,Teruel
44025,Andorra,Teruel
44025,Andorra (España),Teruel
44025,Andorra (Terol),Teruel
44025,Andorra (municipio),Teruel
44025,Andorra de Terol,Teruel
44026,Arcos de las Salinas,Teruel
44027,Arens,Teruel
44027,Arens de Ledón,Teruel
44027,Arens de Lledo,Teruel
44027,Arens de Lledo (Teruel),Teruel
44027,Arens de Lledó,Teruel
44027,Arens de Lledó (Terol),Teruel
44027,Arens de Lledó (Teruel),Teruel
44027,Arenys de Lledó,Teruel
44028,Archent,Teruel
44028,Argente,Teruel
44029,Arino,Teruel
44029,Arinyo,Teruel
44029,Ariño,Teruel
44031,Azaila,Teruel
44031,Zaila,Teruel
44032,Badenas,Teruel
44032,Bádenas,Teruel
44033,Baguena,Teruel
44033,Báguena,Teruel
44034,Banyón,Teruel
44034,Bañón,Teruel
44035,Barrachina,Teruel
44036,Bea,Teruel
44036,Beya,Teruel
44037,Beceite,Teruel
44037,Beseit,Teruel
44037,Bezeit,Teruel
44038,Bellmunt de Mesquí,Teruel
44038,Belmont de Sant Chusé,Teruel
44038,Belmonte de Mezquin,Teruel
44038,Belmonte de Mezquín,Teruel
44038,Belmonte de San José,Teruel
44038,Belmonte de san jose,Teruel
44039,Bello,Teruel
44040,Berche,Teruel
44040,Berge,Teruel
44041,Bezas,Teruel
44042,Blancas,Teruel
44043,Blesa,Teruel
44044,Bordon,Teruel
44044,Bordó,Teruel
44044,Bordón,Teruel
44045,Bronchales,Teruel
44045,Bronchals,Teruel
44046,Buena,Teruel
44046,Buenya,Teruel
44046,Bueña,Teruel
44046,Bueñas,Teruel
44047,Burbaguena,Teruel
44047,Burbáguena,Teruel
44048,Cabra de Mora,Teruel
44048,Cabra de Móra,Teruel
44049,Calaceit,Teruel
44049,Calaceite,Teruel
44049,Calazeit,Teruel
44050,Calamocha,Teruel
44050,Calamochinos,Teruel
44051,Calanda,Teruel
44052,Calomarde,Teruel
44052,Calomart,Teruel
44053,Camanas,Teruel
44053,Camanyas,Teruel
44053,Camañas,Teruel
44053,Camañenses,Teruel
44054,Camarena,Teruel
44054,Camarena de la Sierra,Teruel
44055,Camariellas,Teruel
44055,Camarillas,Teruel
44056,Camin Real,Teruel
44056,Caminreal,Teruel
44056,Camín Reyal,Teruel
44059,Cantavella,Teruel
44059,Cantavieja,Teruel
44059,Cantaviella,Teruel
44060,Canyada de Benatanduz,Teruel
44060,Cañada de Benatanduz,Teruel
44061,"Cañada de Verich, La",Teruel
44061,La Canyada de Beric,Teruel
44061,La Cañada de Verich,Teruel
44061,la Canyada de Beric,Teruel
44062,Canada Vellida,Teruel
44062,Canyada Vellida,Teruel
44062,Cañada Vellida,Teruel
44063,Canizar del Olivar,Teruel
44063,Canyizar de l'Olivar,Teruel
44063,Cañizar del Olivar,Teruel
44064,Cascant,Teruel
44064,Cascante,Teruel
44064,Cascante del Rio,Teruel
44064,Cascante del Río,Teruel
44065,Castejon de Tornos,Teruel
44065,Castejón de Tornos,Teruel
44065,Castellón de Tornos,Teruel
44066,Cabra,Teruel
44066,Castel de Cabra,Teruel
44067,Castelnou,Teruel
44067,Castelnoubense,Teruel
44067,Casterló,Teruel
44068,Castellseràs,Teruel
44068,Castelseras,Teruel
44068,Castelserás,Teruel
44070,"Castellar, El",Teruel
44070,Castellinos,Teruel
44070,El Castellar,Teruel
44070,Lo Castellar,Teruel
44071,Castellot,Teruel
44071,Castellote,Teruel
44074,Cedriellas,Teruel
44074,Cedrillas,Teruel
44074,Cedrillense,Teruel
44075,Celadas,Teruel
44075,Celadinos,Teruel
44076,Cella,Teruel
44077,Cerollera,Teruel
44077,"Cerollera, La",Teruel
44077,La Cerollera,Teruel
44077,La Sorollera,Teruel
44077,la Cerollera,Teruel
44080,"Codoñera, La",Teruel
44080,La Codonera,Teruel
44080,La Codonyera,Teruel
44080,La Codoñera,Teruel
44080,la Codonyera,Teruel
44082,Corbalan,Teruel
44082,Corbalán,Teruel
44084,Cortes de Aragon,Teruel
44084,Cortes de Aragón,Teruel
44084,Cortz d'Aragón,Teruel
44085,Cosa,Teruel
44086,Cretas,Teruel
44086,Cretes,Teruel
44086,Queretes,Teruel
44087,Cribillen,Teruel
44087,Cribillén,Teruel
44087,Crivillen,Teruel
44087,Crivillén,Teruel
44088,"Cuba, La",Teruel
44088,La Cuba,Teruel
44089,Cubla,Teruel
44090,Cucalon,Teruel
44090,Cucalón,Teruel
44092,"Cuervo, El",Teruel
44092,El Cuervo,Teruel
44092,Lo Cuervo,Teruel
44093,Cuevas d'Almudén,Teruel
44093,Cuevas de Almaden,Teruel
44093,Cuevas de Almadén,Teruel
44093,Cuevas de Almuden,Teruel
44093,Cuevas de Almudén,Teruel
44093,Cueves de Almudén,Teruel
44094,Cuevas Labradas,Teruel
44096,Ejulve,Teruel
44096,Exulv,Teruel
44097,Escorihuela,Teruel
44097,Escoriuela,Teruel
44099,Escucha,Teruel
44099,Escuchas,Teruel
44099,Escuita,Teruel
44100,Estercuel,Teruel
44101,Ferreruela de Huerva,Teruel
44101,Ferreruela de la Uerva,Teruel
44102,Fonfria,Teruel
44102,Fonfría,Teruel
44102,Fuent Frida,Teruel
44103,Formich Susano,Teruel
44103,Formiche,Teruel
44103,Formiche Alto,Teruel
44105,Fornoles,Teruel
44105,Fórnoles,Teruel
44105,Fórnols,Teruel
44105,Fórnols de Matarranya,Teruel
44106,Fortanet,Teruel
44106,Fortanete,Teruel
44107,Foz Calanda,Teruel
44107,Foz-Calanda,Teruel
44108,Fresneda,Teruel
44108,Fresneda de Aragón,Teruel
44108,La Fraixneda,Teruel
44108,La Fresneda,Teruel
44108,La Fresneda Teruel,Teruel
44108,la Freixneda,Teruel
44109,Frias de Albarracin,Teruel
44109,Frias de Albarracín,Teruel
44109,Fridas d'Albarrazín,Teruel
44109,Frías de Albarracín,Teruel
44110,Fuenferrada,Teruel
44110,Fuent Ferrada,Teruel
44111,Fontes Calientes,Teruel
44111,Fuentes Calientes,Teruel
44111,Fuents Calients,Teruel
44112,Fuentes Claras,Teruel
44112,Fuentesclaras,Teruel
44112,Fuents Claras,Teruel
44113,Fonts de Rubiols,Teruel
44113,Fuentes de Rubielos,Teruel
44113,Fuents de Rubielos,Teruel
44114,Fondespatla,Teruel
44114,Fontdespatla,Teruel
44114,Foz Espalda,Teruel
44114,Fuentespalda,Teruel
44115,Galv,Teruel
44115,Galve,Teruel
44116,Gargallino,Teruel
44116,Gargallo,Teruel
44117,Exeya d'Albarrazín,Teruel
44117,Gea de Albarracin,Teruel
44117,Gea de Albarracín,Teruel
44118,Ginebrosa,Teruel
44118,"Ginebrosa, La",Teruel
44118,La Chinebrosa,Teruel
44118,La Ginebrosa,Teruel
44119,Griegos,Teruel
44120,Guadalaviar,Teruel
44121,Gudar,Teruel
44121,Guradense,Teruel
44121,Gúdar,Teruel
44122,Hijar,Teruel
44122,Híjar,Teruel
44122,Híxar,Teruel
44122,Íxar,Teruel
44123,Finollosa d'Exarc,Teruel
44123,Hinojosa de Jarque,Teruel
44123,Hinojosa del Jarque,Teruel
44124,Hoz de la Vieja,Teruel
44124,"Hoz de la Vieja, La",Teruel
44124,La Foz de la Viella,Teruel
44124,La Hoz de la Vieja,Teruel
44125,Huesa,Teruel
44125,Huesa del Comun,Teruel
44125,Huesa del Común,Teruel
44125,Uesa,Teruel
44126,Iglesuela del Cid,Teruel
44126,"Iglesuela del Cid, La",Teruel
44126,Iglesuela del cid,Teruel
44126,L'Anglesola,Teruel
44126,La Iglesuela,Teruel
44126,La Iglesuela del Cid,Teruel
44126,L’Anglesola,Teruel
44127,Chabaloyas,Teruel
44127,Jabaloyas,Teruel
44128,Exarc de la Val,Teruel
44128,Jarque de la Val,Teruel
44129,Exatiel,Teruel
44129,Jatiel,Teruel
44130,Exorcas,Teruel
44130,Jorcas,Teruel
44131,Chosa,Teruel
44131,Josa,Teruel
44132,Lagueruela,Teruel
44133,Lanzuela,Teruel
44135,Libreño,Teruel
44135,Libros,Teruel
44136,Lidon,Teruel
44136,Lidoneros,Teruel
44136,Lidón,Teruel
44137,Linares,Teruel
44137,Linares de Aragón,Teruel
44137,Linares de Mora,Teruel
44137,Linares de Móra,Teruel
44137,Linars de Mora,Teruel
44138,Loscos,Teruel
44141,Ledón,Teruel
44141,Lledo,Teruel
44141,Lledó,Teruel
44141,Lledó d'Algars,Teruel
44141,Lledó d’Algars,Teruel
44142,Maicas,Teruel
44143,Manzanera,Teruel
44144,Martin del Rio,Teruel
44144,Martin del Río,Teruel
44144,Martín,Teruel
44144,Martín del Río,Teruel
44145,El Mas de les Mates,Teruel
44145,Lo Mas de las Matas,Teruel
44145,Mas de las Matas,Teruel
44145,Mas de los Matos,Teruel
44146,La Mata de Olmos,Teruel
44146,La Mata de los Olmos,Teruel
44146,Mata de Olmos,Teruel
44146,"Mata de los Olmos, La",Teruel
44147,Massalió,Teruel
44147,Mazaleon,Teruel
44147,Mazaleón,Teruel
44147,Mazalión,Teruel
44148,Mezquita,Teruel
44148,Mezquita d'Exarc,Teruel
44148,Mezquita de Jarque,Teruel
44148,Mezquitenses,Teruel
44149,Mirambel,Teruel
44149,Mirambell,Teruel
44150,Miravet de la Sierra,Teruel
44150,Miravete,Teruel
44150,Miravete de la Sierra,Teruel
44151,Molinos,Teruel
44151,Molins,Teruel
44152,Monforte,Teruel
44152,Monforte Moyuela,Teruel
44152,Monforte de Moyuela,Teruel
44152,Monforte de Teruel,Teruel
44152,Monfortino,Teruel
44152,Mont-fort,Teruel
44153,Monreal del Campo,Teruel
44153,Monrealense,Teruel
44153,Mont-reyal,Teruel
44154,Monroyo,Teruel
44154,Mont-roig de Tastavins,Teruel
44154,Mont-royo,Teruel
44155,Mont Albán,Teruel
44155,Montalban,Teruel
44155,Montalbán,Teruel
44156,Mont Agut,Teruel
44156,Monteagudense,Teruel
44156,Monteagudo del Castillo,Teruel
44157,Monterd d'Albarrazín,Teruel
44157,Monterde,Teruel
44157,Monterde de Albarracin,Teruel
44157,Monterde de Albarracín,Teruel
44158,Mora,Teruel
44158,Mora de Rubielos,Teruel
44158,Móra de Rubiols,Teruel
44159,Moscardon,Teruel
44159,Moscardó,Teruel
44159,Moscardón,Teruel
44160,Mosquerola,Teruel
44160,Mosqueruela,Teruel
44161,Muniesa,Teruel
44163,Noguera d'Albarrazín,Teruel
44163,Noguera de Albarracin,Teruel
44163,Noguera de Albarracín,Teruel
44164,Nogueras,Teruel
44165,Nogueruelas,Teruel
44167,Obon,Teruel
44167,Obón,Teruel
44168,Odon,Teruel
44168,Odón,Teruel
44169,Ojos Negros,Teruel
44169,Uellos Negros,Teruel
44171,Olba,Teruel
44172,Oliet,Teruel
44172,Oliete,Teruel
44173,Els Olmos,Teruel
44173,Los Olmos,Teruel
44173,"Olmos, Los",Teruel
44174,Orihuela del Tremedal,Teruel
44174,Oriuela,Teruel
44175,Orrios,Teruel
44176,Palomar,Teruel
44176,Palomar de Arroyos,Teruel
44177,Pancrudo,Teruel
44178,Las Parras,Teruel
44178,Las Parras de Castellot,Teruel
44178,Las Parras de Castellote,Teruel
44178,Les Parres de Castellot,Teruel
44178,Parras,Teruel
44178,Parras de Castellote,Teruel
44178,"Parras de Castellote, Las",Teruel
44179,Pena-roja,Teruel
44179,Penyarroya de Tastavins,Teruel
44179,Peñarroya de Tastavins,Teruel
44180,Peracens,Teruel
44180,Peracense,Teruel
44181,Peralejos,Teruel
44181,Peralellos,Teruel
44182,Perales,Teruel
44182,Perales (Teruel),Teruel
44182,Perales de Alfambra,Teruel
44182,Perales del Alfambra,Teruel
44182,Perals,Teruel
44183,Pitarc,Teruel
44183,Pitarque,Teruel
44184,Plou,Teruel
44185,El Pobo,Teruel
44185,Lo Pobo,Teruel
44185,"Pobo, El",Teruel
44187,La Portellada,Teruel
44187,La Portillada Portellada,Teruel
44187,La/Portillada Portellada,Teruel
44187,"Portellada, La",Teruel
44189,Pozondon,Teruel
44189,Pozondón,Teruel
44190,Pozuel,Teruel
44190,Pozuel del Campo,Teruel
44191,La Puebla d'Híxar,Teruel
44191,La Puebla d'Íxar,Teruel
44191,La Puebla de Hijar,Teruel
44191,La Puebla de Híjar,Teruel
44191,Puebla de Híjar,Teruel
44191,"Puebla de Híjar, La",Teruel
44192,La Puebla de Valverde,Teruel
44192,"Puebla de Valverde, La",Teruel
44192,la Pobla de Valverde,Teruel
44193,Puerto Mingalbo,Teruel
44193,Puertomingalvo,Teruel
44194,Rafales,Teruel
44194,Ràfels,Teruel
44194,Ráfales,Teruel
44194,Ráfals,Teruel
44195,Riello,Teruel
44195,Rillo,Teruel
44196,Riodeva,Teruel
44196,Riodevanos,Teruel
44196,Río Deva,Teruel
44197,Rodenas,Teruel
44197,Rodonero,Teruel
44197,Ródenas,Teruel
44198,Royuela,Teruel
44198,Royuelanos,Teruel
44199,Rubiales,Teruel
44199,Rubials,Teruel
44200,Rubielos,Teruel
44200,Rubielos de la Cerida,Teruel
44200,Rubielos de la Cérida,Teruel
44200,Rubiuelos,Teruel
44201,Rubielos de Mora,Teruel
44201,Rubielos de Muera,Teruel
44201,Rubiols,Teruel
44201,Rubiuelos de Mora,Teruel
44203,Salcediello,Teruel
44203,Salcedillo,Teruel
44204,Saldon,Teruel
44204,Saldonense,Teruel
44204,Saldón,Teruel
44205,Samper,Teruel
44205,Samper de Calanda,Teruel
44205,Samperino,Teruel
44205,Sant Per de Calanda,Teruel
44206,San Agustin,Teruel
44206,San Agustín,Teruel
44206,Sanagustianenses,Teruel
44206,Sant Agostín,Teruel
44207,San Martin del Rio,Teruel
44207,San Martin del Río,Teruel
44207,San Martín del Río,Teruel
44207,Sant Martín del Río,Teruel
44208,Santa Cruz de Nogueras,Teruel
44209,Santa Eulalia,Teruel
44209,Santa Eulalia del Campo,Teruel
44209,Santa Olalia,Teruel
44210,Sarrion,Teruel
44210,Sarrió,Teruel
44210,Sarrión,Teruel
44211,Segura de los Banos,Teruel
44211,Segura de los Banyos,Teruel
44211,Segura de los Baños,Teruel
44212,Seno,Teruel
44213,Cingla,Teruel
44213,Singra,Teruel
44215,Terrient,Teruel
44215,Terriente,Teruel
44216,Terol,Teruel
44216,Teruel,Teruel
44217,Toril,Teruel
44217,Toril y Masegoso,Teruel
44218,Tormon,Teruel
44218,Tormón,Teruel
44219,Tornos,Teruel
44220,Torralba,Teruel
44220,Torralba de los Sisones,Teruel
44220,Torralba de los Sisons,Teruel
44220,Torralva de los Sisones,Teruel
44221,Torrecilla d'Alcanyís,Teruel
44221,Torrecilla de Alcaniz,Teruel
44221,Torrecilla de Alcañiz,Teruel
44221,Torrociella d'Alcanyiz,Teruel
44221,la Torrocella d'Alcanyís,Teruel
44222,Torreciella,Teruel
44222,Torrecilla,Teruel
44222,Torrecilla del Rebollar,Teruel
44223,Torre d'Arcas,Teruel
44223,Torre de Arcas,Teruel
44223,Torredarques,Teruel
44224,Torre de las Arcas,Teruel
44224,Torre de les Arques,Teruel
44224,Torre las Arcas,Teruel
44225,La Torre del Comte,Teruel
44225,Torre del Compte,Teruel
44225,Torrelconte,Teruel
44226,Torre la Carcel,Teruel
44226,Torre la Cárcel,Teruel
44226,Torrelacarcel,Teruel
44226,Torrelacárcel,Teruel
44227,Torre los Negros,Teruel
44227,Torrelosnegros,Teruel
44228,Torremocha de Giloca,Teruel
44228,Torremocha de Jiloca,Teruel
44228,Torremocha de Xiloca,Teruel
44229,Torres d'Albarrazín,Teruel
44229,Torres de Albarracin,Teruel
44229,Torres de Albarracín,Teruel
44230,La Torre de Viliella,Teruel
44230,Torrevelilla,Teruel
44230,la Torre de Vilella,Teruel
44231,Torrijanos,Teruel
44231,Torrijas,Teruel
44231,Torrillas,Teruel
44232,Torrijo del Campo,Teruel
44232,Torrillo,Teruel
44234,Tramacastiel,Teruel
44235,Tramacastiella,Teruel
44235,Tramacastilla,Teruel
44236,Tronchon,Teruel
44236,Tronchón,Teruel
44236,Tronxoner,Teruel
44236,Tronxonera,Teruel
44236,Tronxó,Teruel
44237,Urrea de Gaen,Teruel
44237,Urrea de Gaén,Teruel
44237,Urreya de Gayén,Teruel
44238,Utriellas,Teruel
44238,Utrillas,Teruel
44238,Utrillense,Teruel
44239,Valacloche,Teruel
44239,Valacroch,Teruel
44240,Valbona,Teruel
44241,Val d'Algorfa,Teruel
44241,Val de Algorfa,Teruel
44241,Valdealgorfa,Teruel
44241,Valldalgorfa,Teruel
44243,Val de Cuenca,Teruel
44243,Valdecuenca,Teruel
44244,Val de Linars,Teruel
44244,Valdelinares,Teruel
44245,La Vall de Tormo,Teruel
44245,Val d'el Tormo,Teruel
44245,Val del Tormo,Teruel
44245,Valdeltormo,Teruel
44246,Val de Robres,Teruel
44246,Valderrobles,Teruel
44246,Valderrobres,Teruel
44246,Vall de Roures,Teruel
44246,Vall-de-roures,Teruel
44246,Vallderoures,Teruel
44247,Val Chunquera,Teruel
44247,Valjunquera,Teruel
44247,Valljunquera,Teruel
44249,El Vallecillo,Teruel
44249,Val Longuiello,Teruel
44249,"Vallecillo, El",Teruel
44250,Veguiellas de la Sierra,Teruel
44250,Veguillano,Teruel
44250,Veguillas de la Sierra,Teruel
44251,Villafranca,Teruel
44251,Villafranca del Campo,Teruel
44252,Villafermosa,Teruel
44252,Villahermosa,Teruel
44252,Villahermosa del Campo,Teruel
44256,Villanueva,Teruel
44256,Villanueva del Rebollar,Teruel
44256,Villanueva del Rebollar de la Sierra,Teruel
44257,Villar d'el Cobo,Teruel
44257,Villar del Cobo,Teruel
44258,Villar d'el Salz,Teruel
44258,Villar del Salz,Teruel
44260,Villar Luengo,Teruel
44260,Villarluenganos,Teruel
44260,Villarluengo,Teruel
44261,Villar Cremato,Teruel
44261,Villarquemado,Teruel
44262,Villarroya de los Pinares,Teruel
44262,Villarroya de los Pinars,Teruel
44263,Bellestar,Teruel
44263,Villastar,Teruel
44264,Villel,Teruel
44265,Binazeit,Teruel
44265,Vinaceite,Teruel
44266,Visiedo,Teruel
44267,Vivel,Teruel
44267,Vivel del Rio,Teruel
44267,Vivel del Río Martín,Teruel
44267,Vivel del rio Martin,Teruel
44267,Vivel del rio Martín,Teruel
44267,Vivel del río,Teruel
44267,Viver,Teruel
44267,Viver del Río,Teruel
44268,La Zoma,Teruel
44268,Zoma,Teruel
44268,"Zoma, La",Teruel
45001,Ajofrin,Toledo
45001,Ajofrín,Toledo
45002,Alameda de la Sagra,Toledo
45003,Alba Real de Tajo,Toledo
45003,Albarreal de Tajo,Toledo
45004,Alcabon,Toledo
45004,Alcabón,Toledo
45005,Alcanizo,Toledo
45005,Alcañizo,Toledo
45006,Alcaudete,Toledo
45006,Alcaudete de la Jara,Toledo
45007,Alcolea de Tajo,Toledo
45008,Aldea en Cabo,Toledo
45008,Aldeaencabo de Escalona,Toledo
45009,Aldeanueva,Toledo
45009,Aldeanueva de Barbarroya,Toledo
45010,Aldeanovita,Toledo
45010,Aldeanueva,Toledo
45010,Aldeanueva de San Bartolome,Toledo
45010,Aldeanueva de San Bartolomé,Toledo
45011,Almendral de la Cañada,Toledo
45012,Almonacid,Toledo
45012,Almonacid de Toledo,Toledo
45013,Almorox,Toledo
45014,Añover de Tajo,Toledo
45015,Arcicollar,Toledo
45015,Arcicóllar,Toledo
45015,Arzarcóllar,Toledo
45016,Arges,Toledo
45016,Argés,Toledo
45017,Azutan,Toledo
45017,Azután,Toledo
45018,Barcience,Toledo
45019,Bargas,Toledo
45020,Belvís,Toledo
45020,Belvís de la Jara,Toledo
45021,Borox,Toledo
45022,Buenaventura,Toledo
45023,Burguillos,Toledo
45023,Burguillos de Toledo,Toledo
45024,Burujon,Toledo
45024,Burujón,Toledo
45025,Cabanas de la Sagra,Toledo
45025,Cabañas de la Sagra,Toledo
45026,Cabanas de Yepes,Toledo
45026,Cabanas junto a Yepes,Toledo
45026,Cabañas de Yepes,Toledo
45026,Cabañas junto a Yepes,Toledo
45027,Cabezamesada,Toledo
45028,Calera y Chozas,Toledo
45029,Caleruela,Toledo
45030,Calzada de Oropesa,Toledo
45030,La Calzada de Oropesa,Toledo
45031,Camarena,Toledo
45032,Camarenilla,Toledo
45033,"Campillo de la Jara, El",Toledo
45033,El Campillo de la Jara,Toledo
45034,Camunas,Toledo
45034,Camuñas,Toledo
45035,Cardiel,Toledo
45035,Cardiel de los Montes,Toledo
45036,Carmena,Toledo
45037,Carpio,Toledo
45037,"Carpio de Tajo, El",Toledo
45037,El Carpio,Toledo
45037,El Carpio de Tajo,Toledo
45038,Carranque,Toledo
45039,Carriches,Toledo
45040,Casar,Toledo
45040,"Casar de Escalona, El",Toledo
45040,El Casar de Escalona,Toledo
45041,Casarrubios del Monte,Toledo
45042,Casasbuenas,Toledo
45043,Castillo de Bayuela,Toledo
45045,Cazalegas,Toledo
45046,Cebolla,Toledo
45047,Cedillo del Condado,Toledo
45048,"Cerralbos, Los",Toledo
45048,Los Cerralbos,Toledo
45049,Cervera de los Montes,Toledo
45050,Ciruelos,Toledo
45051,Cobeja,Toledo
45052,Cobisa,Toledo
45053,Consuegra,Toledo
45054,Corral de Almaguer,Toledo
45055,Cuerva,Toledo
45056,Chozas de Canales,Toledo
45057,Chueca,Toledo
45058,Domingo Perez,Toledo
45058,Domingo Pérez,Toledo
45059,Dosbarrios,Toledo
45060,Erustes,Toledo
45061,Escalona,Toledo
45062,Escalonilla,Toledo
45063,Espinoso del Rey,Toledo
45064,Esquivias,Toledo
45065,Estrella,Toledo
45065,"Estrella, La",Toledo
45065,La Estrella,Toledo
45066,Fuensalida,Toledo
45067,Galvez,Toledo
45067,Gálvez,Toledo
45068,Garciotum,Toledo
45068,Garciotun,Toledo
45068,Garciotún,Toledo
45069,Gerindote,Toledo
45070,Guadamur,Toledo
45071,"Guardia, La",Toledo
45071,Guardiolo,Toledo
45071,La Guardia,Toledo
45071,La Guardia (Toledo) la 'Jerusalen de La Mancha',Toledo
45071,La Guardia (Toledo) la 'Jerusalén de La Mancha',Toledo
45072,Herencias,Toledo
45072,"Herencias, Las",Toledo
45072,Las Herencias,Toledo
45073,Herreruela de Oropesa,Toledo
45074,Hinojosa de San Vicente,Toledo
45075,Hontanar,Toledo
45076,Hormigos,Toledo
45077,Huecas,Toledo
45078,Huerta de Valdecarabanos,Toledo
45078,Huerta de Valdecarábanos,Toledo
45079,La Iglesuela,Toledo
45079,La Iglesuela del Tiétar,Toledo
45080,Illan de Vacas,Toledo
45080,Illan de Vacas con Manosa,Toledo
45080,Illan de Vacas con Mañosa,Toledo
45080,Illan de Vaques,Toledo
45080,Illan de Vaques amb Manosa,Toledo
45080,Illan de Vaques amb Mañosa,Toledo
45080,Illán de Vacas,Toledo
45080,Illán de Vacas con Manosa,Toledo
45080,Illán de Vacas con Mañosa,Toledo
45081,Illescas,Toledo
45082,Lagartera,Toledo
45083,Layos,Toledo
45084,Lillo,Toledo
45085,Lominchar,Toledo
45085,Lominchar Villanueva de la Sagra,Toledo
45085,Lominchar/Villanueva de la Sagra,Toledo
45086,Lucillos,Toledo
45087,Madridejos,Toledo
45088,Magan,Toledo
45088,Magar,Toledo
45088,Magán,Toledo
45089,Malpica de Tajo,Toledo
45090,Manzaneque,Toledo
45091,Maqueda,Toledo
45091,Maqueda con San Silvestre,Toledo
45092,Marjaliza,Toledo
45093,Marrupe,Toledo
45094,Mascaraque,Toledo
45095,La Mata,Toledo
45095,"Mata, La",Toledo
45095,la Mata,Toledo
45096,Mazarambroz,Toledo
45097,Mejorada,Toledo
45098,Menasalbas,Toledo
45099,Mentrida,Toledo
45099,Méntrida,Toledo
45100,Mesegar,Toledo
45100,Mesegar de Tajo,Toledo
45101,Miguel Esteban,Toledo
45102,Mocejon,Toledo
45102,Mocejón,Toledo
45103,Mohedas,Toledo
45103,Mohedas de la Jara,Toledo
45104,Monte Aragon,Toledo
45104,Montearagon,Toledo
45104,Montearagón,Toledo
45105,Montesclaros,Toledo
45106,Mora,Toledo
45106,Mora (Toledo),Toledo
45106,Mora de Toledo,Toledo
45107,Nambroca,Toledo
45108,La Nava,Toledo
45108,La Nava de Ricomalillo,Toledo
45108,Nava,Toledo
45108,"Nava de Ricomalillo, La",Toledo
45109,Navahermosa,Toledo
45110,Navalcan,Toledo
45110,Navalcán,Toledo
45111,Navalmoralejo,Toledo
45112,Los Navalmorales,Toledo
45112,Navalmoral de Pusa,Toledo
45112,Navalmoral de Toledo,Toledo
45112,Navalmorales,Toledo
45112,"Navalmorales, Los",Toledo
45113,Los Navalucillos,Toledo
45113,"Navalucillos, Los",Toledo
45114,Navamorcuende,Toledo
45115,Noblejas,Toledo
45116,Noez,Toledo
45117,Nombela,Toledo
45118,Noves,Toledo
45118,Novés,Toledo
45119,Azaña,Toledo
45119,Numancia de la Sagra,Toledo
45120,Nuno Gomez,Toledo
45120,Nuno Gómez,Toledo
45120,Nuño Gomez,Toledo
45120,Nuño Gómez,Toledo
45121,Ocaña,Toledo
45122,Olias del Rey,Toledo
45122,Olías del Rey,Toledo
45123,Ontigola,Toledo
45123,Ontigola con Oreja,Toledo
45123,Ontígola,Toledo
45123,Ontígola con Oreja,Toledo
45124,Orgaz,Toledo
45125,Oropesa,Toledo
45125,Oropesa (Toledo),Toledo
45126,Otero,Toledo
45127,Palomeque,Toledo
45128,Pantoja,Toledo
45129,Paredes de Escalona,Toledo
45130,Parrillas,Toledo
45131,Pelahustan,Toledo
45131,Pelahustán,Toledo
45132,Pepino,Toledo
45133,Polan,Toledo
45133,Polán,Toledo
45134,Portillo,Toledo
45134,Portillo de Toledo,Toledo
45135,La Puebla de Almoradiel,Toledo
45135,"Puebla de Almoradiel, La",Toledo
45136,La Puebla de Montalban,Toledo
45136,La Puebla de Montalbán,Toledo
45136,"Puebla de Montalbán, La",Toledo
45137,La Pueblanueva,Toledo
45137,"Pueblanueva, La",Toledo
45138,El Puente del Arzobispo,Toledo
45138,Puente del Arzobispo,Toledo
45138,"Puente del Arzobispo, El",Toledo
45138,Villafranca del Puente del Arzobispo,Toledo
45139,Puerto,Toledo
45139,Puerto de San Vicente,Toledo
45140,Pulgar,Toledo
45141,Quero,Toledo
45142,Quintanar de la Orden,Toledo
45143,Quismondo,Toledo
45144,El Real de San Vicente,Toledo
45144,Real de San Vicente,Toledo
45144,"Real de San Vicente, El",Toledo
45145,Recas,Toledo
45146,Retamoso,Toledo
45146,Retamoso de la Jara,Toledo
45147,Rielves,Toledo
45148,Robledo del Mazo,Toledo
45149,El Romeral,Toledo
45149,"Romeral, El",Toledo
45150,San Bartolome de las Abiertas,Toledo
45150,San Bartolomé,Toledo
45150,San Bartolomé de las Abiertas,Toledo
45151,Montalbán,Toledo
45151,Montalván,Toledo
45151,San Martin de Montalban,Toledo
45151,San Martin de Montalbán,Toledo
45151,San Martín de Montalban,Toledo
45151,San Martín de Montalbán,Toledo
45152,San Martin de Pusa,Toledo
45152,San Martín de Pusa,Toledo
45153,San Pablo,Toledo
45153,San Pablo de los Montes,Toledo
45154,San Roman de los Montes,Toledo
45154,San Román,Toledo
45154,San Román de los Montes,Toledo
45155,Santa Ana de Pusa,Toledo
45156,Santa Cruz de la Zarza,Toledo
45157,Santa Cruz,Toledo
45157,Santa Cruz de Retamar,Toledo
45157,Santa Cruz del Retamar,Toledo
45158,Santa Olalla,Toledo
45159,Sartajada,Toledo
45160,Segurilla,Toledo
45161,Sesena,Toledo
45161,Sesena Nuevo,Toledo
45161,Seseña,Toledo
45162,Sevilleja,Toledo
45162,Sevilleja de la Jara,Toledo
45163,Sonseca,Toledo
45163,Sonseca con Casalgordo,Toledo
45164,Sotillo de las Palomas,Toledo
45165,Talabira,Toledo
45165,Talavera de la Reina,Toledo
45166,Tembleque,Toledo
45167,El Toboso,Toledo
45167,Toboso,Toledo
45167,"Toboso, El",Toledo
45168,Toledo,Toledo
45168,Toledo (España),Toledo
45168,Toledo (municipio),Toledo
45168,"Toledo, España",Toledo
45168,municipio de Toledo,Toledo
45169,Torralba de Oropesa,Toledo
45170,Torrecilla,Toledo
45170,Torrecilla de la Jara,Toledo
45171,La Torre de Esteban Hambran,Toledo
45171,La Torre de Esteban Hambrán,Toledo
45171,"Torre de Esteban Hambrán, La",Toledo
45172,El Torrico,Toledo
45172,Torrico,Toledo
45173,Torrijos,Toledo
45174,Totanes,Toledo
45174,Totanés,Toledo
45175,Turleque,Toledo
45176,Ugena,Toledo
45177,Urda,Toledo
45179,Valdeverdeja,Toledo
45180,Valmojado,Toledo
45181,Velada,Toledo
45182,Las Ventas,Toledo
45182,Las Ventas con Pena Aguilera,Toledo
45182,Las Ventas con Peña Aguilera,Toledo
45182,Ventas,Toledo
45182,"Ventas con Peña Aguilera, Las",Toledo
45183,Cabeza Retamosa,Toledo
45183,Las Ventas de Retamosa,Toledo
45183,Ventas de Retamosa,Toledo
45183,"Ventas de Retamosa, Las",Toledo
45184,Las Ventas de San Julian,Toledo
45184,Las Ventas de San Julián,Toledo
45184,Ventas de San Julian,Toledo
45184,Ventas de San Julián,Toledo
45184,"Ventas de San Julián, Las",Toledo
45185,Villacañas,Toledo
45186,La Villa de Don Fadrique,Toledo
45186,"Villa de Don Fadrique, La",Toledo
45187,Villafranca,Toledo
45187,Villafranca de los Caballeros,Toledo
45188,Villaluenga de la Sagra,Toledo
45189,Villamiel de Toledo,Toledo
45190,Villaminaya,Toledo
45191,Villamuelas,Toledo
45192,Villanueva,Toledo
45192,Villanueva de Alcardete,Toledo
45192,Villanueva del Cardete,Toledo
45193,Villanueva de Bogas,Toledo
45194,Villarejo de Montalban,Toledo
45194,Villarejo de Montalbán,Toledo
45195,Villarrubia de Santiago,Toledo
45196,Villaseca,Toledo
45196,Villaseca de la Sagra,Toledo
45197,Villasequilla,Toledo
45197,Villasequilla de Yepes,Toledo
45198,Villatobas,Toledo
45199,El Viso de San Juan,Toledo
45199,"Viso de San Juan, El",Toledo
45200,Los Yebenes,Toledo
45200,Los Yébenes,Toledo
45200,"Yébenes, Los",Toledo
45201,Yeles,Toledo
45202,Yepes,Toledo
45203,Yuncler,Toledo
45204,Yunclillos,Toledo
45204,Yunclillos de la Sagra,Toledo
45205,Yuncos,Toledo
45901,Santo Domingo Caudilla,Toledo
45901,Santo Domingo-Caudilla,Toledo
46001,Ademuz,Valencia
46001,Ademús,Valencia
46002,Ador,Valencia
46003,Adzaneta de Albaida,Valencia
46003,Atzeneta,Valencia
46003,Atzeneta d'Albaida,Valencia
46004,Agullent,Valencia
46005,Alacuas,Valencia
46005,Alacuás,Valencia
46005,Alaquas,Valencia
46005,Alaquas / Alacuas,Valencia
46005,Alaquas Alacuas,Valencia
46005,Alaquàs,Valencia
46005,Alaquàs / Alacuás,Valencia
46005,Alaquás,Valencia
46006,Albaida,Valencia
46006,Albaida Valencia,Valencia
46007,Albal,Valencia
46008,Albalat de la Ribera,Valencia
46009,Albalat dels Sorells,Valencia
46010,Albalat de Segart,Valencia
46010,Albalat dels Tarongers,Valencia
46011,Alberic,Valencia
46012,Alborache,Valencia
46012,Alboraig,Valencia
46013,Alboraia,Valencia
46013,Alboraya,Valencia
46014,Albuixec,Valencia
46014,Albuixech,Valencia
46015,Alcasser,Valencia
46015,Alcàsser,Valencia
46015,Alcácer,Valencia
46016,Alcantara de Jucar,Valencia
46016,Alcantera de Xuquer,Valencia
46016,Alcàntera de Xúquer,Valencia
46017,Alchezira,Valencia
46017,Alcira,Valencia
46017,Alzira,Valencia
46018,Alcublas,Valencia
46018,les Alcubles,Valencia
46019,Alcudia de Carlet,Valencia
46019,Alcúdia de Carlet,Valencia
46019,L'Alcudia,Valencia
46019,L'Alcúdia,Valencia
46019,La Alcudia,Valencia
46019,l'Alcúdia,Valencia
46019,l'Alcúdia de Carlet,Valencia
46020,Alcudia de Crespins,Valencia
46020,Alcudia de Crespíns,Valencia
46020,Alcúdia de Crespins,Valencia
46020,L'Alcudia de Crespins,Valencia
46020,L'Alcúdia de Crespins,Valencia
46020,l'Alcúdia de Crespins,Valencia
46021,Aldaia,Valencia
46022,Alfafar,Valencia
46023,Alfahuir,Valencia
46023,Alfauir,Valencia
46024,Alfara d'Algímia,Valencia
46024,Alfara de Algimia,Valencia
46024,Alfara de la Baronia,Valencia
46024,Alfara d’Algímia,Valencia
46025,Alfara,Valencia
46025,Alfara de Cruïlles,Valencia
46025,Alfara de l'Horta,Valencia
46025,Alfara del Patriarca,Valencia
46025,Alfara dels Rajolers,Valencia
46026,Alfarb,Valencia
46027,Alfarrasi,Valencia
46027,Alfarrassí,Valencia
46027,Alfarrasí,Valencia
46028,Algar de Palància,Valencia
46029,Algemesi,Valencia
46029,Algemesí,Valencia
46030,Algimia d'Alfara,Valencia
46030,Algimia de Alfara,Valencia
46030,Algímia d'Alfara,Valencia
46030,Algímia de la Baronia,Valencia
46030,chiringo/a,Valencia
46031,Alginet,Valencia
46032,Almassera,Valencia
46032,Almàssera,Valencia
46032,Almácera,Valencia
46033,Almisera,Valencia
46033,Almiserat,Valencia
46033,Almiserà,Valencia
46033,Miserà,Valencia
46034,Almoines,Valencia
46034,L'Almoina,Valencia
46035,Almusafes,Valencia
46035,Almussafes,Valencia
46035,Almussafes / Almusafes,Valencia
46035,Almussafes Almusafes,Valencia
46035,Vila d'Almussafes,Valencia
46036,Alpont,Valencia
46036,Alpuent,Valencia
46036,Alpuente,Valencia
46037,Alquería de la Condesa,Valencia
46037,L'Alqueria de la Comtessa,Valencia
46037,l'Alqueria de la Comtessa,Valencia
46038,Andilla,Valencia
46039,Anna,Valencia
46040,Antella,Valencia
46041,Aras de Alpuente,Valencia
46041,Aras de los Olmos,Valencia
46041,Ares d'Alpont,Valencia
46041,Ares dels Oms,Valencia
46042,Aielo de Malferit,Valencia
46043,Aielo de Rugat,Valencia
46043,Ayelo de Rugat,Valencia
46044,Aiora,Valencia
46044,Ayora,Valencia
46045,Barcheta,Valencia
46045,Barxeta,Valencia
46046,Barig,Valencia
46046,Barx,Valencia
46047,Belgida,Valencia
46047,Bèlgida,Valencia
46047,Bélgida,Valencia
46048,Bellreguard,Valencia
46048,Bellreguart,Valencia
46049,Bellus,Valencia
46049,Bellús,Valencia
46050,Benageber,Valencia
46050,Benagéber,Valencia
46050,Benaixep,Valencia
46050,Benaixeve,Valencia
46051,Benaguacil,Valencia
46051,Benaguacir,Valencia
46051,Benaguasil,Valencia
46051,valenciano,Valencia
46052,Benavites,Valencia
46053,Beneixida,Valencia
46054,Benetuser,Valencia
46054,Benetusser,Valencia
46054,Benetússer,Valencia
46055,Beniarjo,Valencia
46055,Beniarjó,Valencia
46056,Beniatjar,Valencia
46057,Benicolet,Valencia
46058,Benifairo de les Valls,Valencia
46058,Benifairo de los Valles,Valencia
46058,Benifairó de les Valls,Valencia
46058,Benifairó de los Valles,Valencia
46059,Benifairo de la Valldigna,Valencia
46059,Benifairó de la Valldigna,Valencia
46060,Benifaio,Valencia
46060,Benifaio / Benifayó,Valencia
46060,Benifaio Benifayo,Valencia
46060,Benifaió,Valencia
46060,Benifaió / Benifayó,Valencia
46060,Benifaió d'Espioca,Valencia
46060,Benifayo,Valencia
46060,Benifayó,Valencia
46061,Benifla,Valencia
46061,Beniflà,Valencia
46061,Beniflá,Valencia
46062,Beniganim,Valencia
46062,Benigànim,Valencia
46062,Benigánim,Valencia
46063,Benimodo,Valencia
46064,Benimuslem,Valencia
46065,Beniparrell,Valencia
46066,Benirredra,Valencia
46066,Benirredrà,Valencia
46066,Benirredrá,Valencia
46067,Benisano,Valencia
46067,Benisanó,Valencia
46067,Benissanó,Valencia
46068,Benisoda,Valencia
46068,Benissoda,Valencia
46068,Benissó,Valencia
46069,Benissuera,Valencia
46069,Benisuera,Valencia
46070,Betera,Valencia
46070,Bétera,Valencia
46071,Bicorb,Valencia
46071,Bicorp,Valencia
46072,Bocairent,Valencia
46073,Bolbait,Valencia
46073,Bolbaite,Valencia
46074,Bonrepos i Mirambell,Valencia
46074,Bonrepos y Mirambell,Valencia
46074,Bonrepòs i Mirambell,Valencia
46075,Bufali,Valencia
46075,Bufalí,Valencia
46076,Bugarra,Valencia
46077,Bunyol,Valencia
46077,Buñol,Valencia
46078,Burchazot,Valencia
46078,Burjassot,Valencia
46079,Calles,Valencia
46080,Camporrobles,Valencia
46080,Camporrobres,Valencia
46081,Canales,Valencia
46081,Canals,Valencia
46081000100,Aiacor,Valencia
46082,Canet d'en Berenguer,Valencia
46082,Canet de Berenguer,Valencia
46083,Carcagente,Valencia
46083,Carcaixent,Valencia
46084,Carcer,Valencia
46084,Càrcer,Valencia
46084,Cárcer,Valencia
46085,Carlet,Valencia
46086,Carricola,Valencia
46086,Carrícola,Valencia
46087,Casas Altas,Valencia
46087,Cases Altes,Valencia
46088,Casas Baixas,Valencia
46088,Casas Bajas,Valencia
46088,Cases Baixes,Valencia
46089,Casinos,Valencia
46090,Castelló de Rugat,Valencia
46090,Castelló de les Gerres,Valencia
46090,Castelló del Duc,Valencia
46091,Castellonet,Valencia
46091,Castellonet de la Conquesta,Valencia
46092,Castellfabib,Valencia
46092,Castiel Fabib,Valencia
46092,Castielfabib,Valencia
46093,Catadau,Valencia
46094,Catarroja,Valencia
46094,Catarroya,Valencia
46095,Caudet,Valencia
46095,Caudete,Valencia
46095,Caudete de las Fuentes,Valencia
46096,Cerda,Valencia
46096,Cerdà,Valencia
46096,Cerdá,Valencia
46097,Cofrentes,Valencia
46097,Cofrents,Valencia
46098,Corbera,Valencia
46098,Corbera de la Ribera,Valencia
46099,Cortes de Pallars,Valencia
46099,Cortes de Pallas,Valencia
46099,Cortes de Pallás,Valencia
46099,Cortz de Pallars,Valencia
46100,Cotes,Valencia
46101,Cuart de les Valls,Valencia
46101,Quart de les Valls,Valencia
46102,Quart de Poblet,Valencia
46103,Cuartell,Valencia
46103,Quartell,Valencia
46104,Quatretonda,Valencia
46105,Cullera,Valencia
46106,Chelva,Valencia
46106,Xelva,Valencia
46106,Xelvana,Valencia
46106,Xelvà,Valencia
46107,Chella,Valencia
46107,Xella,Valencia
46108,Chera,Valencia
46108,Xera,Valencia
46109,Chest,Valencia
46109,Cheste,Valencia
46109,Xest,Valencia
46110,Chilviella,Valencia
46110,Xirivella,Valencia
46111,Chiba,Valencia
46111,Chiva,Valencia
46111,Xiva,Valencia
46111,Xiva de Bunyol,Valencia
46112,Chuliella,Valencia
46112,Chulilla,Valencia
46112,Xulella,Valencia
46112,Xulilla,Valencia
46113,Daimús,Valencia
46114,Domenjó,Valencia
46114,Domeno,Valencia
46114,Domenyo,Valencia
46114,Domeño,Valencia
46115,Dos Aguas,Valencia
46115,Dosaigües,Valencia
46116,Eliana,Valencia
46116,L'Eliana,Valencia
46116,La Eliana,Valencia
46116,l'Eliana,Valencia
46117,Emperador,Valencia
46117,La Venta,Valencia
46117,La Venta de l'Emperador,Valencia
46117,Llocnou d'Emperador,Valencia
46117,la Venta,Valencia
46117,la Venta de l'Emperador,Valencia
46118,Enguera,Valencia
46118,Énguera,Valencia
46119,Enova,Valencia
46119,L'Enova,Valencia
46119,L'Ènova,Valencia
46119,l'Ènova,Valencia
46119,l'Énova,Valencia
46119,Énova,Valencia
46120,Estivella,Valencia
46121,Estubeny,Valencia
46122,Faura,Valencia
46123,Favara,Valencia
46123,Favara de la Ribera,Valencia
46123,Favareta,Valencia
46124,Fontanares,Valencia
46124,Fontanares de los Alhorines,Valencia
46124,Fontanars dels Alforins,Valencia
46125,Fortaleny,Valencia
46126,Foios,Valencia
46126,Foyos,Valencia
46127,Fuente Encarroz,Valencia
46127,La Font d'en Carros,Valencia
46127,La Font d'en Carròs,Valencia
46127,la Font d'en Carròs,Valencia
46128,Font de la Figuera,Valencia
46128,Fuente la Higuera,Valencia
46128,La Font de la Figuera,Valencia
46128,la Font de la Figuera,Valencia
46129,Fuenterrobles,Valencia
46129,Fuenterrobres,Valencia
46130,Gavarda,Valencia
46131,Gandia,Valencia
46131,Gandía,Valencia
46132,El Genovés,Valencia
46132,Genoves,Valencia
46132,Genovés,Valencia
46132,el Genovés,Valencia
46133,Chestalgar,Valencia
46133,Gestalgar,Valencia
46133,Xestalgar,Valencia
46134,Gilet,Valencia
46135,Godella,Valencia
46136,Godelleta,Valencia
46137,Granja de la Costera,Valencia
46137,La Granja de la Costera,Valencia
46137,La Granxa de la Costera,Valencia
46137,la Granja de la Costera,Valencia
46138,Guadasequies,Valencia
46138,Guadassèquies,Valencia
46138,Guadasséquies,Valencia
46138,Vorasséquies,Valencia
46139,Guadassuar,Valencia
46140,Guardamar de la Safor,Valencia
46140,L'Alqueria de Guardamar,Valencia
46140,L'Alquerieta,Valencia
46140,l'Alqueria de Guardamar,Valencia
46141,Figueroles de Domenyo,Valencia
46141,Figueruelas,Valencia
46141,Higueruelas,Valencia
46142,Jalance,Valencia
46142,Xalans,Valencia
46142,Xalansina,Valencia
46142,Xalansí,Valencia
46143,Xeraco,Valencia
46144,Jarafuel,Valencia
46144,Xarafull,Valencia
46145,Axàtiva,Valencia
46145,Eixàtiva,Valencia
46145,Exativa,Valencia
46145,Xativa,Valencia
46145,Xàtiva,Valencia
46145,Xátiva,Valencia
46146,Jeresa,Valencia
46146,Xeresa,Valencia
46147,Liria,Valencia
46147,Llíria,Valencia
46148,Loriguiella,Valencia
46148,Loriguilla,Valencia
46149,La Llosa del Bisbe,Valencia
46149,Losa del Obispo,Valencia
46149,la Llosa del Bisbe,Valencia
46150,Llutxent,Valencia
46150,Luchent,Valencia
46151,Llocnou d'En Fenollet,Valencia
46151,Llocnou d'en Fenollet,Valencia
46151,Lugar Nuevo de Fenollet,Valencia
46152,Lloc Nou de la Corona,Valencia
46152,Llocnou de la Corona,Valencia
46152,Lugar Nuevo de la Corona,Valencia
46152,Poblenou de la Corona,Valencia
46152,Pueblo Nuevo de la Corona,Valencia
46153,Llocnou de Sant Jeroni,Valencia
46153,Llugar Nuevu de San Jerónimo,Valencia
46153,Lugar Nuevo de San Jerónimo,Valencia
46154,Llanera de Ranes,Valencia
46155,Llauri,Valencia
46155,Llaurí,Valencia
46156,Llombai,Valencia
46157,La Llosa de Ranes,Valencia
46157,la Llosa de Ranes,Valencia
46158,Macastre,Valencia
46159,Manises,Valencia
46160,Manuel,Valencia
46161,Marines,Valencia
46162,Masalaves,Valencia
46162,Masalavés,Valencia
46162,Massalaves,Valencia
46162,Massalavés,Valencia
46163,Masalfasar,Valencia
46163,Massalfassar,Valencia
46164,Massamagrell,Valencia
46165,Massanassa,Valencia
46166,Meliana,Valencia
46167,Millares,Valencia
46167,Millars,Valencia
46168,Miramar,Valencia
46169,Mislata,Valencia
46169,Mizlata,Valencia
46170,Mogente,Valencia
46170,Moixent,Valencia
46171,Moncada,Valencia
46171,Montcada,Valencia
46171,Montcada / Moncada,Valencia
46171,Montcada Moncada,Valencia
46171,Montcada de l'Horta,Valencia
46172,Monserrat de Alcalá,Valencia
46172,Montserrat,Valencia
46172,Montserrat d'Alcalà,Valencia
46173,Montaberner,Valencia
46173,Montaverner,Valencia
46173,Montavernina,Valencia
46173,Montaverní,Valencia
46174,Montesa,Valencia
46175,Montichelvo,Valencia
46175,Montitxelvo,Valencia
46175,Montixelvo,Valencia
46175,montitxelvina,Valencia
46175,montitxelví,Valencia
46176,Mont-royo,Valencia
46176,Montroi,Valencia
46176,Montroiana,Valencia
46176,Montroià,Valencia
46176,Montroy,Valencia
46177,Museros,Valencia
46178,Nàquera,Valencia
46178,Náquera,Valencia
46179,Navarrés,Valencia
46180,Novelé,Valencia
46180,Novetle,Valencia
46180,Novetlè,Valencia
46180,Novetlé,Valencia
46180,Novetlé en valenciá (la llengua original).,Valencia
46181,Oliva,Valencia
46182,Olocau,Valencia
46182,Olocau de Carraixet,Valencia
46183,L'Olleria,Valencia
46183,L'Ollería,Valencia
46183,"Olleria, l'",Valencia
46183,Ollería,Valencia
46183,l'Olleria,Valencia
46184,Ontenyent,Valencia
46184,Ontinyent,Valencia
46185,Otos,Valencia
46186,Paiporta,Valencia
46187,Marxuquera,Valencia
46187,Palma de Gandia,Valencia
46187,Palma de Gandía,Valencia
46188,Palmera,Valencia
46189,El Palomar,Valencia
46189,Palomar,Valencia
46189,"Palomar, el",Valencia
46189,el Palomar,Valencia
46190,Paterna,Valencia
46191,Pedralba,Valencia
46192,Petres,Valencia
46192,Petrés,Valencia
46193,Picanya,Valencia
46193,Picanya / Picaña,Valencia
46193,Picanya Picana,Valencia
46193,Picaña,Valencia
46194,Picassent,Valencia
46195,Piles,Valencia
46195,Piles de Mar,Valencia
46196,Pinet,Valencia
46197,Polinya de Xuquer,Valencia
46197,Polinyà de Xúquer,Valencia
46198,Potries,Valencia
46199,La Creu,Valencia
46199,La Creu del Puig,Valencia
46199,La Pobla de Farnals,Valencia
46199,La Pobla de Farnals / Puebla de Farnals,Valencia
46199,La Pobla de Farnals Puebla de Farnals,Valencia
46199,Pobla de Farnals,Valencia
46199,"Pobla de Farnals, la",Valencia
46199,Puebla de Farnals,Valencia
46199,Puebla de Farnáls,Valencia
46199,la Pobla de Farnals,Valencia
46200,La Pobla del Duc,Valencia
46200,Pobla del Duc,Valencia
46200,"Pobla del Duc, la",Valencia
46200,Puebla del Duc,Valencia
46200,la Pobla del Duc,Valencia
46201,La Puebla de Sant Miguel,Valencia
46201,Puebla de San Miguel,Valencia
46201,la Pobla de Sant Miquel,Valencia
46202,La Pobla de Vallbona,Valencia
46202,"Pobla de Vallbona, la",Valencia
46202,Poblà,Valencia
46202,Puebla de Vallbona,Valencia
46202,la Pobla de Vallbona,Valencia
46203,La Pobla Llarga,Valencia
46203,Pobla Llarga,Valencia
46203,"Pobla Llarga, València",Valencia
46203,la Pobla Llarga,Valencia
46204,El Puig,Valencia
46204,El Puig de Santa Maria,Valencia
46204,Pueyo de Cebolla,Valencia
46204,"Puig de Santa Maria, el",Valencia
46204,el Puig,Valencia
46204,el Puig de Santa Maria,Valencia
46205,Pozuel,Valencia
46205,Puçol,Valencia
46206,Quesa,Valencia
46207,Rafelbunol,Valencia
46207,Rafelbunyol,Valencia
46207,Rafelbunyol - Rafelbuñol,Valencia
46207,Rafelbunyol / Rafelbunol,Valencia
46207,Rafelbunyol / Rafelbuñol,Valencia
46207,Rafelbunyol Rafelbunol,Valencia
46207,Rafelbunyol Rafelbuñol,Valencia
46207,Rafelbunyol/Rafelbunol,Valencia
46207,Rafelbunyol/Rafelbuñol,Valencia
46207,Rafelbuñol,Valencia
46207,Ràfel,Valencia
46208,Rafelcofer,Valencia
46209,Rafelguaraf,Valencia
46210,El Ràfol de Salem,Valencia
46210,Rafol de Salem,Valencia
46210,Ráfol de Salem,Valencia
46210,el Ràfol de Salem,Valencia
46211,El Real de Gandia,Valencia
46211,Real de Gandia,Valencia
46211,Real de Gandía,Valencia
46211,el Real de Gandia,Valencia
46212,Real,Valencia
46212,Real de Montroi,Valencia
46212,Real de Montroy,Valencia
46213,Requena,Valencia
46214,Riba-roja de Turia,Valencia
46214,Riba-roja de Túria,Valencia
46214,Ribarroya,Valencia
46215,Riola,Valencia
46216,Rocafort,Valencia
46216,Rocafort de Campolivar,Valencia
46217,Rotglà i Corberà,Valencia
46218,Rotova,Valencia
46218,Ròtova,Valencia
46218,Rótova,Valencia
46219,Rugat,Valencia
46220,Morvedre,Valencia
46220,Murviedro,Valencia
46220,Sagunt,Valencia
46220,Sagunto,Valencia
46220,Saguntu,Valencia
46221,Salem,Valencia
46222,San Juan de Enova,Valencia
46222,San Juan de Énova,Valencia
46222,Sant Joan de l'Ènova,Valencia
46222,Sant Joanet,Valencia
46223,Sedaví,Valencia
46224,Segart,Valencia
46225,Sallent,Valencia
46225,Sallent d'Eixativa,Valencia
46225,Sallent de Xàtiva,Valencia
46225,Sellent,Valencia
46226,Sant Pere d'Albaida,Valencia
46226,Sempere,Valencia
46227,Senyera,Valencia
46227,Senyeruda,Valencia
46227,Senyerut,Valencia
46228,Serra,Valencia
46228,Serra de Portaceli,Valencia
46229,Setaigües,Valencia
46229,Siete Aguas,Valencia
46230,Silla,Valencia
46231,Simat,Valencia
46231,Simat de Valldigna,Valencia
46231,Simat de la Valldigna,Valencia
46231,Simater,Valencia
46231,Simatera,Valencia
46232,Sinarcas,Valencia
46232,Sinarques,Valencia
46233,Sollana,Valencia
46234,Sot de Chera,Valencia
46234,Sot de Xera,Valencia
46235,Sueca,Valencia
46236,Sumacarcel,Valencia
46236,Sumacarcer,Valencia
46236,Sumacàrcer,Valencia
46237,Tavernes Blanques,Valencia
46238,Tavernes de la Valldigna,Valencia
46239,Teresa de Cofrentes,Valencia
46239,Teresa de Cofrents,Valencia
46240,Terrateig,Valencia
46241,Titaguas,Valencia
46241,Titaigües,Valencia
46242,Torre Baixa,Valencia
46242,Torre Baja,Valencia
46242,Torre Chusana,Valencia
46242,Torrebaja,Valencia
46243,Torrella,Valencia
46243,Torrella de la Costera,Valencia
46244,Torrent,Valencia
46245,Torres Torres,Valencia
46245,Torres-Torres,Valencia
46246,Touer,Valencia
46246,Touera,Valencia
46246,Tous,Valencia
46247,Toixa,Valencia
46247,Tueixa,Valencia
46247,Tuejar,Valencia
46247,Tuéjar,Valencia
46248,Torís,Valencia
46248,Turis,Valencia
46248,Turís,Valencia
46249,Utiel,Valencia
46250,Valencia,Valencia
46250,Valencia Municipio,Valencia
46250,Valentzia,Valencia
46250,València,Valencia
46250,València/Valencia,Valencia
46250,cap i casal,Valencia
46250,municipio de Valencia,Valencia
46251,Vallada,Valencia
46252,Vallanca,Valencia
46253,Valles,Valencia
46253,Vallés,Valencia
46253,Vallés de la Costera,Valencia
46254,Venta del Moro,Valencia
46255,Vilallonga,Valencia
46255,Vilallonga de la Safor,Valencia
46255,Villalonga,Valencia
46255,vilallonguer,Valencia
46255,vilallonguera,Valencia
46256,Vilamarxant,Valencia
46256,Villamarchante,Valencia
46256,Villamarchent,Valencia
46257,Castelló,Valencia
46257,Castelló (la Ribera),Valencia
46257,Castelló de Carcaixent,Valencia
46257,Castelló de Xàtiva,Valencia
46257,Castelló de la Ribera,Valencia
46257,Castellón d'Exativa,Valencia
46257,Vilanova de Castelló,Valencia
46257,Villanueva de Castellon,Valencia
46257,Villanueva de Castellón,Valencia
46258,Lo Villar,Valencia
46258,Villar del Arzobispo,Valencia
46258,el Villar,Valencia
46259,Villargordo del Cabriel,Valencia
46259,Villargordo del Cabriol,Valencia
46260,Vinalesa,Valencia
46261,Iàtova,Valencia
46261,Yátova,Valencia
46262,Iessa,Valencia
46262,La Iessa,Valencia
46262,La Yesa,Valencia
46262,Yesa,Valencia
46262,la Iessa,Valencia
46263,Sarrina,Valencia
46263,Sarrí,Valencia
46263,Zarra,Valencia
46263,Zarra (Valencia),Valencia
46502,Aiacor,Valencia
46902,Gatova,Valencia
46902,Gàtova,Valencia
46902,Gátova,Valencia
46903,San Antonio de Benageber,Valencia
46903,San Antonio de Benagéber,Valencia
46903,Sant Antoni de Benaixeve,Valencia
46903,Sant Antonio de Benagéber,Valencia
46904,Benicull,Valencia
46904,Benicull de Xúquer,Valencia
47001,Adalia,Valladolid
47002,Aguasal,Valladolid
47003,Aguilar de Campos,Valladolid
47004,Alaejos,Valladolid
47005,Alcazaren,Valladolid
47005,Alcazareña,Valladolid
47005,Alcazarén,Valladolid
47006,Aldea de San Miguel,Valladolid
47006,La Aldea de San Miguel,Valladolid
47007,Aldea Mayor,Valladolid
47007,Aldeamayor,Valladolid
47007,Aldeamayor de San Martin,Valladolid
47007,Aldeamayor de San Martín,Valladolid
47008,Almenara de Adaja,Valladolid
47009,Amusquillo,Valladolid
47010,Arroyo de la Encomienda,Valladolid
47011,Ataquines,Valladolid
47012,Bahabon,Valladolid
47012,Bahabon de Valcorba,Valladolid
47012,Bahabón,Valladolid
47012,Bahabón de Valcorba,Valladolid
47013,Barcial de la Loma,Valladolid
47014,Barruelo del Valle,Valladolid
47015,Becilla,Valladolid
47015,Becilla de Valderaduey,Valladolid
47016,Benafarces,Valladolid
47017,Bercero,Valladolid
47018,Berceruelo,Valladolid
47019,Berrueces,Valladolid
47020,Bobadilla del Campo,Valladolid
47021,Bocigas,Valladolid
47022,Bocos de Duero,Valladolid
47023,Boecillo,Valladolid
47024,Bolanos de Campos,Valladolid
47024,Bolaños de Campos,Valladolid
47025,Brahojos,Valladolid
47025,Brahojos de Medina,Valladolid
47026,Bustillo de Chaves,Valladolid
47027,Cabezon de Pisuerga,Valladolid
47027,Cabezon del Pisuerga,Valladolid
47027,Cabezón de Pisuerga,Valladolid
47027,Cabezón del Pisuerga,Valladolid
47028,Cabezon de Valderaduey,Valladolid
47028,Cabezón de Valderaduey,Valladolid
47029,Cabreros del Monte,Valladolid
47030,Campaspero,Valladolid
47031,"Campillo, El",Valladolid
47031,El Campillo,Valladolid
47032,Camporredondo,Valladolid
47033,Canalejas de Peñafiel,Valladolid
47034,Canillas de Esgueva,Valladolid
47035,Carpio,Valladolid
47035,El Carpio,Valladolid
47036,Casasola de Arion,Valladolid
47036,Casasola de Arión,Valladolid
47037,Castrejon,Valladolid
47037,Castrejon de Trabancos,Valladolid
47037,Castrejón,Valladolid
47037,Castrejón de Trabancos,Valladolid
47038,Castrillo de Duero,Valladolid
47039,Castrillo Tejeriego,Valladolid
47039,Castrillo-Tejeriego,Valladolid
47040,Castrobol,Valladolid
47041,Castrodeza,Valladolid
47042,Castromembibre,Valladolid
47043,Castromonte,Valladolid
47044,Castronuevo de Esgueva,Valladolid
47045,Castronuño,Valladolid
47046,Castroponce,Valladolid
47046,Castroponce de Valderaduey,Valladolid
47047,Castroverde de Cerrato,Valladolid
47048,Ceinos,Valladolid
47048,Ceinos de Campos,Valladolid
47049,Cervillego de la Cruz,Valladolid
47050,Cigales,Valladolid
47051,Cigunuela,Valladolid
47051,Ciguñuela,Valladolid
47052,Cisterniga,Valladolid
47052,Cistérniga,Valladolid
47052,La Cisterniga,Valladolid
47052,La Cistérniga,Valladolid
47053,Cogeces de Iscar,Valladolid
47053,Cogeces de Íscar,Valladolid
47054,Cogeces del Monte,Valladolid
47055,Cohorcos,Valladolid
47055,Corcos,Valladolid
47055,Corcos del Valle,Valladolid
47056,Corrales de Duero,Valladolid
47057,Cubillas de Santa Marta,Valladolid
47058,Cuenca de Campos,Valladolid
47059,Curiel de Duero,Valladolid
47060,Encinas de Esgueva,Valladolid
47061,Esguevillas de Esgueva,Valladolid
47062,Fombellida,Valladolid
47062,Fombellida de Esgueva,Valladolid
47062,Fonvellida,Valladolid
47063,Fompedraza,Valladolid
47064,Fontihoyuelo,Valladolid
47064,Fontihoyuelos,Valladolid
47065,Fresno el Viejo,Valladolid
47066,Fuensaldana,Valladolid
47066,Fuensaldaña,Valladolid
47067,Fuente el Sol,Valladolid
47068,Fuente Olmedo,Valladolid
47068,Fuente-Olmedo,Valladolid
47069,Gallegos de Hornija,Valladolid
47070,Gaton,Valladolid
47070,Gaton de Campos,Valladolid
47070,Gatón,Valladolid
47070,Gatón de Campos,Valladolid
47071,Geria,Valladolid
47073,Herrin,Valladolid
47073,Herrin de Campos,Valladolid
47073,Herrín,Valladolid
47073,Herrín de Campos,Valladolid
47074,Hornillos,Valladolid
47074,Hornillos de Eresma,Valladolid
47075,Iscar,Valladolid
47075,Íscar,Valladolid
47076,Laguna de Duero,Valladolid
47077,Langayo,Valladolid
47078,Lomoviejo,Valladolid
47079,Llano de Olmedo,Valladolid
47080,Manzanillo,Valladolid
47081,Marzales,Valladolid
47082,Matapozuelos,Valladolid
47083,Matilla de los Caños,Valladolid
47084,Mayorga,Valladolid
47084,Mayorga de Campos,Valladolid
47085,Medina del Campo,Valladolid
47086,Medina de Rioseco,Valladolid
47087,Megeces,Valladolid
47088,Melgar de Abajo,Valladolid
47089,Melgar de Arriba,Valladolid
47090,Mojados,Valladolid
47091,Monasterio de Vega,Valladolid
47092,Montealegre de Campos,Valladolid
47093,Montemayor de Pililla,Valladolid
47094,Moral de la Reina,Valladolid
47095,Moraleja de las Panaderas,Valladolid
47096,Morales de Campos,Valladolid
47097,Mota del Marques,Valladolid
47097,Mota del Marqués,Valladolid
47098,Mucientes,Valladolid
47099,La Mudarra,Valladolid
47099,"Mudarra, La",Valladolid
47100,Muriel,Valladolid
47100,Muriel de Zapardiel,Valladolid
47101,Nava del Rey,Valladolid
47102,Nueva Villa de las Torres,Valladolid
47102,Nuevavilla de las Torres,Valladolid
47103,Olivares,Valladolid
47103,Olivares de Duero,Valladolid
47104,Olmedo,Valladolid
47105,Olmos de Esgueva,Valladolid
47106,Olmos de Peñafiel,Valladolid
47109,Palazuelo de Vedija,Valladolid
47110,La Parrilla,Valladolid
47110,"Parrilla, La",Valladolid
47111,La Pedraja,Valladolid
47111,La Pedraja de Portillo,Valladolid
47111,"Pedraja de Portillo, La",Valladolid
47111,Pedrajas de Portillo,Valladolid
47112,Pedrajas de San Esteban,Valladolid
47113,Pedrosa del Rey,Valladolid
47113,Villaester de Abajo,Valladolid
47113,Villaester de Arriba,Valladolid
47114,Peñafiel,Valladolid
47115,Penaflor de Hornija,Valladolid
47115,Peñaflor de Hornija,Valladolid
47115,Peñafor de Hornija,Valladolid
47116,Pesquera de Duero,Valladolid
47117,Pina de Esgueva,Valladolid
47117,Piña de Esgueva,Valladolid
47118,Pinel de Abajo,Valladolid
47118,Piñel de Abajo,Valladolid
47119,Pinel de Arriba,Valladolid
47119,Piñel de Arriba,Valladolid
47121,Pollos,Valladolid
47121,Venta de Pollos,Valladolid
47122,Portillo,Valladolid
47123,Pozal de Gallinas,Valladolid
47124,Pozaldez,Valladolid
47124,Pozáldez,Valladolid
47125,Pozuelo de la Orden,Valladolid
47126,Puras,Valladolid
47127,Quintanilla de Arriba,Valladolid
47128,Quintanilla del Molar,Valladolid
47129,Quintanilla,Valladolid
47129,Quintanilla de Abajo,Valladolid
47129,Quintanilla de Duero,Valladolid
47129,Quintanilla de Onesimo,Valladolid
47129,Quintanilla de Onésimo,Valladolid
47129,Quintanilla de Yuso,Valladolid
47130,Quintanilla de Trigueros,Valladolid
47131,Rabano,Valladolid
47131,Rábano,Valladolid
47132,Ramiro,Valladolid
47133,Renedo de Esgueva,Valladolid
47134,Roales de Campos,Valladolid
47135,Robladillo,Valladolid
47135,montes torozos,Valladolid
47137,Roturas,Valladolid
47138,Rubi de Bracamonte,Valladolid
47138,Rubí de Bracamonte,Valladolid
47139,Rueda,Valladolid
47140,Saelices de Mayorga,Valladolid
47141,Salvador de Zapardiel,Valladolid
47142,San Cebrian de Mazote,Valladolid
47142,San Cebrián de Mazote,Valladolid
47143,San Llorente,Valladolid
47144,San Martin de Valveni,Valladolid
47144,San Martin de Valvení,Valladolid
47144,San Martín de Valvení,Valladolid
47145,San Miguel del Arroyo,Valladolid
47146,San Miguel del Pino,Valladolid
47147,San Pablo de la Moraleja,Valladolid
47148,San Pedro de Latarce,Valladolid
47148,San Pedro del Atarce,Valladolid
47149,San Pelayo,Valladolid
47150,San Roman de Hornija,Valladolid
47150,San Roman de la Hornija,Valladolid
47150,San Román de Hornija,Valladolid
47150,San Román de la Hornija,Valladolid
47151,San Salvador,Valladolid
47152,Santa Eufemia del Arroyo,Valladolid
47153,Santervas de Campos,Valladolid
47153,Santervás de Campos,Valladolid
47154,Santibanez de Valcorba,Valladolid
47154,Santibañez de Valcorba,Valladolid
47154,Santibánez de Valcorba,Valladolid
47154,Santibáñez de Valcorba,Valladolid
47155,Santovenia de Pisuerga,Valladolid
47156,San Vicente del Palacio,Valladolid
47157,Sardon de Duero,Valladolid
47157,Sardón de Duero,Valladolid
47158,La Seca,Valladolid
47158,"Seca, La",Valladolid
47159,Serrada,Valladolid
47160,Siete Iglesias,Valladolid
47160,Siete Iglesias de Trabancos,Valladolid
47161,Shant Mankash,Valladolid
47161,Simancas,Valladolid
47162,Tamariz,Valladolid
47162,Tamariz de Campos,Valladolid
47163,Tiedra,Valladolid
47164,Tordehumos,Valladolid
47165,Tordesillas,Valladolid
47166,Torrecilla de la Abadesa,Valladolid
47167,Torrecilla,Valladolid
47167,Torrecilla de la Orden,Valladolid
47168,Torrecilla,Valladolid
47168,Torrecilla de la Torre,Valladolid
47169,Torre de Esgueva,Valladolid
47169,Torre de Esgueva Torre Fombellida,Valladolid
47169,Torre de Esgueva/Torre Fombellida,Valladolid
47170,La Torre de Penafiel,Valladolid
47170,La Torre de Peñafiel,Valladolid
47170,Torre de Penafiel,Valladolid
47170,Torre de Peñafiel,Valladolid
47171,Torrelobaton,Valladolid
47171,Torrelobatón,Valladolid
47172,Torrescarcela,Valladolid
47172,Torrescárcela,Valladolid
47173,Traspinedo,Valladolid
47174,Trigueros del Valle,Valladolid
47175,Tudela de Duero,Valladolid
47176,La Union de Campos,Valladolid
47176,La Unión de Campos,Valladolid
47176,Union de Campos,Valladolid
47176,Unión de Campos,Valladolid
47176,"Unión de Campos, La",Valladolid
47177,Urones de Castroponce,Valladolid
47178,Ureña,Valladolid
47178,Urueña,Valladolid
47179,Valbuena de Duero,Valladolid
47180,Valdearcos de la Vega,Valladolid
47181,Valdenebro de los Valles,Valladolid
47182,Valdestillas,Valladolid
47183,Valdunquillo,Valladolid
47184,San Silvestre Valoriana,Valladolid
47184,Valoria B,Valladolid
47184,Valoria la Buena,Valladolid
47185,Valverde de Campos,Valladolid
47186,Pincia,Valladolid
47186,Pucela,Valladolid
47186,Valladolid,Valladolid
47186,Valladolit,Valladolid
47187,Vega de Ruiponce,Valladolid
47188,Vega de Valdetronco,Valladolid
47189,Velascalvaro,Valladolid
47189,Velascálvaro,Valladolid
47190,Velilla,Valladolid
47191,Velliza,Valladolid
47192,Ventosa de la Cuesta,Valladolid
47193,Viana de Cega,Valladolid
47194,Biloria,Valladolid
47194,Viloria,Valladolid
47194,Viloria del Henar,Valladolid
47195,Villabanez,Valladolid
47195,Villabañez,Valladolid
47195,Villabánez,Valladolid
47195,Villabáñez,Valladolid
47196,Villabaruz,Valladolid
47196,Villabaruz de Campos,Valladolid
47197,Villabragima,Valladolid
47197,Villabrágima,Valladolid
47198,Villacarralon,Valladolid
47198,Villacarralón,Valladolid
47199,Villacid,Valladolid
47199,Villacid de Campos,Valladolid
47200,Villaco,Valladolid
47200,Villaco de Esgueva,Valladolid
47203,Villafrades,Valladolid
47203,Villafrades de Campos,Valladolid
47204,Villafranca de Duero,Valladolid
47205,Villafrechos,Valladolid
47205,Villafrechós,Valladolid
47206,Villafuerte,Valladolid
47206,Villafuerte de Esgueva,Valladolid
47207,Villa Garcia,Valladolid
47207,Villa García,Valladolid
47207,Villagarcia de Campos,Valladolid
47207,Villagarcía de Campos,Valladolid
47208,Villagomez la Nueva,Valladolid
47208,Villagómez la Nueva,Valladolid
47209,Villalan de Campos,Valladolid
47209,Villalán de Campos,Valladolid
47210,Villalar,Valladolid
47210,Villalar de los Comuneros,Valladolid
47210,Villalar dels Comuneros,Valladolid
47211,Villalba de la Loma,Valladolid
47212,Villalba de los Alcores,Valladolid
47213,Villalbarba,Valladolid
47214,Villalon,Valladolid
47214,Villalon de Campos,Valladolid
47214,Villalón,Valladolid
47214,Villalón de Campos,Valladolid
47215,Villamuriel,Valladolid
47215,Villamuriel de Campos,Valladolid
47216,Villan de Tordesillas,Valladolid
47216,Villán,Valladolid
47216,Villán de Tordesillas,Valladolid
47217,Villanubla,Valladolid
47218,Villanueva de Duero,Valladolid
47219,Villanueva de la Condesa,Valladolid
47220,Villanueva,Valladolid
47220,Villanueva de los Caballeros,Valladolid
47221,Villanueva de los Infantes,Valladolid
47222,Villanueva de San Mancio,Valladolid
47223,Villar de Frades,Valladolid
47223,Villardefrades,Valladolid
47224,Villarmentero de Esgueva,Valladolid
47225,Villasexmir,Valladolid
47226,La Sinova,Valladolid
47226,Villavaquerin,Valladolid
47226,Villavaquerin de Cerrato,Valladolid
47226,Villavaquerín,Valladolid
47226,Villavaquerín de Cerrato,Valladolid
47227,Villavellid,Valladolid
47228,Villaverde de Medina,Valladolid
47229,Villavicencio,Valladolid
47229,Villavicencio de los Caballeros,Valladolid
47230,Bamba,Valladolid
47230,Gérticos,Valladolid
47230,Wamba,Valladolid
47231,Zaratan,Valladolid
47231,Zaratán,Valladolid
47232,La Zarza,Valladolid
47232,"Zarza, La",Valladolid
48001,Abadiano,Bizkaia
48001,Abadiño,Bizkaia
48002,Abanto,Bizkaia
48002,Abanto Zierbena,Bizkaia
48002,Abanto Zierbena (eu:) · new/nuevo,Bizkaia
48002,Abanto y Cierbana,Bizkaia
48002,Abanto y Ciervana,Bizkaia
48002,Abanto y Ciervana - Abanto Zierbena,Bizkaia
48002,Abanto y Ciervana-Abanto Zierbena,Bizkaia
48002,Abanto y Ciérbana,Bizkaia
48002,Abanto y Ciérbana-Abanto Zierbena,Bizkaia
48002,Abanto y Ciérvana,Bizkaia
48002,Abanto y Ciérvana (es:) · old/antiguo,Bizkaia
48002,Abanto y Ciérvana - Abanto Zierbena,Bizkaia
48002,Abanto y Ciérvana Abanto Zierbena,Bizkaia
48002,Abanto y Ciérvana-Abanto Zierbena,Bizkaia
48002,Abanto y ciervana abanto zierbena,Bizkaia
48002,Abanto zierbena,Bizkaia
48002,Abanto-Zierbena,Bizkaia
48002,Abanto-Zierbena · (eu:) old/antiguo,Bizkaia
48002,Gallarta,Bizkaia
48003,Amorebieta,Bizkaia
48003,Amorebieta Echano,Bizkaia
48003,Amorebieta Echano (Vizcaya),Bizkaia
48003,Amorebieta Etxano,Bizkaia
48003,Amorebieta Etxano (Vizcaya),Bizkaia
48003,Amorebieta-Echano (Vizcaya),Bizkaia
48003,Amorebieta-Etxano,Bizkaia
48003,Amorebieta-Etxano (Vizcaya),Bizkaia
48003,Echano,Bizkaia
48003,Etxano,Bizkaia
48003,Zornotza,Bizkaia
48003,Zornoza,Bizkaia
48004,Amoroto,Bizkaia
48005,Arakaldo,Bizkaia
48006,Arantzazu,Bizkaia
48006,Aranzazu,Bizkaia
48007,Munitibar,Bizkaia
48007,Munitibar-Arbatzegi Gerrikaitz,Bizkaia
48007,Munitibar-Arbatzegi-Gerrikaitz,Bizkaia
48007,Munitibar-Arbácegui-Guerricaiz,Bizkaia
48007,Munttibar,Bizkaia
48008,Arcentales,Bizkaia
48008,Artzentales,Bizkaia
48009,Arrankudiaga,Bizkaia
48010,Arrieta,Bizkaia
48010,Libano de Arrieta,Bizkaia
48010,Líbano de Arrieta,Bizkaia
48011,Arrigorriaga,Bizkaia
48012,Bakio,Bizkaia
48012,Bakio (Vizcaya),Bizkaia
48012,Baquio (Vizcaya),Bizkaia
48012,Basigo de Baquio,Bizkaia
48012,Basigo de Baquio Anteiglesia,Bizkaia
48012,Basigo de Baquio-Anteiglesia,Bizkaia
48013,Baracaldo,Bizkaia
48013,Barakaldo,Bizkaia
48013,Barakaldo / Baracaldo,Bizkaia
48013,Barakaldo Baracaldo,Bizkaia
48014,Barrika,Bizkaia
48015,Basauri,Bizkaia
48016,Berango,Bizkaia
48017,Bermeo,Bizkaia
48017,Bermeu,Bizkaia
48017,Bermio,Bizkaia
48018,Berriatua,Bizkaia
48019,Berriz,Bizkaia
48020,Bilbao,Bizkaia
48020,Bilbau,Bizkaia
48020,Bilbo,Bizkaia
48021,Axpe,Bizkaia
48021,Axpe de Busturia,Bizkaia
48021,Busturia,Bizkaia
48022,Carranza,Bizkaia
48022,Karrantza,Bizkaia
48022,Karrantza Harana,Bizkaia
48022,Valle de Carranza,Bizkaia
48023,Artea,Bizkaia
48023,Arteaga,Bizkaia
48023,Busturialdea,Bizkaia
48024,Ceanuri,Bizkaia
48024,Zeanuri,Bizkaia
48025,Ceberio,Bizkaia
48025,Olavarrieta,Bizkaia
48025,Santo Tomás de Olabarrieta,Bizkaia
48025,Santo Tomás de Olavarrieta,Bizkaia
48025,Zeberio,Bizkaia
48026,Dima,Bizkaia
48027,Durango,Bizkaia
48028,Ea,Bizkaia
48029,Echevarri,Bizkaia
48029,Echévarri,Bizkaia
48029,Etxebarri,Bizkaia
48029,Etxebarri Anteiglesia de San Esteban - Etxebarri Doneztebeko Elizatea,Bizkaia
48029,Etxebarri Anteiglesia de San Esteban Etxebarri Doneztebeko Elizatea,Bizkaia
48029,"Etxebarri, Anteiglesia de San Esteban - Etxebarri Doneztebeko Elizatea",Bizkaia
48029,"Etxebarri, Anteiglesia de San Esteban Etxebarri Doneztebeko Elizatea",Bizkaia
48029,"Etxebarri, Doneztebeko Elizatea",Bizkaia
48030,Echevarria,Bizkaia
48030,Echevarría,Bizkaia
48030,Etxebarria,Bizkaia
48031,Elantxobe,Bizkaia
48032,Elorrio,Bizkaia
48032,Tavira de Elorrio,Bizkaia
48033,Ereno,Bizkaia
48033,Ereño,Bizkaia
48034,Ermua,Bizkaia
48034,Ermua / Ermua,Bizkaia
48034,Ermua / Ermúa,Bizkaia
48034,Ermua Ermua,Bizkaia
48034,Ermua Ermúa,Bizkaia
48034,Ermúa,Bizkaia
48035,Fruiz,Bizkaia
48035,Fruniz,Bizkaia
48035,Frúniz,Bizkaia
48036,Galdacano,Bizkaia
48036,Galdakano,Bizkaia
48036,Galdakao,Bizkaia
48036,Galdakao / Galdacano,Bizkaia
48036,Galdakao / Galdácano,Bizkaia
48036,Galdakao Galdacano,Bizkaia
48036,Galdakao Galdácano,Bizkaia
48036,Galdácano,Bizkaia
48036,Galdákano,Bizkaia
48037,Galdames,Bizkaia
48038,Gamiz Fica,Bizkaia
48038,Gamiz Fika,Bizkaia
48038,Gamiz-Fica,Bizkaia
48038,Gamiz-Fika,Bizkaia
48038,Gámiz Fica,Bizkaia
48039,Garai,Bizkaia
48039,Garay,Bizkaia
48040,Gatica,Bizkaia
48040,Gatika,Bizkaia
48041,Arteaga,Bizkaia
48041,Gautegiz,Bizkaia
48041,Gautegiz Arteaga,Bizkaia
48041,Gautegiz-Arteaga,Bizkaia
48041,Gauteguiz,Bizkaia
48041,Gauteguiz Arteaga,Bizkaia
48041,Gauteguiz de Arteaga,Bizkaia
48041,Gautéguiz,Bizkaia
48042,Gordejuela,Bizkaia
48042,Gordexola,Bizkaia
48043,Gorliz,Bizkaia
48043,Górliz,Bizkaia
48044,Getxo,Bizkaia
48044,Guetxo,Bizkaia
48045,Gueñes,Bizkaia
48045,Güeñes,Bizkaia
48046,Gernica,Bizkaia
48046,Gernika,Bizkaia
48046,Gernika - Lumo,Bizkaia
48046,Gernika Lumo,Bizkaia
48046,Gernika Lumo / Guernica y Luno,Bizkaia
48046,Gernika Lumo Guernica y Luno,Bizkaia
48046,Gernika-Lumo,Bizkaia
48046,Gernika-Lumo / Guernica y Luno,Bizkaia
48046,Gernika-Lumo Guernica y Luno,Bizkaia
48046,Guernica,Bizkaia
48046,Guernica y Lumo,Bizkaia
48046,Guernika y Lumo,Bizkaia
48046,Lumo,Bizkaia
48047,Gizaburuaga,Bizkaia
48047,Guizaburuaga,Bizkaia
48048,Ibarrangelu,Bizkaia
48048,Ibarrangelua,Bizkaia
48048,Ibarranguelúa,Bizkaia
48048,Ibarranguélua,Bizkaia
48049,Ispaster,Bizkaia
48050,Izurtza,Bizkaia
48051,La Nestosa,Bizkaia
48051,Lanestosa,Bizkaia
48052,Larrabetzu,Bizkaia
48052,Larrabezua,Bizkaia
48053,Laukiz,Bizkaia
48053,Lauquiniz,Bizkaia
48054,Leioa,Bizkaia
48054,Lejona,Bizkaia
48055,Lemoa,Bizkaia
48056,Lemoiz,Bizkaia
48056,Lemoniz,Bizkaia
48056,Lemóniz,Bizkaia
48056,Limoiz,Bizkaia
48057,Lekeitiar,Bizkaia
48057,Lekeitio,Bizkaia
48057,Lekeitio / Lequeitio,Bizkaia
48057,Lekeitio Lequeitio,Bizkaia
48057,Lekitto,Bizkaia
48058,Mallabi,Bizkaia
48058,Mallabia,Bizkaia
48059,Manaria,Bizkaia
48059,Mañaria,Bizkaia
48060,Markina-Xemein,Bizkaia
48060,Marquina-Jemein,Bizkaia
48061,Jatabe,Bizkaia
48061,Maruri-Jatabe,Bizkaia
48062,Mendata,Bizkaia
48063,Mendexa,Bizkaia
48064,Meñaka,Bizkaia
48065,Miraballes,Bizkaia
48065,Ugao,Bizkaia
48065,Ugao Miraballes,Bizkaia
48065,Ugao-Miraballes,Bizkaia
48066,Morga,Bizkaia
48067,Mugica,Bizkaia
48067,Muxika,Bizkaia
48067,Múgica,Bizkaia
48068,Mundaka,Bizkaia
48069,Mungia,Bizkaia
48069,Mungia / Munguia,Bizkaia
48069,Mungia / Munguía,Bizkaia
48069,Mungia Munguia,Bizkaia
48069,Mungia Munguía,Bizkaia
48069,Munguia,Bizkaia
48069,Munguía,Bizkaia
48070,Aulesti,Bizkaia
48070,Aulestia,Bizkaia
48070,Murelaga,Bizkaia
48071,Muskiz,Bizkaia
48071,San Juan de Musques,Bizkaia
48072,Otxandio,Bizkaia
48073,Ondarroa,Bizkaia
48074,Orduña,Bizkaia
48074,Orduña-Urduña,Bizkaia
48074,Urduña,Bizkaia
48074,Urduña-Orduña,Bizkaia
48075,Orozco,Bizkaia
48075,Orozko,Bizkaia
48076,Pedernales,Bizkaia
48076,Samikola,Bizkaia
48076,Sukarrieta,Bizkaia
48077,Placencia,Bizkaia
48077,Placencia de Butrón,Bizkaia
48077,Plentzia,Bizkaia
48078,Portugalete,Bizkaia
48079,Errigoiti,Bizkaia
48079,Rigoitia,Bizkaia
48080,La Arboleda,Bizkaia
48080,San Salvador del Valle,Bizkaia
48080,Trapaga,Bizkaia
48080,Trapagaran,Bizkaia
48080,Trapagaran / Valle de Trapaga,Bizkaia
48080,Trapagaran / Valle de Trápaga,Bizkaia
48080,Trapagaran Valle de Trapaga,Bizkaia
48080,Trapagaran Valle de Trápaga,Bizkaia
48080,Valle de Trapaga,Bizkaia
48080,Valle de Trapaga Trapagaran,Bizkaia
48080,Valle de Trapaga-Trapagaran,Bizkaia
48080,Valle de Trápaga,Bizkaia
48080,Valle de Trápaga Trapagaran,Bizkaia
48080,Valle de Trápaga-Trapagaran,Bizkaia
48080,Valle del Trapagaran,Bizkaia
48080,Valle del Trapagarán,Bizkaia
48081,Lezama,Bizkaia
48082,Santurce,Bizkaia
48082,Santurce Santurtzi,Bizkaia
48082,Santurce-Santurtzi,Bizkaia
48082,Santurtzi,Bizkaia
48083,Ortuella,Bizkaia
48083,Santurce Ortuella,Bizkaia
48083,Santurce-Ortuella,Bizkaia
48083,Urtuella,Bizkaia
48084,Sestao,Bizkaia
48085,Sopela,Bizkaia
48085,Sopelana,Bizkaia
48086,Garape,Bizkaia
48086,Sopuerta,Bizkaia
48087,Trucios,Bizkaia
48087,Trucios-Turtzioz,Bizkaia
48087,Trucíos,Bizkaia
48087,Trucíos-Turtzioz,Bizkaia
48087,Turtzioz,Bizkaia
48087,Turtzioz-Trucíos,Bizkaia
48088,Ubide,Bizkaia
48088,Ubidea,Bizkaia
48089,Urduliz,Bizkaia
48090,Balmaseda,Bizkaia
48090,Balmaseda / Valmaseda,Bizkaia
48090,Balmaseda Valmaseda,Bizkaia
48090,Valmaseda,Bizkaia
48091,Achondo,Bizkaia
48091,Atxondo,Bizkaia
48092,Bedia,Bizkaia
48092,Vedia,Bizkaia
48093,Areatza,Bizkaia
48093,Villaro,Bizkaia
48094,Igorre,Bizkaia
48094,Yurre,Bizkaia
48095,Zaldibar,Bizkaia
48095,Zaldivar,Bizkaia
48095,Zaldua,Bizkaia
48095,Zaldívar,Bizkaia
48096,Zalla,Bizkaia
48097,Zaratamo,Bizkaia
48097,Zarátamo,Bizkaia
48524,Achondoa,Bizkaia
48524,Jemein ó Achondoa,Bizkaia
48524,Jeméin (municipio),Bizkaia
48524,Xemein,Bizkaia
48901,Derio,Bizkaia
48902,Carrera’s house,Bizkaia
48902,Erandio,Bizkaia
48902,Erandiotarrak o Erandiomanda,Bizkaia
48903,Loiu,Bizkaia
48903,Lujua,Bizkaia
48904,Sondika,Bizkaia
48905,Zamudio,Bizkaia
48906,Forua,Bizkaia
48906,Fórua,Bizkaia
48907,Aspe de Cortezubi,Bizkaia
48907,Aspe de Cortézubi,Bizkaia
48907,Aspé de Cortézubi,Bizkaia
48907,Cortezubi,Bizkaia
48907,Kortezubi,Bizkaia
48908,Murueta,Bizkaia
48909,Nabarniz,Bizkaia
48909,Navarniz,Bizkaia
48910,Iurreta,Bizkaia
48911,Ajangiz,Bizkaia
48911,Ajanguiz,Bizkaia
48912,Alonsotegi,Bizkaia
48912,Alonsotegui,Bizkaia
48912,Alonsótegui,Bizkaia
48913,Cierbena,Bizkaia
48913,Ciervana,Bizkaia
48913,Zierbena,Bizkaia
48914,Arratzu,Bizkaia
48914,Arrazua de Vizcaya,Bizkaia
48914,Arrázua,Bizkaia
48915,Bolibar,Bizkaia
48915,Cenarruza,Bizkaia
48915,Cenarruza Bolivar,Bizkaia
48915,Cenarruza Bolívar,Bizkaia
48915,Cenarruza Puebla de Bolivar,Bizkaia
48915,Cenarruza Puebla de Bolívar,Bizkaia
48915,Cenarruza-Bolivar,Bizkaia
48915,Cenarruza-Bolívar,Bizkaia
48915,Cenarruza-Puebla de Bolivar,Bizkaia
48915,Cenarruza-Puebla de Bolívar,Bizkaia
48915,Puebla de Bolivar,Bizkaia
48915,Puebla de Bolívar,Bizkaia
48915,Zenarruza,Bizkaia
48915,Ziortza,Bizkaia
48915,Ziortza Bolibar,Bizkaia
48915,Ziortza-Bolibar,Bizkaia
48916,Usansolo,Bizkaia
49002,Abezames,Zamora
49003,Alcanices,Zamora
49003,Alcañices,Zamora
49004,Alcubilla de Nogales,Zamora
49004,Alcubilla de Nozales,Zamora
49005,Alfaraz de Sayago,Zamora
49006,Algodre,Zamora
49007,Almaraz,Zamora
49007,Almaraz de Duero,Zamora
49008,Almeida de Sayago,Zamora
49009,Andavias,Zamora
49009,Andavías,Zamora
49010,Arcenillas,Zamora
49011,Arcos de la Polvorosa,Zamora
49012,Argañín,Zamora
49013,Argujillo,Zamora
49014,Arquillinos,Zamora
49015,Arrabalde,Zamora
49016,Aspariegos,Zamora
49017,Asturianos,Zamora
49017,Esturianos,Zamora
49018,Ayoo,Zamora
49018,Ayoo de Vidriales,Zamora
49018,Ayoó,Zamora
49018,Ayoó de Vidriales,Zamora
49019,Barcial del Barco,Zamora
49020,Belver de los Montes,Zamora
49021,Benavent,Zamora
49021,Benavente,Zamora
49021,"Benavente, Zamora",Zamora
49022,Benegiles,Zamora
49023,Bermiellu de Seyagu,Zamora
49023,Bermillo de Sayago,Zamora
49024,Boveda de Toro,Zamora
49024,Bóveda de Toro,Zamora
49024,"Bóveda de Toro, La",Zamora
49024,La Boveda,Zamora
49024,La Boveda de Toro,Zamora
49024,La Bóveda,Zamora
49024,La Bóveda de Toro,Zamora
49025,Breto,Zamora
49025,Bretó,Zamora
49026,Bretocino,Zamora
49027,Brime de So,Zamora
49027,Brime de Sog,Zamora
49028,Brime,Zamora
49028,Brime de Urz,Zamora
49029,Burganes de Valverde,Zamora
49030,Bustillo,Zamora
49030,Bustillo del Oro,Zamora
49031,Cabanas de Sayago,Zamora
49031,Cabañas,Zamora
49031,Cabañas de Sayago,Zamora
49032,Calzadilla de Tera,Zamora
49033,Camarzana de Tera,Zamora
49034,Cañizal,Zamora
49035,Cañizo,Zamora
49035,Cañizo de Campos,Zamora
49036,Carbajales,Zamora
49036,Carbajales de Alba,Zamora
49037,Carbellino,Zamora
49037,Carbellino de Sayago,Zamora
49037,Carbellinu,Zamora
49038,Casaseca,Zamora
49038,Casaseca de Campean,Zamora
49038,Casaseca de Campeán,Zamora
49039,Casaseca de las Chanas,Zamora
49040,Castrillo de la Guarena,Zamora
49040,Castrillo de la Guareña,Zamora
49041,Castro Gonzalo,Zamora
49041,Castrogonzalo,Zamora
49042,Castronuevo,Zamora
49042,Castronuevo de los Arcos,Zamora
49043,Castroverde de Campos,Zamora
49044,Cazurra,Zamora
49046,Cerecinos de Campos,Zamora
49047,Cerecinos del Carrizal,Zamora
49048,Cernadilla,Zamora
49050,Cobreros,Zamora
49052,Coomonte,Zamora
49052,Coomonte de la Vega,Zamora
49053,Coreses,Zamora
49054,Corrales,Zamora
49054,Corrales del Vino,Zamora
49055,Cotanes,Zamora
49055,Cotanes del Monte,Zamora
49056,Cubillos,Zamora
49056,Cubillos del Pan,Zamora
49057,Cubo de Benavente,Zamora
49058,Cubo,Zamora
49058,"Cubo de Tierra del Vino, El",Zamora
49058,El Cubo,Zamora
49058,El Cubo de Tierra del Vino,Zamora
49058,El Cubo de la Tierra del Vino,Zamora
49058,El Cubo del Vino,Zamora
49059,Cuelgamures,Zamora
49061,Entrala,Zamora
49062,Espadanedo,Zamora
49062,Espadañedo,Zamora
49063,Fara,Zamora
49063,Faramontanos de Tábara,Zamora
49064,Fariza,Zamora
49064,Fariza de Sayago,Zamora
49065,Fermoselle,Zamora
49066,Ferreras de Abajo,Zamora
49067,Ferreras de Arriba,Zamora
49068,Ferreruela,Zamora
49068,Ferreruela de Tabara,Zamora
49068,Ferreruela de Tábara,Zamora
49069,Figueruela de Arriba,Zamora
49071,Fonfría,Zamora
49075,Fresno de la Polvorosa,Zamora
49076,Freisnu de la Ribera,Zamora
49076,Fresno de la Ribera,Zamora
49077,Fresno de Sayago,Zamora
49077,Fresnu de Sayago,Zamora
49078,Friera de Valverde,Zamora
49079,Fonte Encalada,Zamora
49079,Fuente Encalada,Zamora
49080,Fuente de la Pena,Zamora
49080,Fuente de la Peña,Zamora
49080,Fuente la Pena,Zamora
49080,Fuente la Peña,Zamora
49080,Fuentelapena,Zamora
49080,Fuentelapeña,Zamora
49081,Fuente Sauco,Zamora
49081,Fuente Saúco,Zamora
49081,Fuentesauco,Zamora
49081,Fuentesaúco,Zamora
49082,Fuentes de Ropel,Zamora
49083,Fuentesecas,Zamora
49084,Fuentespreadas,Zamora
49085,Galende,Zamora
49086,Gallegos del Pan,Zamora
49087,Gallegos del Rio,Zamora
49087,Gallegos del Río,Zamora
49088,Gamones,Zamora
49090,Gema,Zamora
49091,Granja de Moreruela,Zamora
49091,Granja de Moreruelo,Zamora
49092,Granucillo,Zamora
49092,Granucillo de Vidriales,Zamora
49093,Guarrate,Zamora
49094,Ermesende,Zamora
49094,Hermisende,Zamora
49095,"Hiniesta, La",Zamora
49095,La Hiniesta,Zamora
49096,Jambrina,Zamora
49097,Justel,Zamora
49098,Losacino,Zamora
49099,Losacio,Zamora
49099,Losacio de Alba,Zamora
49100,Lubian,Zamora
49100,Lubián,Zamora
49101,Luelmo,Zamora
49101,Luelmo de Sayago,Zamora
49101,Luelmu,Zamora
49102,El Maderal,Zamora
49102,Maderal,Zamora
49102,"Maderal, El",Zamora
49103,Madridanos,Zamora
49104,Mahide,Zamora
49104,Mahíde,Zamora
49105,Maire de Castroponce,Zamora
49105,Mayre de Castroponce,Zamora
49107,Malva,Zamora
49108,Manganeses de la Lampreana,Zamora
49109,Manganeses de la Polvorosa,Zamora
49110,Manzanal,Zamora
49110,Manzanal de Arriba,Zamora
49111,Manzanal,Zamora
49111,Manzanal del Barco,Zamora
49112,Manzanal,Zamora
49112,Manzanal de los Infantes,Zamora
49113,Matilla de Arzon,Zamora
49113,Matilla de Arzón,Zamora
49114,Matilla la Seca,Zamora
49115,Mayalde,Zamora
49116,Melgar de Tera,Zamora
49117,Micereces de Tera,Zamora
49117,Micereses,Zamora
49118,Milles de la Polvorosa,Zamora
49119,Molacillos,Zamora
49120,Molezuelas,Zamora
49120,Molezuelas de la Carballeda,Zamora
49121,Mombuey,Zamora
49122,Monfarracinos,Zamora
49123,Montamarta,Zamora
49124,Moral de Sayago,Zamora
49125,Moraleja del Vino,Zamora
49126,Moraleja de Sayago,Zamora
49127,Morales del Vino,Zamora
49128,Morales de Rey,Zamora
49128,Morales del Rey,Zamora
49129,Morales de Toro,Zamora
49130,Morales de Valverde,Zamora
49131,Moralina,Zamora
49131,Moralina de Sayago,Zamora
49132,Moreruela,Zamora
49132,Moreruela de los Infanzones,Zamora
49133,Moreruela,Zamora
49133,Moreruela de Tabara,Zamora
49133,Moreruela de Tábara,Zamora
49134,Muelas de los Caballeros,Zamora
49134,Mueles de los Caballeros,Zamora
49135,Muelas,Zamora
49135,Muelas del Pan,Zamora
49136,Muga de Sayago,Zamora
49137,Navianos de Valverde,Zamora
49138,Olmillos,Zamora
49138,Olmillos de Castro,Zamora
49139,Otero de Bodas,Zamora
49141,Pajares de la Lampreana,Zamora
49141,Payares de la Lampreana,Zamora
49142,Palacios,Zamora
49142,Palacios del Pan,Zamora
49143,Palacios,Zamora
49143,Palacios de Sanabria,Zamora
49145,Pedralba,Zamora
49145,Pedralba da Pradería,Zamora
49145,Pedralba de la Pedrería,Zamora
49145,Pedralba de la Praderia,Zamora
49145,Pedralba de la Pradería,Zamora
49146,El Pego,Zamora
49146,"Pego, El",Zamora
49147,Peleagonzalo,Zamora
49148,Peleas de Abajo,Zamora
49149,Penausende,Zamora
49149,Peñausende,Zamora
49150,Peque,Zamora
49151,El Perdigon,Zamora
49151,El Perdigón,Zamora
49151,"Perdigón, El",Zamora
49152,Pereruela,Zamora
49152,Pereruela de sayago,Zamora
49153,Perilla de Castro,Zamora
49154,Pias,Zamora
49154,Pías,Zamora
49155,Piedrahita de Castro,Zamora
49155,Piedrahíta de Castro,Zamora
49156,Pinilla de Toro,Zamora
49157,Pino,Zamora
49157,Pino del Oro,Zamora
49158,El Pinero,Zamora
49158,El Piñero,Zamora
49158,"Piñero, El",Zamora
49159,Pobladura del Valle,Zamora
49160,Pobladura de Valderaduey,Zamora
49162,Porto,Zamora
49162,Porto de Sanabria,Zamora
49162,Porto de Seabra,Zamora
49162,"Porto, Zamora",Zamora
49163,Pozo Antiguo,Zamora
49163,Pozoantiguo,Zamora
49164,Pozuelo de Tabara,Zamora
49164,Pozuelo de Tábara,Zamora
49165,Prado,Zamora
49166,La Puebla de Senabria,Zamora
49166,Pobra de Sanabria,Zamora
49166,Pobra de Seabra,Zamora
49166,Puebla de Sanabria,Zamora
49166,Póboa da Seabre,Zamora
49166,Póboa da Seabre - Puebla de Sanabria,Zamora
49167,Pueblica de Valverde,Zamora
49168,Quintanilla del Monte,Zamora
49169,Quintanilla del Olmo,Zamora
49170,Quintanilla de Urz,Zamora
49171,Quiruelas,Zamora
49171,Quiruelas de Vidriales,Zamora
49172,Rabanales,Zamora
49173,Rabano de Aliste,Zamora
49173,Rábano de Aliste,Zamora
49174,Requeixo de Seabra,Zamora
49174,Requejo,Zamora
49174,Requejo de Sanabria,Zamora
49175,Revellinos,Zamora
49175,Revellinos de Campos,Zamora
49176,Riofrio de Aliste,Zamora
49176,Riofrío de Aliste,Zamora
49176,Riofrío de Tábara,Zamora
49177,Rionegro,Zamora
49177,Rionegro del Puente,Zamora
49178,Roales,Zamora
49178,Roales del Pan,Zamora
49179,Robleda Cervantes,Zamora
49179,Robleda de Sanabria,Zamora
49179,Robleda-Cervantes,Zamora
49180,Roelos,Zamora
49180,Roelos de Sayago,Zamora
49181,Rosinos de la Requejada,Zamora
49183,Salce,Zamora
49183,Salce de Sayago,Zamora
49184,Samir de los Canos,Zamora
49184,Samir de los Caños,Zamora
49185,San Agustin del Pozo,Zamora
49185,San Agustín del Pozo,Zamora
49186,San Cebrian de Castro,Zamora
49186,San Cebrian de Castrotorafe,Zamora
49186,San Cebrián de Castro,Zamora
49186,San Cebrián de Castrotorafe,Zamora
49187,San Cristobal de Entrevinas,Zamora
49187,San Cristobal de Entreviñas,Zamora
49187,San Cristóbal de Entrevinas,Zamora
49187,San Cristóbal de Entreviñas,Zamora
49188,San Esteban del Molar,Zamora
49189,San Justo,Zamora
49189,San Justo de Sanabria,Zamora
49190,San Martin de Valderaduey,Zamora
49190,San Martín de Valderaduey,Zamora
49191,San Miguel de la Ribera,Zamora
49192,San Miguel del Valle,Zamora
49193,San Pedro de Ceque,Zamora
49194,San Pedro de la Nave,Zamora
49194,San Pedro de la Nave Almendra,Zamora
49194,San Pedro de la Nave-Almendra,Zamora
49194,San Pedru de la Nave-Almendra,Zamora
49197,Santa Clara de Avedillo,Zamora
49199,Santa Colomba,Zamora
49199,Santa Colomba de las Monjas,Zamora
49200,Gentilicio: Cucos/Cucas,Zamora
49200,Santa Cristina de la Polvorosa,Zamora
49200,Santo Cristina de la Polvorosa,Zamora
49201,Santa Croya de Tera,Zamora
49202,Santa Eufemia del Barco,Zamora
49203,Redelga,Zamora
49203,Santa Maria de la Vega,Zamora
49203,Santa María de la Vega,Zamora
49203,Verdenosa,Zamora
49204,Santa Maria de Valverde,Zamora
49204,Santa María de Valverde,Zamora
49205,Santibanez de Tera,Zamora
49205,Santibañez de Tera,Zamora
49205,Santibánez de Tera,Zamora
49205,Santibáñez de Tera,Zamora
49206,Santibanez de Vidriales,Zamora
49206,Santibañez de Vidriales,Zamora
49206,Santibánez de Vidriales,Zamora
49206,Santibáñez de Vidriales,Zamora
49207,Santo Venia,Zamora
49207,Santovenia,Zamora
49207,Santovenia del Esla,Zamora
49208,San Vicente,Zamora
49208,San Vicente de la Cabeza,Zamora
49209,San Vitero,Zamora
49210,Sanzoles,Zamora
49214,Tabara,Zamora
49214,Tavara,Zamora
49214,Tábara,Zamora
49214,Távara,Zamora
49216,Tapioles,Zamora
49219,Toro,Zamora
49219,Toro (Zamora),Zamora
49220,La Torre del Valle,Zamora
49220,"Torre del Valle, La",Zamora
49221,Torregamones,Zamora
49222,Torres del Carrizal,Zamora
49223,Trabazos,Zamora
49224,Trefacio,Zamora
49225,Una de Quintana,Zamora
49225,Uña de Quintana,Zamora
49226,Vadillo,Zamora
49226,Vadillo de la Guarena,Zamora
49226,Vadillo de la Guareña,Zamora
49227,Valcabado,Zamora
49228,Valdefinjas,Zamora
49229,Valdescorriel,Zamora
49230,Vallesa,Zamora
49230,Vallesa de La Guareña,Zamora
49230,Vallesa de la Guarena,Zamora
49230,Vallesa de la Guareña,Zamora
49231,Vega de Tera,Zamora
49232,Vega de Villalobos,Zamora
49233,Vegalatrave,Zamora
49234,Venialbo,Zamora
49234,Venialvo,Zamora
49235,Vez de Marban,Zamora
49235,Vez de Marbán,Zamora
49235,Vezdemarban,Zamora
49235,Vezdemarbán,Zamora
49236,Vidayanes,Zamora
49237,Videmala,Zamora
49238,Villabrazaro,Zamora
49238,Villabrázaro,Zamora
49239,Villabuena del Puente,Zamora
49240,Villa de Pera,Zamora
49240,Villadepera,Zamora
49240,Villadepera de Sayago,Zamora
49241,Villaescusa,Zamora
49242,Villafafila,Zamora
49242,Villafáfila,Zamora
49243,Villaferruena,Zamora
49243,Villaferrueña,Zamora
49244,Villageriz,Zamora
49244,Villajeriz,Zamora
49245,Villalazan,Zamora
49245,Villalazán,Zamora
49246,Villalba de la Lampreana,Zamora
49247,Villalcampo,Zamora
49248,Villalobos,Zamora
49249,Villalonso,Zamora
49250,Villalpando,Zamora
49251,Villalube,Zamora
49252,Villamayor,Zamora
49252,Villamayor de Campos,Zamora
49255,Villamor de los Escuderos,Zamora
49256,Villanazar,Zamora
49256,Villanázar,Zamora
49257,Villanueva de Azoague,Zamora
49258,Villanueva de Campean,Zamora
49258,Villanueva de Campeán,Zamora
49259,Villanueva de las Peras,Zamora
49260,Villanueva del Campo,Zamora
49261,Villaralbo,Zamora
49262,Villar de Ciervos,Zamora
49262,Villardeciervos,Zamora
49263,Villar de Fallaves,Zamora
49263,Villardefallaves,Zamora
49264,Villar del Buey,Zamora
49265,Villardiegua de la Ribera,Zamora
49266,Villardiga,Zamora
49266,Villárdiga,Zamora
49267,Villar de Don Diego,Zamora
49267,Villardondiego,Zamora
49268,Villarrin de Campos,Zamora
49268,Villarrín de Campos,Zamora
49269,Villaseco,Zamora
49269,Villaseco del Pan,Zamora
49270,Villavendimio,Zamora
49271,Villaveza del Agua,Zamora
49272,Villaveza de Valverde,Zamora
49273,Vinas,Zamora
49273,Vinas de Aliste,Zamora
49273,Viñas,Zamora
49273,Viñas de Aliste,Zamora
49275,Zamora,Zamora
50001,Abanto,Zaragoza
50001,Abanto Zaragoza,Zaragoza
50002,Acered,Zaragoza
50002,Aceret,Zaragoza
50003,Agon,Zaragoza
50003,Agón,Zaragoza
50004,Aguaron,Zaragoza
50004,Aguarón,Zaragoza
50005,Aguilon,Zaragoza
50005,Aguilón,Zaragoza
50006,Ainzon,Zaragoza
50006,Ainzón,Zaragoza
50007,Aladren,Zaragoza
50007,Aladrén,Zaragoza
50008,Alaganés,Zaragoza
50008,Alagon,Zaragoza
50008,Alagon Zaragoza,Zaragoza
50008,Alagonero,Zaragoza
50008,Alagó,Zaragoza
50008,Alagón,Zaragoza
50009,Alarba,Zaragoza
50009,Alarba (municipio),Zaragoza
50009,Alfarba,Zaragoza
50010,Alberit de Sant Chuan,Zaragoza
50010,Alberite,Zaragoza
50010,Alberite de San Juan,Zaragoza
50011,Albeta,Zaragoza
50012,Alborche,Zaragoza
50012,Alborge,Zaragoza
50013,Alcala de Ebro,Zaragoza
50013,Alcalá d'Ebro,Zaragoza
50013,Alcalá de Ebro,Zaragoza
50013,Isla barataria,Zaragoza
50014,Alcala de Moncayo,Zaragoza
50014,Alcalá de Moncayo,Zaragoza
50015,Alconchel de Ariza,Zaragoza
50015,Alconchel de Fariza,Zaragoza
50016,Aldehuela de Liestos,Zaragoza
50016,L'Aldeyuela de Tiestos,Zaragoza
50017,Alfacharín,Zaragoza
50017,Alfajarin,Zaragoza
50017,Alfajarinense,Zaragoza
50017,Alfajarín,Zaragoza
50018,Alfamen,Zaragoza
50018,Alfamero o alfamense,Zaragoza
50018,Alfamén,Zaragoza
50019,Alforc,Zaragoza
50019,Alforque,Zaragoza
50020,Alfama d'Aragón,Zaragoza
50020,Alhama d'Aragó,Zaragoza
50020,Alhama de Aragon,Zaragoza
50020,Alhama de Aragón,Zaragoza
50020,Alhameño,Zaragoza
50021,Almochuel,Zaragoza
50022,Almodano,Zaragoza
50022,"Almolda, La",Zaragoza
50022,L'Almolda,Zaragoza
50022,La Almolda,Zaragoza
50023,Almonacid de la Cuba,Zaragoza
50023,Almonecir de la Cuba,Zaragoza
50023,Almonezir de la Cuba,Zaragoza
50024,Almonacid de la Sierra,Zaragoza
50024,Almonacidense,Zaragoza
50024,Almonecir de la Sierra,Zaragoza
50024,Almonezir de la Sierra,Zaragoza
50025,Almunia de Doña Godina,Zaragoza
50025,"Almunia de Doña Godina, La",Zaragoza
50025,L'Almunia de Donya Godina,Zaragoza
50025,La Almunia de Doña Godina,Zaragoza
50025,La almunia,Zaragoza
50025,La almunia de dona godina,Zaragoza
50026,Alpartidense,Zaragoza
50026,Alpartil,Zaragoza
50026,Alpartir,Zaragoza
50027,Ambel,Zaragoza
50028,Anentino,Zaragoza
50028,Anento,Zaragoza
50029,Aninon,Zaragoza
50029,Aninyón,Zaragoza
50029,Aninón,Zaragoza
50029,Aniñon,Zaragoza
50029,Aniñonense,Zaragoza
50029,Aniñonero,Zaragoza
50029,Aniñón,Zaragoza
50030,Anon de Moncayo,Zaragoza
50030,Anyón de Moncayo,Zaragoza
50030,Añon,Zaragoza
50030,Añon de Moncayo,Zaragoza
50030,Añon del moncayo,Zaragoza
50030,Añón,Zaragoza
50030,Añón de Moncayo,Zaragoza
50031,Aranda,Zaragoza
50031,Aranda de Aragón,Zaragoza
50031,Aranda de Moncayo,Zaragoza
50031,Aranda del Conde,Zaragoza
50032,Arandiga,Zaragoza
50032,Arándiga,Zaragoza
50033,Ardisa,Zaragoza
50034,Ariza,Zaragoza
50034,Arizano,Zaragoza
50034,Fariza,Zaragoza
50035,Artieda,Zaragoza
50035,Artieda (Zaragoza),Zaragoza
50035,Artieda de Aragón,Zaragoza
50036,Asin,Zaragoza
50036,Asín,Zaragoza
50037,Atea,Zaragoza
50038,Ateca,Zaragoza
50038,Ateca municipality,Zaragoza
50038,Municipio de Ateca,Zaragoza
50038,municipi d'Ateca,Zaragoza
50039,Azuara,Zaragoza
50039,Azuara (Zaragoza),Zaragoza
50039,Azuariano,Zaragoza
50039,Azudra,Zaragoza
50040,Badules,Zaragoza
50040,Baduls,Zaragoza
50041,Bagues,Zaragoza
50041,Bagués,Zaragoza
50041,Bagües,Zaragoza
50041,Bagüés,Zaragoza
50042,Bal Conchán,Zaragoza
50042,Balconchan,Zaragoza
50042,Balconchán,Zaragoza
50042,Val Conchán,Zaragoza
50042,Valconchan,Zaragoza
50042,Valconchán,Zaragoza
50043,Barboles,Zaragoza
50043,Barbols,Zaragoza
50043,Bárboles,Zaragoza
50043,Bárbols,Zaragoza
50044,Bardallur,Zaragoza
50045,Belchit,Zaragoza
50045,Belchite,Zaragoza
50045,Belchite (Zaragoza),Zaragoza
50046,Belmont de Gracián,Zaragoza
50046,Belmonte de Calatayud,Zaragoza
50046,Belmonte de Gracian,Zaragoza
50046,Belmonte de Gracián,Zaragoza
50046,Belmonte del rio Perejil,Zaragoza
50046,Belmonte del río Perejil,Zaragoza
50046,Belmonte del río Perejiles,Zaragoza
50046,Belmón de Grazián,Zaragoza
50047,Berdeio,Zaragoza
50047,Berdejo,Zaragoza
50047,Berdello,Zaragoza
50047,Verdeio,Zaragoza
50047,Verdejo,Zaragoza
50047,Verdello,Zaragoza
50047,Vergegium,Zaragoza
50048,Berrueco,Zaragoza
50050,Bichuesca,Zaragoza
50050,Bijuesca,Zaragoza
50051,Biota,Zaragoza
50052,Bisimbre,Zaragoza
50053,Boquineni,Zaragoza
50053,Boquinyeni,Zaragoza
50053,Boquiñenero,Zaragoza
50053,Boquiñeni,Zaragoza
50054,Bordalba,Zaragoza
50054,Bordalva,Zaragoza
50055,Borcha,Zaragoza
50055,Borja,Zaragoza
50055,Borjano,Zaragoza
50056,Botorrita,Zaragoza
50057,Brea de Aragon,Zaragoza
50057,Brea de Aragón,Zaragoza
50057,Breanos,Zaragoza
50057,Ebreya,Zaragoza
50058,Bubierca,Zaragoza
50059,Bujaraloz,Zaragoza
50059,Burcharaloz,Zaragoza
50060,Bulbente,Zaragoza
50060,Bulbuent,Zaragoza
50060,Bulbuente,Zaragoza
50060,Bulbuén,Zaragoza
50061,Bureta,Zaragoza
50062,"Burgo de Ebro, El",Zaragoza
50062,Burgolés,Zaragoza
50062,El Burgo de Ebro,Zaragoza
50062,Lo Burgo d'Ebro,Zaragoza
50063,"Buste, El",Zaragoza
50063,El Buste,Zaragoza
50063,Lo Bust,Zaragoza
50064,Cabanas de Ebro,Zaragoza
50064,Cabanyas d'Ebro,Zaragoza
50064,Cabañas,Zaragoza
50064,Cabañas de Ebro,Zaragoza
50064,Cabañero,Zaragoza
50065,Cabolafuente,Zaragoza
50065,Cabrafuent,Zaragoza
50065,Cabrafuén,Zaragoza
50066,Cadret,Zaragoza
50066,Cadrete,Zaragoza
50067,Calataiud,Zaragoza
50067,Calatayud,Zaragoza
50067,Calatayú,Zaragoza
50067,Qal'at Ayyub,Zaragoza
50067,Qalat al-Ayyub,Zaragoza
50067,Qàlat al-Ayyub,Zaragoza
50068,Calatorao,Zaragoza
50068,Calatorau,Zaragoza
50068,Calatorense,Zaragoza
50069,Calcena,Zaragoza
50069,Calzena,Zaragoza
50070,Calmarza,Zaragoza
50071,Campiello d'Aragón,Zaragoza
50071,Campillo,Zaragoza
50071,Campillo de Aragon,Zaragoza
50071,Campillo de Aragón,Zaragoza
50072,Carenas,Zaragoza
50072,Carengena,Zaragoza
50072,Carenis,Zaragoza
50073,Carinena,Zaragoza
50073,Carinyena,Zaragoza
50073,Cariñena,Zaragoza
50074,Casp,Zaragoza
50074,Caspe,Zaragoza
50075,Castejon de Alarba,Zaragoza
50075,Castejón de Alarba,Zaragoza
50075,Castellón d'Alfarba,Zaragoza
50076,Castejon de las Armas,Zaragoza
50076,Castejón,Zaragoza
50076,Castejón de las Armas,Zaragoza
50076,Castejón sobre Ateca,Zaragoza
50076,Castellón de las Armas,Zaragoza
50077,Castejon de Valdejasa,Zaragoza
50077,Castejón de Valdejasa,Zaragoza
50077,Castellón de Val de Chasa,Zaragoza
50078,Castiliscar,Zaragoza
50079,Cervera,Zaragoza
50079,Cervera de Aninon,Zaragoza
50079,Cervera de Aninón,Zaragoza
50079,Cervera de Aniñon,Zaragoza
50079,Cervera de Aniñón,Zaragoza
50079,Cervera de la Canada,Zaragoza
50079,Cervera de la Canyada,Zaragoza
50079,Cervera de la Cañada,Zaragoza
50079,Zerbera de la Cañada,Zaragoza
50080,Cerveruela,Zaragoza
50080,Zerberuela,Zaragoza
50081,Cetina,Zaragoza
50082,Cimballa,Zaragoza
50082,Zimballa,Zaragoza
50083,Cinco Olivas,Zaragoza
50084,Clares,Zaragoza
50084,Clares de Ribota,Zaragoza
50084,Clarés,Zaragoza
50084,Clarés de Ribota,Zaragoza
50085,Codo,Zaragoza
50086,Codos,Zaragoza
50086,Coldos,Zaragoza
50087,Contamina,Zaragoza
50088,Cosuenda,Zaragoza
50089,Cuart de la Uerba,Zaragoza
50089,Cuartano,Zaragoza
50089,Cuarte,Zaragoza
50089,Cuarte de Huerva,Zaragoza
50089,Quart,Zaragoza
50089,Quart de la Uerva,Zaragoza
50090,Cubel,Zaragoza
50091,"Cuerlas, Las",Zaragoza
50091,Las Cuerlas,Zaragoza
50092,Chiprana,Zaragoza
50092,Xiprana,Zaragoza
50093,Chodes,Zaragoza
50094,Daroca,Zaragoza
50095,Egea,Zaragoza
50095,Egea de los Caballeros,Zaragoza
50095,Egessa,Zaragoza
50095,Eixea,Zaragoza
50095,Ejea,Zaragoza
50095,Ejea de los Caballeros,Zaragoza
50095,Exea,Zaragoza
50095,Exeia,Zaragoza
50095,Exeya d'os Caballers,Zaragoza
50095,Segia,Zaragoza
50095,Sekia,Zaragoza
50095,Siya,Zaragoza
50096,Embid,Zaragoza
50096,Embid de Ariza,Zaragoza
50096,Embit de Fariza,Zaragoza
50098,Encinacorba,Zaragoza
50098,Lecinacorba,Zaragoza
50098,Lezinacorba,Zaragoza
50099,Epila,Zaragoza
50099,Épila,Zaragoza
50100,Erla,Zaragoza
50101,Escatron,Zaragoza
50101,Escatronero,Zaragoza
50101,Escatrón,Zaragoza
50102,Fabara,Zaragoza
50102,Fabara-Favara,Zaragoza
50102,Favara,Zaragoza
50102,Favara de Matarranya,Zaragoza
50102,Favarol,Zaragoza
50102,Favarola,Zaragoza
50104,Farlet,Zaragoza
50104,Farlete,Zaragoza
50105,Faioner,Zaragoza
50105,Faionera,Zaragoza
50105,Faió,Zaragoza
50105,Fayon,Zaragoza
50105,Fayón,Zaragoza
50105,Fayón-Faió,Zaragoza
50106,"Fayos, Los",Zaragoza
50106,Los Fayos,Zaragoza
50107,Figueruelano,Zaragoza
50107,Figueruelas,Zaragoza
50108,Fombuena,Zaragoza
50108,Fuent Buena,Zaragoza
50109,El Frago,Zaragoza
50109,"Frago, El",Zaragoza
50109,O Frago,Zaragoza
50110,El Frasno,Zaragoza
50110,Frasnero,Zaragoza
50110,"Frasno, El",Zaragoza
50110,Lo Fraixno,Zaragoza
50110,Lo Fraxno,Zaragoza
50111,Frescano,Zaragoza
50111,Fréscano,Zaragoza
50113,Fuendejalon,Zaragoza
50113,Fuendejalón,Zaragoza
50113,Fuent de Xalón,Zaragoza
50114,Fuen de Toz,Zaragoza
50114,Fuendetodos,Zaragoza
50114,Fuendetoz,Zaragoza
50114,Fuent de Totz,Zaragoza
50115,Fuens d'Ebro,Zaragoza
50115,Fuentero,Zaragoza
50115,Fuentes de Ebro,Zaragoza
50115,Fuents d'Ebro,Zaragoza
50116,Fuens de Xiloca,Zaragoza
50116,Fuentes de Jiloca,Zaragoza
50116,Fuents de Xiloca,Zaragoza
50117,Gallocanta,Zaragoza
50118,Gallur,Zaragoza
50118,Gallurano,Zaragoza
50119,Exelsa,Zaragoza
50119,Gelsa,Zaragoza
50119,Jelsa,Zaragoza
50120,Godojos,Zaragoza
50120,Godollo,Zaragoza
50121,Gotor,Zaragoza
50122,Grisel,Zaragoza
50123,Grisen,Zaragoza
50123,Grisén,Zaragoza
50124,Ferrera de los Nabarros,Zaragoza
50124,Ferrera de los Navarros,Zaragoza
50124,Herrera de los Navarros,Zaragoza
50124,Herrerino,Zaragoza
50125,Ibdes,Zaragoza
50125,Idues,Zaragoza
50126,Illueca,Zaragoza
50126,Illuecano,Zaragoza
50128,Isuerre,Zaragoza
50129,Charaba,Zaragoza
50129,Charava,Zaragoza
50129,Jaraba,Zaragoza
50130,Exarc de Moncayo,Zaragoza
50130,Jarque,Zaragoza
50130,Jarque de Moncayo,Zaragoza
50130,Jarque del Moncayo,Zaragoza
50130,Jarquino,Zaragoza
50131,Exaulín,Zaragoza
50131,Jaulin,Zaragoza
50131,Jaulín,Zaragoza
50132,"Joyosa, La",Zaragoza
50132,La Choyosa,Zaragoza
50132,La Joyosa,Zaragoza
50133,Lagata,Zaragoza
50134,Langa,Zaragoza
50134,Langa del Castillo,Zaragoza
50135,Layana,Zaragoza
50136,Lecera,Zaragoza
50136,Lécera,Zaragoza
50137,Lecinyena,Zaragoza
50137,Leciñena,Zaragoza
50138,Lechon,Zaragoza
50138,Lechón,Zaragoza
50139,Letuix,Zaragoza
50139,Letux,Zaragoza
50140,Litago,Zaragoza
50141,Lituenigo,Zaragoza
50141,Lituénigo,Zaragoza
50142,Lobera d'Onsella,Zaragoza
50142,Lobera de Onsella,Zaragoza
50142,Lobera d’Onsella,Zaragoza
50143,Longares,Zaragoza
50143,Longarino,Zaragoza
50143,Longars,Zaragoza
50144,Longares,Zaragoza
50144,Longareç,Zaragoza
50144,Longars,Zaragoza
50144,Longas,Zaragoza
50144,Longás,Zaragoza
50146,Lucena de Jalon,Zaragoza
50146,Lucena de Jalón,Zaragoza
50146,Lucena de Xalón,Zaragoza
50146,Luzena de Xalón,Zaragoza
50147,Luceni,Zaragoza
50148,Luesia,Zaragoza
50149,Luesma,Zaragoza
50150,Lumpiac,Zaragoza
50150,Lumpiaque,Zaragoza
50150,Lumpiaquero,Zaragoza
50151,Luna,Zaragoza
50152,Maella,Zaragoza
50153,Magallon,Zaragoza
50153,Magallonero,Zaragoza
50153,Magallón,Zaragoza
50154,Mainar,Zaragoza
50155,Malanquiella,Zaragoza
50155,Malanquilla,Zaragoza
50156,Maleixán,Zaragoza
50156,Malejan,Zaragoza
50156,Maleján,Zaragoza
50157,Malon,Zaragoza
50157,Malón,Zaragoza
50159,Maluedano,Zaragoza
50159,Maluenda,Zaragoza
50160,Mallen,Zaragoza
50160,Mallén,Zaragoza
50161,Manchones,Zaragoza
50161,Manchons,Zaragoza
50162,Mara,Zaragoza
50163,Maria de Huerva,Zaragoza
50163,Marihuervano,Zaragoza
50163,María de Huerva,Zaragoza
50163,María de la Uerva,Zaragoza
50164,Mediana,Zaragoza
50164,Mediana d'Aragón,Zaragoza
50164,Mediana de Aragon,Zaragoza
50164,Mediana de Aragón,Zaragoza
50165,Mequinensa,Zaragoza
50165,Mequinensana,Zaragoza
50165,Mequinensà,Zaragoza
50165,Mequinenza,Zaragoza
50165,Mequinenza-Mequinensa,Zaragoza
50166,Mesones,Zaragoza
50166,Mesones de Isuela,Zaragoza
50166,Mesons d'Isuela,Zaragoza
50167,Mezalocha,Zaragoza
50168,Mianos,Zaragoza
50168,Mians,Zaragoza
50169,Miedasino,Zaragoza
50169,Miedes,Zaragoza
50169,Miedes d'Aragón,Zaragoza
50169,Miedes de Aragon,Zaragoza
50169,Miedes de Aragón,Zaragoza
50170,Monegriello,Zaragoza
50170,Monegrillero,Zaragoza
50170,Monegrillo,Zaragoza
50171,Moneba,Zaragoza
50171,Moneva,Zaragoza
50172,Mon Reyal de Fariza,Zaragoza
50172,Monreal,Zaragoza
50172,Monreal de Ariza,Zaragoza
50172,Mont-reyal de Fariza,Zaragoza
50173,Monterd,Zaragoza
50173,Monterde,Zaragoza
50174,Monton,Zaragoza
50174,Montón,Zaragoza
50175,Morata,Zaragoza
50175,Morata de Iodes,Zaragoza
50175,Morata de Jalon,Zaragoza
50175,Morata de Jalón,Zaragoza
50175,Morata de Xalón,Zaragoza
50175,Morateño,Zaragoza
50176,Morata,Zaragoza
50176,Morata de Jiloca,Zaragoza
50176,Morata de Xiloca,Zaragoza
50177,Costumbres,Zaragoza
50177,Mores,Zaragoza
50177,Morés,Zaragoza
50178,Moros,Zaragoza
50178,municipio de Moros,Zaragoza
50179,Moyuela,Zaragoza
50180,Mozota,Zaragoza
50181,Mario y Piter autóctonos,Zaragoza
50181,Muel,Zaragoza
50182,La Muela,Zaragoza
50182,Lamuela,Zaragoza
50182,"Muela, La",Zaragoza
50183,Munebrega,Zaragoza
50183,Munébrega,Zaragoza
50184,Murera,Zaragoza
50184,Murero,Zaragoza
50185,Morillo de Galligo,Zaragoza
50185,Murillo de Gallego,Zaragoza
50185,Murillo de Gállego,Zaragoza
50185,Murillo de Gállego-Morillo de Galligo,Zaragoza
50186,Nabardún,Zaragoza
50186,Navardun,Zaragoza
50186,Navardún,Zaragoza
50187,Niguella,Zaragoza
50187,Nigüella,Zaragoza
50188,Nombrevilla,Zaragoza
50189,Nonasp,Zaragoza
50189,Nonaspe,Zaragoza
50189,Nonaspe-Nonasp,Zaragoza
50189,Nonaspina,Zaragoza
50189,Nonaspí,Zaragoza
50190,Noballas,Zaragoza
50190,Novallas,Zaragoza
50190,Novallero,Zaragoza
50191,Nobiellas,Zaragoza
50191,Noviellas,Zaragoza
50191,Novillas,Zaragoza
50192,Nuevalos,Zaragoza
50192,Nuébalos,Zaragoza
50192,Nuévalos,Zaragoza
50193,Nuecino,Zaragoza
50193,Nuez,Zaragoza
50193,Nuez d'Ebro,Zaragoza
50193,Nuez de Ebro,Zaragoza
50194,Olbés,Zaragoza
50194,Olver,Zaragoza
50194,Olves,Zaragoza
50194,Olvés,Zaragoza
50195,Forcallo,Zaragoza
50195,Orcajo,Zaragoza
50196,Orera,Zaragoza
50197,Ores,Zaragoza
50197,Orés,Zaragoza
50198,Oseja,Zaragoza
50198,Osella,Zaragoza
50198,Oseya,Zaragoza
50199,Osera,Zaragoza
50199,Osera d'Ebro,Zaragoza
50199,Osera de Ebro,Zaragoza
50200,Panicense,Zaragoza
50200,Paniza,Zaragoza
50201,Paracuellano,Zaragoza
50201,Paracuellos de Jiloca,Zaragoza
50201,Paracuellos de Xiloca,Zaragoza
50202,Paracuellos de la Ribera,Zaragoza
50203,Pastriz,Zaragoza
50203,Pastrizano,Zaragoza
50204,Pedrola,Zaragoza
50205,As Pedrosas,Zaragoza
50205,Las Pedrosas,Zaragoza
50205,"Pedrosas, Las",Zaragoza
50206,Perdiguera,Zaragoza
50206,Perdiguerano,Zaragoza
50207,Piedratajada,Zaragoza
50207,Piedratallada,Zaragoza
50208,Pina d'Ebro,Zaragoza
50208,Pina de Ebro,Zaragoza
50208,Pinero,Zaragoza
50209,Pinsec,Zaragoza
50209,Pinseque,Zaragoza
50209,Pinsequero,Zaragoza
50209,Pinsequet,Zaragoza
50210,Los Pintanos,Zaragoza
50210,Os Pintanos,Zaragoza
50210,Pintano,Zaragoza
50210,"Pintanos, Los",Zaragoza
50211,Placiencia de Xalón,Zaragoza
50211,Plasencia de Jalon,Zaragoza
50211,Plasencia de Jalón,Zaragoza
50211,Plasencia del Jalon,Zaragoza
50211,Plasencia del Jalón,Zaragoza
50211,Plazienzia de Xalón,Zaragoza
50212,Pleita,Zaragoza
50212,Pleitas,Zaragoza
50213,Plenas,Zaragoza
50213,Plenes,Zaragoza
50214,Pomer,Zaragoza
50215,Pozuel de Ariza,Zaragoza
50215,Pozuel de Fariza,Zaragoza
50216,Pozuelo d'Aragón,Zaragoza
50216,Pozuelo de Aragon,Zaragoza
50216,Pozuelo de Aragón,Zaragoza
50217,Pradilla de Ebro,Zaragoza
50217,Pradillano,Zaragoza
50217,Pratiella d'Ebro,Zaragoza
50218,La Puebla de Alborton,Zaragoza
50218,Puebla d'Albortón,Zaragoza
50218,Puebla de Alborton,Zaragoza
50218,Puebla de Albortón,Zaragoza
50219,Alfindeño o pueblano,Zaragoza
50219,La Puebla,Zaragoza
50219,La Puebla de Alfinden,Zaragoza
50219,La Puebla de Alfindén,Zaragoza
50219,Puebla d'Alfindén,Zaragoza
50219,Puebla de Alfinden,Zaragoza
50219,Puebla de Alfindén,Zaragoza
50219,"Puebla de Alfindén, La",Zaragoza
50220,Puen de Luna,Zaragoza
50220,Puendeluna,Zaragoza
50220,Puent de Luna,Zaragoza
50221,Perujosa,Zaragoza
50221,Purillosa,Zaragoza
50221,Purujosa,Zaragoza
50221,Purullosa,Zaragoza
50222,Quinto,Zaragoza
50222,Quinto de Ebro,Zaragoza
50222,Quinto del Ebro,Zaragoza
50223,Remolinero,Zaragoza
50223,Remolinos,Zaragoza
50224,Retascon,Zaragoza
50224,Retascón,Zaragoza
50225,Ricla,Zaragoza
50227,Romanos,Zaragoza
50228,Rueda de Jalon,Zaragoza
50228,Rueda de Jalón,Zaragoza
50228,Rueda de Xalón,Zaragoza
50229,Ruesca,Zaragoza
50229,municipio de Ruesca,Zaragoza
50230,Sadaba,Zaragoza
50230,Sadabense,Zaragoza
50230,Sádaba,Zaragoza
50231,Saliellas de Xalón,Zaragoza
50231,Salillas de Jalon,Zaragoza
50231,Salillas de Jalón,Zaragoza
50232,Salbaterra Ezka,Zaragoza
50232,Salvatierra d'Esca,Zaragoza
50232,Salvatierra de Esca,Zaragoza
50232,Salvatierra de Escá,Zaragoza
50233,Samper de Salz,Zaragoza
50233,Samper del Salz,Zaragoza
50233,San Per de Lagata,Zaragoza
50233,Sant Per de Lagata,Zaragoza
50234,San Martin de Moncayo,Zaragoza
50234,San Martin de la Virgen de Moncayo,Zaragoza
50234,San Martín de Moncayo,Zaragoza
50234,San Martín de la Virgen de Moncayo,Zaragoza
50234,San Martín de la Virxe de Moncayo,Zaragoza
50234,Sant Martín de la Virchen de Moncayo,Zaragoza
50235,San Mateo de Gallego,Zaragoza
50235,San Mateo de Gállego,Zaragoza
50235,San Mateu de Galligo,Zaragoza
50235,Sant Mateu de Galligo,Zaragoza
50236,Santa Cruz de Grio,Zaragoza
50236,Santa Cruz de Griu,Zaragoza
50236,Santa Cruz de Grío,Zaragoza
50236,Santa Cruz de Tobed,Zaragoza
50237,Santa Cruz de Moncayo,Zaragoza
50238,Santa Eulalia de Gallego,Zaragoza
50238,Santa Eulalia de Gallégo,Zaragoza
50238,Santa Eulalia de Gallégo-Santolaria de Galligo,Zaragoza
50238,Santa Eulalia de Gállego,Zaragoza
50238,Santolaria de Galligo,Zaragoza
50239,Santed,Zaragoza
50239,Santet,Zaragoza
50240,Sastago,Zaragoza
50240,Sastaguino,Zaragoza
50240,Senyor de Sástago,Zaragoza
50240,Sástago,Zaragoza
50241,Sabinan,Zaragoza
50241,Sabinyán,Zaragoza
50241,Sabinán,Zaragoza
50241,Sabiñan,Zaragoza
50241,Sabiñán,Zaragoza
50241,Savinan,Zaragoza
50241,Savinán,Zaragoza
50241,Saviñan,Zaragoza
50241,Saviñán,Zaragoza
50242,Sediles,Zaragoza
50242,Sedils,Zaragoza
50243,Sestrica,Zaragoza
50244,Sierra de Luna,Zaragoza
50245,Sigues,Zaragoza
50245,Sigués,Zaragoza
50245,Sigües,Zaragoza
50245,Sigüés,Zaragoza
50245,Zigoze,Zaragoza
50246,Sisamon,Zaragoza
50246,Sisamón,Zaragoza
50247,Sobradiel,Zaragoza
50247,Sobradielero,Zaragoza
50248,Sause,Zaragoza
50248,Sos,Zaragoza
50248,Sos d'o Rei Catolico,Zaragoza
50248,Sos del Rei Catòlic,Zaragoza
50248,Sos del Rey Catolico,Zaragoza
50248,Sos del Rey Católico,Zaragoza
50249,Tabuenca,Zaragoza
50250,Talamans,Zaragoza
50250,Talamantes,Zaragoza
50250,Talamants,Zaragoza
50251,Tarassona,Zaragoza
50251,Tarazona,Zaragoza
50251,Taraçona,Zaragoza
50251,Turiaso,Zaragoza
50251,Turiasoniense,Zaragoza
50252,Deustia,Zaragoza
50252,Taust,Zaragoza
50252,Taustano,Zaragoza
50252,Tauste,Zaragoza
50252,Taüst,Zaragoza
50253,Terrer,Zaragoza
50254,Tierga,Zaragoza
50255,Tobed,Zaragoza
50255,Tobet,Zaragoza
50255,Toved,Zaragoza
50256,Torralba de los Frailes,Zaragoza
50256,Torralba de los Fraires,Zaragoza
50257,Torralba de Aniñón,Zaragoza
50257,Torralba de Ribota,Zaragoza
50258,Torralbiella,Zaragoza
50258,Torralbilla,Zaragoza
50259,Torre Fermosa,Zaragoza
50259,Torrehermosa,Zaragoza
50260,Torre la Palla,Zaragoza
50260,Torrelapaja,Zaragoza
50261,Torrellas,Zaragoza
50262,Torres de Berrellen,Zaragoza
50262,Torres de Berrellén,Zaragoza
50263,Torrijo,Zaragoza
50263,Torrijo de la Canada,Zaragoza
50263,Torrijo de la Cañada,Zaragoza
50263,Turrillo,Zaragoza
50264,Tosos,Zaragoza
50265,Trasmoz,Zaragoza
50266,Trasobares,Zaragoza
50266,Trasobars,Zaragoza
50267,Un Castillo,Zaragoza
50267,Uncastiello,Zaragoza
50267,Uncastillo,Zaragoza
50267,Unum Castrum,Zaragoza
50268,Undoze Lerda,Zaragoza
50268,Undues de Lerda,Zaragoza
50268,Undués de Lerda,Zaragoza
50269,Urrea de Jalon,Zaragoza
50269,Urrea de Jalón,Zaragoza
50269,Urreya de Xalón,Zaragoza
50270,Urries,Zaragoza
50270,Urriés,Zaragoza
50271,Fuset,Zaragoza
50271,Used,Zaragoza
50271,Used (Saragossa),Zaragoza
50271,Used (Zaragoza),Zaragoza
50272,Utebo,Zaragoza
50272,Utevo,Zaragoza
50273,Val de Forna,Zaragoza
50273,Valdehorna,Zaragoza
50274,Val de San Martin,Zaragoza
50274,Val de San Martín,Zaragoza
50274,Val de Sant Martín,Zaragoza
50275,Bal Madriz,Zaragoza
50275,Val Madriz,Zaragoza
50275,Valmadrid,Zaragoza
50276,Bal Palmas,Zaragoza
50276,Val Palmas,Zaragoza
50276,Valpalmas,Zaragoza
50277,Bal Torres,Zaragoza
50277,Val Torres,Zaragoza
50277,Valtorres,Zaragoza
50278,Biliella d'Ebro,Zaragoza
50278,Velilla de Ebro,Zaragoza
50278,Viliella d'Ebro,Zaragoza
50279,Velilla de Jiloca,Zaragoza
50279,Viliella de Xiloca,Zaragoza
50280,Bera de Moncayo,Zaragoza
50280,Vera de Moncayo,Zaragoza
50281,Vierlas,Zaragoza
50282,La Viluenya,Zaragoza
50282,La Vilueña,Zaragoza
50282,"Vilueña, La",Zaragoza
50283,Billadolz,Zaragoza
50283,Villadolz,Zaragoza
50283,Villadoz,Zaragoza
50284,Billafeliche,Zaragoza
50284,Villafelice,Zaragoza
50284,Villafelich,Zaragoza
50284,Villafeliche,Zaragoza
50285,Villafranca d'Ebro,Zaragoza
50285,Villafranca de Ebro,Zaragoza
50285,Villafranquino,Zaragoza
50286,Billalba de Prexil,Zaragoza
50286,Villalba,Zaragoza
50286,Villalba de Perejil,Zaragoza
50287,Billa Luenga,Zaragoza
50287,Villa Luenga,Zaragoza
50287,Villalengua,Zaragoza
50288,Billanueba de Galligo,Zaragoza
50288,Villanueva de Gallego,Zaragoza
50288,Villanueva de Galligo,Zaragoza
50288,Villanueva de Gállego,Zaragoza
50289,Billabuena de Xiloca,Zaragoza
50289,Villanueva de Jiloca,Zaragoza
50289,Villanueva de Xiloca,Zaragoza
50290,Billanueba de la Uerba,Zaragoza
50290,Villanovano,Zaragoza
50290,Villanueva de Huerva,Zaragoza
50290,Villanueva de la Uerva,Zaragoza
50291,Villar de los Navarros,Zaragoza
50292,Villa-reyal de la Uerva,Zaragoza
50292,Villareal de Huerva,Zaragoza
50292,Villarreal de Huerva,Zaragoza
50293,Billarroya de la Sierra,Zaragoza
50293,Villarroya de la Sierra,Zaragoza
50293,Villarroyense,Zaragoza
50294,Villarroya,Zaragoza
50294,Villarroya del Campo,Zaragoza
50294,Villarroya del Campu,Zaragoza
50295,Vistabella,Zaragoza
50295,Vistabella de Huerva,Zaragoza
50296,La Zaida,Zaragoza
50296,"Zaida, La",Zaragoza
50296,Zaidano,Zaragoza
50297,Municipio de Zaragoza,Zaragoza
50297,Saragossa,Zaragoza
50297,Zaragoza,Zaragoza
50297,zaragossa,Zaragoza
50298,Zuera,Zaragoza
50298,Zufariense,Zaragoza
50901,Biel,Zaragoza
50901,Biel (Satagossa),Zaragoza
50901,Biel (Zaragoza),Zaragoza
50901,Biel (zaragoza),Zaragoza
50901,Biel Fuencalderas,Zaragoza
50901,Biel-Fuencalderas,Zaragoza
50902,Marracos,Zaragoza
50903,Villamayor,Zaragoza
50903,Villamayor de Gallego,Zaragoza
50903,Villamayor de Galligo,Zaragoza
50903,Villamayor de Gállego,Zaragoza
51001,Ceuta,Ceuta
51001,ciutat autònoma de Ceuta,Ceuta
51001,سَبْتَة,Ceuta
52001,Ciudad Autónoma de Melilla,Melilla
52001,Ciudad de Melilla,Melilla
52001,Melilla,Melilla
52001,Rusaddir,Melilla
52001,Rusadir,Melilla
52001,ciutat autònoma de Melilla,Melilla
52001,مليلية,Melilla
52001,ⵎⵕⵉⵜⵛ,Melilla
